nct_id,brief_title,phase,phase_simple,overall_status,enrollment,lead_sponsor,company,sponsor_scale,is_industry,is_big_pharma,arm_structure,n_arms,comparator_B,experimental_A,targets,modalities,biomarkers_pipeline,tme_relevant,is_combination,RAS/RAF_wt,MSI-H/dMMR,MSS/pMMR,HER2,BRAF_mut,KRAS_G12C,first_line,later_line,biomarker_selected,biomarker_detail,elig_summary
NCT01349881,"S0820, Adenoma and Second Primary Prevention Trial",PHASE3,Phase 3,ACTIVE_NOT_RECRUITING,354,SWOG Cancer Research Network,SWOG Cancer Research Network,15,0,0,placebo_comparator,4,eflornithine placebo & sulindac placebo,eflornithine & sulindac placebo;eflornithine placebo & sulindac;eflornithine plus sulindac,,,,0,1,0,0,0,0,0,0,0,0,0,,metastatic · squamous
NCT02008656,Trial Evaluating 3-year Disease Free Survival in Patients With Locally Advanced Rectal Cancer Treated With Chemoradiation Plus Induction or Consolidation Chemotherapy and Total Mesorectal Excision or Non-operative Management,PHASE2,Phase 2,ACTIVE_NOT_RECRUITING,358,Memorial Sloan Kettering Cancer Center,Memorial Sloan Kettering Cancer Center,411,0,1,multi_experimental,2,5-fluorouracil (5-fu);behavioral: quality of life questionnaires;capecitabine (xeloda);dre-endoscopy;intensity modulated radiotherapy (imrt);leucovorin;oxaliplatin (oxal),5-fluorouracil (5-fu);behavioral: quality of life questionnaires;capecitabine (xeloda);dre-endoscopy;intensity modulated radiotherapy (imrt);leucovorin;oxaliplatin (oxal),,Small Molecule,,0,1,0,0,0,0,0,0,0,0,0,,metastatic · adenoca.
NCT02172651,Vitamin D in Patients With Stage I-III Colon Cancer or Resectable Colon Cancer Liver Metastases,EARLY_PHASE1,Phase 1,RECRUITING,80,Dana-Farber Cancer Institute,Dana-Farber Cancer Institute,326,0,0,placebo_comparator,2,,vitamin d3,,Cell Therapy,MET,1,0,0,0,0,0,0,0,0,0,0,,metastatic · adenoca.
NCT02403505,Early Phase Clinical Trial About Therapeutic Biological Product Mix for Treating CEA Positive Rectal Cancer,PHASE1,Phase 1,ACTIVE_NOT_RECRUITING,20,"Han Xu, M.D., Ph.D., FAPCR, Sponsor-Investigator, IRB Chair","Han Xu, M.D., Ph.D., FAPCR, Sponsor-Investigator, IRB Chair",5,1,0,single_arm,1,cea protein antigen plus bcg vaccine mix for percutaneous use,cea protein antigen plus bcg vaccine mix for percutaneous use,CEA,Vaccine,CEA,1,1,0,0,0,0,0,0,0,0,0,,metastatic
NCT02448173,A Multicenter Study of Active Specific Immunotherapy With OncoVax® in Patients With Stage II Colon Cancer,PHASE3,Phase 3,NOT_YET_RECRUITING,550,Vaccinogen Inc,Vaccinogen,1,1,0,active_comparator,2,surgery,oncovax and surgery;surgery,,,,0,1,0,0,0,0,0,0,0,0,0,,metastatic · squamous
NCT02568267,"Basket Study of Entrectinib (RXDX-101) for the Treatment of Patients With Solid Tumors Harboring NTRK 1/2/3 (Trk A/B/C), ROS1, or ALK Gene Rearrangements (Fusions)",PHASE2,Phase 2,ACTIVE_NOT_RECRUITING,534,Hoffmann-La Roche,Roche/Genentech,922,1,1,multi_experimental,9,entrectinib,entrectinib,ROS1,Small Molecule,ALK;NTRK;ROS1,0,1,0,0,0,0,0,0,0,0,0,,metastatic
NCT02584244,Feasibility of the LUM Imaging System for Detection of Gastrointestinal Cancers,PHASE1;PHASE2,Phase 2,RECRUITING,66,"Lumicell, Inc.",Lumicell,9,1,0,multi_experimental,6,device: lum 2.6 imaging device;lum015,device: lum 2.6 imaging device;lum015,,,,0,1,0,0,0,0,0,0,0,0,0,,neoadjuvant · adenoca.
NCT02628067,Study of Pembrolizumab (MK-3475) in Participants With Advanced Solid Tumors (MK-3475-158/KEYNOTE-158),PHASE2,Phase 2,ACTIVE_NOT_RECRUITING,1609,Merck Sharp & Dohme LLC,Merck (MSD),649,1,1,multi_experimental,2,pembrolizumab,pembrolizumab,PD-1,Monoclonal Antibody,CDX;MMR;MSI;MSI-H;PD-L1;TMB;dMMR,1,1,0,1,0,0,0,0,1,0,1,MSI-H/dMMR,metastatic · 1st-line · adenoca. · measurable (RECIST)
NCT02688712,ExIST Study of LY2157299 (Galunisertib) in Rectal Cancer,PHASE2,Phase 2,ACTIVE_NOT_RECRUITING,50,Providence Health & Services,Providence Health & Services,30,0,1,single_arm,1,capecitabine;fluorouracil;ly2157299;tumor specific mesorectal excision,capecitabine;fluorouracil;ly2157299;tumor specific mesorectal excision,TGFBR1,Small Molecule,,0,1,0,0,0,0,0,0,0,0,0,,stage IV · adenoca.
NCT02758951,Perioperative Systemic Therapy for Isolated Resectable Colorectal Peritoneal Metastases,PHASE2;PHASE3,Phase 3,ACTIVE_NOT_RECRUITING,358,Koen Rovers,Koen Rovers,1,0,1,active_comparator,2,control arm;crs-hipec,crs-hipec;experimental arm;perioperative capox-bevacizumab;perioperative folfiri-bevacizumab;perioperative folfox-bevacizumab;perioperative systemic therapy,VEGF/VEGFR,Monoclonal Antibody,,1,1,0,0,0,0,0,0,0,0,0,,metastatic · adenoca. · measurable (RECIST)
NCT02843191,Consolidation Chemotherapy for Locally Advanced Mid or Low Rectal Cancer After Neoadjuvant Concurrent Chemoradiotherapy,PHASE3,Phase 3,ACTIVE_NOT_RECRUITING,358,Kyung Hee University Hospital at Gangdong,Kyung Hee University Hospital at Gangdong,2,0,0,active_comparator,2,,,,,,0,0,0,0,0,0,0,0,0,0,0,,locally advanced · adenoca.
NCT02955940,An Open-Label Study to Enable Continued Treatment Access for Subjects Previously Enrolled in Studies of Ruxolitinib,PHASE2,Phase 2,ACTIVE_NOT_RECRUITING,10,Incyte Corporation,Incyte,162,1,0,multi_experimental,3,,capecitabine;regorafenib;ruxolitinib,JAK1,Small Molecule,JAK2,0,1,0,0,0,0,0,0,0,0,0,,
NCT02983578,"Danvatirsen and Durvalumab in Treating Patients With Advanced and Refractory Pancreatic, Non-Small Cell Lung Cancer, and Mismatch Repair Deficient Colorectal Cancer",PHASE2,Phase 2,ACTIVE_NOT_RECRUITING,39,M.D. Anderson Cancer Center,M.D. Anderson Cancer Center,697,0,1,single_arm,1,danvatirsen;durvalumab,danvatirsen;durvalumab,PD-L1,Monoclonal Antibody,EGFR;MMR,1,1,0,0,0,0,0,0,0,1,0,,metastatic · 2nd-line+ · squamous · measurable (RECIST)
NCT03026140,Neoadjuvant Immune Checkpoint Inhibition and Novel IO Combinations in Early-stage Colon Cancer,PHASE2,Phase 2,RECRUITING,353,The Netherlands Cancer Institute,The Netherlands Cancer Institute,72,0,1,multi_experimental,7,nivolumab,bms-986016;bms-986253;celecoxib;ipilimumab;nivolumab,PD-1,Monoclonal Antibody,CD30;PD-L1;dMMR,1,1,0,1,1,0,0,0,0,0,1,"MSI-H/dMMR, MSS/pMMR",metastatic · adenoca.
NCT03104439,Nivolumab and Ipilimumab and Radiation Therapy in MSS and MSI High Colorectal and Pancreatic Cancer,PHASE2,Phase 2,ACTIVE_NOT_RECRUITING,84,Massachusetts General Hospital,Massachusetts General Hospital,170,0,1,single_arm,1,ipilimumab;nivolumab;radiation therapy,ipilimumab;nivolumab;radiation therapy,PD-1,Monoclonal Antibody,CD30;MSI,1,1,0,0,0,0,0,0,0,0,0,,metastatic · adenoca. · measurable (RECIST)
NCT03157128,"A Study of Selpercatinib (LOXO-292) in Participants With Advanced Solid Tumors, RET Fusion-Positive Solid Tumors, and Medullary Thyroid Cancer (LIBRETTO-001)",PHASE1;PHASE2,Phase 2,ACTIVE_NOT_RECRUITING,857,Eli Lilly and Company,Eli Lilly,535,1,1,multi_experimental,16,loxo-292,loxo-292,RET,Small Molecule,RET;RET activation,0,1,0,0,0,0,0,0,0,0,0,,metastatic · measurable (RECIST) · ECOG 0-1
NCT03170960,Study of Cabozantinib Alone or in Combination With Atezolizumab to Subjects With Locally Advanced or Metastatic Solid Tumors,PHASE1,Phase 1,ACTIVE_NOT_RECRUITING,914,Exelixis,Exelixis,52,1,0,multi_experimental,25,,atezolizumab;cabozantinib,MET,Small Molecule,PD-L1,0,1,0,0,0,0,0,0,0,0,0,,metastatic · measurable (RECIST)
NCT03175224,APL-101 Study of Subjects With NSCLC With c-Met EXON 14 Skip Mutations and c-Met Dysregulation Advanced Solid Tumors,PHASE2,Phase 2,RECRUITING,497,Apollomics Inc.,Apollomics,4,1,0,multi_experimental,9,apl-101 oral capsules,apl-101 oral capsules,MET,Small Molecule,ALK;BRAF;KRAS;MET;NTRK;PR;RET;ROS1;c-MET Dysregulation,0,1,0,0,0,0,0,0,1,1,0,,metastatic · 1st-line · measurable (RECIST)
NCT03228667,QUILT-3.055: A Study of Combination Immunotherapies in Patients Who Have Previously Received Treatment With Immune Checkpoint Inhibitors,PHASE2,Phase 2,ACTIVE_NOT_RECRUITING,40,"ImmunityBio, Inc.",ImmunityBio,63,1,0,multi_experimental,6,,n-803 + atezolizumab;n-803 + atezolizumab + pd-l1 t-hank;n-803 + avelumab;n-803 + avelumab + pd-l1 t-hank;n-803 + docetaxel + nivolumab;n-803 + docetaxel + pembrolizumab;n-803 + durvalumab;n-803 + durvalumab + pd-l1 t-hank;n-803 + nivolumab;n-803 + nivolumab + pd-l1 t-hank;n-803 + pembrolizumab;n-803 + pembrolizumab + pd-l1 t-hank,PD-1,Monoclonal Antibody,ALK;BRAF;HER2;KRAS;MET;NTRK;PD-L1;PR;RET;ROS1,1,1,0,0,0,1,0,0,0,0,1,HER2+,recurrent · measurable (RECIST)
NCT03284424,Study of Pembrolizumab (MK-3475) in Adults With Recurrent/Metastatic Cutaneous Squamous Cell Carcinoma (cSCC) or Locally Advanced Unresectable cSCC (MK-3475-629/KEYNOTE-629),PHASE2,Phase 2,COMPLETED,159,Merck Sharp & Dohme LLC,Merck (MSD),649,1,1,multi_experimental,2,pembrolizumab,pembrolizumab,PD-1,Monoclonal Antibody,CDX;MMR;MSI;MSI-H;PD-L1;TMB;dMMR,1,1,0,0,0,0,0,0,0,1,0,,metastatic · 2nd-line+ · squamous · measurable (RECIST)
NCT03350126,iRECIST Evaluation's Relevance for DCR in MMR/MSI Metastatic Colorectal Cancer Patients on Nivolumab and Ipilimumab,PHASE2,Phase 2,ACTIVE_NOT_RECRUITING,57,GERCOR - Multidisciplinary Oncology Cooperative Group,GERCOR - Multidisciplinary Oncology Cooperative Group,13,0,1,single_arm,1,ipilimumab;nivolumab,ipilimumab;nivolumab,CTLA-4,Monoclonal Antibody,MSI;MSI-H;PD-L1;biomarker;dMMR,1,1,1,1,1,0,0,0,0,0,1,"RAS/RAF wt, MSI-H/dMMR, MSS/pMMR",metastatic · adenoca. · measurable (RECIST) · ECOG 0-1
NCT03368963,TAS102 in Combination With NAL-IRI in Advanced GI Cancers,PHASE1;PHASE2,Phase 2,ACTIVE_NOT_RECRUITING,64,Emory University,Emory University,116,0,0,single_arm,1,nanoliposomal irinotecan;trifluridine/tipiracil,nanoliposomal irinotecan;trifluridine/tipiracil,TOP1,Small Molecule,,0,1,0,0,0,0,0,0,0,1,0,,metastatic · 2nd-line+ · adenoca. · measurable (RECIST)
NCT03428477,EPA for Metastasis Trial 2,PHASE3,Phase 3,ACTIVE_NOT_RECRUITING,418,"Mark A Hull, PhD FRCP","Mark A Hull, PhD FRCP",1,0,0,placebo_comparator,2,,icosapent ethyl,,,,0,0,0,0,0,0,0,0,0,0,0,,metastatic · ductal
NCT03485209,Efficacy and Safety Study of Tisotumab Vedotin for Patients With Solid Tumors,PHASE2,Phase 2,ACTIVE_NOT_RECRUITING,350,"Seagen, a wholly owned subsidiary of Pfizer",Pfizer,687,1,1,multi_experimental,7,tisotumab vedotin,carboplatin;cisplatin;pembrolizumab;tisotumab vedotin,PD-1,Monoclonal Antibody,PD-L1;biomarker,1,1,0,0,0,0,0,0,0,1,0,,metastatic · 2nd-line+ · adenoca. · measurable (RECIST)
NCT03516708,Epacadostat (INCB024360) Added to Preoperative Chemoradiation in Patients With Locally Advanced Rectal Cancer,PHASE1;PHASE2,Phase 2,RECRUITING,49,Washington University School of Medicine,Washington University School of Medicine,178,0,0,active_comparator,3,CAPOX;FOLFOX;short-course radiation therapy,CAPOX;FOLFOX;epacadostat;short-course radiation therapy,IDO1,Small Molecule,MMR;MSI;MSI-H,0,1,0,1,0,0,0,0,0,0,1,MSI-H/dMMR,metastatic
NCT03526835,A Study of Bispecific Antibody MCLA-158 in Patients With Advanced Solid Tumors,PHASE1;PHASE2,Phase 2,RECRUITING,560,Merus B.V.,Merus,8,1,0,multi_experimental,4,,mcla-158;mcla-158 + folfiri;mcla-158 + folfox;mcla-158 + pembrolizumab,EGFR,Monoclonal Antibody,BRAF;HER2;KRAS;PD-L1,1,1,0,0,1,1,0,0,1,1,1,"MSS/pMMR, HER2+",metastatic · 1st-line · adenoca. · measurable (RECIST)
NCT03539822,Cabozantinib Plus Durvalumab With or Without Tremelimumab in Patients With Gastroesophageal Cancer and Other Gastrointestinal Malignancies,PHASE1;PHASE2,Phase 2,RECRUITING,117,Anwaar Saeed,Anwaar Saeed,3,0,1,multi_experimental,4,cabozantinib;durvalumab,cabozantinib;durvalumab;tremelimumab,MET,Small Molecule,MET;MMR;MSI;PD-L1,0,1,1,1,0,0,0,0,1,0,1,"RAS/RAF wt, MSI-H/dMMR",metastatic · 1st-line · adenoca. · measurable (RECIST)
NCT03635021,"Study to Evaluate the Efficacy of FOLFOX + Panitumumab Followed by FOLFIRI + Bevacizumab (Sequence 1) Versus FOLFOX + Bevacizumab Followed by FOLFIRI + Panitumumab (Sequence 2) in Untreated Patients With Wild-type RAS Metastatic, Primary Left-sided, Unresectable Colorectal Cancer",PHASE3,Phase 3,ACTIVE_NOT_RECRUITING,419,Spanish Cooperative Group for the Treatment of Digestive Tumours (TTD),Spanish Cooperative Group for the Treatment of Digestive Tumours (TTD),23,0,1,multi_experimental,2,FOLFIRI;FOLFOX;bevacizumab;panitumumab,FOLFIRI;FOLFOX;bevacizumab;panitumumab,VEGF/VEGFR,Monoclonal Antibody,KRAS;RAS,1,1,1,0,0,0,0,0,1,0,1,RAS/RAF wt,metastatic · 1st-line · adenoca. · measurable (RECIST)
NCT03659448,Performance of SGM-101 for the Delineation of Primary and Recurrent Tumor and Metastases in Patients Undergoing Surgery for Colorectal Cancer,PHASE3,Phase 3,RECRUITING,300,Surgimab,Surgimab,2,1,0,active_comparator,2,sgm-101,,CEA,Monoclonal Antibody,CEA,1,0,0,0,0,0,0,0,0,0,0,,metastatic · squamous
NCT03678883,9-ING-41 in Patients With Advanced Cancers,PHASE2,Phase 2,ACTIVE_NOT_RECRUITING,350,Actuate Therapeutics Inc.,Actuate Therapeutics,4,1,0,multi_experimental,8,9-ing-41,9-ing-41;carboplatin.;doxorubicin.;gemcitabine - 21 day cycle;gemcitabine - 28 day cycle;irinotecan;lomustine;nab paclitaxel.;paclitaxel.,GSK3B,Small Molecule,HER2,0,1,0,0,0,1,0,0,1,1,1,HER2+,metastatic · 1st-line · measurable (RECIST) · ECOG 0
NCT03692429,alloSHRINK - Standard cHemotherapy Regimen and Immunotherapy With Allogeneic NKG2D-based CYAD-101 Chimeric Antigen Receptor T-cells,PHASE1,Phase 1,RECRUITING,49,Celyad Oncology SA,Celyad Oncology,10,1,0,multi_experimental,2,cyad-101,FOLFIRI;FOLFOX;cyad-101,NKG2D,CAR-T,,1,1,0,0,0,0,0,0,0,0,0,,metastatic · adenoca. · measurable (RECIST)
NCT03715933,Phase 1 Study of INBRX-109 in Subjects With Locally Advanced or Metastatic Solid Tumors Including Sarcomas,PHASE1,Phase 1,RECRUITING,411,"Inhibrx Biosciences, Inc",Inhibrx Biosciences,4,1,0,multi_experimental,14,inbrx-109,bevacizumab;carboplatin;fluorouracil;inbrx-109;irinotecan;leucovorin;pemetrexed;temozolomide;trifluridine + tipiracil,DR5,Monoclonal Antibody,IDH1;IDH2,1,1,0,0,0,0,0,0,1,1,0,,metastatic · 1st-line · adenoca. · measurable (RECIST)
NCT03833700,A Study of E7386 in Participants With Advanced Solid Tumor Including Colorectal Cancer (CRC),PHASE1,Phase 1,ACTIVE_NOT_RECRUITING,70,"Eisai Co., Ltd.",Eisai,177,1,0,multi_experimental,3,e7386,e7386,β-catenin,Small Molecule,CTNNB1,0,1,0,0,0,0,0,0,0,1,0,,metastatic · 2nd-line+ · squamous · measurable (RECIST)
NCT03845166,A Study of XL092 as Single-Agent and Combination Therapy in Subjects With Solid Tumors,PHASE1,Phase 1,ACTIVE_NOT_RECRUITING,325,Exelixis,Exelixis,52,1,0,multi_experimental,5,xl092,atezolizumab;avelumab;xl092,PD-L1,Small Molecule,BRAF;ER;KRAS;MMR;MSI;MSI-H;PD-L1;PR;biomarker;dMMR,0,1,1,1,0,0,1,0,0,1,1,"RAS/RAF wt, MSI-H/dMMR, BRAFm",metastatic · 2nd-line+ · adenoca. · measurable (RECIST)
NCT03851614,"Study of DNA Damage, Angiogenesis, and PD-L1 Inhibitors in Advanced Solid Tumors",PHASE2,Phase 2,ACTIVE_NOT_RECRUITING,90,"University Health Network, Toronto","University Health Network, Toronto",91,0,1,multi_experimental,2,durvalumab,cediranib;durvalumab;olaparib,PD-L1,Monoclonal Antibody,EGFR;MET;MMR;biomarker;genomic,1,1,0,0,0,0,0,0,0,1,0,,metastatic · 2nd-line+ · adenoca. · measurable (RECIST) · ECOG 0-1
NCT03860272,Fc-Engineered Anti-CTLA-4 Monoclonal Antibody in Advanced Cancer,PHASE1,Phase 1,ACTIVE_NOT_RECRUITING,499,Agenus Inc.,Agenus,27,1,0,multi_experimental,3,botensilimab,balstilimab;botensilimab,PD-1,Monoclonal Antibody,PD-L1;genomic,1,1,0,0,0,0,0,0,0,0,0,,metastatic · adenoca. · measurable (RECIST)
NCT03869892,Phase III Study in First-line Treatment of Patients With Metastatic Colorectal Cancer Who Are Not Candidate for Intensive Therapy.,PHASE3,Phase 3,ACTIVE_NOT_RECRUITING,856,Institut de Recherches Internationales Servier,Servier,42,0,1,active_comparator,2,bevacizumab control;capecitabine,bevacizumab experimental;trifluridine/tipiracil hydrochloride (s95005),TS,Small Molecule,BRAF;KRAS;MSI-H,0,1,0,0,0,0,0,0,0,0,0,,metastatic · adenoca.
NCT03872947,A Study of TRK-950 in Combinations With Anti-Cancer Treatment Regimens in Patients With Advanced Solid Tumors,PHASE1,Phase 1,ACTIVE_NOT_RECRUITING,138,"Toray Industries, Inc",Toray Industries,4,1,0,multi_experimental,15,trk-950,bevacizumab;carboplatin;cisplatin;fluorouracil;gemcitabine;imiquimod cream;irinotecan;leucovorin;nivolumab;paclitaxel;pembrolizumab;pld;ramucirumab;trk-950,PD-1,Monoclonal Antibody,CAPRIN-1;PR,1,1,0,0,0,0,0,0,0,1,0,,metastatic · 2nd-line+ · adenoca. · measurable (RECIST)
NCT03891953,Study of Safety and Efficacy of DKY709 Alone or in Combination With PDR001 in Patients With Advanced Solid Tumors.,PHASE1,Phase 1,ACTIVE_NOT_RECRUITING,98,Novartis Pharmaceuticals,Novartis,836,1,1,multi_experimental,2,dky709,dky709;pdr001,PD-1,Small Molecule,PD-L1,0,1,0,0,0,0,0,0,0,1,0,,metastatic · 2nd-line+ · measurable (RECIST)
NCT03921684,Trial of Nivolumab With FOLFOX After Chemoradiation in Rectal Cancer Patients,PHASE2,Phase 2,ACTIVE_NOT_RECRUITING,29,Baruch Brenner,Baruch Brenner,2,0,1,single_arm,1,FOLFOX;capecitabine;nivolumab;radiation therapy,FOLFOX;capecitabine;nivolumab;radiation therapy,PD-1,Monoclonal Antibody,PD-L1,1,1,0,0,0,0,0,0,0,0,0,,locally advanced · adenoca. · ECOG 0-1
NCT03947385,Study of IDE196 in Patients With Solid Tumors Harboring GNAQ/11 Mutations or PRKC Fusions,PHASE1;PHASE2,Phase 2,RECRUITING,336,IDEAYA Biosciences,IDEAYA Biosciences,11,1,0,multi_experimental,8,ide196,binimetinib;crizotinib;ide196,MEK,Small Molecule,ALK;HLA-A2;MET;MSI;MSI-H;ROS1;dMMR,0,1,0,1,0,0,0,0,1,0,1,MSI-H/dMMR,metastatic · 1st-line · measurable (RECIST)
NCT03983954,"Naptumomab Estafenatox in Combination With Durvalumab in Subjects With Selected Advanced or Metastatic Solid Tumor, Including a Cohort Expansion in Esophageal Cancer.",PHASE1,Phase 1,ACTIVE_NOT_RECRUITING,120,NeoTX Therapeutics Ltd.,NeoTX Therapeutics,2,1,1,multi_experimental,11,naptumomab estafenatox and durvalumab,naptumomab estafenatox and durvalumab;obinutuzumab,5T4,Monoclonal Antibody,CD20;ER;HER2;PD-L1;biomarker;biomarker analysis,1,1,0,0,0,1,0,0,1,0,1,HER2+,metastatic · 1st-line · adenoca. · measurable (RECIST)
NCT03983993,Niraparib and Panitumumab in Patients With Advanced or Metastatic Colorectal Cancer,PHASE2,Phase 2,ACTIVE_NOT_RECRUITING,26,Emory University,Emory University,116,0,1,single_arm,1,niraparib;panitumumab,niraparib;panitumumab,PARP,Small Molecule,BRCA1;BRCA2;HRD;MSI;PR,0,1,1,0,1,0,0,0,1,0,1,"RAS/RAF wt, MSS/pMMR",metastatic · 1st-line · squamous
NCT04008030,"A Study of Nivolumab, Nivolumab Plus Ipilimumab, or Investigator's Choice Chemotherapy for the Treatment of Participants With Deficient Mismatch Repair (dMMR)/Microsatellite Instability High (MSI-H) Metastatic Colorectal Cancer (mCRC)",PHASE3,Phase 3,ACTIVE_NOT_RECRUITING,839,Bristol-Myers Squibb,Bristol Myers Squibb,764,1,1,active_comparator,3,bevacizumab;cetuximab;fluorouracil;irinotecan;leucovorin;oxaliplatin,ipilimumab;nivolumab,CTLA-4,Monoclonal Antibody,MMR;MSI;MSI-H;PD-L1;dMMR,1,1,0,1,0,0,0,0,0,0,1,MSI-H/dMMR,metastatic
NCT04008797,A Study of E7386 in Combination With Other Anticancer Drug(s) in Participants With Solid Tumor,PHASE1;PHASE2,Phase 2,ACTIVE_NOT_RECRUITING,301,Eisai Inc.,Eisai,177,1,0,multi_experimental,9,lenvatinib,doxorubicin;e7386;lenvatinib;paclitaxel,CBP,Small Molecule,BRAF;KRAS;MSI;MSI-H;TP53,0,1,1,1,0,0,1,0,0,1,1,"RAS/RAF wt, MSI-H/dMMR, BRAFm",metastatic · 2nd-line+ · squamous · measurable (RECIST)
NCT04014530,Pembrolizumab With Ataluren in Patients With Metastatic pMMR and dMMR Colorectal Carcinoma or Metastatic dMMR Endometrial Carcinoma: the ATAPEMBRO Study,PHASE1;PHASE2,Phase 2,RECRUITING,47,Academisch Medisch Centrum - Universiteit van Amsterdam (AMC-UvA),Academisch Medisch Centrum - Universiteit van Amsterdam (AMC-UvA),19,0,1,multi_experimental,3,ataluren + pembrolizumab,ataluren + pembrolizumab,PD-1,Monoclonal Antibody,MMR;PD-L1,1,1,0,0,0,0,0,0,0,1,0,,metastatic · 2nd-line+ · squamous · measurable (RECIST)
NCT04017455,Neoadjuvant Treatment in Rectal Cancer With Radiotherapy Followed by Atezolizumab and Bevacizumab (TARZAN),PHASE2,Phase 2,ACTIVE_NOT_RECRUITING,38,The Netherlands Cancer Institute,The Netherlands Cancer Institute,72,0,1,single_arm,1,atezolizumab;bevacizumab,atezolizumab;bevacizumab,PD-L1,Monoclonal Antibody,CMMRD;MSI-H;TMB,1,1,0,0,0,0,0,0,0,0,0,,metastatic · adenoca.
NCT04046445,"Phase 1b Study to Evaluate ATP128, VSV-GP128 and BI 754091, in Patients With Stage IV Colorectal Cancer",PHASE1,Phase 1,ACTIVE_NOT_RECRUITING,96,Amal Therapeutics,Amal Therapeutics,1,1,1,multi_experimental,8,atp128,atp128;bi 754091;vsv-gp128,PD-1,Oncolytic Virus,MMR;PD-L1;PR,1,1,0,0,1,0,0,0,1,0,1,MSS/pMMR,metastatic · 1st-line · squamous · measurable (RECIST)
NCT04068610,COLUMBIA-1: Novel Oncology Therapies in Combination With Chemotherapy and Bevacizumab as First- Line Therapy in MSS-CRC,PHASE1;PHASE2,Phase 2,ACTIVE_NOT_RECRUITING,61,MedImmune LLC,AstraZeneca,780,1,0,multi_experimental,3,FOLFOX;bevacizumab,FOLFOX;bevacizumab;durvalumab;oleclumab,PD-L1,Monoclonal Antibody,EGFR;MET;MMR;MSI,1,1,0,0,0,0,0,0,0,0,0,,metastatic · measurable (RECIST)
NCT04083599,GEN1042 Safety Trial and Anti-tumor Activity in Participants With Malignant Solid Tumors,PHASE1;PHASE2,Phase 2,ACTIVE_NOT_RECRUITING,350,Genmab,Genmab,65,1,1,multi_experimental,2,gen1042,carboplatin;cisplatin;fluorouracil;gemcitabine;gen1042;nab-paclitaxel;paclitaxel;pembrolizumab;pemetrexed,CD40,Bispecific Antibody,PD-L1,1,1,0,0,0,0,0,0,0,1,0,,metastatic · 2nd-line+ · measurable (RECIST) · ECOG 0-1
NCT04117087,Pooled Mutant KRAS-Targeted Long Peptide Vaccine Combined With Nivolumab and Ipilimumab for Patients With Resected Mismatch Repair Protein (MMR-p) Colorectal and Pancreatic Cancer,PHASE1,Phase 1,ACTIVE_NOT_RECRUITING,27,Sidney Kimmel Comprehensive Cancer Center at Johns Hopkins,Sidney Kimmel Comprehensive Cancer Center at Johns Hopkins,160,0,1,multi_experimental,2,ipilimumab;kras peptide vaccine;nivolumab,ipilimumab;kras peptide vaccine;nivolumab,PD-1,Monoclonal Antibody,CD30;KRAS;PD-L1,1,1,0,0,1,0,0,0,0,0,1,MSS/pMMR,metastatic · measurable (RECIST)
NCT04140526,"Safety, PK and Efficacy of ONC-392 in Monotherapy and in Combination of Anti-PD-1 in Advanced Solid Tumors and NSCLC",PHASE1;PHASE2,Phase 2,ACTIVE_NOT_RECRUITING,733,"OncoC4, Inc.",OncoC4,10,1,0,multi_experimental,3,onc-392,docetaxel;onc-392;pembrolizumab,PD-1,Monoclonal Antibody,PD-L1,1,1,0,0,0,0,0,0,0,0,0,,metastatic · small-cell · measurable (RECIST)
NCT04165772,Study of Induction PD-1 Blockade in Subjects With Locally Advanced Mismatch Repair Deficient Solid Tumors,PHASE2,Phase 2,RECRUITING,212,Memorial Sloan Kettering Cancer Center,Memorial Sloan Kettering Cancer Center,411,0,0,multi_experimental,3,capecitabine or 5-fu;intensity modulated radiation therapy (imrt);tsr-042 or dostarlimab,capecitabine or 5-fu;intensity modulated radiation therapy (imrt);tsr-042 or dostarlimab,PD-1,Monoclonal Antibody,MMR;MSI;MSI-H;dMMR,1,1,0,1,0,0,0,0,0,0,1,MSI-H/dMMR,metastatic
NCT04282044,Study of CRX100 as Monotherapy and in Combination With Pembrolizumab in Patients With Advanced Solid Malignancies,PHASE1,Phase 1,RECRUITING,60,BioEclipse Therapeutics,BioEclipse Therapeutics,1,1,0,multi_experimental,2,crx100 suspension for infusion;cyclophosphamide;fludarabine,crx100 suspension for infusion;cyclophosphamide;fludarabine,PD-1,,ER;HER2;PR,0,1,0,0,0,1,0,0,0,1,1,HER2−,metastatic · 2nd-line+ · adenoca. · measurable (RECIST)
NCT04291105,Phase 2 Trial of Voyager V1 in Combination With Cemiplimab in Cancer Patients,PHASE2,Phase 2,ACTIVE_NOT_RECRUITING,87,"Vyriad, Inc.",Vyriad,5,1,1,multi_experimental,3,cemiplimab;vv1,cemiplimab;vv1,,Oncolytic Virus,BRAF;MSI;PD-L1,1,1,0,1,0,0,1,0,1,1,1,"MSI-H/dMMR, BRAFm",metastatic · 1st-line · measurable (RECIST)
NCT04421820,BOLD-100 in Combination With FOLFOX for the Treatment of Advanced Solid Tumours,PHASE1;PHASE2,Phase 2,RECRUITING,220,"Bold Therapeutics, Inc.",Bold Therapeutics,1,1,0,active_comparator,9,bold-100 +/- folfox chemotherapy (arm vii),bold-100 in combination with folfox chemotherapy (arms i-vi),,Small Molecule,BRAF;ER;HER2;MSI;MSI-H,0,1,1,1,0,1,0,0,0,0,1,"RAS/RAF wt, MSI-H/dMMR, HER2+",metastatic · measurable (RECIST)
NCT04429542,Study of Safety and Tolerability of BCA101 Monotherapy and in Combination Therapy in Patients With EGFR-driven Advanced Solid Tumors,PHASE1,Phase 1,RECRUITING,292,Bicara Therapeutics,Bicara,3,1,1,multi_experimental,2,bca101,bca101;pembrolizumab,EGFR,Bispecific Antibody,EGFR;PD-L1;biomarker;biomarker analysis,1,1,0,0,0,0,0,0,0,0,0,,metastatic · squamous · measurable (RECIST)
NCT04430738,Tucatinib Plus Trastuzumab and Oxaliplatin-based Chemotherapy or Pembrolizumab-containing Combinations for HER2+ Gastrointestinal Cancers,PHASE2,Phase 2,ACTIVE_NOT_RECRUITING,40,"Seagen, a wholly owned subsidiary of Pfizer",Pfizer,687,1,1,multi_experimental,9,trastuzumab;tucatinib,capecitabine;fluorouracil;leucovorin;oxaliplatin;pembrolizumab;trastuzumab;tucatinib,HER2,Small Molecule,HER2;MET;PD-L1,0,1,0,0,0,1,0,0,0,0,1,HER2+,metastatic · adenoca. · measurable (RECIST)
NCT04440735,A Study of DSP107 Alone and in Combination with Atezolizumab for Patients with Advanced Solid Tumors,PHASE1;PHASE2,Phase 2,ACTIVE_NOT_RECRUITING,125,Kahr Medical,Kahr Medical,3,1,0,multi_experimental,5,dsp107,atezolizumab;dsp107,CD47,Bispecific Antibody,ALK;BRAF;CD47;KRAS;NTRK;PD-L1;RET;ROS1,1,1,0,0,1,0,0,0,0,0,1,MSS/pMMR,metastatic · squamous · measurable (RECIST)
NCT04449874,"A Study to Evaluate the Safety, Pharmacokinetics, and Activity of GDC-6036 Alone or in Combination in Participants With Advanced or Metastatic Solid Tumors With a KRAS G12C Mutation",PHASE1,Phase 1,ACTIVE_NOT_RECRUITING,498,"Genentech, Inc.",Roche/Genentech,922,1,1,multi_experimental,7,gdc-6036,atezolizumab;bevacizumab;cetuximab;erlotinib;gdc-1971;gdc-6036;inavolisib,KRAS,Small Molecule,KRAS,0,1,0,0,0,0,0,1,0,0,1,KRAS G12C,metastatic
NCT04482309,A Phase 2 Study of T-DXd in Patients With Selected HER2 Expressing Tumors,PHASE2,Phase 2,ACTIVE_NOT_RECRUITING,477,AstraZeneca,AstraZeneca,780,1,1,multi_experimental,12,trastuzumab deruxtecan,trastuzumab deruxtecan,HER2,ADC,HER2,1,1,0,0,0,1,0,0,0,0,1,HER2+,metastatic · adenoca. · measurable (RECIST)
NCT04486378,"A Phase II Clinical Trial Comparing the Efficacy of RO7198457 Versus Watchful Waiting in Patients With ctDNA-positive, Resected Stage II (High Risk) and Stage III Colorectal Cancer",PHASE2,Phase 2,ACTIVE_NOT_RECRUITING,327,BioNTech SE,BioNTech,45,1,1,multi_experimental,5,ro7198457 intravenous (iv),ro7198457 intravenous (iv),EGFR,Monoclonal Antibody,MSI;biomarker;ctDNA,1,1,0,1,0,0,0,0,1,0,1,MSI-H/dMMR,metastatic · 1st-line · adenoca.
NCT04511039,Trifluridine/Tipiracil and Talazoparib for the Treatment of Patients With Locally Advanced or Metastatic Colorectal or Gastroesophageal Cancer,PHASE1,Phase 1,RECRUITING,45,Roswell Park Cancer Institute,Roswell Park Cancer Institute,73,0,1,single_arm,1,talazoparib tosylate;trifluridine/tipiracil,talazoparib tosylate;trifluridine/tipiracil,TS,Small Molecule,,0,1,0,0,0,0,0,0,0,1,0,,metastatic · 2nd-line+ · adenoca. · measurable (RECIST)
NCT04547166,A Clinical Study to Evaluate Efficacy and Safety of Serplulimab（HLX10） Combined With Bevacizumab（HLX04) and Chemotherapy (XELOX) in Patients With Metastatic Colorectal Cancer (mCRC),PHASE2;PHASE3,Phase 3,RECRUITING,568,Shanghai Henlius Biotech,Shanghai Henlius,98,1,0,placebo_comparator,2,hlx04、,hlx04、;hlx10,PD-1,Monoclonal Antibody,MSI;MSI-H;PD-L1,1,1,0,1,0,0,0,0,0,0,1,MSI-H/dMMR,metastatic · adenoca. · measurable (RECIST)
NCT04575922,Nivolumab+Ipilimumab+RT in MSS mCRC,PHASE2,Phase 2,ACTIVE_NOT_RECRUITING,32,Massachusetts General Hospital,Massachusetts General Hospital,170,0,1,single_arm,1,ipilimumab;nivolumab;radiation therapy,ipilimumab;nivolumab;radiation therapy,PD-1,Monoclonal Antibody,CD30;MSI,1,1,0,0,1,0,0,0,0,0,1,MSS/pMMR,metastatic · adenoca. · measurable (RECIST)
NCT04585035,Study to Evaluate D-1553 in Subjects With Solid Tumors,PHASE1;PHASE2,Phase 2,ACTIVE_NOT_RECRUITING,180,"InventisBio Co., Ltd",InventisBio,10,1,1,multi_experimental,3,d-1553,d-1553;d-1553 in combination with drug: pembrolizumab;drug: cetuximab;drug: other;drug:keytruda,KRAS,Small Molecule,KRAS,0,1,0,0,0,0,0,1,0,1,1,KRAS G12C,metastatic · 2nd-line+ · measurable (RECIST)
NCT04585750,The Evaluation of PC14586 in Patients With Advanced Solid Tumors Harboring a TP53 Y220C Mutation (PYNNACLE),PHASE1;PHASE2,Phase 2,RECRUITING,300,"PMV Pharmaceuticals, Inc",PMV Pharmaceuticals,2,1,1,multi_experimental,9,rezatapopt,pembrolizumab;rezatapopt,PD-1,Monoclonal Antibody,KRAS;PD-L1,1,1,0,0,0,0,0,0,0,1,0,,metastatic · 2nd-line+ · measurable (RECIST) · ECOG 0
NCT04599140,"SX-682 and Nivolumab for the Treatment of RAS-Mutated, MSS Unresectable or Metastatic Colorectal Cancer, the STOPTRAFFIC-1 Trial",PHASE1;PHASE2,Phase 2,ACTIVE_NOT_RECRUITING,51,M.D. Anderson Cancer Center,M.D. Anderson Cancer Center,697,0,1,single_arm,1,cxcr1/2 inhibitor sx-682;nivolumab,cxcr1/2 inhibitor sx-682;nivolumab,CXCR1/2,Small Molecule,KRAS;MMR;MSS;RAS;biomarker,0,1,0,0,1,0,0,0,0,0,1,MSS/pMMR,metastatic · adenoca. · measurable (RECIST)
NCT04639219,A Study of T-DXd for the Treatment of Solid Tumors Harboring HER2 Activating Mutations,PHASE2,Phase 2,ACTIVE_NOT_RECRUITING,102,AstraZeneca,AstraZeneca,780,1,1,single_arm,1,trastuzumab deruxtecan,trastuzumab deruxtecan,HER2,ADC,HER2,1,1,0,0,0,1,0,0,0,0,1,HER2+,metastatic · adenoca. · measurable (RECIST) · ECOG 0-1
NCT04644068,Study of AZD5305 as Monotherapy and in Combination With Anti-cancer Agents in Patients With Advanced Solid Malignancies,PHASE1;PHASE2,Phase 2,ACTIVE_NOT_RECRUITING,702,AstraZeneca,AstraZeneca,780,1,1,multi_experimental,6,azd5305,azd5305;camizestrant;carboplatin;dato-dxd;paclitaxel;t- dxd,PARP,Small Molecule,,0,1,0,0,0,0,0,0,0,1,0,,metastatic · 2nd-line+ · ECOG 0
NCT04657068,A Study of ART0380 for the Treatment of Advanced or Metastatic Solid Tumors,PHASE1;PHASE2,Phase 2,RECRUITING,542,Artios Pharma Ltd,Artios Pharma,4,1,0,multi_experimental,10,art0380,art0380;gemcitabine;irinotecan,ATR,Small Molecule,,0,1,0,0,0,0,0,0,1,1,0,,metastatic · 1st-line · squamous · measurable (RECIST)
NCT04678648,A Trial of RSC-1255 for Treatment of Patients With Advanced Malignancies,PHASE1,Phase 1,RECRUITING,134,"RasCal Therapeutics, Inc.",RasCal Therapeutics,1,1,0,single_arm,1,rsc-1255 dose escalation;rsc-1255 dose expansion,rsc-1255 dose escalation;rsc-1255 dose expansion,,,,0,1,0,0,0,0,0,0,0,1,0,,metastatic · 2nd-line+
NCT04699188,Study of JDQ443 in Patients With Advanced Solid Tumors Harboring the KRAS G12C Mutation,PHASE1;PHASE2,Phase 2,ACTIVE_NOT_RECRUITING,344,Novartis Pharmaceuticals,Novartis,836,1,1,multi_experimental,4,jdq443,jdq443;tislelizumab;tno155,KRAS,Small Molecule,KRAS;PD-L1;STK11,0,1,0,0,0,0,0,1,0,0,1,KRAS G12C,metastatic · measurable (RECIST)
NCT04703101,Short Course Radiation Therapy and Combination Chemotherapy for the Treatment of Stage II-III Rectal Cancer,PHASE1,Phase 1,RECRUITING,25,Jonsson Comprehensive Cancer Center,Jonsson Comprehensive Cancer Center,117,0,0,single_arm,1,behavioral: surveillance;capecitabine;fluorouracil;intensity-modulated radiation therapy;leucovorin;oxaliplatin;quality-of-life assessment;total mesorectal excision,behavioral: surveillance;capecitabine;fluorouracil;intensity-modulated radiation therapy;leucovorin;oxaliplatin;quality-of-life assessment;total mesorectal excision,TS,Small Molecule,,0,1,0,0,0,0,0,0,0,0,0,,metastatic · adenoca. · ECOG 0
NCT04730544,Two Combination Treatment Regimens of Nivolumab and Ipilimumab in Patients With dMMR and / or MSI mCRC.,PHASE2,Phase 2,ACTIVE_NOT_RECRUITING,96,GERCOR - Multidisciplinary Oncology Cooperative Group,GERCOR - Multidisciplinary Oncology Cooperative Group,13,0,1,active_comparator,2,nivolumab,nivolumab,PD-1,Monoclonal Antibody,CD30;MMR;MSI;dMMR,1,1,0,1,0,0,0,0,0,0,1,MSI-H/dMMR,metastatic · adenoca. · measurable (RECIST) · ECOG 0-1
NCT04793958,Phase 3 Study of MRTX849 With Cetuximab vs Chemotherapy in Patients With Advanced Colorectal Cancer With KRAS G12C Mutation (KRYSTAL-10),PHASE3,Phase 3,ACTIVE_NOT_RECRUITING,461,Mirati Therapeutics Inc.,Mirati,42,1,0,active_comparator,2,FOLFIRI;FOLFOX,cetuximab;mrtx849,KRAS,Small Molecule,KRAS,0,1,0,0,0,0,0,1,1,0,1,KRAS G12C,metastatic · 1st-line
NCT04802876,Efficacy of Tislelizumab and Spartalizumab Across Multiple Cancer-types in Patients with PD1-high MRNA Expressing Tumors,PHASE2,Phase 2,ACTIVE_NOT_RECRUITING,184,SOLTI Breast Cancer Research Group,SOLTI Breast Cancer Research Group,18,0,1,multi_experimental,3,,spartalizumab;tislelizumab,PD-1,Monoclonal Antibody,BRAF,1,1,0,0,0,0,0,0,0,0,0,,metastatic · squamous · measurable (RECIST)
NCT04854668,A Study of Anlotinib Hydrochloride Capsule Combined With Chemotherapy as First-line Treatment in Subjects With RAS/BRAF Wild Metastatic Colorectal Cancer,PHASE3,Phase 3,ACTIVE_NOT_RECRUITING,748,"Chia Tai Tianqing Pharmaceutical Group Co., Ltd.",Chia Tai Tianqing Pharmaceutical,213,1,0,active_comparator,2,bevacizumab;capecitabine;oxaliplatin,anlotinib hydrochloride capsule;capecitabine;oxaliplatin,VEGF/VEGFR,Monoclonal Antibody,BRAF;MSI;MSI-H;dMMR,1,1,1,1,0,0,0,0,0,0,1,"RAS/RAF wt, MSI-H/dMMR",metastatic
NCT04868877,"Phase 1/2 Study Evaluating MCLA-129, a Human Anti-EGFR, Anti-c-MET Bispecific Antibody, in Advanced NSCLC and Other Solid Tumors, Alone and in Combination",PHASE1;PHASE2,Phase 2,ACTIVE_NOT_RECRUITING,194,Merus B.V.,Merus,8,1,0,multi_experimental,7,mcla-129,mcla-129;osimertinib,EGFR,Bispecific Antibody,MET,1,1,0,0,0,0,0,0,1,0,0,,metastatic · 1st-line · measurable (RECIST)
NCT04895709,A Study of BMS-986340 as Monotherapy and as Combination Therapy in Participants With Advanced Solid Tumors,PHASE1;PHASE2,Phase 2,RECRUITING,1109,Bristol-Myers Squibb,Bristol Myers Squibb,764,1,1,multi_experimental,9,bms-986340,bms-936558-01;bms-986340;docetaxel;pumitamig,PD-1,Monoclonal Antibody,PD-L1;biomarker;biomarker analysis,1,1,0,0,0,0,0,0,0,1,0,,metastatic · 2nd-line+ · measurable (RECIST)
NCT04895722,Evaluation of Co-formulated Pembrolizumab/Quavonlimab (MK-1308A) Versus Other Treatments in Participants With Microsatellite Instability-High (MSI-H) or Mismatch Repair Deficient (dMMR) Stage IV Colorectal Cancer (CRC) (MK-1308A-008/KEYSTEP-008).,PHASE2,Phase 2,ACTIVE_NOT_RECRUITING,302,Merck Sharp & Dohme LLC,Merck (MSD),649,1,1,active_comparator,7,pembrolizumab,mk-4830;pembrolizumab;pembrolizumab/favezelimab;pembrolizumab/quavonlimab;pembrolizumab/vibostolimab,PD-1,Monoclonal Antibody,MSI;MSI-H;PD-L1;dMMR,1,1,1,1,0,0,0,0,0,1,1,"RAS/RAF wt, MSI-H/dMMR",metastatic · 2nd-line+ · adenoca. · measurable (RECIST)
NCT04912765,Neoantigen Dendritic Cell Vaccine and Nivolumab in HCC and Liver Metastases From CRC,PHASE2,Phase 2,RECRUITING,60,"National Cancer Centre, Singapore","National Cancer Centre, Singapore",19,0,1,single_arm,1,neoantigen dendritic cell vaccine;nivolumab,neoantigen dendritic cell vaccine;nivolumab,PD-1,Monoclonal Antibody,CD30;PD-L1,1,1,0,0,0,0,0,0,0,1,0,,metastatic · 2nd-line+ · squamous
NCT04920032,Study of ctDNA Guided Change in Tx for Refractory Minimal Residual Disease in Colon Adenocarcinomas,PHASE1,Phase 1,RECRUITING,22,"University of California, Irvine","University of California, Irvine",22,0,0,single_arm,1,diagnostic test: signatera mrd ctdna assay;irinotecan;standard treatment;trifluridine/tipiracil,diagnostic test: signatera mrd ctdna assay;irinotecan;standard treatment;trifluridine/tipiracil,TS,Small Molecule,,0,1,0,0,0,0,0,0,0,0,0,,metastatic · adenoca.
NCT04922853,Comparison of the Pathological Effect Between 2 and 4 Cycles Neoadjuvant CAPOX for Low/Intermediate Risk II/III Rectal Cancer,PHASE3,Phase 3,ACTIVE_NOT_RECRUITING,554,West China Hospital,West China Hospital,11,0,0,multi_experimental,2,CAPOX,CAPOX,,Small Molecule,MET;ctDNA,0,1,0,0,0,0,0,0,0,0,0,,metastatic · adenoca. · ECOG 0-1
NCT04928807,Short-Course Radiotherapy Followed by Neoadjuvant Chemotherapy and Camrelizumab in Locally Advanced Rectal Cancer (UNION),PHASE3,Phase 3,ACTIVE_NOT_RECRUITING,231,"Union Hospital, Tongji Medical College, Huazhong University of Science and Technology","Union Hospital, Tongji Medical College, Huazhong University of Science and Technology",29,0,0,active_comparator,2,short course radiotherapy sequential camrelizumab and,short course radiotherapy sequential camrelizumab and,PD-1,Monoclonal Antibody,PD-L1,1,1,0,0,0,0,0,0,0,0,0,,neoadjuvant · adenoca.
NCT04929223,A Study Evaluating the Safety and Efficacy of Targeted Therapies in Subpopulations of Patients With Metastatic Colorectal Cancer (INTRINSIC),PHASE1,Phase 1,RECRUITING,542,Hoffmann-La Roche,Roche/Genentech,922,1,1,multi_experimental,10,diagnostic test: foundationoneliquid cdx,FOLFIRI;FOLFOX;atezolizumab;bevacizumab;cetuximab;diagnostic test: foundationoneliquid cdx;divarasib;inavolisib;sy-5609;tiragolumab,PI3K,Small Molecule,8P;CDX;biomarker,0,1,0,0,0,0,0,0,0,0,0,,metastatic · adenoca. · measurable (RECIST)
NCT04930432,"Study of MCLA-129, a Human Bispecific EGFR and cMet Antibody, in Patients With Advanced NSCLC and Other Solid Tumors",PHASE1;PHASE2,Phase 2,RECRUITING,400,"Betta Pharmaceuticals Co., Ltd.",Betta Pharmaceuticals,66,1,0,multi_experimental,2,mcla-129,mcla-129,EGFR,Bispecific Antibody,EGFR;MET;biomarker,1,1,0,0,0,0,0,0,0,1,0,,metastatic · 2nd-line+ · adenoca. · measurable (RECIST)
NCT04956640,Study of LY3537982 in Cancer Patients With a Specific Genetic Mutation (KRAS G12C),PHASE1;PHASE2,Phase 2,ACTIVE_NOT_RECRUITING,540,Eli Lilly and Company,Eli Lilly,535,1,1,multi_experimental,3,ly3537982,carboplatin;cetuximab;cisplatin;ly3537982;pembrolizumab;pemetrexed,KRAS,Small Molecule,KRAS,0,1,0,0,0,0,0,1,1,0,1,KRAS G12C,metastatic · 1st-line · measurable (RECIST)
NCT04963283,Study of Cabozantinib and Nivolumab in Refractory Metastatic Microsatellite Stable (MSS) Colorectal Cancer,PHASE2,Phase 2,ACTIVE_NOT_RECRUITING,48,"University of Colorado, Denver","University of Colorado, Denver",46,0,1,single_arm,1,cabozantinib;nivolumab,cabozantinib;nivolumab,MET,Small Molecule,BRAF;MMR;MSI;MSI-H;PD-L1;biomarker;biomarker analysis;dMMR,0,1,1,1,1,0,0,0,0,1,1,"RAS/RAF wt, MSI-H/dMMR, MSS/pMMR",metastatic · 2nd-line+ · adenoca. · measurable (RECIST)
NCT04969315,TT-4 and TT-10 as Single Agents and in Combination in Subjects With Advanced Selected Solid Tumors and Pleural Mesothelioma,PHASE1;PHASE2,Phase 2,RECRUITING,35,Portage Biotech,Portage Biotech,1,1,0,multi_experimental,3,,tt-10;tt-4,ADORA2A,Small Molecule,MET,0,1,0,0,0,0,0,0,0,0,0,,metastatic · small-cell · measurable (RECIST) · ECOG 2
NCT04991948,Study of Pembrolizumab Treatment After CYAD-101 With FOLFOX Preconditioning in Metastatic Colorectal Cancer,PHASE1,Phase 1,RECRUITING,34,Celyad Oncology SA,Celyad Oncology,10,1,1,single_arm,1,FOLFOX;cyad-101;pembrolizumab,FOLFOX;cyad-101;pembrolizumab,NKG2D,CAR-T,MSI;MSI-H;PD-L1,1,1,0,1,1,0,0,0,0,0,1,"MSI-H/dMMR, MSS/pMMR",metastatic · adenoca. · measurable (RECIST)
NCT04999761,AB122 Platform Study,PHASE1,Phase 1,RECRUITING,917,"Taiho Pharmaceutical Co., Ltd.",Taiho,86,1,0,multi_experimental,18,ab122,ab122;ab154;bevacizumab;carboplatin;cisplatin;fluorouracil;gemcitabine;nab-paclitaxel;ramucirumab;tas-115;tas-116;tas-120;trifluridine/tipiracil,PD-1,Monoclonal Antibody,KRAS;MET;PD-L1,1,1,1,0,0,0,0,0,1,1,1,RAS/RAF wt,metastatic · 1st-line · adenoca.
NCT05005403,"Study to Assess Adverse Events and Pharmacokinetics in Adult Participants With Non-Small Cell Lung Cancer, Head and Neck Squamous Cell Carcinoma and Other Solid Tumors, Receiving Intravenous Infusion of Azirkitug Alone or in Combination(s) With Budigalimab, Bevacizumab, or Telisotuzumab Adizutecan",PHASE1,Phase 1,RECRUITING,694,AbbVie,AbbVie,274,1,1,multi_experimental,17,azirkitug,azirkitug;bevacizumab;budigalimab;telisotuzumab adizutecan,PD-1,Monoclonal Antibody,BRAF;HER2;MSI;MSI-H;PD-L1,1,1,0,1,1,1,1,0,1,0,1,"MSI-H/dMMR, MSS/pMMR, HER2+, BRAFm",metastatic · 1st-line · adenoca. · measurable (RECIST)
NCT05009069,A Study of Atezolizumab With or Without Tiragolumab Following Neoadjuvant Chemoradiotherapy in Participants With Locally Advanced Rectal Cancer,PHASE2,Phase 2,ACTIVE_NOT_RECRUITING,58,Hoffmann-La Roche,Roche/Genentech,922,1,1,multi_experimental,2,atezolizumab;capecitabine;fluorouracil;radiotherapy;tiragolumab,atezolizumab;capecitabine;fluorouracil;radiotherapy;tiragolumab,PD-L1,Monoclonal Antibody,CMMRD;MSI-H;PD-L1;TMB;biomarker,1,1,0,0,0,0,0,0,0,0,0,,metastatic · adenoca.
NCT05024097,A Phase I-II Study to Test the Safety and Efficacy of PD1 (AB122) and Adenosine Receptor (AB928) Antagonists With Chemotherapy After Short-Course Radiation for Rectal Cancer.,PHASE2,Phase 2,RECRUITING,43,Weill Medical College of Cornell University,Weill Medical College of Cornell University,90,0,0,single_arm,1,FOLFOX;etrumadenant (ab928);radiation therapy;zimberelimab (ab122),FOLFOX;etrumadenant (ab928);radiation therapy;zimberelimab (ab122),ADORA2A,Small Molecule,,0,1,0,0,0,0,0,0,0,0,0,,metastatic · adenoca.
NCT05029882,Study to Assess Adverse Events and Change in Disease Activity in Adult Participants With Advanced Solid Tumors Receiving Intravenous (IV) ABBV-400 as Monotherapy and in Combination With IV Bevacizumab,PHASE1,Phase 1,ACTIVE_NOT_RECRUITING,520,AbbVie,AbbVie,274,1,1,multi_experimental,12,,abbv-400;bevacizumab;trifluridine/tipiracil,EGFR,ADC,BRAF;HER2;MET;MSI;MSI-H;dMMR,1,1,0,1,0,1,1,0,0,0,1,"MSI-H/dMMR, HER2+, BRAFm",metastatic · adenoca. · measurable (RECIST)
NCT05057013,A Phase I/IIa Trial of HMBD-001 in Advanced HER3 Positive Solid Tumours,PHASE1;PHASE2,Phase 2,ACTIVE_NOT_RECRUITING,81,Cancer Research UK,Cancer Research UK,16,0,0,multi_experimental,2,,hmbd-001;hmbd-001 and enzalutamide,HER3,Monoclonal Antibody,HER3,1,1,1,0,0,0,0,0,0,1,1,RAS/RAF wt,metastatic · 2nd-line+ · adenoca.
NCT05086692,A Beta-only IL-2 ImmunoTherapY Study,PHASE1;PHASE2,Phase 2,RECRUITING,115,"Medicenna Therapeutics, Inc.",Medicenna Therapeutics,2,1,1,single_arm,1,mdna11;pembrolizumab (keytruda),mdna11;pembrolizumab (keytruda),IL-2,Cell Therapy,MSI-H,1,1,0,0,0,0,0,0,0,1,0,,metastatic · 2nd-line+ · measurable (RECIST)
NCT05093907,A Study to Evaluate Safety and Efficacy of BEY1107 in Combination with Capecitabine in Patients with Metastatic Colorectal Cancer,PHASE1;PHASE2,Phase 2,RECRUITING,27,BeyondBio Inc.,BeyondBio,3,1,0,single_arm,1,bey1107;capecitabine,bey1107;capecitabine,,,,0,1,0,0,0,0,0,0,0,1,0,,metastatic · 2nd-line+ · measurable (RECIST)
NCT05107674,A Study of NX-1607 in Adults With Advanced Malignancies,PHASE1,Phase 1,RECRUITING,345,"Nurix Therapeutics, Inc.",Nurix Therapeutics,7,1,0,multi_experimental,12,nx-1607,nx-1607;paclitaxel,CBL-B,Small Molecule,PD-L1,0,1,0,0,1,0,0,0,0,1,1,MSS/pMMR,metastatic · 2nd-line+ · squamous · measurable (RECIST)
NCT05108428,Adaptive Radiation for Locally Advanced Rectal Adenocarcinoma,EARLY_PHASE1,Phase 1,ACTIVE_NOT_RECRUITING,20,H. Lee Moffitt Cancer Center and Research Institute,H. Lee Moffitt Cancer Center and Research Institute,228,0,0,single_arm,1,FOLFOX;capecitabine;radiation therapy,FOLFOX;capecitabine;radiation therapy,TOP1,Small Molecule,,0,1,0,0,0,0,0,0,0,0,0,,metastatic · adenoca.
NCT05118724,Atezolizumab in Patients With MSI-h/MMR-D Stage II High Risk and Stage III Colorectal Cancer Ineligible for Oxaliplatin,PHASE2,Phase 2,ACTIVE_NOT_RECRUITING,80,AIO-Studien-gGmbH,AIO-Studien-gGmbH,46,0,1,multi_experimental,2,atezolizumab,atezolizumab;imm-101,PD-L1,Monoclonal Antibody,CMMRD;MET;MSI;MSI-H;PD-L1;TMB;dMMR,1,1,0,1,0,0,0,0,0,0,1,MSI-H/dMMR,metastatic · adenoca. · ECOG 0
NCT05131919,"Pembrolizumab for Locally Advanced, Irresectable, Non-metastatic dMMR Colorectal Cancers",PHASE2,Phase 2,ACTIVE_NOT_RECRUITING,25,The Netherlands Cancer Institute,The Netherlands Cancer Institute,72,0,1,single_arm,1,pembrolizumab,pembrolizumab,PD-1,Monoclonal Antibody,PD-L1;dMMR,1,1,0,0,0,0,0,0,1,0,0,,metastatic · 1st-line · adenoca.
NCT05141721,A Study of a Patient-Specific Neoantigen Vaccine in Combination With Immune Checkpoint Blockade for Patients With Metastatic Colorectal Cancer,PHASE2;PHASE3,Phase 3,ACTIVE_NOT_RECRUITING,700,Seattle Project Corporation,Seattle Project,1,1,0,active_comparator,2,bevacizumab;fluoropyrimidine plus leucovorin,atezolizumab;bevacizumab;fluoropyrimidine plus leucovorin;grt-c901;grt-r902;ipilimumab,Neoantigens,mRNA,BRAF;MMR;MSI;MSI-H;Minimal Residual Disease;dMMR,0,1,0,1,0,0,1,0,1,0,1,"MSI-H/dMMR, BRAFm",metastatic · 1st-line · measurable (RECIST)
NCT05163028,A Dose Escalation Study of SHP2 Inhibitor in Patients With Solid Tumors Harboring KRAS of EGFR Mutations,PHASE1,Phase 1,ACTIVE_NOT_RECRUITING,42,"HUYABIO International, LLC.",HUYABIO International,9,1,0,single_arm,1,hbi-2376,hbi-2376,KRAS,Small Molecule,EGFR;KRAS,0,1,0,0,0,0,0,0,0,1,0,,metastatic · 2nd-line+ · squamous · measurable (RECIST)
NCT05167071,HBM4003 Combine With Toripalimab in Patients With Advanced NEN and Other Solid Tumors Study,PHASE1,Phase 1,ACTIVE_NOT_RECRUITING,53,Harbour BioMed (Guangzhou) Co. Ltd.,Harbour BioMed (Guangzhou),4,1,0,multi_experimental,3,hbm4003,hbm4003;tislelizumab;toripalimab,PD-1,Monoclonal Antibody,PD-L1,1,1,0,0,0,0,0,0,0,0,0,,metastatic · adenoca. · measurable (RECIST)
NCT05174169,Colon Adjuvant Chemotherapy Based on Evaluation of Residual Disease,PHASE2;PHASE3,Phase 3,RECRUITING,1912,NRG Oncology,NRG Oncology,1,0,0,active_comparator,4,capox 3 month;capox 6 month;device: signatera test;mfolfox6 3-6 month;mfolfox6 6 month,FOLFIRINOX;device: signatera test,,Small Molecule,MMR;MSI;MSI-H;ctDNA;dMMR,0,1,0,1,1,0,0,0,0,0,1,"MSI-H/dMMR, MSS/pMMR",metastatic · adenoca.
NCT05176483,Study of Zanzalintinib in Combination With Immuno-Oncology or Other Agents in Participants With Solid Tumors,PHASE1,Phase 1,RECRUITING,1394,Exelixis,Exelixis,52,1,0,multi_experimental,9,zanzalintinib,ddi probe cocktail;docetaxel;ipilimumab;nivolumab;nivolumab + relatlimab;zanzalintinib,EGFR,Small Molecule,PD-L1;biomarker,0,1,0,0,1,0,0,0,1,1,1,MSS/pMMR,metastatic · 1st-line · adenoca. · measurable (RECIST)
NCT05179889,Adjuvant mFOLFIRINOX for High-risk Stage III Colon Cancer,PHASE2;PHASE3,Phase 3,RECRUITING,308,Chungnam National University Hospital,Chungnam National University Hospital,2,0,0,active_comparator,2,mfolfox 6,FOLFIRINOX,,,,0,1,0,0,0,0,0,0,0,0,0,,metastatic · adenoca. · ECOG 2
NCT05194995,JAB-21822 in Combination With Cetuximab in Patients With Advanced CRC and Other Solid Tumors With KRAS G12C Mutation,PHASE1;PHASE2,Phase 2,ACTIVE_NOT_RECRUITING,48,"Allist Pharmaceuticals, Inc.",Allist Pharmaceuticals,19,1,0,multi_experimental,3,cetuximab;jab-21822,cetuximab;jab-21822,KRAS,Small Molecule,KRAS,0,1,0,0,0,0,0,0,0,0,0,,metastatic · measurable (RECIST)
NCT05197322,NEOadjuvant PembRolizumab In Stratified Medicine - ColoRectal Cancer,PHASE2,Phase 2,ACTIVE_NOT_RECRUITING,88,"University College, London","University College, London",51,0,1,multi_experimental,2,pembrolizumab,,PD-1,Monoclonal Antibody,MMR;MSI;MSI-H;PD-L1,1,0,0,1,0,0,0,0,0,0,1,MSI-H/dMMR,metastatic · adenoca. · ECOG 0-1
NCT05205330,"Vorbipiprant (CR6086) / Balstilimab (AGEN2034) Combination in Stage IV Refractory pMMR - MSS CRC, and Other Metastatic GI Cancers",PHASE1;PHASE2,Phase 2,ACTIVE_NOT_RECRUITING,107,Rottapharm Biotech,Rottapharm Biotech,1,1,0,multi_experimental,5,agen2034;cr6086,agen2034;cr6086,PTGER4,Small Molecule,BRAF;MMR-PROFICIENT;MSI-STABLE;PD-L1,0,1,1,0,1,0,1,0,0,0,1,"RAS/RAF wt, MSS/pMMR, BRAFm",metastatic · adenoca. · measurable (RECIST)
NCT05215574,Study of NGM831 as Monotherapy and in Combination With Pembrolizumab or Pembrolizumab and NGM438 in Advanced or Metastatic Solid Tumors,PHASE1,Phase 1,ACTIVE_NOT_RECRUITING,130,"NGM Biopharmaceuticals, Inc",NGM Biopharmaceuticals,6,1,1,multi_experimental,3,,ngm831;ngm831 and ngm438 plus pembrolizumab (keytruda);ngm831 plus pembrolizumab (keytruda),ILT3,Monoclonal Antibody,,1,1,0,0,0,0,0,0,0,0,0,,metastatic
NCT05217446,A Study of Encorafenib Plus Cetuximab Taken Together With Pembrolizumab Compared to Pembrolizumab Alone in People With Previously Untreated Metastatic Colorectal Cancer,PHASE2,Phase 2,ACTIVE_NOT_RECRUITING,108,Pfizer,Pfizer,687,1,1,active_comparator,2,pembrolizumab,cetuximab;encorafenib;pembrolizumab,BRAF,Small Molecule,BRAF;MMR;MSI;MSI-H;PD-L1;dMMR,0,1,0,1,0,0,1,0,0,0,1,"MSI-H/dMMR, BRAFm",metastatic · adenoca. · measurable (RECIST)
NCT05239143,P-MUC1C-ALLO1 Allogeneic CAR-T Cells in the Treatment of Subjects With Advanced or Metastatic Solid Tumors,PHASE1,Phase 1,ACTIVE_NOT_RECRUITING,180,"Poseida Therapeutics, Inc.",Poseida Therapeutics,6,1,0,multi_experimental,8,p-muc1c-allo1 car-t cells;rimiducid,p-muc1c-allo1 car-t cells;rimiducid,MUC1,CAR-T,MUC1,1,1,0,0,0,0,0,0,0,0,0,,metastatic · squamous · measurable (RECIST)
NCT05239650,Phase II Clinical Study to Evaluate the Efficacy and Safety of HLX07+HLX10 +mFOLFOX6 or HLX07 Monotherapy in Patients With mCRC,PHASE2,Phase 2,NOT_YET_RECRUITING,50,Shanghai Henlius Biotech,Shanghai Henlius,98,1,0,multi_experimental,2,hlx07,FOLFOX;hlx07;hlx10,EGFR,Monoclonal Antibody,BRAF;KRAS,1,1,0,0,0,0,0,0,0,0,0,,ECOG 0-1
NCT05239741,Study of Pembrolizumab (MK-3475) Versus Chemotherapy in Chinese Participants With Stage IV Colorectal Cancer (MK-3475-C66),PHASE3,Phase 3,ACTIVE_NOT_RECRUITING,100,Merck Sharp & Dohme LLC,Merck (MSD),649,1,1,active_comparator,2,bevacizumab;cetuximab;fluorouracil;irinotecan;leucovorin;oxaliplatin,pembrolizumab,PD-1,Monoclonal Antibody,BRAF;MMR;MSI;MSI-H;PD-L1;dMMR,1,1,0,1,0,0,1,0,0,0,1,"MSI-H/dMMR, BRAFm",metastatic · adenoca. · measurable (RECIST)
NCT05245474,Neoadjuvant Long-course Chemoradiation Plus PD-1 Blockade for Mid-low Locally Advanced Rectal Cancer,PHASE2,Phase 2,RECRUITING,186,Beijing Friendship Hospital,Beijing Friendship Hospital,3,0,1,active_comparator,3,long-course chemoradiation;with or without tislelizumab (pd-1 inhibitor),long-course chemoradiation;with or without tislelizumab (pd-1 inhibitor),PD-1,Monoclonal Antibody,PD-L1,1,1,0,0,0,0,0,0,0,0,0,,metastatic · adenoca. · measurable (RECIST) · ECOG 0
NCT05253651,A Study of Tucatinib With Trastuzumab and mFOLFOX6 Versus Standard of Care Treatment in First-line HER2+ Metastatic Colorectal Cancer,PHASE3,Phase 3,RECRUITING,400,"Seagen, a wholly owned subsidiary of Pfizer",Pfizer,687,1,1,active_comparator,2,bevacizumab;cetuximab;fluorouracil;leucovorin;oxaliplatin,fluorouracil;leucovorin;oxaliplatin;trastuzumab;tucatinib,HER2,Small Molecule,HER2,0,1,1,0,0,1,0,0,0,1,1,"RAS/RAF wt, HER2+",metastatic · 2nd-line+ · adenoca. · measurable (RECIST)
NCT05254327,Trial of the Efficacy and Safety of Short and Long Course Radiation Therapy With/Without BMX-001,PHASE2,Phase 2,RECRUITING,118,University of Nebraska,University of Nebraska,23,0,0,multi_experimental,4,bmx-001,bmx-001,,,,0,1,0,0,0,0,0,0,0,0,0,,locally advanced · adenoca.
NCT05275374,XP-102 and XP-102 in Combination With Trametinib in Advanced Solid Tumor Patients With a BRAF V600 Mutation,PHASE1;PHASE2,Phase 2,NOT_YET_RECRUITING,221,"Xynomic Pharmaceuticals, Inc.",Xynomic Pharmaceuticals,6,1,0,multi_experimental,3,xp-102,trametinib;xp-102,BRAF,Small Molecule,BRAF,0,1,0,0,0,0,1,0,0,0,1,BRAFm,metastatic · small-cell · measurable (RECIST)
NCT05283330,Safety and Tolerability of ²¹²Pb-DOTAM-GRPR1 in Adult Subjects With Recurrent or Metastatic GRPR-expressing Tumors,PHASE1,Phase 1,RECRUITING,48,"Orano Med Theranostics, SAS",Orano Med Theranostics,1,1,0,single_arm,1,²¹²pb-dotam-grpr1,²¹²pb-dotam-grpr1,GRPR,Radiopharmaceutical,ER;GRPR;HER2,0,1,0,0,0,1,0,0,0,0,1,HER2+,metastatic · small-cell · measurable (RECIST) · ECOG 0-1
NCT05288205,Phase 1/2a Study of JAB-21822 Plus JAB-3312 in Patients With Advanced Solid Tumors Harboring KRAS p.G12C Mutation,PHASE1;PHASE2,Phase 2,RECRUITING,240,"Allist Pharmaceuticals, Inc.",Allist Pharmaceuticals,19,1,0,multi_experimental,2,jab-21822;jab-3312,jab-21822;jab-3312,KRAS,Small Molecule,KRAS,0,1,0,0,0,0,0,0,0,0,0,,metastatic · ductal · measurable (RECIST)
NCT05300269,SHR-1701 in Combination With Chemotherapy and Radiotherapy in Locally Advanced Rectal Cancer,PHASE2,Phase 2,RECRUITING,73,"Suzhou Suncadia Biopharmaceuticals Co., Ltd.",Suzhou Suncadia Biopharmaceuticals,86,1,0,single_arm,1,shr-1701；capecitabine；oxaliplatin,shr-1701；capecitabine；oxaliplatin,PD-L1,Bispecific Antibody,PD-L1,1,1,0,0,0,0,0,0,0,0,0,,metastatic · adenoca.
NCT05319314,LYL273 for Patients With Relapsed or Refractory mCRC,PHASE1;PHASE2,Phase 2,RECRUITING,155,"Lyell Immunopharma, Inc.",Lyell Immunopharma,5,1,0,single_arm,1,lyl273,lyl273,GUCY2C,CAR-T,,1,1,1,0,0,0,0,0,0,1,1,RAS/RAF wt,metastatic · 2nd-line+ · measurable (RECIST)
NCT05322590,BXQ-350 in Newly Diagnosed Metastatic Colorectal Carcinoma,PHASE1;PHASE2,Phase 2,ACTIVE_NOT_RECRUITING,195,"Bexion Pharmaceuticals, Inc.",Bexion Pharmaceuticals,5,1,0,placebo_comparator,2,,bxq-350,VEGF/VEGFR,Small Molecule,CER;GLUCER;GM3;MMR;MSI;S1P;sphingolipid profiling,0,0,0,1,0,0,0,0,0,0,1,MSI-H/dMMR,metastatic · adenoca. · measurable (RECIST)
NCT05355701,A Study to Learn About the Study Medicine Called PF-07799933 in People With Advanced Solid Tumors With BRAF Alterations.,PHASE1,Phase 1,ACTIVE_NOT_RECRUITING,103,Pfizer,Pfizer,687,1,1,multi_experimental,9,pf-07799933,binimetinib;cetuximab;fluorouracil;leucovorin;midazolam;oxaliplatin;pf-07799933,BRAF,Small Molecule,BRAF;MSI;MSI-H;dMMR,0,1,0,1,0,0,1,0,0,0,1,"MSI-H/dMMR, BRAFm",metastatic
NCT05358249,Platform Study of JDQ443 in Combinations in Patients With Advanced Solid Tumors Harboring the KRAS G12C Mutation,PHASE1;PHASE2,Phase 2,ACTIVE_NOT_RECRUITING,74,Novartis Pharmaceuticals,Novartis,836,1,1,multi_experimental,3,jdq443,cetuximab;jdq443;ribociclib;trametinib,KRAS,Small Molecule,KRAS;PD-L1;STK11,0,1,0,0,0,0,0,1,0,0,1,KRAS G12C,metastatic · small-cell
NCT05379595,A Study of Amivantamab Monotherapy and in Addition to Standard-of-Care Chemotherapy in Participants With Advanced or Metastatic Colorectal Cancer,PHASE1;PHASE2,Phase 2,RECRUITING,225,"Janssen Research & Development, LLC",Johnson & Johnson,363,1,1,active_comparator,4,amivantamab;amivantamab iv;fluorouracil;irinotecan;leucovorin;oxaliplatin,amivantamab iv,EGFR,Monoclonal Antibody,ALK;BRAF;EGFR;HER2;KRAS;MSI;MSI-H;NTRK;RET,1,1,0,1,0,1,1,0,1,0,1,"MSI-H/dMMR, HER2+, BRAFm",metastatic · 1st-line · adenoca. · measurable (RECIST)
NCT05379985,Study of RMC-6236 in Patients With Advanced Solid Tumors Harboring Specific Mutations in RAS,PHASE1;PHASE2,Phase 2,RECRUITING,754,"Revolution Medicines, Inc.",Revolution Medicines,19,1,0,single_arm,1,rmc-6236,rmc-6236,KRAS,Small Molecule,KRAS;RAS,0,1,1,0,0,0,0,0,1,0,1,RAS/RAF wt,metastatic · 1st-line
NCT05382364,Safety and Pharmacokinetics of Tucatinib (MK-7119) in Chinese Participants With Cancer (MK-7119-002),PHASE1,Phase 1,ACTIVE_NOT_RECRUITING,25,Pfizer,Pfizer,687,1,1,single_arm,1,tucatinib,tucatinib,HER2,Small Molecule,HER2,0,1,0,0,0,1,0,0,0,1,1,HER2+,metastatic · 2nd-line+ · squamous · measurable (RECIST)
NCT05382442,A Study of AK112 With or Without AK117 in Metastatic Colorectal Cancer,PHASE2,Phase 2,ACTIVE_NOT_RECRUITING,254,Akeso,Akeso,103,1,0,multi_experimental,11,ak112,ak112;ak117;capecitabine;fluorouracil;irinotecan;leucovorin;oxaliplatin,PD-1,Bispecific Antibody,MMR;MSI;MSI-H;dMMR,1,1,0,1,0,0,0,0,0,0,1,MSI-H/dMMR,metastatic · adenoca. · measurable (RECIST)
NCT05394714,"A Phase I, Autologous ex Vivo Expanded and Activated NK Cell, Magicell-NK, Infusion for Colon Cancer Post Resection Study",PHASE1,Phase 1,RECRUITING,18,Medigen Biotechnology Corporation,Medigen Biotechnology,2,1,0,single_arm,1,magicell-nk contains nk cells suspended in,magicell-nk contains nk cells suspended in,,Cell Therapy,,1,1,0,0,0,0,0,0,0,0,0,,metastatic · squamous · ECOG 2
NCT05425940,Study of XL092 + Atezolizumab vs Regorafenib in Participants With Metastatic Colorectal Cancer,PHASE3,Phase 3,ACTIVE_NOT_RECRUITING,901,Exelixis,Exelixis,52,1,0,active_comparator,2,regorafenib,atezolizumab;xl092,PD-L1,Small Molecule,MMR;MSI;MSI-H;PD-L1;RAS;dMMR,0,1,1,1,0,0,0,0,0,1,1,"RAS/RAF wt, MSI-H/dMMR",metastatic · 2nd-line+ · adenoca. · measurable (RECIST)
NCT05427487,Study of Intratumoral IVX037 in Patients With Advanced or Metastatic Solid Tumours,PHASE1,Phase 1,RECRUITING,70,ImmVirx Pty Ltd,ImmVirx Pty,1,1,0,multi_experimental,2,ivx037,ivx037;sintilimab,PD-1,Oncolytic Virus,MMR;MSI;PD-L1,1,1,0,1,0,0,0,0,0,1,1,MSI-H/dMMR,metastatic · 2nd-line+ · adenoca. · measurable (RECIST)
NCT05450029,Neoadjuvant Chemoradiotherapy Plus Sintilimab for Intermediate/High Immunoscore Locally Advanced Rectal Cancer,PHASE2,Phase 2,RECRUITING,51,Yanhong Deng,Yanhong Deng,1,0,0,single_arm,1,sintilimab,sintilimab,PD-1,Monoclonal Antibody,MSI;PD-L1,1,1,0,0,0,0,0,0,1,0,0,,1st-line · adenoca.
NCT05462236,MNK Inhibitor AUM001 in Combination With Either Pembrolizumab or Irinotecan to Treat Metastatic Colorectal Cancer,PHASE2,Phase 2,RECRUITING,120,AUM Biosciences Pte Ltd,AUM Biosciences Pte,1,0,1,multi_experimental,3,tinodasertib,irinotecan;pembrolizumab;tinodasertib,PLK1,Small Molecule,BRAF;HER2;MSI;MSI-H;NTRK;PD-L1,0,1,0,1,1,1,1,0,0,1,1,"MSI-H/dMMR, MSS/pMMR, HER2+, BRAFm",metastatic · 2nd-line+ · measurable (RECIST)
NCT05462717,Dose Escalation and Dose Expansion Study of RMC-6291 Monotherapy in Subjects With Advanced KRASG12C Mutant Solid Tumors,PHASE1,Phase 1,ACTIVE_NOT_RECRUITING,222,"Revolution Medicines, Inc.",Revolution Medicines,19,1,0,single_arm,1,rmc-6291,rmc-6291,KRAS,Small Molecule,KRAS,0,1,0,0,0,0,0,1,0,0,1,KRAS G12C,metastatic
NCT05464030,Anti-CEACAM5 ADC M9140 in Advanced Solid Tumors (PROCEADE-CRC-01),PHASE1,Phase 1,ACTIVE_NOT_RECRUITING,220,"EMD Serono Research & Development Institute, Inc.",Merck KGaA,166,1,1,multi_experimental,5,m9140,5-fluorouracil (5-fu);bevacizumab;capecitabine;leucovorin;m9140,CEA,ADC,CEACAM5;MSI;MSI-H,1,1,0,1,0,0,0,0,0,1,1,MSI-H/dMMR,metastatic · 2nd-line+ · squamous
NCT05482516,Evaluating Novel Therapies in ctDNA Positive GI Cancers,PHASE3,Phase 3,RECRUITING,20,Georgetown University,Georgetown University,55,0,1,single_arm,1,atezolizumab;bevacizumab,atezolizumab;bevacizumab,PD-L1,Monoclonal Antibody,CMMRD;MET;MSI-H;PD-L1;TMB,1,1,0,0,0,0,0,0,0,0,0,,metastatic · adenoca.
NCT05485974,A Dose Escalation Study of HBI-2438 in Patients With Solid Tumors Harboring KRAS G12C Mutation,PHASE1,Phase 1,ACTIVE_NOT_RECRUITING,44,"HUYABIO International, LLC.",HUYABIO International,9,1,0,single_arm,1,hbi-2438,hbi-2438,KRAS,Small Molecule,KRAS,0,1,0,0,0,0,0,1,0,0,1,KRAS G12C,metastatic · squamous · measurable (RECIST)
NCT05489211,Study of Dato-DXd as Monotherapy and in Combination With Anti-cancer Agents in Patients With Advanced Solid Tumours (TROPION-PanTumor03),PHASE2,Phase 2,RECRUITING,454,AstraZeneca,AstraZeneca,780,1,1,multi_experimental,14,datopotamab deruxtecan (dato-dxd),bevacizumab;capecitabine;carboplatin;cisplatin;datopotamab deruxtecan (dato-dxd);fluorouracil;prednisone/ prednisolone;rilvegostomig;volrustomig,VEGF/VEGFR,Monoclonal Antibody,TROP2;genomic,1,1,0,0,0,0,0,0,0,0,0,,metastatic · squamous
NCT05492682,START: Safety and Anti-Tumor Activity of PeptiCRAd-1 in Treatment of Cancer,PHASE1,Phase 1,RECRUITING,15,Valo Therapeutics Oy,Valo Therapeutics,1,1,0,multi_experimental,2,cyclophosphamide;pembrolizumab;pepticrad-1,cyclophosphamide;pembrolizumab;pepticrad-1,NY-ESO-1,Oncolytic Virus,MAGE-A3;NY-ESO-1,1,1,0,0,0,0,0,0,0,1,0,,metastatic · 2nd-line+ · squamous · measurable (RECIST)
NCT05544929,A Study of Safety and Efficacy of KFA115 Alone and in Combo With Pembrolizumab in Patients With Select Advanced Cancers,PHASE1,Phase 1,ACTIVE_NOT_RECRUITING,126,Novartis Pharmaceuticals,Novartis,836,1,1,multi_experimental,3,kfa115,kfa115;pembrolizumab,PD-1,,BRAF;MSI;MSI-H;PD-L1,0,1,0,1,0,0,1,0,0,1,1,"MSI-H/dMMR, BRAFm",metastatic · 2nd-line+ · squamous
NCT05557045,"A Study of JZP815 Oral Capsules in Adult Participants With Advanced or Metastatic Solid Tumors Harboring Mitogen Activated Protein Kinase (MAPK) Pathway Alterations to Investigate the Safety, Dosing, and Antitumor Activity of JZP815",PHASE1,Phase 1,ACTIVE_NOT_RECRUITING,98,Jazz Pharmaceuticals,Jazz Pharmaceuticals,59,1,0,multi_experimental,2,jzp815,jzp815,BRAF,Small Molecule,MAPK pathway,0,1,0,0,0,0,0,0,0,0,0,,metastatic · measurable (RECIST) · ECOG 0
NCT05565417,Study of the Monoclonal Antibody IMT-009 in Patients With Advanced Solid Tumors or Lymphomas,PHASE1;PHASE2,Phase 2,ACTIVE_NOT_RECRUITING,67,Immunitas Therapeutics,Immunitas Therapeutics,1,1,0,multi_experimental,3,imt-009,fruquintinib;imt-009,CD161,Monoclonal Antibody,ALK;BRAF;CD161;CLEC2D;CXCL13;HER2;KRAS;MET;MSI;MSI-H;PD-L1;RET;biomarker;dMMR,1,1,1,1,1,1,1,0,1,1,1,"RAS/RAF wt, MSI-H/dMMR, MSS/pMMR, HER2+, BRAFm",metastatic · 1st-line · squamous · measurable (RECIST)
NCT05571293,Combination Immunotherapy in Colorectal Cancer,PHASE2,Phase 2,ACTIVE_NOT_RECRUITING,26,Weill Medical College of Cornell University,Weill Medical College of Cornell University,90,0,0,multi_experimental,3,balstilimab;botensilimab,balstilimab;botensilimab,PD-1,Monoclonal Antibody,MMR;MSI;MSI-H;PD-L1;dMMR,1,1,0,1,0,0,0,0,0,0,1,MSI-H/dMMR,metastatic · adenoca.
NCT05576480,SCRT Sequential Penpulimab in Combination With CAPEOX in the Neoadjuvant Treatment of MSS Locally Advanced Rectal Cancer,PHASE2,Phase 2,RECRUITING,55,Ruijin Hospital,Ruijin Hospital,16,0,0,single_arm,1,CAPOX;penpulimab;short-course radiotherapy;tme surgery,CAPOX;penpulimab;short-course radiotherapy;tme surgery,PD-1,Monoclonal Antibody,MSI;PD-L1,1,1,0,1,1,0,0,0,0,0,1,"MSI-H/dMMR, MSS/pMMR",metastatic · adenoca. · ECOG 0-1
NCT05581004,"A Study to Evaluate the Safety, Pharmacokinetics, and Activity of Enzelkitug as a Single Agent and in Combination With Checkpoint Inhibitor in Participants With Locally Advanced or Metastatic Solid Tumors",PHASE1,Phase 1,ACTIVE_NOT_RECRUITING,165,"Genentech, Inc.",Roche/Genentech,922,1,1,multi_experimental,4,enzelkitug,atezolizumab;enzelkitug;pembrolizumab,PD-L1,Monoclonal Antibody,CMMRD;MSI-H;TMB,1,1,0,0,0,0,0,0,0,0,0,,metastatic · measurable (RECIST)
NCT05592626,"A Study of a Selective T Cell Receptor (TCR) Targeting, Bifunctional Antibody-fusion Molecule STAR0602 in Participants With Advanced Solid Tumors",PHASE1;PHASE2,Phase 2,RECRUITING,366,"Marengo Therapeutics, Inc.",Marengo Therapeutics,2,1,0,multi_experimental,2,star0602,docetaxel (taxotere);irinotecan (camptosar);star0602,TCR,Bispecific Antibody,MMR;MSI;MSI-H;PD-L1;TMB;dMMR,1,1,1,1,1,0,0,0,0,0,1,"RAS/RAF wt, MSI-H/dMMR, MSS/pMMR",metastatic
NCT05608044,A Study of Botensilimab and Balstilimab for the Treatment of Colorectal Cancer,PHASE2,Phase 2,ACTIVE_NOT_RECRUITING,234,Agenus Inc.,Agenus,27,1,0,active_comparator,5,standard of care,balstilimab;botensilimab,PD-1,Monoclonal Antibody,BRAF;MMR;MSI;MSI-H;PD-L1;dMMR,1,1,0,1,0,0,0,0,0,1,1,MSI-H/dMMR,metastatic · 2nd-line+ · adenoca. · measurable (RECIST)
NCT05609370,A Study Investigating the Efficacy and Safety of Alcestobart (LBL-007) Plus Tislelizumab in Combination With Bevacizumab Plus Fluoropyrimidine Versus Bevacizumab Plus Fluoropyrimidine in Participants With Unresectable or Metastatic Colorectal Cancer,PHASE1;PHASE2,Phase 2,ACTIVE_NOT_RECRUITING,113,BeiGene,BeiGene/BeOne,149,1,1,active_comparator,8,bevacizumab or bevacizumab biosimilar;fluoropyrimidine (fp),alcestobart;bevacizumab or bevacizumab biosimilar;fluoropyrimidine (fp);tislelizumab,PD-1,Monoclonal Antibody,BRAF;MSI;MSI-H;PD-L1;dMMR,1,1,0,1,0,0,0,0,1,0,1,MSI-H/dMMR,metastatic · 1st-line · adenoca. · measurable (RECIST)
NCT05620134,Study of JK08 in Patients with Unresectable Locally Advanced or Metastatic Cancer,PHASE1;PHASE2,Phase 2,ACTIVE_NOT_RECRUITING,263,Salubris Biotherapeutics Inc,Salubris Biotherapeutics,2,1,0,multi_experimental,4,jk08,jk08;lenvatinib pill;pembrolizumab,CTLA-4,Monoclonal Antibody,ER;HER2;PR;genomic,1,1,0,0,0,1,0,0,0,1,1,HER2+,metastatic · 2nd-line+ · adenoca. · measurable (RECIST)
NCT05647122,First in Human Study of AZD9592 in Solid Tumors,PHASE1,Phase 1,ACTIVE_NOT_RECRUITING,167,AstraZeneca,AstraZeneca,780,1,1,multi_experimental,3,azd9592,5-fluorouracil (5-fu);azd9592;bevacizumab;leucovorin;osimertinib,EGFR/cMET,ADC,MET,1,1,0,0,0,0,0,0,0,0,0,,metastatic · measurable (RECIST)
NCT05651022,Study of DECOY20 With or Without Tislelizumab in Patients With Advanced Solid Tumors,PHASE1;PHASE2,Phase 2,ACTIVE_NOT_RECRUITING,120,"Indaptus Therapeutics, Inc",Indaptus Therapeutics,1,1,0,multi_experimental,3,decoy20,decoy20;tislelizumab,PD-1,Cell Therapy,ALK;BRAF;KRAS;MET;MSI;MSI-H;RET;dMMR,1,1,0,1,0,0,0,0,0,0,1,MSI-H/dMMR,metastatic · adenoca. · measurable (RECIST)
NCT05652894,A Study of HX008 Compared to Chemotherapy in the First-Line Treatment of Subjects With MSI-H/dMMR Metastatic Colorectal Cancer,PHASE3,Phase 3,ACTIVE_NOT_RECRUITING,190,Taizhou Hanzhong biomedical co. LTD,Taizhou Hanzhong biomedical,11,1,0,active_comparator,2,investigator's choice,hx008(pucotenlimab),PD-1,Monoclonal Antibody,MMR;MSI;MSI-H;PD-L1;dMMR,1,1,0,1,0,0,0,0,0,0,1,MSI-H/dMMR,metastatic · adenoca. · measurable (RECIST) · ECOG 0
NCT05669430,A Study of GV20-0251 Monotherapy and GV20-0251 in Combination With Pembrolizumab in Participants With Solid Tumor Malignancies,PHASE1;PHASE2,Phase 2,RECRUITING,365,GV20 Therapeutics,GV20 Therapeutics,3,1,1,multi_experimental,4,,gv20-0251;gv20-0251 and pembrolizumab [keytruda],IGSF8,Oncolytic Virus,IGSF8 RNA;IGSF8 membrane protein,1,1,0,0,1,0,0,0,0,1,1,MSS/pMMR,metastatic · 2nd-line+ · adenoca. · measurable (RECIST)
NCT05674526,A Phase 1b Study of WU-NK-101 in Combination With Cetuximab,PHASE1,Phase 1,ACTIVE_NOT_RECRUITING,30,Allotera Therapeutics,Allotera Therapeutics,4,1,0,multi_experimental,2,,cetuximab - cohort expansion;cetuximab - dose escalation;wu-nk-101 - cohort expansion;wu-nk-101 - dose escalation,EGFR,Monoclonal Antibody,BRAF;KRAS,1,1,1,0,0,0,1,0,1,0,1,"RAS/RAF wt, BRAFm",metastatic · 1st-line
NCT05686226,E7 TCR-T Cell Immunotherapy for Human Papillomavirus (HPV) Associated Cancers,PHASE2,Phase 2,RECRUITING,20,Christian Hinrichs,Christian Hinrichs,3,0,0,single_arm,1,aldesleukin;e7 tcr-t cells,aldesleukin;e7 tcr-t cells,E7,CAR-T,HPV-16;genomic,1,1,0,0,0,0,0,0,1,1,0,,metastatic · 1st-line · measurable (RECIST)
NCT05688280,"Intratumoral Injection of IP-001 Following Thermal Ablation in Patients With CRC, NSCLC, and STS",PHASE1;PHASE2,Phase 2,ACTIVE_NOT_RECRUITING,42,"Immunophotonics, Inc.",Immunophotonics,2,1,0,multi_experimental,3,1.0% ip-001 for injection,1.0% ip-001 for injection,,Oncolytic Virus,,1,1,0,0,0,0,0,0,1,0,0,,metastatic · 1st-line · measurable (RECIST)
NCT05699746,CAPEOX vs Observation in Colorectal Cancer Patients With Positive MRD,PHASE3,Phase 3,NOT_YET_RECRUITING,38,Zhejiang University,Zhejiang University,58,0,0,multi_experimental,2,capecitabine tablets;oxaliplatin,capecitabine tablets;oxaliplatin,TS,Small Molecule,MMR,0,1,0,0,1,0,0,0,0,0,1,MSS/pMMR,neoadjuvant · adenoca.
NCT05704985,Evaluating Safety and Biomarkers Using DK210 (EGFR) for Locally Advanced or Metastatic EGFR+ Tumors,PHASE1,Phase 1,ACTIVE_NOT_RECRUITING,39,DEKA Biosciences,DEKA Biosciences,1,1,0,multi_experimental,4,dk210 (egfr),dk210 (egfr);immune checkpoint blockers;radiation therapy,EGFR,Small Molecule,EGFR;biomarker,0,1,0,0,0,0,0,0,0,0,0,,metastatic · squamous · measurable (RECIST)
NCT05706129,"A Study to Assess Safety, Tolerability and Imaging Characteristics of [68Ga]Ga-DPI-4452 and to Assess Safety, Tolerability, and Efficacy of [177Lu]Lu-DPI-4452 in Participants With Unresectable Locally Advanced or Metastatic Solid Tumors",PHASE1;PHASE2,Phase 2,RECRUITING,270,Lumara Bio Oncologics GmbH,Lumara Bio Oncologics,1,1,0,multi_experimental,5,[68ga]ga-dpi-4452,[177lu]lu-dpi-4452;[68ga]ga-dpi-4452,CA IX,Radiopharmaceutical,CA IX,0,1,0,0,0,0,0,0,0,0,0,,metastatic · adenoca. · measurable (RECIST)
NCT05706779,Encorafenib Plus Cetuximab in a Neoadjuvant Setting in Patients With BRAF Mutation Localised Colon or Upper Rectum Cancer,PHASE2,Phase 2,RECRUITING,30,Federation Francophone de Cancerologie Digestive,Federation Francophone de Cancerologie Digestive,8,0,1,single_arm,1,encorafenib oral capsule + cetuximab,encorafenib oral capsule + cetuximab,BRAF,Small Molecule,BRAF,0,1,0,0,0,0,1,0,0,0,1,BRAFm,metastatic · adenoca.
NCT05709249,Xian-Lian-Jie-Du Optimization Decoction As an Adjuvant Treatment for Prevention of Recurrence of Colon Cancer,PHASE3,Phase 3,RECRUITING,730,"Jiangsu Famous Medical Technology Co., Ltd.",Jiangsu Famous Medical Technology,5,1,0,active_comparator,2,xljdod compound granule,,,,,0,0,0,0,0,0,0,0,0,0,0,,adjuvant
NCT05723562,A Study of Dostarlimab in Untreated dMMR/MSI-H Locally Advanced Rectal Cancer,PHASE2,Phase 2,ACTIVE_NOT_RECRUITING,154,GlaxoSmithKline,GSK,468,1,1,single_arm,1,dostarlimab,dostarlimab,PD-1,Monoclonal Antibody,MSI;MSI-H;dMMR,1,1,0,1,0,0,0,0,0,0,1,MSI-H/dMMR,metastatic
NCT05726864,A Study of ELI-002 7P in Subjects With KRAS/NRAS Mutated Solid Tumors,PHASE1;PHASE2,Phase 2,ACTIVE_NOT_RECRUITING,158,Elicio Therapeutics,Elicio Therapeutics,2,1,0,multi_experimental,4,eli-002 7p,eli-002 7p,KRAS,Peptide,KRAS;biomarker,0,1,0,0,0,0,0,0,0,0,0,,metastatic
NCT05731271,"A First-in-Human, Phase 1 Study of TST003 in Subjects With Solid Tumors",PHASE1;PHASE2,Phase 2,ACTIVE_NOT_RECRUITING,111,"Transcenta Therapeutics (Hangzhou) Co., Ltd.",Transcenta Therapeutics (Hangzhou),8,1,0,multi_experimental,2,tst003,tst003,GREM1,Monoclonal Antibody,GREM1,1,1,0,0,0,0,0,0,0,0,0,,metastatic · measurable (RECIST)
NCT05736731,"A Study to Evaluate the Safety and Efficacy of A2B530, a Logic-gated CAR T, in Participants With Solid Tumors That Express CEA and Have Lost HLA-A*02 Expression",PHASE1;PHASE2,Phase 2,ACTIVE_NOT_RECRUITING,160,A2 Biotherapeutics Inc.,A2 Biotherapeutics,3,1,0,single_arm,1,a2b530;diagnostic test: xt-onco with hla-loh assay,a2b530;diagnostic test: xt-onco with hla-loh assay,CEA,CAR-T,HLA-A*02,1,1,0,0,0,0,0,0,0,0,0,,metastatic · measurable (RECIST)
NCT05740956,A Study of Hansoh (HS)-10502 in Patients With Advanced Solid Tumors,PHASE1,Phase 1,RECRUITING,318,"Jiangsu Hansoh Pharmaceutical Co., Ltd.",Hansoh,82,1,0,single_arm,1,hs-10502,hs-10502,,,HER2,0,1,0,0,0,1,0,0,0,0,1,HER2−,metastatic · measurable (RECIST)
NCT05759728,"A Study of CNA3103 (LGR5-targeted, Autologous CAR-T Cells) Administered to Subjects With Metastatic Colorectal Cancer",PHASE1;PHASE2,Phase 2,RECRUITING,45,Carina Biotech Limited,Carina Biotech,1,1,0,single_arm,1,cna3103: 1.5 x 10^8 cells;cna3103: 1.5 x 10^9 cells;cna3103: 2.5 x 10^7 cells;cna3103: 4.5 x 10^8 cells;cna3103: 5 x 10^7 cells;cna3103: 6.75 × 10^8 cells,cna3103: 1.5 x 10^8 cells;cna3103: 1.5 x 10^9 cells;cna3103: 2.5 x 10^7 cells;cna3103: 4.5 x 10^8 cells;cna3103: 5 x 10^7 cells;cna3103: 6.75 × 10^8 cells,LGR5,CAR-T,BRAF;KRAS;LGR5,1,1,0,0,0,0,0,0,0,1,0,,metastatic · 2nd-line+ · squamous · measurable (RECIST)
NCT05759923,"First-in-human Phase I Study to Evaluate Safety, Tolerability and Antineoplastic Activity of OATD-02 in Patients With Selected Advanced and/or Metastatic Solid Tumours",PHASE1,Phase 1,RECRUITING,40,Molecure S.A.,Molecure,1,1,0,single_arm,1,oatd-02,oatd-02,ARG1,Small Molecule,,0,1,0,0,0,0,0,0,0,1,0,,metastatic · 2nd-line+
NCT05768178,DETERMINE Trial Treatment Arm 05: Vemurafenib in Combination With Cobimetinib in Adult Patients With BRAF Positive Cancers.,PHASE2;PHASE3,Phase 3,RECRUITING,30,Cancer Research UK,Cancer Research UK,16,0,1,single_arm,1,cobimetinib;vemurafenib,cobimetinib;vemurafenib,BRAF,Small Molecule,BRAF;MET,0,1,0,0,0,0,1,0,0,0,1,BRAFm,metastatic
NCT05770102,"DETERMINE Trial Treatment Arm 02: Atezolizumab in Adult, Paediatric and Teenage/Young Adult Patients With Cancers With High Tumour Mutational Burden (TMB) or Microsatellite Instability-high (MSI-high) or Proven Constitutional Mismatch Repair Deficiency (CMMRD) Disposition",PHASE2;PHASE3,Phase 3,RECRUITING,30,Cancer Research UK,Cancer Research UK,16,0,1,single_arm,1,atezolizumab,atezolizumab,PD-L1,Monoclonal Antibody,CMMRD;MMR;MSI;MSI-H;TMB,1,1,0,0,0,0,0,0,0,1,0,,metastatic · 2nd-line+ · small-cell
NCT05783622,Study of JANX008 in Subjects With Advanced or Metastatic Solid Tumor Malignancies,PHASE1,Phase 1,ACTIVE_NOT_RECRUITING,130,Janux Therapeutics,Janux Therapeutics,4,1,0,multi_experimental,3,janx008,janx008,EGFR,,,0,1,0,0,0,0,0,0,0,0,0,,metastatic · measurable (RECIST)
NCT05784688,Study of TU2218 in Combination With KEYTRUDA®(Pembrolizumab) in Patients With Advanced Solid Tumors,PHASE1;PHASE2,Phase 2,RECRUITING,140,"TiumBio Co., Ltd.",TiumBio,2,1,1,multi_experimental,4,tu2218 + keytruda (pembrolizumab),tu2218 + keytruda (pembrolizumab),TGFBR1,Small Molecule,MET;MMR;PD-L1;biomarker,0,1,0,0,1,0,0,0,1,1,1,MSS/pMMR,metastatic · 1st-line · adenoca. · measurable (RECIST) · ECOG 0
NCT05786716,"DETERMINE Trial Treatment Arm 04: Trastuzumab in Combination With Pertuzumab in Adult, Paediatric and Teenage/Young Adult Patients With Cancers With HER2 Amplification or Activating Mutations",PHASE2;PHASE3,Phase 3,RECRUITING,30,Cancer Research UK,Cancer Research UK,16,0,1,single_arm,1,pertuzumab;trastuzumab,pertuzumab;trastuzumab,HER2,ADC,HER2;MET,1,1,0,0,0,1,0,0,0,0,1,HER2+,metastatic
NCT05787587,A Study of PARG Inhibitor IDE161 in Participants With Advanced Solid Tumors,PHASE1,Phase 1,ACTIVE_NOT_RECRUITING,216,IDEAYA Biosciences,IDEAYA Biosciences,11,1,1,multi_experimental,4,ide-161,ide-161;pembrolizumab,PARG,Small Molecule,MSI,0,1,0,0,0,0,0,0,0,0,0,,metastatic
NCT05789069,A Study of HFB200603 as a Single Agent and in Combination With Tislelizumab in Adult Patients With Advanced Solid Tumors,PHASE1,Phase 1,ACTIVE_NOT_RECRUITING,83,HiFiBiO Therapeutics,HiFiBiO Therapeutics,3,1,0,multi_experimental,4,hfb200603,hfb200603;tislelizumab,BTLA,Monoclonal Antibody,BRAF,1,1,0,0,0,0,1,0,0,0,1,BRAFm,metastatic · small-cell · measurable (RECIST)
NCT05824975,"A Study to Evaluate the Safety and Therapeutic Activity of GI-102 As a Single Agent and in Combination with Conventional Anti-cancer Drugs, Pembrolizumab or Trastuzumab Deruxtecan(T-DXd) in Patients with Advanced Solid Tumors (KEYNOTE-G08)",PHASE1;PHASE2,Phase 2,RECRUITING,358,"GI Innovation, Inc.",GI Innovation,4,1,1,multi_experimental,7,,bevacizumab;doxorubicin;eribulin;gi-102;gi-102 subcutaneous (sc);paclitaxel;pembrolizumab;trastuzumab deruxtecan (t-dxd),CD80,Bispecific Antibody,,1,1,0,0,0,0,0,0,0,0,0,,metastatic · measurable (RECIST)
NCT05838768,Study of HRO761 Alone or in Combination in Cancer Patients With Specific DNA Alterations Called Microsatellite Instability or Mismatch Repair Deficiency.,PHASE1,Phase 1,ACTIVE_NOT_RECRUITING,123,Novartis Pharmaceuticals,Novartis,836,1,1,multi_experimental,3,hro761,hro761;irinotecan;pembrolizumab,WRN,Small Molecule,MMR;MSI;MSI-H;dMMR,0,1,0,1,0,0,0,0,0,0,1,MSI-H/dMMR,metastatic · measurable (RECIST)
NCT05846867,A Phase Ib/II Clinical Study on AK112 Combined or Not Combined With AK119 in pMMR/MSS Colorectal Cancer,PHASE1;PHASE2,Phase 2,ACTIVE_NOT_RECRUITING,170,Akeso,Akeso,103,1,0,multi_experimental,5,ak112,ak112;ak119;fluorouracil;irinotecan;leucovorin;oxaliplatin,EGFR,Small Molecule,EGFR;PD-L1,0,1,0,0,1,0,0,0,1,1,1,MSS/pMMR,metastatic · 1st-line · squamous · measurable (RECIST)
NCT05848739,A Phase 1-2 of ST316 With Selected Advanced Unresectable and Metastatic Solid Tumors,PHASE1,Phase 1,ACTIVE_NOT_RECRUITING,130,Sapience Therapeutics,Sapience Therapeutics,3,1,0,multi_experimental,5,st316,folfiri regimen & bevacizumab;fruquintinib;lonsurf & bevacizumab;st316,β-catenin,Peptide,BRAF;MAPK;MSI;MSI-H;MSS;NF1;NRAS;RAS;TP53;dMMR,0,1,1,1,0,0,0,0,1,1,1,"RAS/RAF wt, MSI-H/dMMR",metastatic · 1st-line
NCT05854498,Liposomal Irinotecan With TAS102 and Bevacizumab for Patients With Metastatic Colorectal Cancer,PHASE2,Phase 2,RECRUITING,50,"University of Wisconsin, Madison","University of Wisconsin, Madison",61,0,0,single_arm,1,bevacizumab;liposomal irinotecan;tas102,bevacizumab;liposomal irinotecan;tas102,TS,Small Molecule,BRAF;HER2;MMR;MSI,0,1,1,1,0,1,1,0,0,0,1,"RAS/RAF wt, MSI-H/dMMR, HER2+, BRAFm",metastatic · adenoca.
NCT05855200,Study of Perioperative Dostarlimab in Participants With Untreated T4N0 or Stage III dMMR/MSI-H Resectable Colon Cancer,PHASE3,Phase 3,RECRUITING,892,GlaxoSmithKline,GSK,468,1,1,active_comparator,2,CAPOX;FOLFOX,dostarlimab,PD-1,Monoclonal Antibody,MMR;MSI;MSI-H;dMMR,1,1,0,1,0,0,0,0,0,0,1,MSI-H/dMMR,metastatic · adenoca.
NCT05856981,Phase 1 Study Evaluating the Safety and PK of ADU-1805 in Advanced Solid Tumors,PHASE1,Phase 1,RECRUITING,130,Sairopa B.V.,Sairopa,1,1,0,multi_experimental,3,adu-1805,adu-1805;pembrolizumab,PD-1,Monoclonal Antibody,,1,1,0,0,1,0,0,0,0,1,1,MSS/pMMR,metastatic · 2nd-line+ · adenoca. · measurable (RECIST)
NCT05858736,"Safety, PK and Efficacy of AI-061 in Advanced Solid Tumors",PHASE1,Phase 1,COMPLETED,18,"OncoC4, Inc.",OncoC4,10,1,0,multi_experimental,3,ai-061,ai-061,PD-1,Bispecific Antibody,PD-L1,1,1,0,0,0,0,0,0,0,0,0,,metastatic · measurable (RECIST)
NCT05868226,PRE-ISPY Phase I/II Oncology Platform Program,PHASE1;PHASE2,Phase 2,RECRUITING,280,QuantumLeap Healthcare Collaborative,QuantumLeap Healthcare Collaborative,2,0,1,multi_experimental,3,,alx148;fam-trastuzumab deruxtecan-nxki;ttx-mc138;tucatinib;zanidatamab,,,,0,1,0,0,0,0,0,0,0,1,0,,2nd-line+
NCT05870800,Phase II Open-label Trial of Neoadjuvant Immunochemotherapy for Resectable Non-metastatic Colon cancER: NICER,PHASE2,Phase 2,RECRUITING,28,Baylor College of Medicine,Baylor College of Medicine,8,0,1,single_arm,1,oxaliplatin;tecentriq,oxaliplatin;tecentriq,PD-L1,Monoclonal Antibody,MET;PD-L1,1,1,0,0,1,0,0,0,0,0,1,MSS/pMMR,metastatic · adenoca.
NCT05877599,A Study of NT-175 in Adult Participants With Advanced Malignancies That Are Positive for HLA-A*02:01 and the TP53 R175H Mutation,PHASE1,Phase 1,RECRUITING,45,AstraZeneca,AstraZeneca,780,1,1,single_arm,1,nt-175,nt-175,,Recombinant Protein,,0,1,0,0,0,0,0,0,0,0,0,,metastatic · adenoca.
NCT05902520,Adoptive Cell Therapy Using Cancer Specific CD8+ Tumor Infiltrating Lymphocytes in Adult Patients With Solid Tumors,PHASE1,Phase 1,ACTIVE_NOT_RECRUITING,18,"AgonOx, Inc.",AgonOx,1,1,0,multi_experimental,2,low dose il-2,dp cd8 til;dp cd8 til kd;low dose il-2,PD-1,Cell Therapy,BRAF;CD103;CD39;CD8;PD-L1,1,1,0,0,0,0,0,0,0,0,0,,metastatic · squamous
NCT05908643,A First-In-Human Trial of pTTL in Advanced Colorectal Cancer,PHASE1;PHASE2,Phase 2,RECRUITING,16,Neogap Therapeutics AB,Neogap Therapeutics,1,1,0,single_arm,1,pttl,pttl,,Vaccine,,1,1,0,0,0,0,0,0,0,1,0,,metastatic · 2nd-line+ · measurable (RECIST)
NCT05919264,FOG-001 in Locally Advanced or Metastatic Solid Tumors,PHASE1;PHASE2,Phase 2,RECRUITING,619,"Parabilis Medicines, Inc.",Parabilis Medicines,1,1,0,multi_experimental,19,fog-001,bevacizumab;fog-001;mfolfox-6;nivolumab;trifluridine/tipiracil,β-catenin,Small Molecule,MSI;MSI-H;MSS;PD-L1;Wnt pathway;dMMR,0,1,0,1,0,0,0,0,0,1,1,MSI-H/dMMR,metastatic · 2nd-line+
NCT05944237,HTL0039732 in Participants With Advanced Solid Tumours,PHASE1;PHASE2,Phase 2,RECRUITING,150,Cancer Research UK,Cancer Research UK,16,0,0,multi_experimental,3,,htl0039732 capsules;htl0039732 capsules and atezolizumab infusion,PD-L1,,HER2;PD-L1;genomic,0,1,0,0,1,1,0,0,0,1,1,"MSS/pMMR, HER2+",metastatic · 2nd-line+ · adenoca. · measurable (RECIST)
NCT05945901,"A Phase II/III Study of HR070803 in Combination With Oxaliplatin, 5-fluorouracil, Calcium Folinate and Bevacizumab Versus FOLFOX in Combination With Bevacizumab for First-line Treatment of Advanced Colorectal Cancer",PHASE2;PHASE3,Phase 3,ACTIVE_NOT_RECRUITING,669,"Jiangsu HengRui Medicine Co., Ltd.",Hengrui,312,1,0,placebo_comparator,2,5-fu/lv;bevacizumab;hr070803 simulator plus oxaliplatin,5-fu/lv;bevacizumab;hr070803 plus oxaliplatin,VEGF/VEGFR,Monoclonal Antibody,MSI;MSI-H;dMMR,1,1,0,1,0,0,0,0,0,0,1,MSI-H/dMMR,metastatic · adenoca.
NCT05948826,First in Human Study of TORL-3-600 in Participants With Advanced Cancer,PHASE1,Phase 1,ACTIVE_NOT_RECRUITING,70,"TORL Biotherapeutics, LLC",TORL Biotherapeutics,8,1,0,multi_experimental,2,torl-3-600,torl-3-600,CDH17,ADC,,1,1,0,0,0,0,0,0,0,0,0,,metastatic · squamous · measurable (RECIST)
NCT05961709,The Phoenix Trial: Phase II Trial of Cemiplimab for the Non-operative Management of Localized dMMR Colon Cancer,PHASE2,Phase 2,ACTIVE_NOT_RECRUITING,50,M.D. Anderson Cancer Center,M.D. Anderson Cancer Center,697,0,1,single_arm,1,cemiplimab,cemiplimab,PD-1,Monoclonal Antibody,MMR;MSI;MSI-H;PD-L1;dMMR,1,1,0,1,0,0,0,0,0,0,1,MSI-H/dMMR,metastatic · adenoca. · measurable (RECIST)
NCT05973487,A Basket Study of Customized Autologous TCR-T Cell Therapies in Patients With Locally Advanced (Unresectable) or Metastatic Solid Tumors,PHASE1,Phase 1,ACTIVE_NOT_RECRUITING,840,"TScan Therapeutics, Inc.",TScan Therapeutics,1,1,0,multi_experimental,28,,tsc-200-a0201;tsc-200-a0201 + tsc-201-b0702;tsc-200-a0201 + tsc-202-a0201;tsc-200-a0201 + tsc-203-a0201;tsc-200-a0201 + tsc-204-a0101;tsc-201-b0702;tsc-201-b0702 + tsc-202-a0201;tsc-202-a0201;tsc-203-a0201;tsc-203-a0201 + tsc-201-b0702;tsc-203-a0201 + tsc-202-a0201;tsc-203-a0201 + tsc-204-a0101;tsc-204-a0101;tsc-204-a0101 + tsc-202-a0201;tsc-204-a0201;tsc-204-a0201 + tsc-200-a0201;tsc-204-a0201 + tsc-201-b0702;tsc-204-a0201 + tsc-202-a0201;tsc-204-a0201 + tsc-203-a0201;tsc-204-a0201 + tsc-204-a0101;tsc-204-a0201 + tsc-204-c0702;tsc-204-c0702;tsc-204-c0702 + tsc-200-a0201;tsc-204-c0702 + tsc-201-b0702;tsc-204-c0702 + tsc-202-a0201;tsc-204-c0702 + tsc-203-a0201;tsc-204-c0702 + tsc-204-a0101,,Cell Therapy,genomic,1,1,0,0,0,0,0,0,0,0,0,,metastatic · small-cell · measurable (RECIST)
NCT05985954,Open-label Phase 1b Study of Ulixertinib and Cetuximab or Ulixertinib in Combination With Cetuximab and Encorafenib in Patients With Unresectable or Metastatic Colorectal Cancer Who Have Previously Received EGFR or BRAF-directed Therapy,PHASE1,Phase 1,RECRUITING,27,M.D. Anderson Cancer Center,M.D. Anderson Cancer Center,697,0,1,multi_experimental,2,cetuximab;ulixertinib,cetuximab;encorafenib;ulixertinib,EGFR,Monoclonal Antibody,BRAF;KRAS;PR,1,1,1,0,0,0,1,0,0,1,1,"RAS/RAF wt, BRAFm",metastatic · 2nd-line+ · adenoca. · measurable (RECIST)
NCT05999812,"Clinical Trial of All-trans-retinoic Acid, Bevacizumab and Atezolizumab in Colorectal Cancer",PHASE2,Phase 2,ACTIVE_NOT_RECRUITING,22,University of Texas Southwestern Medical Center,University of Texas Southwestern Medical Center,48,0,1,single_arm,1,all trans retinoic acid;atezolizumab;bevacizumab,all trans retinoic acid;atezolizumab;bevacizumab,PD-L1,Monoclonal Antibody,BRAF;CMMRD;HER2;MET;MMR;MSI;MSI-H;PD-L1;TMB,1,1,1,1,1,1,1,0,0,0,1,"RAS/RAF wt, MSI-H/dMMR, MSS/pMMR, HER2+, BRAFm",metastatic · adenoca. · ECOG 0
NCT06004245,"A Study to Evaluate the Safety, Pharmacokinetics, and Anti-Tumor Activity of VVD-133214 as Monotherapy and in Combination in Participants With Advanced Solid Tumors",PHASE1,Phase 1,RECRUITING,280,"Vividion Therapeutics, Inc.",Vividion Therapeutics,5,1,0,multi_experimental,4,vvd-133214,bevacizumab;pembrolizumab;vvd-133214,PD-1,Small Molecule,MMR;MSI;MSI-H;dMMR,0,1,0,1,0,0,0,0,0,0,1,MSI-H/dMMR,metastatic · adenoca. · measurable (RECIST)
NCT06008054,"A Study of SI-B003, BL-B01D1+SI-B003 and BL-B01D1+PD-1 Monoclonal Antibody in Patients With Locally Advanced or Metastatic Esophageal Cancer, Gastric Cancer, Colorectal Cancer and Other Gastrointestinal Tumors",PHASE2,Phase 2,RECRUITING,376,"Sichuan Baili Pharmaceutical Co., Ltd.",Sichuan Baili Pharmaceutical,127,1,0,single_arm,1,bl-b01d1;pd-1 monoclonal antibody;si-b003,bl-b01d1;pd-1 monoclonal antibody;si-b003,PD-1,Bispecific Antibody,,1,1,0,0,0,0,0,0,0,1,0,,metastatic · 2nd-line+ · measurable (RECIST) · ECOG 0
NCT06008119,Efficacy and Safety of Tunlametinib Plus Vemurafenib in Patients With BRAF V600E-mutant Metastatic Colorectal Cancer,PHASE3,Phase 3,RECRUITING,165,"Shanghai Kechow Pharma, Inc.",Shanghai Kechow Pharma,11,1,0,active_comparator,2,doublets chemotherapy ± bevacizumab or doublets chemotherapy ± cetuximab,tunlametinib plus vemurafenib,BRAF,Small Molecule,BRAF,0,1,0,0,0,0,1,0,0,1,1,BRAFm,metastatic · 2nd-line+ · squamous · measurable (RECIST)
NCT06010862,Clinical Study of CEA-targeted CAR-T Therapy for CEA-positive Advanced/Metastatic Malignant Solid Tumors,PHASE1,Phase 1,RECRUITING,36,"Chongqing Precision Biotech Co., Ltd",Chongqing Precision Biotech,41,1,0,multi_experimental,2,cea car-t cells,cea car-t cells,CEA,CAR-T,CEA,1,1,0,0,0,0,0,0,0,1,0,,metastatic · 2nd-line+ · measurable (RECIST) · ECOG 0
NCT06026410,KO-2806 Monotherapy and Combination Therapies in Advanced Solid Tumors,PHASE1,Phase 1,RECRUITING,300,"Kura Oncology, Inc.",Kura Oncology,14,1,0,multi_experimental,7,,adagrasib;cabozantinib;darlifarnib,HRAS,Small Molecule,HRAS;KRAS,0,1,0,0,0,0,0,1,1,1,1,KRAS G12C,metastatic · 1st-line · measurable (RECIST)
NCT06040541,Study of RMC-9805 in Participants With KRAS G12D-Mutant Solid Tumors,PHASE1,Phase 1,RECRUITING,604,"Revolution Medicines, Inc.",Revolution Medicines,19,1,0,multi_experimental,2,rmc-9805,rmc-6236;rmc-9805,KRAS,Small Molecule,KRAS,0,1,0,0,0,0,0,0,0,1,0,,metastatic · 2nd-line+
NCT06043466,A Clinical Trial Targeting CEA Chimeric Antigen Receptor T (CAR-T) for CEA Positive Advanced Malignant Solid Tumors,PHASE1,Phase 1,RECRUITING,30,"Chongqing Precision Biotech Co., Ltd",Chongqing Precision Biotech,41,1,0,single_arm,1,cea-targeted car-t cells,cea-targeted car-t cells,CEA,CAR-T,ALK;BRAF;CEA;MET;NTRK;PD-L1;RET;ROS1,1,1,0,0,0,0,0,0,1,1,0,,metastatic · 1st-line · squamous · measurable (RECIST) · ECOG 0
NCT06047379,"Safety and Efficacy of NEO212 in Patients With Astrocytoma IDH-mutant, Glioblastoma IDH-wildtype or Brain Metastasis",PHASE1;PHASE2,Phase 2,RECRUITING,134,"Neonc Technologies, Inc.",Neonc Technologies,4,1,0,multi_experimental,8,neo212 oral capsule,bevacizumab;carboplatin;folfiri protocol;ipilimumab;neo212 oral capsule;nivolumab;paclitaxel;pembrolizumab;regorafenib,,Small Molecule,,0,1,0,0,0,0,0,0,0,0,0,,metastatic · squamous · measurable (RECIST)
NCT06051695,"A Study to Evaluate the Safety and Efficacy of Mesothelin-Targeting Logic-gated CAR T, in Participants With Solid Tumors That Express MSLN and Have Lost HLA-A*02 Expression",PHASE1;PHASE2,Phase 2,RECRUITING,474,A2 Biotherapeutics Inc.,A2 Biotherapeutics,3,1,0,multi_experimental,2,diagnostic test: xt cdx with hla-loh assay,a2b543;a2b694;diagnostic test: xt cdx with hla-loh assay,MSLN,CAR-T,MSLN,1,1,0,0,0,0,0,0,0,0,0,,metastatic · measurable (RECIST)
NCT06055439,"A Phase 1/2 Study to Evaluate CHM-2101, an Autologous Cadherin 17 Chimeric Antigen Receptor (CAR) T Cell Therapy",PHASE1;PHASE2,Phase 2,RECRUITING,135,Chimeric Therapeutics,Chimeric Therapeutics,2,1,0,single_arm,1,chm-2101 car-t cells,chm-2101 car-t cells,CDH17,CAR-T,,1,1,0,0,0,0,0,0,0,0,0,,metastatic · adenoca. · measurable (RECIST) · ECOG 1
NCT06105021,Phase I Study of Autologous CD8+ and CD4+ Engineered T Cell Receptor T Cells in Subjects With Advanced or Metastatic Solid Tumor,PHASE1;PHASE2,Phase 2,ACTIVE_NOT_RECRUITING,100,"Affini-T Therapeutics, Inc.",Affini-T Therapeutics,1,1,0,multi_experimental,5,afnt-211,afnt-211,KRAS,Cell Therapy,HLA-A*11:01;KRAS,1,1,0,0,0,0,0,0,0,0,0,,metastatic · measurable (RECIST)
NCT06106308,Study of Onvansertib in Combination With FOLFIRI and Bevacizumab or FOLFOX and Bevacizumab Versus FOLFIRI and Bevacizumab or FOLFOX and Bevacizumab for First-Line Treatment of Metastatic Colorectal Cancer in Adult Participants With a KRAS or NRAS Mutation,PHASE2,Phase 2,ACTIVE_NOT_RECRUITING,110,Cardiff Oncology,Cardiff Oncology,5,1,1,active_comparator,6,FOLFIRI;FOLFOX;bevacizumab,FOLFIRI;FOLFOX;bevacizumab;onvansertib,PLK1,Small Molecule,BRAF;KRAS;MMR;MSI;NRAS,0,1,0,1,0,0,0,0,0,0,1,MSI-H/dMMR,metastatic
NCT06107413,"Study to Assess Adverse Events and Change in Disease Activity in Previously Treated Adult Participants Receiving Intravenous (IV) ABBV-400 With Unresectable Metastatic Colorectal Cancer in Combination With IV Fluorouracil, Folinic Acid, and Bevacizumab",PHASE2,Phase 2,ACTIVE_NOT_RECRUITING,280,AbbVie,AbbVie,274,1,1,multi_experimental,7,bevacizumab,abbv-400;bevacizumab;fluorouracil;irinotecan;leucovorin,VEGF/VEGFR,ADC,BRAF;MET;MSI;MSI-H;dMMR,1,1,0,1,0,0,1,0,1,0,1,"MSI-H/dMMR, BRAFm",metastatic · 1st-line · measurable (RECIST)
NCT06126406,Clinical Study of CEA Targeting Chimeric Antigen Receptor T Lymphocytes（CAR-T） for CEA Positive Advanced Malignant Solid Tumors,PHASE1,Phase 1,RECRUITING,60,"Chongqing Precision Biotech Co., Ltd",Chongqing Precision Biotech,41,1,0,multi_experimental,2,cea-targeted car-t cells,cea-targeted car-t cells,CEA,CAR-T,CEA,1,1,0,0,0,0,0,0,0,1,0,,metastatic · 2nd-line+ · measurable (RECIST) · ECOG 0
NCT06128551,Study of Elironrasib and Daraxonrasib as Monotherapies and Combination Therapy in Participants With Advanced KRAS G12C Mutant Solid Tumors,PHASE1;PHASE2,Phase 2,RECRUITING,534,"Revolution Medicines, Inc.",Revolution Medicines,19,1,0,multi_experimental,3,,daraxonrasib;elironrasib,KRAS,Small Molecule,KRAS,0,1,0,0,0,0,0,1,0,1,1,KRAS G12C,metastatic · 2nd-line+
NCT06130280,A Study of Single Fraction Stereotactic Body Radiation Therapy (SBRT) Guided by Magnetic Resonance Imaging (MRI) in People With Liver Metastasis From Colorectal Cancer,PHASE2,Phase 2,RECRUITING,32,Memorial Sloan Kettering Cancer Center,Memorial Sloan Kettering Cancer Center,411,0,0,single_arm,1,mr guided single fraction stereotactic body radiation therapy (sbrt),mr guided single fraction stereotactic body radiation therapy (sbrt),,,MET,0,1,0,0,0,0,0,0,0,0,0,,metastatic · ECOG 0
NCT06131840,A Study of SGN-CEACAM5C in Adults With Advanced Solid Tumors,PHASE1,Phase 1,RECRUITING,914,"Seagen, a wholly owned subsidiary of Pfizer",Pfizer,687,1,1,multi_experimental,6,pf-08046050,5-fluorouracil (5-fu);bevacizumab;leucovorin (lv);oxaliplatin;pf-08046050,CEA,ADC,CEACAM5;PD-L1;genomic,1,1,0,0,0,0,0,0,0,1,0,,metastatic · 2nd-line+ · adenoca. · measurable (RECIST)
NCT06147037,"A Phase 1, Dose-escalation Study of [225Ac]-FPI-2068 in Adult Patients With Advanced Solid Tumours",PHASE1,Phase 1,ACTIVE_NOT_RECRUITING,13,AstraZeneca,AstraZeneca,780,1,1,single_arm,1,[111in]-fpi-2107;[225ac]-fpi-2068;fpi-2053,[111in]-fpi-2107;[225ac]-fpi-2068;fpi-2053,,Bispecific Antibody,,1,1,0,0,0,0,0,0,0,0,0,,metastatic · measurable (RECIST)
NCT06185556,COLDFIRE-III Trial: Efficacy of Irreversible Electroporation and Stereotactic Body Radiotherapy for Perivascular and Peribiliary Colorectal Liver Metastases,PHASE2;PHASE3,Phase 3,RECRUITING,78,"Amsterdam UMC, location VUmc","Amsterdam UMC, location VUmc",17,0,0,active_comparator,2,irreversible electroporation;stereotactic body radiotherapy,,,,,0,1,0,0,0,0,0,0,0,0,0,,metastatic
NCT06199973,"Injection of SHR-A1811 Versus Physician Choiced Treatment in Patients With Advanced Colorectal Cancer Who Had Failed to Respond to Oxaliplatin, 5-fu, and Irinotecan",PHASE3,Phase 3,ACTIVE_NOT_RECRUITING,130,"Suzhou Suncadia Biopharmaceuticals Co., Ltd.",Suzhou Suncadia Biopharmaceuticals,86,1,0,multi_experimental,2,,fruquintinib;regorafenib;shr-a1811;trifluridine/tipiracil,HER2,ADC,HER2;MSI;MSI-H;PD-L1;dMMR,1,1,1,1,0,0,0,0,0,1,1,"RAS/RAF wt, MSI-H/dMMR",metastatic · 2nd-line+ · measurable (RECIST)
NCT06205836,Cemiplimab With or Without Fianlimab to Treat Older Patients With Localized or Locally Advanced MSI-H Colorectal Cancer,PHASE2,Phase 2,RECRUITING,44,Sidney Kimmel Comprehensive Cancer Center at Johns Hopkins,Sidney Kimmel Comprehensive Cancer Center at Johns Hopkins,160,0,1,multi_experimental,4,cemiplimab,cemiplimab;fianlimab,PD-1,Monoclonal Antibody,MMR;MSI;MSI-H;PD-L1;dMMR,1,1,0,1,0,0,0,0,0,0,1,MSI-H/dMMR,metastatic
NCT06207656,Study to Evaluate the Efficacy and Safety of Cetuximab in Combination with Encorafenib Plus Binimetinib As Induction Treatment in BRAF V600E Mutated MSS Initially Resectable or Potentially Resectable Advanced Colorectal Cancer,PHASE2,Phase 2,RECRUITING,70,Spanish Cooperative Group for the Treatment of Digestive Tumours (TTD),Spanish Cooperative Group for the Treatment of Digestive Tumours (TTD),23,0,1,single_arm,1,ebc,ebc,BRAF,Small Molecule,BRAF,0,1,0,0,1,0,1,0,1,0,1,"MSS/pMMR, BRAFm",metastatic · 1st-line · adenoca. · measurable (RECIST)
NCT06218914,"Phase 1 Study to Investigate TCRTs KRAS Mutation in Unresectable, Advanced, and/or Metastatic Solid Tumors",PHASE1,Phase 1,RECRUITING,108,AstraZeneca,AstraZeneca,780,1,1,multi_experimental,2,engineered t cells targeting kras g12d,azd0240: autologous;engineered t cells targeting kras g12d;nt-112: autologous,KRAS,CAR-T,KRAS,1,1,0,0,0,0,0,0,0,0,0,,metastatic · adenoca. · measurable (RECIST)
NCT06225843,Sotevtamab (AB-16B5) Combined With FOLFOX as Neoadjuvant Treatment Prior to Resection of Colorectal Cancer Liver Metastasis,PHASE2,Phase 2,RECRUITING,17,Alethia Biotherapeutics,Alethia Biotherapeutics,3,1,0,single_arm,1,FOLFOX;sotevtamab,FOLFOX;sotevtamab,TA-sCLU,Monoclonal Antibody,,1,1,0,0,0,0,0,0,0,0,0,,metastatic · adenoca. · measurable (RECIST)
NCT06226857,Other Oncogene Mutations for Anti-EGFR Efficacy in Patients With Left-sided RAS-wild Type Metastatic Colorectal Cancer,PHASE3,Phase 3,RECRUITING,355,City Clinical Oncology Hospital No 1,City Clinical Oncology Hospital No 1,1,0,0,active_comparator,2,cetuximab,cetuximab,EGFR,Monoclonal Antibody,BRAF;KRAS,1,1,1,0,0,0,0,0,0,0,1,RAS/RAF wt,metastatic · adenoca. · ECOG 0
NCT06239194,Dose Escalation and Dose Expansion Study of MDX2001 in Patients With Advanced Solid Tumors,PHASE1;PHASE2,Phase 2,RECRUITING,285,"ModeX Therapeutics, An OPKO Health Company","ModeX Therapeutics, An OPKO Health",3,1,0,multi_experimental,4,mdx2001,mdx2001,CD3,Bispecific Antibody,MET;TROP2,1,1,0,0,0,0,0,0,0,0,0,,metastatic · measurable (RECIST)
NCT06242418,CtDNA in Adjuvant Chemotherapy of Stage III Colon Cancer (REVISE Trial),PHASE2,Phase 2,RECRUITING,60,West China Hospital,West China Hospital,11,0,0,active_comparator,2,CAPOX,FOLFOXIRI,,Small Molecule,BRAF;MMR;MSI;MSI-H;dMMR,0,1,0,1,0,0,1,0,0,0,1,"MSI-H/dMMR, BRAFm",metastatic
NCT06242470,A Study of MGC026 in Participants With Advanced Solid Tumors,PHASE1,Phase 1,RECRUITING,250,MacroGenics,MacroGenics,29,1,0,multi_experimental,12,,mgc026 dose escalation;mgc026 dose for expansion,,,,0,1,0,0,0,0,0,0,0,0,0,,metastatic · squamous · measurable (RECIST)
NCT06244771,A Study Evaluating FMC-376 in Participants With KRAS G12C Mutated Solid Tumors,PHASE1;PHASE2,Phase 2,RECRUITING,403,Frontier Medicines Corporation,Frontier Medicines,1,1,0,single_arm,1,fmc-376,fmc-376,KRAS,Small Molecule,KRAS,0,1,0,0,0,0,0,1,0,0,1,KRAS G12C,metastatic
NCT06245356,Safety of Trifluridine/Tipiracil in Patients With Dihydropyrimidine Dehydrogenase Deficiency Diagnosed With Metastatic Colorectal or Gastroesophageal Cancer,PHASE2,Phase 2,RECRUITING,73,UNICANCER,UNICANCER,64,0,1,multi_experimental,2,oxaliplatin;trifluridine/tipiracil,,EGFR,Monoclonal Antibody,RAS,1,1,0,0,0,0,0,0,0,0,0,,metastatic · adenoca. · measurable (RECIST)
NCT06252649,"Study of Sotorasib, Panitumumab and FOLFIRI Versus FOLFIRI With or Without Bevacizumab-awwb in Treatment-naïve Participants With Metastatic Colorectal Cancer With KRAS p.G12C Mutation",PHASE3,Phase 3,RECRUITING,450,Amgen,Amgen,323,1,1,active_comparator,2,FOLFIRI;bevacizumab-awwb,FOLFIRI;panitumumab;sotorasib,VEGF/VEGFR,Monoclonal Antibody,KRAS;RAS,1,1,0,0,0,0,0,0,0,0,0,,metastatic · adenoca. · measurable (RECIST)
NCT06253871,A Phase 1/1b Study of IAM1363 in HER2 Cancers,PHASE1,Phase 1,RECRUITING,383,"Iambic Therapeutics, Inc",Iambic Therapeutics,1,1,0,single_arm,1,iam1363,iam1363,HER2,Small Molecule,HER2,0,1,0,0,0,1,0,0,0,1,1,HER2+,metastatic · 2nd-line+ · measurable (RECIST)
NCT06258525,SAMe in Prevention of Oxaliplatin-associated Liver Injury,PHASE2,Phase 2,NOT_YET_RECRUITING,30,Cedars-Sinai Medical Center,Cedars-Sinai Medical Center,11,0,0,single_arm,1,dietary supplement: s-adenosylmethionine (same) supplement;standard of care oxaliplatin-based;surgery,dietary supplement: s-adenosylmethionine (same) supplement;standard of care oxaliplatin-based;surgery,,,,0,1,0,0,0,0,0,0,0,0,0,,metastatic
NCT06265025,"GM103 Intratumoral Injection in Patients With Locally Advanced, Unresectable, Refractory and/or Metastatic Solid Tumors",PHASE1;PHASE2,Phase 2,RECRUITING,125,"GeneMedicine Co., Ltd.",GeneMedicine,1,1,0,multi_experimental,3,,gm103 (part a);gm103 (part b);gm103 and pembrolizumab (part c),PD-1,Oncolytic Virus,,1,1,0,0,0,0,0,0,0,1,0,,metastatic · 2nd-line+ · measurable (RECIST)
NCT06268015,Botensilimab and Balstilimab Optimization in Colorectal Cancer,PHASE2,Phase 2,ACTIVE_NOT_RECRUITING,16,"Nicholas DeVito, MD","Nicholas DeVito, MD",1,0,0,single_arm,1,balstilimab;bevacizumab;botensilimab;fluorouracil;leucovorin;oxaliplatin;panitumumab,balstilimab;bevacizumab;botensilimab;fluorouracil;leucovorin;oxaliplatin;panitumumab,PD-1,Monoclonal Antibody,MET;MSI;MSI-H;PD-L1;biomarker;dMMR,1,1,0,1,1,0,0,0,0,1,1,"MSI-H/dMMR, MSS/pMMR",metastatic · 2nd-line+ · measurable (RECIST)
NCT06283134,A Clinical Study of BioTTT001 in Combination With Toripalimab and Regorafenib in Patients With Colorectal Cancer,PHASE1,Phase 1,NOT_YET_RECRUITING,60,"China Medical University, China","China Medical University, China",4,0,0,single_arm,1,biottt001 hepatic artery infusion;regorafenib;toripalimab,biottt001 hepatic artery infusion;regorafenib;toripalimab,,Monoclonal Antibody,,1,1,0,0,0,0,0,0,0,1,0,,metastatic · 2nd-line+ · measurable (RECIST) · ECOG 0
NCT06298916,64Cu-LNTH-1363S in Patients With Sarcoma or Gastrointestinal Tract Cancer,PHASE1;PHASE2,Phase 2,RECRUITING,26,Lantheus Medical Imaging,Lantheus Medical Imaging,4,1,0,multi_experimental,2,64cu-lnth-1363s,64cu-lnth-1363s,FAP,Radiopharmaceutical,FAP,0,1,0,0,0,0,0,0,0,0,0,,metastatic
NCT06300463,Platform Study of Immunotherapy Combinations in Colorectal Cancer Liver Metastases,PHASE2,Phase 2,RECRUITING,24,Weill Medical College of Cornell University,Weill Medical College of Cornell University,90,0,0,multi_experimental,3,balstilimab;botensilimab,agen1423;balstilimab;botensilimab;radiation,PD-1,Monoclonal Antibody,MSI;MSI-H;PD-L1;dMMR,1,1,0,1,0,0,0,0,0,0,1,MSI-H/dMMR,metastatic · adenoca. · measurable (RECIST)
NCT06305247,A Study to Assess IPN01194 When Administered Alone in Adults With Advanced Solid Tumours,PHASE1;PHASE2,Phase 2,ACTIVE_NOT_RECRUITING,36,Ipsen,Ipsen,58,1,0,multi_experimental,2,ipn01194,ipn01194,ERK,Small Molecule,,0,1,0,0,0,0,0,0,0,0,0,,metastatic · adenoca. · measurable (RECIST)
NCT06324357,Beamion BCGC-1: A Study to Find a Suitable Dose of Zongertinib Used Alone and in Combination With Other Treatments to Test Whether it Helps People With Different Types of HER2+ Cancer That Has Spread,PHASE1;PHASE2,Phase 2,RECRUITING,768,Boehringer Ingelheim,Boehringer Ingelheim,237,1,1,multi_experimental,18,zongertinib,FOLFOX;capecitabine;trastuzumab;trastuzumab deruxtecan;trastuzumab emtansine;zanidatamab;zongertinib,HER2,Small Molecule,HER2,0,1,0,0,0,1,0,0,0,0,1,HER2+,metastatic · adenoca. · measurable (RECIST) · ECOG 0
NCT06328738,"ELVN-002 With Trastuzumab +/- Chemotherapy in HER2+ Solid Tumors, Colorectal and Breast Cancer",PHASE1,Phase 1,ACTIVE_NOT_RECRUITING,275,Enliven Therapeutics,Enliven Therapeutics,4,1,0,multi_experimental,13,elvn-002;trastuzumab,capecitabine;elvn-002;eribulin;fluorouracil;leucovorin;oxaliplatin;paclitaxel;trastuzumab,HER2,ADC,BRAF;HER2;MMR;MSI;dMMR,1,1,0,1,0,1,1,0,1,1,1,"MSI-H/dMMR, HER2+, BRAFm",metastatic · 1st-line · measurable (RECIST)
NCT06332274,tislelizUMaB in canceR Patients With molEcuLar residuaL Disease,PHASE3,Phase 3,RECRUITING,717,"Gustave Roussy, Cancer Campus, Grand Paris","Gustave Roussy, Cancer Campus, Grand Paris",31,0,1,placebo_comparator,4,blood sampling,blood sampling;tislelizumab,PD-1,Monoclonal Antibody,PD-L1,1,1,0,0,0,0,0,0,0,0,0,,neoadjuvant · small-cell · measurable (RECIST)
NCT06337084,Diagnostic Efficacy and Dosimetry of MNPR-101-DFO*-89Zr in Patients With Solid Tumors,PHASE1,Phase 1,ACTIVE_NOT_RECRUITING,12,Monopar Therapeutics,Monopar Therapeutics,3,1,0,single_arm,1,diagnostic test: pet/ct diagnostic imaging;mnpr-101-dfo*-89zr,diagnostic test: pet/ct diagnostic imaging;mnpr-101-dfo*-89zr,,Radiopharmaceutical,,0,1,0,0,0,0,0,0,0,0,0,,metastatic · measurable (RECIST)
NCT06362369,A Study of Oral 7HP349 (Alintegimod) in Combination With Ipilimumab Followed by Nivolumab Monotherapy,PHASE1;PHASE2,Phase 2,RECRUITING,126,"7 Hills Pharma, LLC",7 Hills Pharma,2,1,0,single_arm,1,alintegimod;ipilimumab;nivolumab,alintegimod;ipilimumab;nivolumab,CTLA-4,Monoclonal Antibody,ALK;MMR;MSI;MSI-H;PD-L1;genomic,1,1,0,0,0,0,0,0,0,1,0,,metastatic · 2nd-line+ · squamous · measurable (RECIST)
NCT06380816,A Phase I/II Trial of UCB4594 in Participants With Advanced Cancer,PHASE1;PHASE2,Phase 2,RECRUITING,167,Cancer Research UK,Cancer Research UK,16,0,0,multi_experimental,2,ucb4594,ucb4594,,,,0,1,0,0,0,0,0,0,0,1,0,,metastatic · 2nd-line+ · squamous · measurable (RECIST)
NCT06395519,A Study of PARG Inhibitor ETX-19477 in Patients With Advanced Solid Malignancies,PHASE1;PHASE2,Phase 2,RECRUITING,120,"858 Therapeutics, Inc.",858 Therapeutics,1,1,0,multi_experimental,2,etx-19477,etx-19477,PARG,Small Molecule,,0,1,0,0,0,0,0,0,0,0,0,,metastatic · squamous · measurable (RECIST)
NCT06399757,A Study to Investigate APL-5125 in Adults With Advanced Solid Tumors,PHASE1;PHASE2,Phase 2,ACTIVE_NOT_RECRUITING,100,Apollo Therapeutics Ltd,Apollo Therapeutics,2,1,0,multi_experimental,2,apl-5125,apl-5125,,,KRAS,0,1,0,0,0,0,0,0,0,0,0,,metastatic · adenoca. · ECOG 1
NCT06400160,Clinical Trial of TB511 in Advanced Solid Tumors,PHASE1;PHASE2,Phase 2,NOT_YET_RECRUITING,12,"Twinpig Biolab, Inc.",Twinpig Biolab,1,1,0,multi_experimental,2,tb511,tb511,CD18,Peptide,MSI;MSI-H;PD-L1;biomarker,0,1,0,1,0,0,0,0,0,1,1,MSI-H/dMMR,metastatic · 2nd-line+ · small-cell · measurable (RECIST) · ECOG 0
NCT06400472,A Study of Sofe-M in Participants With Selected Advanced Solid Tumors,PHASE1,Phase 1,RECRUITING,575,Eli Lilly and Company,Eli Lilly,535,1,1,multi_experimental,11,sofe-m,bevacizumab;carboplatin;itraconazole;pembrolizumab;sofe-m,VEGF/VEGFR,Monoclonal Antibody,,1,1,0,0,0,0,0,0,0,0,0,,metastatic · small-cell
NCT06403735,A Phase I Clinical Study of QLC1101 in Patients With Advanced Solid Tumors,PHASE1,Phase 1,RECRUITING,250,"Qilu Pharmaceutical Co., Ltd.",Qilu Pharmaceutical,108,1,0,single_arm,1,qlc1101,qlc1101,KRAS,Small Molecule,KRAS,0,1,0,0,0,0,0,0,0,1,0,,metastatic · 2nd-line+ · measurable (RECIST) · ECOG 0
NCT06411691,KRAS-Targeted Vaccine Combined With Balstilimab and Botensilimab for Patients With Stage IV MMR-p Colorectal Cancer and Pancreatic Ductal Cancer,PHASE1,Phase 1,RECRUITING,54,Sidney Kimmel Comprehensive Cancer Center at Johns Hopkins,Sidney Kimmel Comprehensive Cancer Center at Johns Hopkins,160,0,0,single_arm,1,balstilimab;botensilimab;kras vaccine with poly-iclc adjuvant,balstilimab;botensilimab;kras vaccine with poly-iclc adjuvant,PD-1,Monoclonal Antibody,KRAS;MMR;MSI-H;PD-L1;dMMR,1,1,0,0,0,0,0,0,1,0,0,,metastatic · 1st-line · measurable (RECIST)
NCT06428409,A Clinical Study of MK-2870 Alone or With Other Treatments to Treat Gastrointestinal Cancers (MK-9999-02A),PHASE1;PHASE2,Phase 2,RECRUITING,220,Merck Sharp & Dohme LLC,Merck (MSD),649,1,1,multi_experimental,3,rescue medication;sacituzumab tirumotecan;supportive care measures,cisplatin;fluorouracil (5-fu);leucovorin (lv) or levoleucovorin;pembrolizumab;rescue medication;sacituzumab tirumotecan;supportive care measures,PD-1,Monoclonal Antibody,PD-L1,1,1,0,0,0,0,0,0,0,0,0,,metastatic · adenoca.
NCT06434597,A Clinical Study of SPH5030 Tablets in the Treatment of Her2-positive/Mutated Biliary Tract OR Colorectal Cancer Patients.,PHASE2,Phase 2,RECRUITING,60,"Shanghai Pharmaceuticals Holding Co., Ltd",Shanghai Pharmaceuticals,18,1,0,single_arm,1,sph5030,sph5030,HER2,Small Molecule,HER2,0,1,0,0,0,1,0,0,0,0,1,HER2+,metastatic · adenoca.
NCT06440005,"A Study to Evaluate Safety, Tolerability and Preliminary Activity of AGX101 in Participants With Advanced Solid Tumors",PHASE1,Phase 1,RECRUITING,80,"Angiex, Inc.",Angiex,1,1,0,multi_experimental,2,agx101,agx101,TM4SF1,ADC,,1,1,0,0,0,0,0,0,0,1,0,,metastatic · 2nd-line+ · squamous
NCT06444815,A Study of VET3-TGI in Patients With Solid Tumors,PHASE1,Phase 1,RECRUITING,60,KaliVir Immunotherapeutics,KaliVir Immunotherapeutics,1,1,0,multi_experimental,4,vet3-tgi,atezolizumab;vet3-tgi,TGF-β,Oncolytic Virus,,1,1,0,0,0,0,0,0,0,0,0,,metastatic · squamous · measurable (RECIST)
NCT06445062,Study of RAS(ON) Inhibitors in Patients With Gastrointestinal Solid Tumors,PHASE1;PHASE2,Phase 2,RECRUITING,1130,"Revolution Medicines, Inc.",Revolution Medicines,19,1,0,multi_experimental,6,rmc-6236,FOLFIRINOX;FOLFOX;bevacizumab;cetuximab;gemcitabine;nab-paclitaxel;rmc-6236;rmc-9805,KRAS,Small Molecule,RAS,0,1,0,0,0,0,0,0,0,0,0,,metastatic · adenoca. · ECOG 0-1
NCT06447662,A Study to Learn About the Study Medicine PF-07934040 When Given Alone or With Other Anti-cancer Therapies in People With Advanced Solid Tumors That Have a Genetic Mutation.,PHASE1,Phase 1,ACTIVE_NOT_RECRUITING,64,Pfizer,Pfizer,687,1,1,multi_experimental,11,pf-07934040,bevacizumab;carboplatin;cetuximab;cisplatin;fluorouracil;gemcitabine;leucovorin;nab-paclitaxel;oxaliplatin;paclitaxel;pembrolizumab;pemetrexed;pf-07934040;sasanlimab,KRAS,Small Molecule,ALK;KRAS;ROS1;genomic,0,1,0,0,0,0,0,0,0,1,0,,metastatic · 2nd-line+ · adenoca. · measurable (RECIST) · ECOG 0
NCT06451497,"This is a Phase 1 Trial of ZM008, an Anti-LLT1 Antibody, Used as Single Agent Followed by Combination Treatment With Toripalimab in Patients With Advanced Solid Tumors",PHASE1,Phase 1,RECRUITING,100,Zumutor Biologics Inc.,Zumutor Biologics,1,1,0,single_arm,1,zm008,zm008,LLT1,Monoclonal Antibody,,1,1,0,0,0,0,0,0,0,1,0,,metastatic · 2nd-line+ · adenoca. · measurable (RECIST)
NCT06459869,NG-350A Plus Chemoradiotherapy for Locally Advanced Rectal Cancer,PHASE1,Phase 1,ACTIVE_NOT_RECRUITING,30,Akamis Bio,Akamis Bio,11,1,0,single_arm,1,capecitabine oral administration;ng-350a iv administration;radiotherapy,capecitabine oral administration;ng-350a iv administration;radiotherapy,CD40,Oncolytic Virus,MMR,1,1,0,0,1,0,0,0,0,0,1,MSS/pMMR,metastatic · adenoca.
NCT06462183,Study of Safety and Efficacy of RGT-61159 in Adults With Relapsed/Refractory Adenoid Cystic Carcinoma (ACC) or Colorectal Carcinoma (CRC),PHASE1,Phase 1,ACTIVE_NOT_RECRUITING,105,Rgenta Therapeutics Inc,Rgenta Therapeutics,1,1,0,multi_experimental,9,rgt-61159,lenvatinib;rgt-61159,MYB,Small Molecule,,0,1,1,0,0,0,0,0,0,1,1,RAS/RAF wt,metastatic · 2nd-line+ · measurable (RECIST)
NCT06464692,Study to Assess Adverse Events and How Intravenously (IV) Infused Telisotuzumab Adizutecan (ABBV-400) Moves Through the Body of Adult Participants With Unresectable Locally Advanced/Metastatic Colorectal Cancer,PHASE1,Phase 1,ACTIVE_NOT_RECRUITING,31,AbbVie,AbbVie,274,1,1,multi_experimental,4,telisotuzumab adizutecan,telisotuzumab adizutecan,MET,ADC,BRAF;MET;MMR;MSI;dMMR,1,1,0,1,0,0,1,0,0,0,1,"MSI-H/dMMR, BRAFm",metastatic · measurable (RECIST)
NCT06493760,A Phase 2 Study of SSGJ-707 in Metastatic Colorectal Cancer Patients,PHASE2,Phase 2,RECRUITING,130,"Sunshine Guojian Pharmaceutical (Shanghai) Co., Ltd.",Sunshine Guojian Pharmaceutical (Shanghai),12,1,0,active_comparator,7,bevacizumab;capecitabine;fluorouracil;leucovorin;oxaliplatin,capecitabine;fluorouracil;leucovorin;oxaliplatin;ssgj-707,VEGF/VEGFR,Bispecific Antibody,,1,1,0,0,0,0,0,0,0,0,0,,metastatic
NCT06497985,A Study of Tucidinostat in Combination With Sintilimab and Bevacizumab in MSS/pMMR Colorectal Cancer Patients,PHASE3,Phase 3,RECRUITING,430,"Chipscreen Biosciences, Ltd.",Chipscreen Biosciences,25,1,0,active_comparator,2,fruquintinib,bevacizumab;sintilimab;tucidinostat,PD-1,Monoclonal Antibody,KRAS;MSI;PD-L1,1,1,0,0,1,0,0,0,0,1,1,MSS/pMMR,metastatic · 2nd-line+ · adenoca. · measurable (RECIST) · ECOG 0
NCT06500052,A Study of BL-M17D1 in Patients With Locally Advanced or Metastatic HER2 Positive/Lower Expression Gastrointestinal Cancer and Other Solid Tumors,PHASE1,Phase 1,RECRUITING,20,"Sichuan Baili Pharmaceutical Co., Ltd.",Sichuan Baili Pharmaceutical,127,1,0,single_arm,1,bl-m17d1,bl-m17d1,HER2,ADC,HER2,1,1,0,0,0,1,0,0,0,0,1,HER2+,metastatic · measurable (RECIST) · ECOG 0
NCT06520683,Adjuvant PD-1 Blockade for High-risk Stage-II DMMR/MSI-H Colorectal Cancer,PHASE3,Phase 3,RECRUITING,180,Sun Yat-sen University,Sun Yat-sen University,73,0,1,active_comparator,2,adjuvant,adjuvant;tislelizumab,PD-1,Monoclonal Antibody,MSI;MSI-H;PD-L1;dMMR,1,1,0,1,0,0,0,0,0,0,1,MSI-H/dMMR,metastatic
NCT06529523,Tislelizumab in People With Colorectal Cancer,PHASE2,Phase 2,RECRUITING,40,Memorial Sloan Kettering Cancer Center,Memorial Sloan Kettering Cancer Center,411,0,0,multi_experimental,2,tislelizumab,tislelizumab,PD-1,Monoclonal Antibody,MMR;PD-L1;dMMR,1,1,0,1,0,0,0,0,0,1,1,MSI-H/dMMR,metastatic · 2nd-line+ · adenoca. · measurable (RECIST)
NCT06540261,"The Study of ONO-7913, ONO-4538 and the Standard of Care as First-line Treatment in Patients Colorectal Cancer",PHASE1,Phase 1,ACTIVE_NOT_RECRUITING,65,"Ono Pharmaceutical Co., Ltd.",Ono Pharmaceutical,44,1,0,multi_experimental,2,fluorouracil;levofolinate;ono-4538;ono-7913;oxaliplatin,bevacizumab;cetuximab;fluorouracil;levofolinate;ono-4538;ono-7913;oxaliplatin,CD47,Monoclonal Antibody,BRAF;KRAS;NRAS,1,1,0,0,0,0,0,0,0,0,0,,unresectable
NCT06547385,Study of ONO-4578 and XELOX/FOLFOX Plus Bevacizumab in Colorectal Cancer,PHASE1,Phase 1,ACTIVE_NOT_RECRUITING,40,"Ono Pharmaceutical Co., Ltd.",Ono Pharmaceutical,44,1,0,multi_experimental,2,bevacizumab;ono-4538;ono-4578;oxaliplatin,bevacizumab;calcium levofolinate hydrateb;capecitabine;fluorouracil;ono-4538;ono-4578;oxaliplatin,PD-1,Monoclonal Antibody,PD-L1,1,1,0,0,0,0,0,0,0,0,0,,unresectable
NCT06553885,Ph II Study of Enfortumab Vedotin in Patients With Advanced or Metastatic CRC or HCC,PHASE2,Phase 2,RECRUITING,40,H. Lee Moffitt Cancer Center and Research Institute,H. Lee Moffitt Cancer Center and Research Institute,228,0,1,multi_experimental,2,enfortumab vedotin,enfortumab vedotin,Nectin-4,ADC,MSI;MSI-H;NECTIN-4;PD-L1,1,1,1,1,0,0,0,0,0,0,1,"RAS/RAF wt, MSI-H/dMMR",metastatic · measurable (RECIST)
NCT06555133,"Y-90, Capecitabine, and Atezolizumab for Oligometastatic CRC",PHASE2,Phase 2,RECRUITING,18,Brown University,Brown University,22,0,1,single_arm,1,yttrium-90 radioembolization,yttrium-90 radioembolization,PD-L1,Monoclonal Antibody,MMR;MSI;MSI-H;PD-L1;TMB;dMMR,1,1,0,1,0,0,0,0,0,0,1,MSI-H/dMMR,metastatic · adenoca. · measurable (RECIST)
NCT06562192,"Phase I Study of [177Lu]Lu-NNS309 in Patients With Pancreatic, Lung, Breast and Colorectal Cancers",PHASE1,Phase 1,RECRUITING,162,Novartis Pharmaceuticals,Novartis,836,1,1,single_arm,1,[177lu]lu-nns309;[68ga]ga-nns309,[177lu]lu-nns309;[68ga]ga-nns309,FAP,Radiopharmaceutical,HER2;MMR;MSI;MSI-H;[68Ga]Ga-NNS309 uptake;dMMR;genomic,0,1,0,1,0,1,0,0,0,0,1,"MSI-H/dMMR, HER2+",metastatic · ductal
NCT06567782,A Study of Neoadjuvant Dostarlimab Plus Capecitabine Plus Oxaliplatin (CAPEOX) Vs CAPEOX With Previously Untreated T4N0 or Stage III Mismatch Repair Proficient (MMRp)/Microsatellite Stable (MSS) Colon Cancer,PHASE2,Phase 2,RECRUITING,120,GlaxoSmithKline,GSK,468,1,1,active_comparator,2,CAPOX,CAPOX;dostarlimab,PD-1,Monoclonal Antibody,MMR;MSI;MSI-H;dMMR,1,1,0,1,1,0,0,0,0,0,1,"MSI-H/dMMR, MSS/pMMR",metastatic · adenoca. · ECOG 0
NCT06578559,Phase II Study of ctDNA-guided Encorafenib Plus Cetuximab Retreatment in Patients BRAF V600E Mutated mCRC,PHASE2,Phase 2,ACTIVE_NOT_RECRUITING,16,Gruppo Oncologico del Nord-Ovest,Gruppo Oncologico del Nord-Ovest,8,0,1,single_arm,1,cetuximab;encorafenib,cetuximab;encorafenib,EGFR,Monoclonal Antibody,BRAF;CDX;KRAS;MET;MSI;MSI-H;PD-L1;biomarker;biomarker analysis;dMMR;genomic,1,1,1,1,0,0,1,0,0,1,1,"RAS/RAF wt, MSI-H/dMMR, BRAFm",metastatic · 2nd-line+ · adenoca. · measurable (RECIST)
NCT06586515,"MOONRAY-01, A Study of LY3962673 in Participants With KRAS G12D-Mutant Solid Tumors",PHASE1,Phase 1,RECRUITING,630,Eli Lilly and Company,Eli Lilly,535,1,1,multi_experimental,3,ly3962673,cetuximab;fluorouracil;gemcitabine;irinotecan;leucovorin;ly3962673;nab-paclitaxel;oxaliplatin,KRAS,Small Molecule,KRAS,0,1,0,0,0,0,0,0,0,0,0,,metastatic · measurable (RECIST)
NCT06589440,Phase 2 Study of SR-8541A in Combination With Botensilimab and Balstilimab in Subjects With Refractory Metastatic Microsatellite Stable Colorectal Cancer (MSS-CRC),PHASE2,Phase 2,RECRUITING,70,Stingray Therapeutics,Stingray Therapeutics,2,1,0,multi_experimental,2,sr-8541a,sr-8541a,ENPP1,Small Molecule,MMR;MSI;MSI-H;dMMR,0,1,0,1,0,0,0,0,0,1,1,MSI-H/dMMR,metastatic · 2nd-line+ · adenoca. · measurable (RECIST)
NCT06589830,TL938 and Trastuzumab for Patients With HER2-positive Metastatic Colorectal Cancer,PHASE2,Phase 2,RECRUITING,80,Suzhou Teligene Ltd.,Suzhou Teligene,1,1,0,multi_experimental,2,tl938 capsules,tl938 capsules;trastuzumab,HER2,Small Molecule,HER2;MMR;MSI;MSI-H;dMMR,0,1,1,1,0,1,0,0,0,0,1,"RAS/RAF wt, MSI-H/dMMR, HER2+",metastatic · ductal · ECOG 0-1
NCT06598007,A Study to Determine the Effect of CT3001 in Patients With Advanced Solid Tumors,PHASE1;PHASE2,Phase 2,RECRUITING,78,"Crossignal Therapeutics, Inc.",Crossignal Therapeutics,1,1,0,multi_experimental,10,ct3001,ct3001;folfox (5-fluorouracil;leucovorin;oxaliplatin),,Small Molecule,,0,1,0,0,0,0,0,0,0,1,0,,metastatic · 2nd-line+ · measurable (RECIST)
NCT06607185,A Study of the Pan-KRAS Inhibitor LY4066434 in Participants With KRAS Mutant Solid Tumors,PHASE1,Phase 1,ACTIVE_NOT_RECRUITING,750,Eli Lilly and Company,Eli Lilly,535,1,1,multi_experimental,2,ly4066434.,5fluorouracil;carboplatin;cetuximab;cisplatin;gemcitabine;irinotecan;leucovorin;ly4066434.;nab-paclitaxel;oxaliplatin;pembrolizumab;pemetrexed,KRAS,Small Molecule,KRAS,0,1,0,0,0,0,0,1,0,0,1,KRAS G12C,metastatic · measurable (RECIST)
NCT06607458,Evaluation of the Safety and Efficacy of Treatment w/High Dose Melphalan Given Directly Into the Liver Followed by Treatment w/Approved Cancer Treatment or Approved Cancer Treatment Alone in Patients w/ Metastatic Colorectal Cancer w/Liver Dominant Disease,PHASE2,Phase 2,RECRUITING,90,Delcath Systems Inc.,Delcath Systems,9,1,0,active_comparator,2,trifluridine-tipiracil plus bevacizumab alone,melphalan/hds followed by consolidation treatment with trifluridine-tipiracil plus bevacizumab,VEGF/VEGFR,Monoclonal Antibody,,1,1,1,0,0,0,0,0,0,0,1,RAS/RAF wt,metastatic · measurable (RECIST) · ECOG 0-1
NCT06612281,Evaluation of Gixam's Performance in a FIT Negative Population,PHASE2,Phase 2,RECRUITING,400,Jubaan Ltd.,Jubaan,4,1,0,single_arm,1,colonoscopy after bowel cleansing;device: colorectal cancer (crc) screening;diagnostic test: colorectal cancer screening,colonoscopy after bowel cleansing;device: colorectal cancer (crc) screening;diagnostic test: colorectal cancer screening,,,,0,1,0,0,0,0,0,0,0,0,0,,
NCT06614192,A Study Assessing Adverse Events and Disease Activity of Intravenously (IV) Infused Telisotuzumab Adizutecan in Adult Participants With c-Met Protein Above Cutoff Level Above Refractory Metastatic Colorectal Cancer,PHASE3,Phase 3,ACTIVE_NOT_RECRUITING,74,AbbVie,AbbVie,274,1,1,multi_experimental,2,telisotuzumab adizutecan,telisotuzumab adizutecan,MET,ADC,MET,1,1,0,0,0,0,0,0,0,0,0,,measurable (RECIST)
NCT06614751,A PARG Inhibitor DAT-2645 Monotherapy in Patients with Advanced/Metastatic Solid Tumors Harboring BRCA1/2 Loss of Function Alterations And/or Other Defects in the DDR Pathway,PHASE1,Phase 1,NOT_YET_RECRUITING,112,"Danatlas Pharmaceuticals Co., Ltd",Danatlas Pharmaceuticals,3,1,0,multi_experimental,3,dat-2645 tablet,dat-2645 tablet,PARP,Small Molecule,BRCA1;BRCA2,0,1,0,0,0,0,0,0,0,0,0,,metastatic · measurable (RECIST)
NCT06617169,Dose-Escalation of MNPR-101-PCTA-177Lu in Solid Tumors,PHASE1,Phase 1,ACTIVE_NOT_RECRUITING,12,Monopar Therapeutics,Monopar Therapeutics,3,1,0,multi_experimental,5,mnpr-101-pcta-177lu,mnpr-101-pcta-177lu,,Radiopharmaceutical,,0,1,0,0,0,0,0,0,0,0,0,,metastatic
NCT06621563,Phase Ib Trial of HS-20117 in Combination With Other Drugs in Advanced Solid Tumors,PHASE1,Phase 1,RECRUITING,780,Hansoh BioMedical R&D Company,Hansoh,82,1,0,multi_experimental,6,,hs-20117 combined hs-20093;hs-20117 combined hs-20093 and 5-fu;hs-20117 combined platinum-containing;hs-20117+capeox;hs-20117+folfiri;hs-20117+mfolfox6,EGFR,,MET,0,1,0,0,0,0,0,0,0,0,0,,metastatic · measurable (RECIST)
NCT06625775,Open-Label Study of BBO-10203 in Subjects With Advanced Solid Tumors,PHASE1,Phase 1,RECRUITING,392,"TheRas, Inc., d/b/a BBOT (BridgeBio Oncology Therapeutics)","TheRas, Inc., d/b/a BBOT (BridgeBio Oncology Therapeutics)",3,1,0,multi_experimental,5,bbo-10203,FOLFOX;bbo-10203;bevacizumab;fulvestrant;ribociclib;trastuzumab,PIK3CA,Small Molecule,BRAF;HER2;KRAS;MET;MSI;MSI-H;NTRK;RET;ROS1;dMMR,0,1,0,1,0,1,1,0,0,0,1,"MSI-H/dMMR, HER2+, BRAFm",metastatic · small-cell · measurable (RECIST)
NCT06630624,"Dose Finding, Efficacy and Immunological Response of IP-001 Following MWA or IRE for CRLM",PHASE1;PHASE2,Phase 2,RECRUITING,120,M.R. Meijerink,M.R. Meijerink,1,0,0,multi_experimental,4,ip-001,ip-001,,Oncolytic Virus,,1,1,0,0,0,0,0,0,0,0,0,,metastatic · measurable (RECIST)
NCT06634875,Isunakinra Alone and in Combination With Pembrolizumab in Patients With Colorectal Cancer (MSS),PHASE2,Phase 2,RECRUITING,20,Buzzard Pharmaceuticals,Buzzard Pharmaceuticals,2,1,0,single_arm,1,isunakinra,isunakinra,IL-1R1,Small Molecule,KRAS;MMR;PD-L1;TMB,0,1,0,0,1,0,0,0,0,0,1,MSS/pMMR,metastatic · adenoca. · measurable (RECIST)
NCT06638502,Safety of HRX215 in Patients After Minor and Major Liver Resection,PHASE1;PHASE2,Phase 2,RECRUITING,80,HepaRegeniX GmbH,HepaRegeniX,1,1,0,placebo_comparator,4,placebo capsules,hrx215 capsules,,,,0,1,0,0,0,0,0,0,0,0,0,,metastatic
NCT06640049,A Study of Dostarlimab in Participants With Untreated Locally Advanced Rectal Cancer in China,PHASE2,Phase 2,ACTIVE_NOT_RECRUITING,23,GlaxoSmithKline,GSK,468,1,1,single_arm,1,dostarlimab,dostarlimab,PD-1,Monoclonal Antibody,MSI;MSI-H;dMMR,1,1,0,1,0,0,0,0,0,0,1,MSI-H/dMMR,metastatic · adenoca.
NCT06640166,Encorafenib + Cetuximab Beyond Progression in Combination With FOLFIRI in Patients With BRAF V600E Mutated Metastatic Colorectal Cancer Progressing on Encorafenib + Cetuximab.,PHASE2,Phase 2,RECRUITING,25,Fondazione Policlinico Universitario Agostino Gemelli IRCCS,Fondazione Policlinico Universitario Agostino Gemelli IRCCS,9,0,0,single_arm,1,encorafenib + cetuximab + folfiri,encorafenib + cetuximab + folfiri,BRAF,Small Molecule,BRAF;PR,0,1,0,0,0,0,1,0,1,1,1,BRAFm,metastatic · 1st-line · adenoca. · measurable (RECIST) · ECOG 1
NCT06645301,BGT007 Treatment for Recurrent/refractory Gastrointestinal Malignancies,EARLY_PHASE1,Phase 1,NOT_YET_RECRUITING,15,BioSyngen Pte Ltd,BioSyngen Pte,8,1,0,single_arm,1,group a;group b,group a;group b,,,PR,0,1,0,0,0,0,0,0,0,1,0,,metastatic · 2nd-line+ · measurable (RECIST) · ECOG 0
NCT06645808,PET-imaging of Two Vartumabs in Patients With Solid Tumors,EARLY_PHASE1,Phase 1,RECRUITING,32,Var2 Pharmaceuticals,Var2 Pharmaceuticals,1,1,0,multi_experimental,2,pet/ct scan,89zr-dfo-n-suc-c9scfv;89zr-dfo-n-suc-f8scfv;pet/ct scan,oncofetal chondroitin sulfate,Radiopharmaceutical,,0,1,0,0,0,0,0,0,0,0,0,,adjuvant · squamous
NCT06652529,Phase 1 Dose Escalation and Expansion to Evaluate AROG4-01 in Patients With Advanced Solid Tumors,PHASE1,Phase 1,NOT_YET_RECRUITING,35,Aromics Therapeutics,Aromics Therapeutics,1,1,0,single_arm,1,arog4-01,arog4-01,G-quadruplexes,Small Molecule,,0,1,0,0,0,0,0,0,0,0,0,,metastatic · measurable (RECIST)
NCT06657222,First in Human Study of TUB-030 in Patients With Advanced Solid Tumors,PHASE1;PHASE2,Phase 2,RECRUITING,250,Tubulis GmbH,Tubulis,5,1,0,multi_experimental,2,tub-030,tub-030,5T4,ADC,,1,1,0,0,0,0,0,0,0,0,0,,metastatic · measurable (RECIST) · ECOG 0-1
NCT06662786,A Study of Amivantamab and mFOLFOX6 or FOLFIRI Versus Cetuximab and mFOLFOX6 or FOLFIRI as First-line Treatment in Participants With KRAS/NRAS and BRAF Wild-type Unresectable or Metastatic Left-sided Colorectal Cancer,PHASE3,Phase 3,RECRUITING,1000,"Janssen Research & Development, LLC",Johnson & Johnson,363,1,1,active_comparator,2,cetuximab;fluorouracil;irinotecan hydrochloride;leucovorin calcium/levoleucovorin;oxaliplatin,amivantamab;fluorouracil;irinotecan hydrochloride;leucovorin calcium/levoleucovorin;oxaliplatin,EGFR,Monoclonal Antibody,BRAF;EGFR;HER2;KRAS;MET;MMR;MSI;MSI-H;dMMR,1,1,1,1,0,1,0,0,0,0,1,"RAS/RAF wt, MSI-H/dMMR, HER2+",metastatic · adenoca. · measurable (RECIST)
NCT06663319,A Study of JNJ-89402638 for Metastatic Colorectal and Gastric Cancers,PHASE1,Phase 1,RECRUITING,260,"Janssen Research & Development, LLC",Johnson & Johnson,363,1,1,multi_experimental,6,jnj-89402638,FOLFIRI;FOLFOX;bevacizumab;jnj-89402638,VEGF/VEGFR,,MMR,0,1,0,0,1,0,0,0,0,0,1,MSS/pMMR,metastatic · adenoca. · measurable (RECIST)
NCT06663839,A Study of NILK-2301 in Patients with Locally Advanced or Metastatic Low Tumor Volume (LTV) Colorectal Cancer,PHASE1,Phase 1,RECRUITING,25,Light Chain Bioscience - Novimmune SA,Light Chain Bioscience - Novimmune,2,1,0,single_arm,1,biological nilk-2301,biological nilk-2301,CEA,Bispecific Antibody,CEACAM5,1,1,0,0,0,0,0,0,0,0,0,,metastatic · measurable (RECIST) · ECOG 0-1
NCT06666166,SHR-A1811 Combined with Apatinib in the Treatment of Advanced Gastric or Gastroesophageal Junction Adenocarcinoma and Colorectal Cancer,PHASE2,Phase 2,NOT_YET_RECRUITING,28,Yunpeng Liu,Yunpeng Liu,3,0,0,multi_experimental,2,shr-a1811 & apartinib,shr-a1811 & apartinib,VEGFR-2,Monoclonal Antibody,,1,1,0,0,0,0,0,0,0,0,0,,metastatic · adenoca. · measurable (RECIST)
NCT06673329,Brodalumab in the Treatment of Immune-Related Adverse Events,PHASE1,Phase 1,RECRUITING,11,"Brian Henick, MD","Brian Henick, MD",1,0,0,single_arm,1,brodalumab;ct scan,brodalumab;ct scan,IL-17RA,Monoclonal Antibody,,1,1,0,0,0,0,0,0,0,0,0,,metastatic
NCT06682793,"A Study to Evaluate the Safety and Efficacy of A2B395, an Allogeneic Logic-gated CAR T, in Participants With Solid Tumors That Express EGFR and Have Lost HLA-A*02 Expression",PHASE1;PHASE2,Phase 2,RECRUITING,240,A2 Biotherapeutics Inc.,A2 Biotherapeutics,3,1,0,single_arm,1,a2b395;diagnostic test: xt cdx with hla-loh assay,a2b395;diagnostic test: xt cdx with hla-loh assay,EGFR,CAR-T,HLA-A*02,1,1,0,0,0,0,0,0,0,0,0,,metastatic · measurable (RECIST)
NCT06686576,A Study of Neoadjuvant QL1706 in Participants With Untreated dMMR/MSI-H Resectable Colon Cancer,PHASE3,Phase 3,RECRUITING,363,"Qilu Pharmaceutical Co., Ltd.",Qilu Pharmaceutical,108,1,0,active_comparator,2,capeox/capecitabine,ql1706,PD-1,Monoclonal Antibody,MMR;MSI;MSI-H;PD-L1;dMMR,1,1,0,1,0,0,0,0,0,0,1,MSI-H/dMMR,metastatic · adenoca.
NCT06693375,To Evaluate Dose and Safety of NanoEcho Particle-1 Using NanoEcho Imaging Device Examinations of Rectal Lymph Nodes in Healthy Volunteers and Rectal Cancer Patients.,PHASE2,Phase 2,RECRUITING,12,NanoEcho AB,NanoEcho,1,1,0,single_arm,1,device: rectal magnetomotoric ultrasound (mmus);iron oxide nanoparticles,device: rectal magnetomotoric ultrasound (mmus);iron oxide nanoparticles,,,,0,1,0,0,0,0,0,0,0,0,0,,
NCT06695845,A Phase 2 Study of Zanidatamab in Patients With HER2-expressing Tumors,PHASE2,Phase 2,RECRUITING,200,Jazz Pharmaceuticals,Jazz Pharmaceuticals,59,1,0,single_arm,1,zanidatamab,zanidatamab,HER2,Bispecific Antibody,ALK;BRAF;EGFR;HER2;KRAS;MET;ROS1,1,1,0,0,0,1,1,0,0,0,1,"HER2+, BRAFm",metastatic · small-cell · measurable (RECIST)
NCT06699836,CLOVER - CCR5-targeting Leronlimab With Oral Chemotherapy and VEGF-inhibitor Enriched Regimen,PHASE2,Phase 2,ACTIVE_NOT_RECRUITING,66,"CytoDyn, Inc.",CytoDyn,5,1,0,multi_experimental,2,,,CXCR2,Monoclonal Antibody,MET;MSS,1,0,1,0,1,0,0,0,0,0,1,"RAS/RAF wt, MSS/pMMR",metastatic · squamous · measurable (RECIST)
NCT06710756,Lead-212 PSV359 Therapy for Patients With Solid Tumors,PHASE1;PHASE2,Phase 2,RECRUITING,112,Perspective Therapeutics,Perspective Therapeutics,4,1,0,multi_experimental,2,[203pb]pb-psv359;[212pb]pb-psv359,[203pb]pb-psv359;[212pb]pb-psv359,FAP,Radiopharmaceutical,FAP,0,1,0,0,0,0,0,0,0,0,0,,metastatic · ECOG 0-1
NCT06710847,"A Study to Investigate the Safety, Pharmacokinetics, and Preliminary Effectiveness of GSK4418959 Alone or in Combination With Other Anti-cancer Agents in Participants With Solid Tumors",PHASE1;PHASE2,Phase 2,ACTIVE_NOT_RECRUITING,14,GlaxoSmithKline,GSK,468,1,1,multi_experimental,3,gsk4418959,gsk4418959;pd-1 inhibitor,WRN,Small Molecule,MMR;MSI;MSI-H;dMMR,0,1,0,1,0,0,0,0,0,0,1,MSI-H/dMMR,metastatic · squamous · measurable (RECIST)
NCT06718738,Clinical Study of IM96 CAR-T Cell Therapy in Patients With Advanced Colorectal Cancer,PHASE1,Phase 1,RECRUITING,9,"Beijing Immunochina Medical Science & Technology Co., Ltd.",Beijing Immunochina Medical Science & Technology,20,1,0,single_arm,1,im96 car-t cells,im96 car-t cells,CD19,CAR-T,CD19;PD-L1,1,1,0,0,0,0,0,0,0,1,0,,metastatic · 2nd-line+ · ductal · measurable (RECIST) · ECOG 0-1
NCT06720987,A Study to Investigate the Safety and Efficacy of KQB365 as Monotherapy and in Combination in Participants With Advanced Solid Malignancies,PHASE1,Phase 1,RECRUITING,140,Kumquat Biosciences Inc.,Kumquat Biosciences,7,1,0,multi_experimental,7,kqb365,cetuximab;kqb198;kqb365,KRAS,Small Molecule,KRAS,0,1,0,0,0,0,0,1,0,0,1,KRAS G12C,metastatic · adenoca. · measurable (RECIST)
NCT06723236,A Study of MGC028 in Participants With Advanced Solid Tumors,PHASE1,Phase 1,RECRUITING,124,MacroGenics,MacroGenics,29,1,0,multi_experimental,9,mgc028,mgc028,ADAM9,ADC,ALK;BRAF;KRAS;MSI;PD-L1;dMMR,1,1,0,1,0,0,0,0,0,1,1,MSI-H/dMMR,metastatic · 2nd-line+ · adenoca. · measurable (RECIST)
NCT06724263,"A Multicenter, Open-label Phase IIa Clinical Study to Evaluate the Efficacy and Safety of B1962 Injection in the Treatment of Advanced Malignant Solid Tumors",PHASE2,Phase 2,NOT_YET_RECRUITING,120,"Tasly Biopharmaceuticals Co., Ltd.",Tasly Biopharmaceuticals,3,1,0,single_arm,1,b1962,b1962,,,ER;PD-L1;PR,0,1,0,0,0,0,0,0,1,0,0,,metastatic · 1st-line · squamous · measurable (RECIST)
NCT06733038,FOLFOXIRI Plus Bevacizumab With or Without Atezolizumab as 1st Line Treatment of pMMR and IS IC-High Metastatic Colorectal Cancer Patients.,PHASE3,Phase 3,RECRUITING,238,Gruppo Oncologico del Nord-Ovest,Gruppo Oncologico del Nord-Ovest,8,0,1,active_comparator,2,bevacizumab;fluorouracil (5-fu);irinotecan (cpt-11);leucovorin;oxaliplatin,atezolizumab;bevacizumab;fluorouracil (5-fu);irinotecan (cpt-11);leucovorin;oxaliplatin,PD-L1,Monoclonal Antibody,CMMRD;MMR;MSI-H;PD-L1;TMB,1,1,0,0,1,0,0,0,0,1,1,MSS/pMMR,metastatic · 2nd-line+ · squamous · measurable (RECIST) · ECOG 2
NCT06750094,A Study of Amivantamab and FOLFIRI Versus Cetuximab/Bevacizumab and FOLFIRI in Participants With KRAS/NRAS and BRAF Wild-type Colorectal Cancer Who Have Previously Received Chemotherapy,PHASE3,Phase 3,RECRUITING,700,"Janssen Research & Development, LLC",Johnson & Johnson,363,1,1,active_comparator,2,bevacizumab;cetuximab;fluorouracil;irinotecan;leucovorin calcium/levoleucovorin,amivantamab;fluorouracil;irinotecan;leucovorin calcium/levoleucovorin,VEGF/VEGFR,Bispecific Antibody,BRAF;EGFR;HER2;KRAS;MET;MMR;MSI;MSI-H;dMMR,1,1,0,1,0,1,0,0,0,0,1,"MSI-H/dMMR, HER2+",metastatic · adenoca. · measurable (RECIST)
NCT06751329,A Study of DM002 in Patients With Advanced Solid Tumors,PHASE1;PHASE2,Phase 2,RECRUITING,280,"Xadcera Biopharmaceutical (Suzhou) Co., Ltd.",Xadcera Biopharmaceutical (Suzhou),2,1,0,multi_experimental,5,dm002,dm002,HER3,ADC,biomarker,1,1,0,0,0,0,0,0,0,0,0,,metastatic · squamous · measurable (RECIST)
NCT06756035,CT-95 in Advanced Cancers Associated With Mesothelin Expression,PHASE1,Phase 1,RECRUITING,70,Context Therapeutics Inc.,Context Therapeutics,5,1,0,single_arm,1,ct-95,ct-95,,Bispecific Antibody,,1,1,0,0,0,0,0,0,0,0,0,,advanced · measurable (RECIST) · ECOG 0
NCT06767046,KRAS-Specific Autologous TCR-T Cell Therapy for KRAS Mutation in Advanced Solid Tumors,PHASE1,Phase 1,ACTIVE_NOT_RECRUITING,8,"Corregene Biotechnology Co., Ltd",Corregene Biotechnology,4,1,0,single_arm,1,kras-specific autologous tcr-t cell injection,kras-specific autologous tcr-t cell injection,KRAS,Cell Therapy,HLA-A*11:01;KRAS,1,1,0,0,0,0,0,0,0,0,0,,metastatic · measurable (RECIST)
NCT06778863,A Study of CLSP-1025 in Adult Patients With Solid Tumors That Harbor the p53 R175H Mutation,PHASE1,Phase 1,RECRUITING,90,"Clasp Therapeutics, Inc.",Clasp Therapeutics,2,1,0,multi_experimental,2,clsp-1025,clsp-1025,p53,Bispecific Antibody,HLA-A*02:01;P53,1,1,0,0,0,0,0,0,0,0,0,,metastatic
NCT06783569,A First-in-Human Escalation and Expansion Study of Patients With Advanced Solid Tumors,PHASE1,Phase 1,RECRUITING,94,JiaRay Group,JiaRay Group,1,1,0,multi_experimental,9,jr8603,jr8603,,,BRAF;HER2;MMR;MSI;MSI-H;PD-L1;dMMR,0,1,1,1,1,1,1,0,1,0,1,"RAS/RAF wt, MSI-H/dMMR, MSS/pMMR, HER2+, BRAFm",metastatic · 1st-line · squamous · measurable (RECIST)
NCT06784947,"Trial of Atezolizumab, Bevacizumab, and Tiragolumab in Patients With Microsatellite Stable, Metastatic Colorectal Cancer",PHASE2,Phase 2,ACTIVE_NOT_RECRUITING,13,"University of Colorado, Denver","University of Colorado, Denver",46,0,1,multi_experimental,2,atezolizumab;bevacizumab;tiragolumab,atezolizumab;bevacizumab;on-treatment biopsy;pre-treatment biopsy;tiragolumab,TIGIT,Monoclonal Antibody,BRAF;KRAS;MET;MMR;MSI;PD-L1,1,1,1,1,1,0,1,0,0,0,1,"RAS/RAF wt, MSI-H/dMMR, MSS/pMMR, BRAFm",metastatic · adenoca. · measurable (RECIST)
NCT06789172,"A Phase 1, First-in-human Study of OKN4395 and Pembrolizumab in Patients With Solid Tumors",PHASE1,Phase 1,RECRUITING,146,Epkin,Epkin,1,1,0,multi_experimental,7,okn4395,fasting;fed;h2 receptor antagonist;okn4395;pembrolizumab,EP2,Small Molecule,ALK;HER2;MSI;PD-L1,0,1,0,1,1,1,0,0,1,1,1,"MSI-H/dMMR, MSS/pMMR, HER2−",metastatic · 1st-line · adenoca. · measurable (RECIST)
NCT06792435,XNW27011 Study of Advanced Solid Tumor Subjects Who Failed Standard Therapies.,PHASE1;PHASE2,Phase 2,ACTIVE_NOT_RECRUITING,240,"Astellas Pharma Global Development, Inc.",Astellas,171,1,1,multi_experimental,2,xnw27011,xnw27011,CLDN18.2,ADC,CLDN18.2,1,1,0,0,0,0,0,0,0,0,0,,metastatic · adenoca. · measurable (RECIST)
NCT06792695,A Study of Novel Study Interventions and Combinations in Participants With Colorectal Cancer,PHASE2,Phase 2,RECRUITING,80,AstraZeneca,AstraZeneca,780,1,1,active_comparator,2,bevacizumab;folfiri (fluorouracil (5-fu);irinotecan);leucovorin,bevacizumab;folfiri (fluorouracil (5-fu);irinotecan);leucovorin;volrustomig,VEGF/VEGFR,Monoclonal Antibody,,1,1,0,0,1,0,0,0,0,0,1,MSS/pMMR,metastatic · adenoca. · measurable (RECIST)
NCT06806046,Anti-CEACAM5 ADC Precemtabart Tocentecan (M9140) in Chinese Participants With Solid Tumors,PHASE1,Phase 1,ACTIVE_NOT_RECRUITING,12,"Merck Healthcare KGaA, Darmstadt, Germany, an affiliate of Merck KGaA, Darmstadt, Germany",Merck KGaA,166,1,1,single_arm,1,m9140,m9140,CEA,ADC,BRAF;CEACAM5;MSI;MSI-H,1,1,0,1,0,0,0,0,0,1,1,MSI-H/dMMR,metastatic · 2nd-line+ · squamous
NCT06819215,Phase I/II Clinical Study to Evaluate VB15010 Tablets in Patients With Advanced Solid Tumors,PHASE1;PHASE2,Phase 2,RECRUITING,188,"Zhejiang Yangli Pharmaceutical Technology Co., Ltd.",Zhejiang Yangli Pharmaceutical Technology,3,1,0,single_arm,1,vb15010,vb15010,PARP,Small Molecule,,0,1,0,0,0,0,0,0,0,0,0,,metastatic
NCT06820463,"A Study to Evaluate the Adverse Events, and Efficacy of Intravenous (IV) of Telisotuzumab Adizutecan in Combination With IV Oxaliplatin, Fluorouracil, Folinic Acid/Leucovorin, Bevacizumab, Panitumumab in Adult Participants With Metastatic Colorectal Cancer",PHASE2,Phase 2,RECRUITING,390,AbbVie,AbbVie,274,1,1,multi_experimental,8,fluorouracil;leucovorin,bevacizumab;fluorouracil;leucovorin;oxaliplatin;panitumumab;telisotuzumab adizutecan,VEGF/VEGFR,Monoclonal Antibody,MET,1,1,0,0,0,0,0,0,0,0,0,,metastatic · measurable (RECIST)
NCT06821048,Study of CEA Targeting CAR-T (PTC13) in the Treatment of CEA-Positive Advanced Malignant Solid Tumors,PHASE1,Phase 1,RECRUITING,18,"Weijia Fang, MD","Weijia Fang, MD",3,0,0,single_arm,1,intraperitoneal infusion of fast cea-targeted car-t,intraperitoneal infusion of fast cea-targeted car-t,CEA,CAR-T,CEA,1,1,0,0,0,0,0,0,0,1,0,,metastatic · 2nd-line+ · measurable (RECIST) · ECOG 0
NCT06824064,"Evaluation of RBS2418 in Patients With Advanced, Metastatic, and Progressive Colorectal Cancer",PHASE2,Phase 2,RECRUITING,150,"Riboscience, LLC.",Riboscience,3,1,0,active_comparator,4,rbs2418,,ENPP1,Small Molecule,,0,0,0,0,0,0,0,0,1,0,0,,metastatic · 1st-line
NCT06825624,ARTEMIS-102: HS-20093 Combinations in Patients with Advanced Metastatic Colorectal Cancer,PHASE1,Phase 1,RECRUITING,560,Hansoh BioMedical R&D Company,Hansoh,82,1,0,multi_experimental,5,bevacizumab;hs-20093,bevacizumab;capecitabine;fluorouracil;hs-20093;leucovorin;oxaliplatin,B7-H3,ADC,PD-L1,1,1,0,0,0,0,0,0,0,0,0,,metastatic · measurable (RECIST)
NCT06835569,A Study to Learn About Study Medicine ALTA3263 in Adults With Advanced Solid Tumors With KRAS Mutations,PHASE1,Phase 1,RECRUITING,448,"Alterome Therapeutics, Inc.",Alterome Therapeutics,2,1,0,multi_experimental,10,alta3263,FOLFIRINOX;FOLFOX;alta3263;cetuximab;gnp;midazolam;pembrolizumab;pemetrexed + cisplatin /carboplatin,KRAS,Monoclonal Antibody,KRAS,1,1,0,0,0,0,0,0,0,0,0,,metastatic
NCT06838546,"A Multicenter, Open Phase IIb Clinical Study to Evaluate the Efficacy and Safety of B1962 Injection in the Treatment of Advanced Colorectal Cancer",PHASE2,Phase 2,NOT_YET_RECRUITING,80,"Tasly Biopharmaceuticals Co., Ltd.",Tasly Biopharmaceuticals,3,1,0,single_arm,1,b1962,b1962,,,PD-L1,0,1,0,0,0,0,0,0,0,0,0,,metastatic · adenoca. · measurable (RECIST)
NCT06843434,A Study of Botensilimab and Balstilimab for Rectal Adenocarcinoma,PHASE2,Phase 2,RECRUITING,40,Memorial Sloan Kettering Cancer Center,Memorial Sloan Kettering Cancer Center,411,0,0,single_arm,1,balstilimab;botensilimab,balstilimab;botensilimab,PD-1,Monoclonal Antibody,MMR;MSI-H;dMMR,1,1,0,0,0,0,0,0,0,0,0,,metastatic · adenoca.
NCT06846268,Neoadjuvant ADG126 and Pembrolizumab in Locally Advanced Colorectal Cancer,PHASE2,Phase 2,RECRUITING,20,"National University Hospital, Singapore","National University Hospital, Singapore",22,0,0,single_arm,1,adg126;pembrolizumab,adg126;pembrolizumab,CTLA-4,Monoclonal Antibody,EGFR,1,1,0,0,0,0,0,0,0,0,0,,metastatic · adenoca.
NCT06868849,A Study of JMT203 in Patients With Cancer Cachexia,PHASE1;PHASE2,Phase 2,RECRUITING,307,Shanghai JMT-Bio Inc.,Shanghai JMT-Bio,33,1,0,placebo_comparator,4,jmt203 injection,jmt203 injection,,Monoclonal Antibody,,1,1,0,0,0,0,0,0,1,1,0,,metastatic · 1st-line · squamous · ECOG 2
NCT06873763,Nelmastobart in Combination With Trifluridine/ Tipiracil and Bevacizumab in Metastatic/ Recurrent Colorectal Cancer,PHASE1;PHASE2,Phase 2,RECRUITING,52,"STCube, Inc.",STCube,5,1,0,single_arm,1,nelmastobart,nelmastobart,BTN1A1,Monoclonal Antibody,BTN1A1;MSI-H,1,1,0,0,0,0,0,0,0,0,0,,metastatic · squamous · measurable (RECIST)
NCT06882746,"A Study to Test Different Doses of BI 765049 in People With Advanced Cancer of the Colon, Rectum, Stomach, or Pancreas",PHASE1,Phase 1,ACTIVE_NOT_RECRUITING,135,Boehringer Ingelheim,Boehringer Ingelheim,237,1,1,multi_experimental,2,bi 765049,bi 765049,,,,0,1,0,0,0,0,0,0,0,0,0,,metastatic · adenoca.
NCT06895031,Study of JYP0015 in Patients With Advanced Solid Tumors Harboring Specific Mutations in RAS,PHASE2,Phase 2,RECRUITING,210,"Guangzhou JOYO Pharma Co., Ltd",Guangzhou JOYO Pharma,4,1,0,single_arm,1,jyp0015,jyp0015,KRAS,Small Molecule,RAS,0,1,0,0,0,0,0,0,0,1,0,,metastatic · 2nd-line+
NCT06910657,IDOV-Immune for Advanced Solid Tumors,PHASE1,Phase 1,RECRUITING,78,"ViroMissile, Inc.",ViroMissile,1,1,0,single_arm,1,idov-immune (oncolytic vaccinia virus),idov-immune (oncolytic vaccinia virus),,Oncolytic Virus,,1,1,0,0,0,0,0,0,0,0,0,,metastatic · measurable (RECIST)
NCT06917079,BBO-11818 in Adult Subjects With KRAS Mutant Cancer,PHASE1,Phase 1,RECRUITING,665,"TheRas, Inc., d/b/a BBOT (BridgeBio Oncology Therapeutics)","TheRas, Inc., d/b/a BBOT (BridgeBio Oncology Therapeutics)",3,1,0,multi_experimental,20,bbo-11818,FOLFIRINOX;FOLFOX;bbo-10203;bbo-11818;cetuximab;gemcitabine;nab-paclitaxel;pembrolizumab;pemetrexed;platinum chemotherapy (cisplatin or carboplatin),KRAS,Small Molecule,KRAS,0,1,0,0,0,0,0,0,0,0,0,,metastatic · measurable (RECIST)
NCT06919510,A Phase ll Study of Neoadjuvant Short-course Radiotherapy Followed by Ivonescimab and Chemotherapy in pMMR/MSS Locally Advanced Rectal Cancer,PHASE2,Phase 2,NOT_YET_RECRUITING,90,Sun Yat-sen University,Sun Yat-sen University,73,0,0,active_comparator,2,capox (oxaliplatin/capecitabine);radiotherapy;surgery or watch&wait,capox (oxaliplatin/capecitabine);lvonescimab;radiotherapy;surgery or watch&wait,EGFR,Monoclonal Antibody,MSS;pMMR,1,1,0,0,1,0,0,0,0,0,1,MSS/pMMR,metastatic · adenoca.
NCT06922383,A Clinical Study of Arfolitixorin in Patients With mCRC,PHASE1;PHASE2,Phase 2,RECRUITING,90,Isofol Medical AB,Isofol Medical,6,1,0,active_comparator,3,leucovorin,arfolitixorin,TS,Small Molecule,BRAF;MMR;MSI;MSI-H;dMMR,0,1,0,1,1,0,0,0,1,0,1,"MSI-H/dMMR, MSS/pMMR",metastatic · 1st-line · adenoca. · measurable (RECIST)
NCT06934538,"First-in-human Trial of STC-1010, an Immunotherapy, in Patients With Unresectable Locally Advanced or Metastatic Colorectal Cancer",PHASE1;PHASE2,Phase 2,RECRUITING,90,Brenus Pharma,Brenus Pharma,1,1,0,multi_experimental,3,stc-1010 + is regimen + soc therapy,stc-1010 + is regimen + soc therapy,VEGF/VEGFR,Monoclonal Antibody,BRAF;KRAS,1,1,0,0,0,0,1,0,0,0,1,BRAFm,metastatic · adenoca. · measurable (RECIST)
NCT06936527,XS-03 in Combination With FOLFOX or FOLFIRI and Bevacizumab for Treatment of Metastatic Colorectal Cancer Patients With RAS Mutation,PHASE1;PHASE2,Phase 2,ENROLLING_BY_INVITATION,102,"NovaOnco Therapeutics Co., Ltd.",NovaOnco Therapeutics,3,1,0,active_comparator,3,biological: bevacizumab;drug: folfiri;drug: folfox,biological: bevacizumab;drug: folfiri;drug: folfox;drug: xs-03,VEGF/VEGFR,Monoclonal Antibody,BRAF;MMR;MSI;MSI-H;RAS;biomarker;biomarker analysis;dMMR,1,1,0,1,0,0,0,0,0,0,1,MSI-H/dMMR,metastatic · squamous · measurable (RECIST)
NCT06937567,CDH17 CAR-T Therapy in Advanced Malignant Solid Tumors,EARLY_PHASE1,Phase 1,RECRUITING,36,Zhejiang University,Zhejiang University,58,0,0,multi_experimental,2,,cdh17 car-t;fast laco-stim cdh17 car-t,CDH17,CAR-T,CDH17,1,1,0,0,0,0,0,0,0,0,0,,metastatic · measurable (RECIST)
NCT06943820,AK129 Combination Therapy for Advanced Solid Tumors,PHASE1;PHASE2,Phase 2,RECRUITING,230,Akeso,Akeso,103,1,0,active_comparator,9,carboplatin;paclitaxel;pemetrexed;penpulimab,5-fu (5-fluorouracil);ak129(dose 1);ak129(dose 2);ak129(rp2d);carboplatin;cetuximab;cis-platinum;docetaxel;paclitaxel;pemetrexed,PD-1/LAG-3,Bispecific Antibody,ALK;BRAF;MET;MMR;MSI;MSI-H;NTRK;PD-L1;RET;ROS1;dMMR,1,1,0,1,0,0,1,0,0,0,1,"MSI-H/dMMR, BRAFm",metastatic · adenoca. · measurable (RECIST)
NCT06948448,"A Study to Evaluate the Safety and Efficacy of Two Dose Levels of ONO-4578 With Opdivo®, in Combination With mFOLFOX6 and Bevacizumab Versus Standard of Care in Participants With Non-MSI-H/dMMR, PD-L1 Positive Advanced Colorectal Cancer",PHASE2,Phase 2,RECRUITING,144,"Ono Pharmaceutical Co., Ltd.",Ono Pharmaceutical,44,1,0,active_comparator,3,bevacizumab;fluorouracil;leucovorin;oxaliplatin,bevacizumab;fluorouracil;leucovorin;nivolumab;ono-4578;oxaliplatin,PD-1,Monoclonal Antibody,BRAF;MMR;MSI;MSI-H;PD-L1;dMMR,1,1,0,1,0,0,1,0,0,0,1,"MSI-H/dMMR, BRAFm",metastatic
NCT06948539,To Evaluate the Tolerability and Pharmacokinetics of TQB2101 for Injection in Patients With Advanced Malignant Tumors,PHASE1,Phase 1,NOT_YET_RECRUITING,66,"Chia Tai Tianqing Pharmaceutical Group Nanjing Shunxin Pharmaceutical Co., Ltd.",Chia Tai Tianqing Pharmaceutical Group Nanjing Shunxin Pharmaceutical,36,1,0,single_arm,1,tqb2101 for injection,tqb2101 for injection,,ADC,,1,1,0,0,0,0,0,0,0,0,0,,metastatic · measurable (RECIST) · ECOG 0
NCT06951503,AK112 and Chemotherapy in First-line Metastatic Colorectal Cancer,PHASE3,Phase 3,RECRUITING,560,Akeso,Akeso,103,1,0,active_comparator,2,bevacizumab;irinotecan;leucovorin and 5-fu;oxaliplatin,ak112;irinotecan;leucovorin and 5-fu;oxaliplatin,PD-1,Bispecific Antibody,,1,1,0,0,0,0,0,0,0,0,0,,metastatic · adenoca. · measurable (RECIST) · ECOG 0
NCT06959550,Phase II Study of Anti-PD-1/VEGF Bispecific Antibody Ivonescimab in Patients With Previously Treated Metastatic Colorectal Cancer,PHASE2,Phase 2,RECRUITING,90,M.D. Anderson Cancer Center,M.D. Anderson Cancer Center,697,0,0,single_arm,1,ivonescimab,ivonescimab,PD-1,Bispecific Antibody,BRAF;MSI;MSI-H;MSS;PD-L1;dMMR;pMMR,1,1,0,1,1,0,0,0,0,1,1,"MSI-H/dMMR, MSS/pMMR",metastatic · 2nd-line+ · adenoca. · measurable (RECIST)
NCT06963502,A Phase Ib Study of HS-10370 in Addition to Other Anti-cancer Therapies in Patients With Advanced Solid Tumors,PHASE1,Phase 1,NOT_YET_RECRUITING,762,"Jiangsu Hansoh Pharmaceutical Co., Ltd.",Hansoh,82,1,0,multi_experimental,7,hs-10370,adebrelimab;capecitabine;fluorouracil and oxaliplatin/irinotecan;hs-10370;hs-20093;hs-20117;leucovorin;oxaliplatin;platinum (cisplatin or carboplatin),KRAS,Small Molecule,KRAS,0,1,0,0,0,0,0,1,0,1,1,KRAS G12C,metastatic · 2nd-line+ · measurable (RECIST)
NCT06968221,"Bovine Reinforcement in Stomach, Colorectal and Lung Operation",PHASE3,Phase 3,RECRUITING,172,Shanghai Cingularbio Co. Ltd,Shanghai Cingularbio,1,1,0,active_comparator,2,device: bioabsorbable staple line reinforcemen,device: bioabsorbable staple line reinforcemen,,,,0,1,0,0,0,0,0,0,0,0,0,,
NCT06974110,Study of Orally Administered MOMA-341 in Participants With Advanced or Metastatic Solid Tumors,PHASE1,Phase 1,RECRUITING,132,MOMA Therapeutics,MOMA Therapeutics,2,1,0,multi_experimental,3,moma-341,immunotherapy;irinotecan;moma-341,WRN,Small Molecule,MET;MMR;MSI;MSI-H;TA repeat expansions;dMMR,0,1,0,1,0,0,0,0,0,0,1,MSI-H/dMMR,metastatic · measurable (RECIST) · ECOG 2
NCT06992258,A Randomized Phase 2 Trial of Fruquintinib and TAS-102 as Compared to Fruquintinib in Patients With Refractory Advanced/Metastatic Colorectal Cancer,PHASE2,Phase 2,RECRUITING,120,"Criterium, Inc.",Criterium,12,1,0,active_comparator,2,fruquintinib,fruquintinib+ lonsurf (trifluridine and tipiracil),VEGF/VEGFR,Small Molecule,BRAF;MMR;MSI;MSI-H;dMMR,0,1,1,1,0,0,1,0,0,0,1,"RAS/RAF wt, MSI-H/dMMR, BRAFm",metastatic · adenoca. · measurable (RECIST)
NCT06997497,A Clinical Study of Calderasib (MK-1084) With Targeted Therapy and Chemotherapy in People With Colorectal Cancer (MK-1084-012/KANDLELIT-012),PHASE3,Phase 3,RECRUITING,477,Merck Sharp & Dohme LLC,Merck (MSD),649,1,1,active_comparator,2,bevacizumab;bevacizumab biosimilar;fluorouracil;leucovorin/levofolinate calcium;oxaliplatin,calderasib;cetuximab;fluorouracil;leucovorin/levofolinate calcium;oxaliplatin,VEGF/VEGFR,Monoclonal Antibody,KRAS,1,1,0,0,0,0,0,1,0,0,1,KRAS G12C,metastatic · adenoca.
NCT07004413,Continuous or Intermittent Cetuximab Plus FOLFIRI as First-line Treatment in RAS/BRAF Wild-type mCRC Patients,PHASE3,Phase 3,NOT_YET_RECRUITING,267,"Charite University, Berlin, Germany","Charite University, Berlin, Germany",9,0,1,active_comparator,2,folfiri+cetuximab,diagnostic test: guardant360 ctdna assay;folfiri+cetuximab,EGFR,Monoclonal Antibody,BRAF;KRAS;RAS,1,1,1,0,0,0,1,0,1,1,1,"RAS/RAF wt, BRAFm",metastatic · 1st-line · adenoca. · measurable (RECIST)
NCT07011576,A Study of Fruquintinib Plus FOLFIRI as Second-Line Treatment for Participants With Metastatic Colorectal Cancer (FRUITFUL),PHASE2,Phase 2,RECRUITING,60,"SCRI Development Innovations, LLC",SCRI Development Innovations,163,0,1,single_arm,1,and leucovorin);fluorouracil;folfiri (irinotecan;fruquintinib,and leucovorin);fluorouracil;folfiri (irinotecan;fruquintinib,VEGF/VEGFR,Small Molecule,BRAF;MSI;MSI-H,0,1,0,1,0,0,1,0,1,0,1,"MSI-H/dMMR, BRAFm",metastatic · 1st-line · adenoca. · measurable (RECIST)
NCT07020117,A Study of [225Ac]Ac-AKY-1189 in Patients With Solid Tumors,PHASE1,Phase 1,RECRUITING,150,"Aktis Oncology, Inc.",Aktis Oncology,2,1,0,single_arm,1,[225ac]ac-aky-1189 (therapeutic);[64cu]cu-aky-1189 (imaging),[225ac]ac-aky-1189 (therapeutic);[64cu]cu-aky-1189 (imaging),NECTIN4,Radiopharmaceutical,NECTIN4,0,1,0,0,0,0,0,0,0,0,0,,metastatic · measurable (RECIST)
NCT07020221,A Phase 1/2 Study of VS-7375 in Patients With KRAS G12D-Mutated Solid Tumors,PHASE1;PHASE2,Phase 2,RECRUITING,295,"Verastem, Inc.",Verastem,25,1,0,multi_experimental,10,vs-7375,carboplatin + pemetrexed + pembrolizumab;cetuximab;gemcitabine;gemcitabine + nab-paclitaxel;vs-7375,KRAS,Small Molecule,KRAS,0,1,0,0,0,0,0,0,0,0,0,,metastatic · measurable (RECIST)
NCT07023289,A Study to Assess Adverse Events and Change in Disease Activity in Adult Participants Receiving Intravenously Infused Telisotuzumab Adizutecan Alone or With Standard of Care in Participants With Post Adjuvant Circulating Tumor DNA Positive Colorectal Cancer and No Radiographic Evidence of Disease,PHASE2,Phase 2,RECRUITING,140,AbbVie,AbbVie,274,1,1,active_comparator,2,standard of care,telisotuzumab adizutecan,MET,ADC,MET,1,1,0,0,0,0,0,0,0,0,0,,neoadjuvant · adenoca.
NCT07025239,QL1706 Injection Plus Bevacizumab and XELOX vs Placebo Plus Bevacizumab and XELOX as First-Line Treatment of Unresectable Metastatic Colorectal Cancer,PHASE3,Phase 3,NOT_YET_RECRUITING,430,"Qilu Pharmaceutical Co., Ltd.",Qilu Pharmaceutical,108,1,0,placebo_comparator,2,bevacizumab;capecitabine;oxaliplatin,bevacizumab;capecitabine;oxaliplatin;ql1706,PD-1,Monoclonal Antibody,PD-L1;biomarker,1,1,0,0,0,0,0,0,0,1,0,,metastatic · 2nd-line+ · adenoca. · measurable (RECIST)
NCT07030257,Study of CP-383 in Patients With Advanced or Metastatic Solid Tumors,PHASE1;PHASE2,Phase 2,RECRUITING,150,Tasca Therapeutics,Tasca Therapeutics,1,1,0,multi_experimental,10,cp-383,cp-383,,,,0,1,0,0,0,0,0,0,0,0,0,,metastatic · small-cell
NCT07033026,"An Evaluation of NGM120 in a Randomized, Double-blind, Placebo-controlled Study in Participants With Colorectal Cancer Who Have Cancer Cachexia.",PHASE2,Phase 2,RECRUITING,136,"NGM Biopharmaceuticals, Inc",NGM Biopharmaceuticals,6,1,0,placebo_comparator,5,placebo given,ngm120 q4w;ngm120 q8w,GFRAL,Monoclonal Antibody,,1,1,0,0,0,0,0,0,0,0,0,,
NCT07036185,A Clinical Trail of KJ015 in Patients With HER2-Expressing Solid Tumors,PHASE1,Phase 1,NOT_YET_RECRUITING,66,"Shanghai Bao Pharmaceuticals Co., Ltd.",Shanghai Bao Pharmaceuticals,1,1,0,single_arm,1,kj015 injection (subcutaneous injection),kj015 injection (subcutaneous injection),HER2,Monoclonal Antibody,HER2,1,1,0,0,0,0,0,0,0,0,0,,metastatic
NCT07042685,Trial of 5-Fluorouracil (5FU)-Based Therapy in Combination With Fruquintinib in Patients With Locally Advanced Unresectable or Metastatic Colorectal Cancer,PHASE2,Phase 2,RECRUITING,50,The Methodist Hospital Research Institute,The Methodist Hospital Research Institute,27,0,1,single_arm,1,fruquintinib combined with,fruquintinib combined with,VEGF/VEGFR,Small Molecule,BRAF;MET;MSI;MSI-H;biomarker,0,1,0,1,0,0,1,0,0,0,1,"MSI-H/dMMR, BRAFm",metastatic · squamous · measurable (RECIST)
NCT07044908,TQB2922 and TAS-102 Tablets for Injection With or Without Bevacizumab in Chemotherapy-failed RAS/BRAF Wild-type Advanced Colorectal Cancer,PHASE1;PHASE2,Phase 2,RECRUITING,72,"Chia Tai Tianqing Pharmaceutical Group Nanjing Shunxin Pharmaceutical Co., Ltd.",Chia Tai Tianqing Pharmaceutical Group Nanjing Shunxin Pharmaceutical,36,1,0,multi_experimental,4,,tqb2922 injection ± tas-102 tablets;tqb2922 injection+tas-102 tablets ± bevacizumab,VEGF/VEGFR,Monoclonal Antibody,BRAF;MET;MMR;MSI;MSI-H;RAS;dMMR,1,1,1,1,0,0,0,0,0,0,1,"RAS/RAF wt, MSI-H/dMMR",metastatic · measurable (RECIST) · ECOG 0-1
NCT07058012,A Phase II Platform Study to Evaluate Treatment With Cemiplimab Monotherapy or Cemiplimab Plus Fianlimab or Other Novel Combinations in Patients With Colorectal Cancer With Minimal Residual Disease Following Definitive Surgery and Chemotherapy (EMPIRE),PHASE2,Phase 2,RECRUITING,79,NSABP Foundation Inc,NSABP Foundation Inc,26,0,1,active_comparator,3,cemiplimab;cemiplimab plus fianlimab;ctdna testing,cemiplimab + regn7075;ctdna testing,PD-1,Monoclonal Antibody,MET;MMR;MSI;MSI-H;dMMR,1,1,0,1,1,0,0,0,0,0,1,"MSI-H/dMMR, MSS/pMMR",metastatic · adenoca.
NCT07066657,A Study of MRG007 (ARR-217) in Patients With Advanced Solid Tumors,PHASE1,Phase 1,RECRUITING,572,"ArriVent BioPharma, Inc.",ArriVent BioPharma,5,1,0,multi_experimental,2,,mrg007;mrg007 and bevacizumab,EGFR,Monoclonal Antibody,EGFR,1,1,0,0,0,0,0,0,0,0,0,,metastatic · measurable (RECIST)
NCT07070518,Study of GV20-0251 in Participants With Solid Tumor Malignancies,PHASE1;PHASE2,Phase 2,RECRUITING,350,GV20 Therapeutics,GV20 Therapeutics,3,1,0,single_arm,1,gv20-0251,gv20-0251,IGSF8,Oncolytic Virus,IGSF8 RNA;IGSF8 membrane protein;PD-L1,1,1,0,0,0,0,0,0,0,1,0,,metastatic · 2nd-line+ · measurable (RECIST)
NCT07071714,A Phase II Study of SHR-8068 Injection in Combination With Anti-tumor Therapies in Colorectal Cancer,PHASE2,Phase 2,ACTIVE_NOT_RECRUITING,103,"Suzhou Suncadia Biopharmaceuticals Co., Ltd.",Suzhou Suncadia Biopharmaceuticals,86,1,0,multi_experimental,2,adebrelimab injection;shr-8068 injection,adebrelimab injection;bevacizumab injection;shr-8068 injection,PD-L1,Monoclonal Antibody,PD-L1,1,1,0,0,0,0,0,0,0,0,0,,metastatic
NCT07071844,BETWEEN: Biweekly Bevacizumab + Trifluridine/Tipiracil to Reduce Grade 3-4 Neutropenia in mCRC Patients,PHASE2,Phase 2,NOT_YET_RECRUITING,162,GERCOR - Multidisciplinary Oncology Cooperative Group,GERCOR - Multidisciplinary Oncology Cooperative Group,13,0,1,active_comparator,2,bevacizumab;trifluridine/tipiracil,bevacizumab;trifluridine/tipiracil,VEGF/VEGFR,Monoclonal Antibody,BRAF;MMR;MSI;dMMR,1,1,1,1,0,0,0,0,0,0,1,"RAS/RAF wt, MSI-H/dMMR",metastatic · adenoca. · measurable (RECIST) · ECOG 0-1
NCT07071961,"Regorafenib (Reg) and Lorigerlimab (Lor), RELO Regimen, in Treatment of High-risk Patients With Colorectal Cancer With Radiographic Occult Molecular Residual Disease After End of Established Definitive Therapy [ReLOAD Trial]",PHASE2,Phase 2,RECRUITING,16,M.D. Anderson Cancer Center,M.D. Anderson Cancer Center,697,0,1,single_arm,1,lorigerlimab;regorafenib (ct),lorigerlimab;regorafenib (ct),PD-1/CTLA-4,Bispecific Antibody,,1,1,0,0,0,0,0,0,0,0,0,,metastatic
NCT07079631,"A Clinical Study to Test if an Investigational Treatment Called BNT314 When Used in Combination With Another Investigational Treatment Pumitamig (BNT327) and Chemotherapy, is Beneficial and Safe for Patients With Advanced Colorectal Cancer",PHASE1;PHASE2,Phase 2,RECRUITING,482,BioNTech SE,BioNTech,45,1,1,active_comparator,6,bevacizumab;soc chemotherapy treatment 1,bnt314;pumitamig;soc chemotherapy treatment 1;soc chemotherapy treatment 2,,,MMR;MSI;MSI-H;PD-L1,0,1,0,1,1,0,0,0,1,0,1,"MSI-H/dMMR, MSS/pMMR",metastatic · 1st-line · adenoca. · measurable (RECIST)
NCT07085091,A First in Human Study of ALX2004 With Advanced or Metastatic Selected Solid Tumors,PHASE1,Phase 1,RECRUITING,170,ALX Oncology Inc.,ALX Oncology,8,1,0,multi_experimental,3,alx2004,alx2004,EGFR,ADC,MSI;MSI-H;dMMR,1,1,0,1,0,0,0,0,0,1,1,MSI-H/dMMR,metastatic · 2nd-line+
NCT07094204,A Study to Find a Suitable Dose of ASP5834 in Adults With Solid Tumors,PHASE1,Phase 1,RECRUITING,364,Astellas Pharma Inc,Astellas,171,1,1,multi_experimental,6,asp5834,asp5834;panitumumab,KRAS,Small Molecule,KRAS;MMR;MSI;MSI-H;dMMR;genomic,0,1,0,1,0,0,0,1,0,0,1,"MSI-H/dMMR, KRAS G12C",metastatic · adenoca. · measurable (RECIST)
NCT07095309,Safety and Effectiveness Study of Pre-operative Artesunate in Stage II/ III Colorectal Cancer,PHASE2,Phase 2,NOT_YET_RECRUITING,120,Metanoic Health Ltd.,Metanoic Health,2,1,0,placebo_comparator,2,artesunate matching placebo,artesunate,,,,0,1,0,0,0,0,0,0,0,0,0,,neoadjuvant · adenoca.
NCT07106892,"Phase II, Open-label, Multicenter Study to Evaluate the Efficacy and Safety of HLX43 (an Anti-PD-L1 ADC) in Subjects With Advanced Colorectal Cancer",PHASE2,Phase 2,RECRUITING,60,Shanghai Henlius Biotech,Shanghai Henlius,98,1,0,multi_experimental,3,,hlx43 dose 1;;hlx43 dose 2;;hlx43 dose 3;,PD-L1,ADC,MET;PD-L1,1,1,0,0,0,0,0,0,0,0,0,,metastatic · ductal · measurable (RECIST)
NCT07114601,A Study of LY4257496 in Participants With Cancer (OMNIRAY),PHASE1,Phase 1,RECRUITING,421,Eli Lilly and Company,Eli Lilly,535,1,1,multi_experimental,5,diagnostic test: ly4257529;ly4257496,diagnostic test: ly4257529;ly4257496;standard of care anticancer therapies,GRPR,Radiopharmaceutical,ER;GRPR;HER2,0,1,0,0,0,1,0,0,0,1,1,HER2+,metastatic · 2nd-line+ · adenoca. · measurable (RECIST)
NCT07127874,A Study of PHN-012 in Patients With Advanced Solid Tumors,PHASE1,Phase 1,RECRUITING,165,Pheon Therapeutics,Pheon Therapeutics,2,1,0,single_arm,1,phn-012,phn-012,,ADC,,1,1,0,0,0,0,0,0,0,0,0,,metastatic · adenoca. · measurable (RECIST)
NCT07128355,"Botensilimab, Balstilimab, and SBRT in Colorectal Cancer",EARLY_PHASE1,Phase 1,RECRUITING,15,Massachusetts General Hospital,Massachusetts General Hospital,170,0,0,single_arm,1,balstilimab;botensilimab;stereotactic body radiation therapy (sbrt),balstilimab;botensilimab;stereotactic body radiation therapy (sbrt),PD-1,Monoclonal Antibody,MMR;MSI;MSI-H;PD-L1,1,1,0,0,1,0,0,0,0,1,1,MSS/pMMR,metastatic · 2nd-line+ · adenoca.
NCT07133750,PM8002 (BNT327) in Combination With Chemotherapy in Patients With Metastatic Colorectal Cancer,PHASE2,Phase 2,RECRUITING,100,Biotheus Inc.,Biotheus,16,1,0,multi_experimental,6,pm8002,chemotherapy regimen 1;chemotherapy regimen 2;chemotherapy regimen 3;pm8002,PD-L1,Monoclonal Antibody,MSI;MSI-H;PD-L1;dMMR,1,1,0,1,0,0,0,0,0,0,1,MSI-H/dMMR,metastatic · measurable (RECIST)
NCT07134205,The Study of JMT101 Combined With Irinotecan as a ≥3rd-Line Treatment in Metastatic Colorectal Cancer,PHASE3,Phase 3,NOT_YET_RECRUITING,252,Shanghai JMT-Bio Inc.,Shanghai JMT-Bio,33,1,0,active_comparator,2,regorafenib,irinotecan;jmt101,EGFR,Monoclonal Antibody,BRAF;EGFR;MSI;MSI-H;dMMR,1,1,1,1,0,0,0,0,0,1,1,"RAS/RAF wt, MSI-H/dMMR",metastatic · 2nd-line+ · adenoca. · measurable (RECIST) · ECOG 0-1
NCT07136077,A Phase 2 Trial of Fruquintinib and Tislelizumab in ctDNA-defined Minimal Residual Disease in Colorectal Cancer After Completion of Adjuvant Chemotherapy,PHASE2,Phase 2,ACTIVE_NOT_RECRUITING,15,M.D. Anderson Cancer Center,M.D. Anderson Cancer Center,697,0,1,single_arm,1,fruquintinib;tislelizumab,fruquintinib;tislelizumab,PD-1,Monoclonal Antibody,PD-L1,1,1,0,0,1,0,0,0,0,0,1,MSS/pMMR,adenoca.
NCT07140679,"Immunotherapy (Toripalimab) for Reducing Recurrence Risk After Surgery for Mismatch Repair Deficient Stage IIB, IIC, or III Colon Cancer",PHASE2,Phase 2,RECRUITING,40,Emory University,Emory University,116,0,0,single_arm,1,biopsy procedure;biospecimen collection;colonoscopy;computed tomography;questionnaire administration;toripalimab,biopsy procedure;biospecimen collection;colonoscopy;computed tomography;questionnaire administration;toripalimab,PD-1,Monoclonal Antibody,MMR;MSI;MSI-H;PD-L1;dMMR,1,1,0,1,0,0,0,0,0,0,1,MSI-H/dMMR,metastatic
NCT07145255,"Phase 1/2 Dose Finding, Safety and PK Study in Advanced Refractory Solid Tumors",PHASE1;PHASE2,Phase 2,RECRUITING,150,MBrace Therapeutics,MBrace Therapeutics,2,1,0,multi_experimental,3,adc,adc,,ADC,AR;HER2,1,1,0,0,0,1,0,0,0,1,1,HER2+,metastatic · 2nd-line+ · adenoca. · measurable (RECIST)
NCT07148128,"Phase 1/2a Study to Assess the Safety, Tolerability, Pharmacokinetics, and Preliminary Efficacy of WEF-001 as Monotherapy in Advanced KRAS-Mutant Solid Tumours.",PHASE1;PHASE2,Phase 2,RECRUITING,110,Auricula Biosciences Inc.,Auricula Biosciences,1,1,0,single_arm,1,wef-001,wef-001,KRAS,Small Molecule,KRAS,0,1,0,0,0,0,0,0,0,0,0,,metastatic · adenoca. · measurable (RECIST) · ECOG 1
NCT07151040,Phase 1/2 Study to Evaluate TH9619 in the Treatment of Advanced Solid Tumors,PHASE1;PHASE2,Phase 2,RECRUITING,43,One-carbon Therapeutics AB,One-carbon Therapeutics,1,1,0,single_arm,1,th9619,th9619,MTHFD1,Small Molecule,,0,1,0,0,0,0,0,0,0,0,0,,metastatic · squamous
NCT07162714,SCRT Followed by AK112 in pMMR/MSS Mid-low Rectal Cancer,PHASE2,Phase 2,RECRUITING,30,Zhejiang Cancer Hospital,Zhejiang Cancer Hospital,12,0,0,single_arm,1,ivonescimab (;non-operative management;radiotherapy;surgery,ivonescimab (;non-operative management;radiotherapy;surgery,PD-1,Monoclonal Antibody,MSI;MSS;PR;pMMR,1,1,0,0,1,0,0,0,0,0,1,MSS/pMMR,metastatic · adenoca.
NCT07166263,Safety and Efficacy of NK510 to Treat Gastric Cancer and Colorectal Cancer,EARLY_PHASE1,Phase 1,NOT_YET_RECRUITING,15,"Base Therapeutics (Shanghai) Co., Ltd.",Base Therapeutics (Shanghai),8,1,0,multi_experimental,2,nk510,nk510,,Cell Therapy,,1,1,0,0,0,0,0,0,0,0,0,,metastatic · measurable (RECIST)
NCT07169734,A Study to Investigate ALE.P03 as Monotherapy in Adult Patients With Selected Advanced or Metastatic CLDN1+ Solid Tumors,PHASE1;PHASE2,Phase 2,RECRUITING,180,Alentis Therapeutics AG,Alentis Therapeutics,3,1,0,multi_experimental,3,ale.p03,ale.p03,CLDN1,ADC,CLDN1,1,1,0,0,0,0,0,0,0,1,0,,metastatic · 2nd-line+ · adenoca. · measurable (RECIST)
NCT07179692,CEA-Targeted CAR-T Therapy in CEA-Positive Advanced Solid Tumors,PHASE1,Phase 1,RECRUITING,108,"Chongqing Precision Biotech Co., Ltd",Chongqing Precision Biotech,41,1,0,multi_experimental,3,cea-targeted car-t cells,cea-targeted car-t cells,CEA,CAR-T,CEA;MET,1,1,0,0,0,0,0,0,0,1,0,,metastatic · 2nd-line+ · measurable (RECIST)
NCT07189871,"177Lu-BetaBart in Patients With Relapsed/Refractory, Locally Advanced Inoperable, or Metastatic Solid Tumors",PHASE1;PHASE2,Phase 2,RECRUITING,61,"Radiopharm Theranostics, Ltd",Radiopharm Theranostics,7,1,0,single_arm,1,177lu-betabart,177lu-betabart,B7-H3,Radiopharmaceutical,,0,1,0,0,0,0,0,0,0,1,0,,metastatic · 2nd-line+ · measurable (RECIST)
NCT07192068,Clinical Trial Evaluating the Activity of Zanidatamab for the Treatment of Patients With Solid Tumors With an Alteration of the HER2 Gene.,PHASE2,Phase 2,RECRUITING,105,UNICANCER,UNICANCER,64,0,0,single_arm,1,zanidatamab,zanidatamab,HER2,Bispecific Antibody,HER2,1,1,0,0,0,1,0,0,0,0,1,HER2+,metastatic · squamous · measurable (RECIST)
NCT07198321,"A Single-Arm, Open-Label, Multicenter Phase I/II Clinical Study of GFH276 in Patients With RAS-Mutant Advanced Solid Tumors",PHASE1;PHASE2,Phase 2,NOT_YET_RECRUITING,450,Genfleet Therapeutics (Shanghai) Inc.,Genfleet Therapeutics (Shanghai),15,1,0,single_arm,1,gfh276,gfh276,KRAS,Cell Therapy,,1,1,0,0,0,0,0,0,0,0,0,,metastatic · measurable (RECIST)
NCT07202364,A Study of YL202 in Patients With Advanced Solid Tumors,PHASE2,Phase 2,RECRUITING,100,"MediLink Therapeutics (Suzhou) Co., Ltd.",MediLink Therapeutics (Suzhou),23,1,0,multi_experimental,2,yl202,yl202,HER3,ADC,HER2;HR,1,1,0,0,0,0,0,0,0,0,0,,metastatic · measurable (RECIST)
NCT07204574,"The Phase 1b/IIa, Open-label, Dose Escalation and Dose Expansion to Evaluate Safety, Tolerability, and Preliminary Efficacy of the Combination of HCB101, Cetuximab/Bevacizumab, and FOLFOX/FOLFIRI in Advanced or Metastatic Colorectal Cancer",PHASE1;PHASE2,Phase 2,RECRUITING,40,Chang Gung Memorial Hospital,Chang Gung Memorial Hospital,11,0,0,single_arm,1,bevacizumab;cetuximab (erbitux);folfiri (fluorouracil (5-fu);folfox (oxaliplatin/leucovorin/5-fluorouracil);hcb101;irinotecan);leucovorin,bevacizumab;cetuximab (erbitux);folfiri (fluorouracil (5-fu);folfox (oxaliplatin/leucovorin/5-fluorouracil);hcb101;irinotecan);leucovorin,VEGF/VEGFR,Bispecific Antibody,BRAF,1,1,1,0,0,0,0,0,0,1,1,RAS/RAF wt,metastatic · 2nd-line+ · squamous · measurable (RECIST)
NCT07213609,A Study to Investigate the Safety and Preliminary Efficacy of GSK5460025 Alone or in Combination With Other Anti-cancer Agents in Participants With Solid Tumors,PHASE1;PHASE2,Phase 2,RECRUITING,47,GlaxoSmithKline,GSK,468,1,1,multi_experimental,2,gsk5460025,gsk5460025,,,MMR;MSI;MSI-H;dMMR,0,1,0,1,0,0,0,0,0,0,1,MSI-H/dMMR,metastatic · squamous · measurable (RECIST)
NCT07213791,A Study of LY4337713 in Participants With FAP-Positive Solid Tumors,PHASE1,Phase 1,RECRUITING,241,Eli Lilly and Company,Eli Lilly,535,1,1,multi_experimental,6,ly4337713,ly4337713,FAP,Radiopharmaceutical,FAP;HER2,0,1,0,0,0,1,0,0,0,1,1,HER2+,metastatic · 2nd-line+ · adenoca. · ECOG 0-1
NCT07216105,"FT836 With or Without Chemotherapy and/or Monoclonal Antibodies, in Participants With Advanced Solid Tumors",PHASE1,Phase 1,RECRUITING,119,Fate Therapeutics,Fate Therapeutics,19,1,0,multi_experimental,8,ft836,cetuximab;ft836;trastuzumab,HER2,CAR-T,,1,1,0,0,0,0,0,0,0,1,0,,metastatic · 2nd-line+ · measurable (RECIST)
NCT07219238,"Study to Evaluate the Diagnostic Performance of GEH300079 (68Ga) Injection PET/CT for Detection of PC in Patients With Colorectal, Gastric, Ovarian, or Pancreatic Cancers (PERISCOPE)",PHASE2;PHASE3,Phase 3,RECRUITING,175,GE Healthcare,GE Healthcare,18,1,0,single_arm,1,geh300079 (68ga) injection positron-emission tomography (pet)/computed tomography (ct),geh300079 (68ga) injection positron-emission tomography (pet)/computed tomography (ct),,Radiopharmaceutical,,0,1,0,0,0,0,0,0,1,0,0,,metastatic · 1st-line
NCT07221058,Adaptive Radiation Boost for Rectal Cancer,PHASE1,Phase 1,RECRUITING,37,Fox Chase Cancer Center,Fox Chase Cancer Center,34,0,0,single_arm,1,adaptive radiotherapy boost,adaptive radiotherapy boost,,,,0,1,0,0,0,0,0,0,0,1,0,,2nd-line+ · adenoca.
NCT07221357,"A Study to Evaluate the Safety and Efficacy of Pumitamig in Combination With Chemotherapy Versus Bevacizumab in Combination With Chemotherapy in Participants With Previously Untreated, Unresectable, or Metastatic Colorectal Cancer",PHASE2;PHASE3,Phase 3,RECRUITING,990,Bristol-Myers Squibb,Bristol Myers Squibb,764,1,1,multi_experimental,5,FOLFIRI;FOLFOX;pumitamig,CAPOX;FOLFIRI;FOLFOX;pumitamig,VEGF/VEGFR,Monoclonal Antibody,BRAF;MMR;MSI;MSI-H;PD-L1;dMMR,1,1,0,1,0,0,0,0,1,0,1,MSI-H/dMMR,metastatic · 1st-line · adenoca. · measurable (RECIST)
NCT07222800,Symbiotic-GI-03: A Study to Learn About the Study Medicine Called PF-08634404 in Combination With Chemotherapy in Adult Participants With Metastatic Colorectal Cancer,PHASE3,Phase 3,RECRUITING,800,Pfizer,Pfizer,687,1,1,active_comparator,2,bevacizumab,pf-08634404,PD-1,Bispecific Antibody,BRAF;MMR;MMR-PROFICIENT;MSI;MSI-H;PD-L1;RAS;ctDNA;dMMR;pMMR,1,1,0,1,0,0,1,0,0,0,1,"MSI-H/dMMR, BRAFm",metastatic · adenoca. · measurable (RECIST) · ECOG 0-1
NCT07223047,"A Study to Evaluate the Safety, Tolerability, and Efficacy of BMS-986523 Alone and in Combination With Anti-Cancer Agents in Participants With Advanced Solid Malignancies",PHASE1;PHASE2,Phase 2,RECRUITING,252,Bristol-Myers Squibb,Bristol Myers Squibb,764,1,1,multi_experimental,6,bms-986523,bms-986523;cetuximab;gemcitabine;nab-paclitaxel;pembrolizumab,,,KRAS;PD-L1,0,1,0,0,0,0,0,0,0,0,0,,metastatic
NCT07224022,Cemiplimab With Fianlimab for Resectable Non-Metastatic Colon Cancer,PHASE2,Phase 2,NOT_YET_RECRUITING,24,"John Strickler, M.D.","John Strickler, M.D.",3,0,1,single_arm,1,cemiplimab + fianlimab [fixed dose combination (fdc)],cemiplimab + fianlimab [fixed dose combination (fdc)],PD-1,Monoclonal Antibody,MMR;MSI-H;PD-L1,1,1,0,0,1,0,0,0,1,0,1,MSS/pMMR,metastatic · 1st-line · adenoca. · measurable (RECIST)
NCT07227168,A Study of STRO-004 in Adults With Refractory/Recurrent Metastatic Cancer,PHASE1,Phase 1,RECRUITING,200,"Sutro Biopharma, Inc.",Sutro Biopharma,8,1,0,multi_experimental,3,stro-004,pembrolizumab;stro-004,PD-1,ADC,genomic,1,1,0,0,0,0,0,0,0,0,0,,metastatic · adenoca. · measurable (RECIST)
NCT07227636,A Study of Botensilimab and Balstilimab for Colorectal Cancer With ctDNA+ After Surgery and Chemotherapy,PHASE2,Phase 2,RECRUITING,284,Memorial Sloan Kettering Cancer Center,Memorial Sloan Kettering Cancer Center,411,0,0,multi_experimental,4,balstilimab;botensilimab,balstilimab;botensilimab,PD-1,Monoclonal Antibody,MSI;MSI-H;PD-L1,1,1,0,1,1,0,0,0,0,0,1,"MSI-H/dMMR, MSS/pMMR",metastatic · ECOG 0
NCT07228832,Phase III Study of Ivonescimab or Bevacizumab Combined With FOLFOX in Patients With Metastatic Colorectal Cancer,PHASE3,Phase 3,RECRUITING,600,Summit Therapeutics,Summit Therapeutics,5,1,0,active_comparator,2,drug: bevacizumab injection,drug: ivonescimab injection,PD-1/VEGF,Bispecific Antibody,BRAF;KRAS;MMR;MSI;MSI-H;dMMR,1,1,0,1,0,0,1,0,0,0,1,"MSI-H/dMMR, BRAFm",metastatic
NCT07233850,A Phase II Clinical Study Evaluating SSGJ-706 in Combination Therapy for Advanced Gastrointestinal Cancers,PHASE2,Phase 2,NOT_YET_RECRUITING,300,"Shenyang Sunshine Pharmaceutical Co., LTD.",Shenyang Sunshine Pharmaceutical,14,1,0,multi_experimental,4,,ssgj-706+ag;ssgj-706+bevacizumab+xelox;ssgj-706+tp;ssgj-706+xelox,,,HER2;MSI;MSI-H;dMMR,0,1,0,1,0,1,0,0,0,1,1,"MSI-H/dMMR, HER2+",metastatic · 2nd-line+ · adenoca. · measurable (RECIST) · ECOG 0-1
NCT07235293,A Study to Test DSP107 in Combination With Atezolizumab in Comparison With Fruquintinib as a New Treatment for Colorectal Cancer.,PHASE2,Phase 2,RECRUITING,90,Kahr Bio Australia Pty Ltd,Kahr Bio Australia Pty,1,1,0,active_comparator,2,fruquintinib,dsp107 + atezolizumab,PD-L1,Monoclonal Antibody,MSI-STABLE,1,1,0,0,1,0,0,0,0,0,1,MSS/pMMR,metastatic · measurable (RECIST)
NCT07244705,A Study of ABT-301 Plus Tislelizumab With Bevacizumab in pMMR/Non-MSI-H Locally Advanced or mCRC,PHASE1;PHASE2,Phase 2,RECRUITING,66,"Anbogen Therapeutics, Inc.",Anbogen Therapeutics,2,1,0,multi_experimental,2,abt-301;bevacizumab (avastin);tislelizumab,abt-301;bevacizumab (avastin);tislelizumab,HDAC,Small Molecule,BRAF;HER2;KRAS;MET;MSI;MSI-H;NTRK;Non-MSI-H;PD-L1;RET;biomarker;pMMR,0,1,0,1,1,1,1,1,0,0,1,"MSI-H/dMMR, MSS/pMMR, HER2+, BRAFm, KRAS G12C",metastatic · ductal · measurable (RECIST)
NCT07247396,CEA CAR-T Therapy After Cytoreduction in Colorectal Cancer Patients With Peritoneal Metastases,PHASE1,Phase 1,RECRUITING,12,"Second Affiliated Hospital, Zhejiang University, School of Medicine","Second Affiliated Hospital, Zhejiang University, School of Medicine",12,0,0,single_arm,1,cea-targeted car-t cells,cea-targeted car-t cells,CEA,CAR-T,CEA,1,1,0,0,0,0,0,0,0,0,0,,metastatic
NCT07255664,"A FIH, Phase I/IIa, Trial Assessing Feasibility of Administrations of TIL-based Immunotherapy in Patients With Metastatic CRC and PC",PHASE1;PHASE2,Phase 2,RECRUITING,12,CuraCell TX AB,CuraCell TX,1,1,0,single_arm,1,cc-38;cyclophosphamid;interleukin-2;pembrolizumab;uromitexan,cc-38;cyclophosphamid;interleukin-2;pembrolizumab;uromitexan,,Cell Therapy,BRAF,1,1,0,0,0,0,0,0,0,0,0,,metastatic · measurable (RECIST)
NCT07259590,A Study of GFH375 Combined With Cetuximab or Chemotherapy in Participants With Solid Tumors Harboring KRAS G12D Mutation,PHASE1;PHASE2,Phase 2,RECRUITING,126,Genfleet Therapeutics (Shanghai) Inc.,Genfleet Therapeutics (Shanghai),15,1,0,multi_experimental,2,gfh375,gfh375,,Monoclonal Antibody,KRAS,1,1,0,0,0,0,0,0,0,0,0,,metastatic · measurable (RECIST)
NCT07260058,Immune Cell Therapy for Advanced Solid Tumors,PHASE1;PHASE2,Phase 2,NOT_YET_RECRUITING,48,"Liaoning Medical Diagnosis and Treatment Technology Research and Development Co., Ltd.",Liaoning Medical Diagnosis and Treatment Technology Research and Development,1,1,0,active_comparator,2,standard,autologous immune cells;standard,,Cell Therapy,,1,1,0,0,0,0,0,0,0,0,0,,metastatic · measurable (RECIST)
NCT07261631,Phase I Study of [177Lu]Lu-DFC413 in Patients With Solid Tumors,PHASE1,Phase 1,RECRUITING,180,Novartis Pharmaceuticals,Novartis,836,1,1,single_arm,1,177lu-dfc413;68ga-nns309,177lu-dfc413;68ga-nns309,,Radiopharmaceutical,HER2;MMR;MSI;MSI-H;dMMR;genomic,0,1,0,1,0,1,0,0,0,0,1,"MSI-H/dMMR, HER2+",metastatic · ductal
NCT07262619,"EIK1005-002: A Clinical Research Study Evaluating EIK1005, a Werner Helicase Inhibitor, as Monotherapy and in Combination With Pembrolizumab in Participants With Advanced Solid Tumors Including Microsatellite Instability High (MSI-H) Tumors",PHASE1;PHASE2,Phase 2,RECRUITING,160,Eikon Therapeutics,Eikon Therapeutics,10,1,1,multi_experimental,3,eik1005,eik1005;pembrolizumab (keytruda ),WRN,Small Molecule,MMR;MSI;MSI-H;dMMR,0,1,0,1,1,0,0,0,0,1,1,"MSI-H/dMMR, MSS/pMMR",metastatic · 2nd-line+ · measurable (RECIST) · ECOG 0-1
NCT07272642,"A Phase 1, Multicenter Imaging Study of LNTH-2403 in Participants With Locally Advanced or Metastatic Solid Tumors.",PHASE1,Phase 1,NOT_YET_RECRUITING,16,"Radiopharm Theranostics, Ltd",Radiopharm Theranostics,7,1,0,single_arm,1,lnth-2403,lnth-2403,LRRC15,Radiopharmaceutical,biomarker,0,1,0,0,0,0,0,0,0,0,0,,metastatic · squamous
NCT07277322,Neoadjuvant Dupilumab and Toripalimab in MSS CRC Subjects With Resectable Liver Metastases,PHASE1;PHASE2,Phase 2,RECRUITING,24,Dan Feng,Dan Feng,2,0,0,single_arm,1,dupilumab;toripalimab,dupilumab;toripalimab,IL-4R,Monoclonal Antibody,MET;MSI;MSI-H,1,1,0,1,1,0,0,0,1,0,1,"MSI-H/dMMR, MSS/pMMR",metastatic · 1st-line · squamous
NCT07281716,Combination Immunotherapy for the Treatment of Chemotherapy-refractory Metastatic MSS CRC,PHASE1;PHASE2,Phase 2,RECRUITING,24,Dan Feng,Dan Feng,2,0,0,single_arm,1,nadunolimab;toripalimab,nadunolimab;toripalimab,IL1RAP,Monoclonal Antibody,MSI;MSI-H;PD-L1,1,1,0,1,1,0,0,0,0,0,1,"MSI-H/dMMR, MSS/pMMR",
NCT07281768,Capecitabine/Oxaliplatin Chemotherapy and Cemiplimab With or Without Fianlimab or REGN7075 in Locally Advanced Rectal Cancer,PHASE2,Phase 2,RECRUITING,66,Sidney Kimmel Comprehensive Cancer Center at Johns Hopkins,Sidney Kimmel Comprehensive Cancer Center at Johns Hopkins,160,0,1,multi_experimental,3,capecitabine;cemiplimab;oxaliplatin,capecitabine;cemiplimab;fianlimab;oxaliplatin;regn7075,PD-1,Monoclonal Antibody,MMR;PD-L1,1,1,0,0,1,0,0,0,0,0,1,MSS/pMMR,metastatic · adenoca.
NCT07283367,A Phase Ib/II Trial of HS-20110 Combination Therapies in Advanced Colorectal Cancer Patients.,PHASE1;PHASE2,Phase 2,RECRUITING,502,Hansoh BioMedical R&D Company,Hansoh,82,1,0,multi_experimental,3,,cohort 1: hs-20110+ bevacizumab+5-fu/leucovorin;cohort 2: hs-20110+bevacizumab+oxaliplatin+5-fu/leucovorin;cohort 3: hs-20110+bevacizumab+oxaliplatin+capecitabine,VEGF/VEGFR,Monoclonal Antibody,BRAF;MSI;MSI-H,1,1,0,1,0,0,1,0,0,1,1,"MSI-H/dMMR, BRAFm",advanced · 2nd-line+ · measurable (RECIST)
NCT07284849,A Study to Evaluate the Efficacy and Safety of Standard-of-Care Chemotherapy and Bevacizumab With or Without INCA33890 in the First-Line Treatment of Metastatic Microsatellite Stable Colorectal Cancer,PHASE3,Phase 3,RECRUITING,700,Incyte Corporation,Incyte,162,1,0,placebo_comparator,2,FOLFOX;bevacizumab,FOLFOX;bevacizumab;inca33890,VEGF/VEGFR,Bispecific Antibody,BRAF;CD8;CXCL10;CXCL9;FOXP3;Granzyme B;HLA-DR;IFNγ;KI67;MSI;MSI-H;MSS;PSMAD;dMMR,1,1,0,1,0,0,1,0,0,0,1,"MSI-H/dMMR, BRAFm",metastatic · adenoca. · measurable (RECIST)
NCT07300150,A Study of PT0511 in Participants With KRAS Mutated or Amplified Advanced Solid Tumors,PHASE1,Phase 1,RECRUITING,210,"PAQ Therapeutics, Inc.",PAQ Therapeutics,2,1,0,multi_experimental,9,pt0511,cetuximab;pt0511,KRAS,Small Molecule,KRAS,0,1,1,0,0,0,0,0,0,0,1,RAS/RAF wt,metastatic · squamous · measurable (RECIST)
NCT07314294,Phase II Study of EMB-01 in Recurrent/Metastatic Colorectal Cancer Patients,PHASE2,Phase 2,RECRUITING,54,"Shanghai EpimAb Biotherapeutics Co., Ltd.",Shanghai EpimAb Biotherapeutics,10,1,0,multi_experimental,2,emb-01,emb-01;then every 2 weeks thereafter,EGFR,Bispecific Antibody,BRAF;EGFR;HER2;KRAS;MET;NTRK;RET,1,1,0,0,0,1,1,0,0,1,1,"HER2+, BRAFm",metastatic · 2nd-line+ · measurable (RECIST)
NCT07318805,A Study to Learn About the Study Medicine Called PF-08032562 in People With Advanced or Metastatic Solid Tumors,PHASE1,Phase 1,RECRUITING,260,Pfizer,Pfizer,687,1,1,multi_experimental,7,pf-08032562,bevacizumab;cetuximab;fluorouracil;fulvestrant;leucovorin;oxaliplatin;pf-08032562,,,,0,1,0,0,0,0,0,0,0,0,0,,metastatic · measurable (RECIST)
NCT07321106,"A Study to Investigate the Safety, Tolerability, Pharmacokinetics, and Anti-tumor Activity of CBI-1214 T Cell Engager in Participants With Advanced or Metastatic MSS/MSI-L Colorectal Cancer",PHASE1,Phase 1,RECRUITING,80,Cartography Biosciences,Cartography Biosciences,1,1,0,single_arm,1,cbi-1214,cbi-1214,LY6G6D,Bispecific Antibody,BRAF;HER2;MSI;MSI-H;MSI-L;MSS;dMMR;genomic,1,1,0,1,1,1,1,0,0,1,1,"MSI-H/dMMR, MSS/pMMR, HER2+, BRAFm",metastatic · 2nd-line+ · ductal
NCT07321847,Injection of IP-001 Into Thermally Ablated Hepatic Tumors in Patients With Colorectal Liver Metastases,PHASE2;PHASE3,Phase 3,NOT_YET_RECRUITING,717,"Immunophotonics, Inc.",Immunophotonics,2,1,0,active_comparator,3,microwave (thermal) tumor ablation,1.0% ip-001 for injection;a;microwave (thermal) tumor ablation,,Oncolytic Virus,MET,1,1,0,0,0,0,0,0,0,0,0,,metastatic
NCT07328087,"COLONYVAQ™, a Quantum-Classical Guided Personalized Neoantigen Vaccine for MSS Stage III Colorectal Cancer",EARLY_PHASE1,Phase 1,RECRUITING,12,Biogenea Pharmaceuticals Ltd.,Biogenea Pharmaceuticals,4,1,0,single_arm,1,experimental: colonyvaq-crc + mfolfox6 or capox + nivolumab,experimental: colonyvaq-crc + mfolfox6 or capox + nivolumab,PD-1,Monoclonal Antibody,MMR;MSI;MSI-H;PD-L1;dMMR,1,1,0,1,1,0,0,0,0,0,1,"MSI-H/dMMR, MSS/pMMR",metastatic · adenoca.
NCT07340567,Personalizing Chemotherapy Selection After Surgery for Patients With Stage III Colorectal Cancer Using a Blood Test,PHASE3,Phase 3,ACTIVE_NOT_RECRUITING,2450,UNICANCER,UNICANCER,64,0,0,active_comparator,4,FOLFOX;capecitabine;oxaliplatin,FOLFIRINOX;capecitabine,,,MSI;dMMR,0,1,0,1,1,0,0,0,0,0,1,"MSI-H/dMMR, MSS/pMMR",metastatic · adenoca.
NCT07341737,SL-28 for Advanced Solid Tumours,PHASE1;PHASE2,Phase 2,RECRUITING,60,Second Life Therapeutics,Second Life Therapeutics,1,1,0,multi_experimental,3,sl-28,sl-28,,,biomarker,0,1,0,0,0,0,0,0,0,1,0,,metastatic · 2nd-line+ · adenoca. · measurable (RECIST)
NCT07348211,First in Human Study of SIM0610 in Solid Tumors,PHASE1,Phase 1,RECRUITING,260,"Jiangsu Simcere Pharmaceutical Co., Ltd.",Jiangsu Simcere Pharmaceutical,44,1,0,multi_experimental,2,sim0610 for injection,sim0610 for injection,,,,0,1,0,0,0,0,0,0,0,0,0,,metastatic · squamous · measurable (RECIST)
NCT07349537,Study of RMC-5127 in Patients With Advanced KRAS G12V-Mutant Solid Tumors,PHASE1,Phase 1,RECRUITING,574,"Revolution Medicines, Inc.",Revolution Medicines,19,1,0,multi_experimental,3,rmc-5127,cetuximab;daraxonrasib;rmc-5127,KRAS,Small Molecule,KRAS,0,1,0,0,0,0,0,0,0,0,0,,metastatic · measurable (RECIST)
NCT07357220,A Study of AK112 in Combination With VG2025 in Colorectal Cancer With Liver Metastases,PHASE1;PHASE2,Phase 2,NOT_YET_RECRUITING,72,Akeso,Akeso,103,1,0,multi_experimental,2,ak112,ak112;vg2025,,Oncolytic Virus,BRAF;CEA;MSI;MSI-H;dMMR,1,1,0,1,0,0,1,0,0,1,1,"MSI-H/dMMR, BRAFm",metastatic · 2nd-line+ · adenoca. · measurable (RECIST) · ECOG 0
NCT07358585,A Phase Ib/II Study to Evaluate HLX43 Combined With HLX07 or Serplulimab in Patients With Advanced or Metastatic Colorectal Cancer,PHASE1;PHASE2,Phase 2,NOT_YET_RECRUITING,126,Shanghai Henlius Biotech,Shanghai Henlius,98,1,0,multi_experimental,4,,hlx43 dose 1 + hlx07;hlx43 dose 2 + hlx07;hlx43 dose 3 + serplulimab;hlx43 dose 4 + serplulimab,PD-L1,ADC,BRAF;MSI;MSI-H;PD-L1;dMMR,1,1,1,1,0,0,0,0,1,0,1,"RAS/RAF wt, MSI-H/dMMR",metastatic · 1st-line · adenoca.
NCT07358884,First in Human Study of QLS5316 in Solid Tumors,PHASE1,Phase 1,NOT_YET_RECRUITING,300,"Qilu Pharmaceutical Co., Ltd.",Qilu Pharmaceutical,108,1,0,single_arm,1,qls5316,qls5316,,,MET,0,1,0,0,0,0,0,0,0,0,0,,metastatic · measurable (RECIST)
NCT07359456,Testing Ivonescimab in Combination With Chemotherapy in Patients With Metastatic Colorectal Cancers Without Liver Metastases,PHASE2,Phase 2,NOT_YET_RECRUITING,130,UNICANCER,UNICANCER,64,0,0,active_comparator,2,bevacizumab;folfiri protocol,folfiri protocol;ivonescimab,VEGF/VEGFR,Monoclonal Antibody,BRAF;MSI;MSI-H;MSS;dMMR;pMMR,1,1,0,1,1,0,1,0,1,1,1,"MSI-H/dMMR, MSS/pMMR, BRAFm",metastatic · 1st-line · squamous · measurable (RECIST)
NCT07361003,A Phase Ib/III Study of Suvemcitug Plus FTD/TPI in Participants With Refractory Metastatic Colorectal Cancer,PHASE3,Phase 3,RECRUITING,464,"Jiangsu Simcere Pharmaceutical Co., Ltd.",Jiangsu Simcere Pharmaceutical,44,1,0,placebo_comparator,2,suvemcitug placebo injection;trifluridine/tipiracil tablets,suvemcitug injection;trifluridine/tipiracil tablets,VEGF/VEGFR,Monoclonal Antibody,,1,1,1,0,0,0,0,0,0,1,1,RAS/RAF wt,metastatic · 2nd-line+ · adenoca. · measurable (RECIST)
NCT07376707,A Phase 1 Study of TGI-5 as Monotherapy and in Combination With Nivolumab in Subjects With Locally Advanced/Metastatic Solid Tumors,PHASE1,Phase 1,RECRUITING,194,"Hefei TG ImmunoPharma Co., Ltd.",Hefei TG ImmunoPharma,1,0,0,single_arm,1,tgi-5,tgi-5,PD-1,Monoclonal Antibody,ALK;BRAF;KRAS;MET;MSI;MSI-H;PD-L1,1,1,1,1,0,0,1,0,0,1,1,"RAS/RAF wt, MSI-H/dMMR, BRAFm",metastatic · 2nd-line+ · squamous · measurable (RECIST)
NCT07381777,XELOX Plus DoSTARlimab Versus XELOX Alone as Consolidation Treatment After Standard Chemoradiation in pMMR/MSS or MSI-Low Locally Advanced Rectal Cancer (LARC) Patients,PHASE2,Phase 2,NOT_YET_RECRUITING,270,Gruppo Oncologico Italiano di Ricerca Clinica,Gruppo Oncologico Italiano di Ricerca Clinica,6,0,1,active_comparator,2,xelox (capecitabine and oxaliplatin),dostarlimab;xelox (capecitabine and oxaliplatin),PD-1,Monoclonal Antibody,MMR;MSI;MSI-H;dMMR,1,1,0,1,1,0,0,0,0,0,1,"MSI-H/dMMR, MSS/pMMR",metastatic · adenoca.
NCT07384377,"JSKN003 Versus Physician Choiced Treatment in Patients With HER2-positive and Advanced Colorectal Cancer Who Had Failed to Respond to Oxaliplatin, 5-Fu, and Irinotecan",PHASE3,Phase 3,NOT_YET_RECRUITING,123,Shanghai JMT-Bio Inc.,Shanghai JMT-Bio,33,1,0,active_comparator,2,fruquintinib.;include: tas-102;jskn003;physician choiced treatment;regorafenib,,HER2,Monoclonal Antibody,BRAF;HER2;MSI;MSI-H;PD-L1;dMMR,1,1,0,1,0,1,1,0,0,1,1,"MSI-H/dMMR, HER2+, BRAFm",metastatic · 2nd-line+ · measurable (RECIST) · ECOG 0-1
NCT07391566,LPM6690176 in Combination With Chemotherapy and Bevacizumab in Metastatic Colorectal Cancer Patients With RAS Mutation,PHASE1;PHASE2,Phase 2,NOT_YET_RECRUITING,99,Luye Pharma Group Ltd.,Luye Pharma,17,1,0,multi_experimental,3,bevacizumab;folfiri (5-fluorouracil;irinotecan);leucovorin;lpm6690176,bevacizumab;folfiri (5-fluorouracil;irinotecan);leucovorin;lpm6690176,VEGF/VEGFR,,MMR;MSI;MSI-H;dMMR,0,1,0,1,0,0,0,0,1,0,1,MSI-H/dMMR,metastatic · 1st-line · measurable (RECIST) · ECOG 0
NCT07397338,Study of RAS(ON) Inhibitors in Combination With Ivonescimab in Patients With Solid Tumors,PHASE1;PHASE2,Phase 2,RECRUITING,370,"Revolution Medicines, Inc.",Revolution Medicines,19,1,0,multi_experimental,3,ivonescimab,carboplatin/cisplatin + pemetrexed (cohort b2 only);carboplatin/cisplatin + pemetrexed (dose expansion only);cetuximab (cohort c2 only);daraxonrasib;daraxonrasib (cohort b1 only);elironrasib;ivonescimab;zoldonrasib,PD-1,Bispecific Antibody,BRAF;KRAS;MSS;PD-L1;VEGF;pMMR,1,1,0,0,0,0,0,0,0,1,0,,metastatic · 2nd-line+ · squamous · measurable (RECIST)
NCT07407465,Upfront Trastuzumab-Deruxtecan Plus Capecitabine and Bevacizumab for Patients With HER-2 Positive Metastatic Colorectal Cancer.,PHASE2,Phase 2,RECRUITING,42,Gruppo Oncologico del Nord-Ovest,Gruppo Oncologico del Nord-Ovest,8,0,1,single_arm,1,bevacizumab;capecitabine;trastuzumab-deruxtecan (t-dxd),bevacizumab;capecitabine;trastuzumab-deruxtecan (t-dxd),VEGF/VEGFR,Monoclonal Antibody,HER2,1,1,0,0,1,1,0,0,0,0,1,"MSS/pMMR, HER2+",metastatic · adenoca. · measurable (RECIST)
NCT07412613,"Neoadjuvant/Adjuvant AK104 in Microsatellite Instability-high or Mismatch Repair-deficient, Resectable Colon Cancer",PHASE3,Phase 3,RECRUITING,386,Akeso,Akeso,103,1,0,active_comparator,2,5- fluorouracil;capecitabine;leucovorin;oxaliplatin,cadonilimab (ak104),PD-1,Bispecific Antibody,MMR;MSI;MSI-H;PD-L1;dMMR,1,1,0,1,0,0,0,0,0,0,1,MSI-H/dMMR,resectable · adenoca.
NCT07416552,A Study to Investigate CEA-PRIT 2.0 in Participants With Metastatic Colorectal Cancer (mCRC),PHASE1,Phase 1,RECRUITING,180,Hoffmann-La Roche,Roche/Genentech,922,1,1,multi_experimental,3,212pb-dotam;split abs,203pb-dotam;212pb-dotam;split abs,CEA,Radiopharmaceutical,CEA;MMR,0,1,0,0,1,0,0,0,0,0,1,MSS/pMMR,metastatic · adenoca. · measurable (RECIST)
NCT07432633,[18F]FPyQCP PET Imaging of Fibroblast Activation Protein in Selected Oncology Indications,PHASE1;PHASE2,Phase 2,RECRUITING,71,Blue Earth Diagnostics,Blue Earth Diagnostics,11,1,0,single_arm,1,[18f]fpyqcp,[18f]fpyqcp,FAP,Radiopharmaceutical,,0,1,0,0,0,0,0,0,1,0,0,,metastatic · 1st-line · squamous
NCT07433673,"Gemcitabine, Cisplatin, Nab-paclitaxel (GAP) and Cemiplimab for Locally Advanced Biliary Tract Cancer (BTC)",PHASE2,Phase 2,RECRUITING,20,Columbia University,Columbia University,40,0,1,single_arm,1,cemiplimab,cemiplimab,PD-1,Monoclonal Antibody,MET;PD-L1,1,1,0,0,0,0,0,0,1,0,0,,metastatic · 1st-line · adenoca. · measurable (RECIST)
NCT07435038,Study of BPI-572270 in Patients With Advanced Solid Tumors Harboring Specific Mutations in RAS,PHASE1;PHASE2,Phase 2,NOT_YET_RECRUITING,120,"Betta Pharmaceuticals Co., Ltd.",Betta Pharmaceuticals,66,1,0,single_arm,1,bpi-572270,bpi-572270,KRAS,Small Molecule,KRAS,0,1,0,0,0,0,0,0,0,0,0,,metastatic
NCT07438626,Phase II Trial of Sacituzumab Tirumotecan in Patients With SMARCB1-Deficient Renal Medullary Carcinoma,PHASE2,Phase 2,NOT_YET_RECRUITING,20,M.D. Anderson Cancer Center,M.D. Anderson Cancer Center,697,0,1,single_arm,1,sacituzumab tirumotecan,sacituzumab tirumotecan,TROP-1,ADC,MET;TROP-1;TROP2,1,1,0,0,0,0,0,0,0,1,0,,metastatic · 2nd-line+ · adenoca.
NCT07446322,"FOLFIRI and Bevacizumab With or Without Pelareorep for Second-Line Treatment of Metastatic RAS-Mutated, Microsatellite-Stable Colorectal Cancer",PHASE2,Phase 2,RECRUITING,60,Oncolytics Biotech,Oncolytics Biotech,15,1,0,multi_experimental,2,FOLFIRI;bevacizumab,FOLFIRI;bevacizumab;pelareorep,VEGF/VEGFR,Monoclonal Antibody,MMR;MSI;MSI-H;dMMR,1,1,0,1,0,0,0,0,1,1,1,MSI-H/dMMR,metastatic · 1st-line · measurable (RECIST)
NCT07454642,AVA6103 in Subjects With Locally Advanced or Metastatic Selected Solid Tumors,PHASE1,Phase 1,RECRUITING,174,Avacta Life Sciences Ltd,Avacta Life Sciences,2,1,0,multi_experimental,3,ava6103,ava6103,FAP,Peptide,FAP;SLFN11,0,1,0,0,0,0,0,0,0,0,0,,metastatic
NCT07454720,A Clinical Study of Adebrelimab in Combination With SHR-8068 and Chemoradiotherapy as Perioperative Therapy for Locally Advanced Rectal Cancer,PHASE2;PHASE3,Phase 3,RECRUITING,165,"Suzhou Suncadia Biopharmaceuticals Co., Ltd.",Suzhou Suncadia Biopharmaceuticals,86,1,0,multi_experimental,3,,adebrelimab combined with;adebrelimab in combination with shr-8068 and,PD-1,Monoclonal Antibody,PD-L1,1,1,0,0,0,0,0,0,0,0,0,,metastatic
NCT07462143,A Phase Ⅱ/Ⅲ Clinical Trial of RC148 Plus Chemotherapy as 1L Therapy for Unresectable or Metastatic Colorectal Cancer,PHASE2;PHASE3,Phase 3,RECRUITING,80,"RemeGen Co., Ltd.",RemeGen,51,1,0,multi_experimental,2,,rc148 (dose 1) plus capecitabine and oxaliplatin;rc148 (dose 2) plus capecitabine and oxaliplatin,,,MMR;MSI;MSI-H;biomarker;dMMR,0,1,0,1,0,0,0,0,0,1,1,MSI-H/dMMR,metastatic · 2nd-line+ · adenoca. · measurable (RECIST)
NCT07462650,Dual-Target CAR-NK Cells for Biomarker-Selected Advanced Colorectal Cancer,PHASE1;PHASE2,Phase 2,RECRUITING,48,Beijing Biotech,Beijing Biotech,30,1,0,multi_experimental,3,eb-duo-car-nk-cea/gcc (iv),eb-duo-car-nk-cea/gcc (iv),CEA,CAR-T,CEACAM5;GUCY2C;HER2;biomarker,1,1,0,0,0,1,0,0,0,0,1,HER2+,metastatic · adenoca. · measurable (RECIST)
NCT07463599,Safety and Efficacy of Tegavivint in Patients With Metastatic Colorectal Carcinoma,PHASE1;PHASE2,Phase 2,RECRUITING,126,HonorHealth Research Institute,HonorHealth Research Institute,8,0,0,multi_experimental,6,tegavivint,tegavivint,TBL1,Small Molecule,BRAF;IDH1;MMR;MSI;dMMR,0,1,1,1,0,0,0,0,0,0,1,"RAS/RAF wt, MSI-H/dMMR",metastatic · adenoca. · measurable (RECIST)
NCT07474727,A Phase II Study of AMT-676 Combination Therapies in Advanced Colorectal Cancer,PHASE2,Phase 2,RECRUITING,180,Multitude Therapeutics Inc.,Multitude Therapeutics,8,1,0,multi_experimental,4,bevacizumab;cetuximab;fluorouracil;leucovorin,amt-676;bevacizumab;cetuximab;fluorouracil;irinotecan;leucovorin;oxaliplatin,VEGF/VEGFR,ADC,CDH17,1,1,0,0,0,0,0,0,0,0,0,,metastatic · adenoca. · measurable (RECIST)
NCT07483684,"A Clinical Study to Evaluate Injection TQB2102 for the Treatment of Patients With HER2 IHC3+ Advanced Colorectal Cancer Who Progressed After Treatment With Oxaliplatin, Irinotecan and Fluoropyrimidine-Based Drugs",PHASE3,Phase 3,NOT_YET_RECRUITING,142,"Chia Tai Tianqing Pharmaceutical Group Nanjing Shunxin Pharmaceutical Co., Ltd.",Chia Tai Tianqing Pharmaceutical Group Nanjing Shunxin Pharmaceutical,36,1,0,multi_experimental,2,,tqb2102 injection;trifluridine /tipiracil (tas-102) tablets / fruquintinib / regorafenib tablets,HER2,Monoclonal Antibody,HER2,1,1,0,0,0,1,0,0,0,0,1,HER2+,metastatic · measurable (RECIST)
NCT07500298,Phase 1 Study Of SAR445877 In Combination With FOLFOX6 And Bevacizumab As First-Line Treatment For Microsatellite Stable Metastatic Colorectal Cancer,PHASE1,Phase 1,RECRUITING,41,M.D. Anderson Cancer Center,M.D. Anderson Cancer Center,697,0,1,multi_experimental,2,FOLFOX;sar445877,FOLFOX;bevacizumab;sar445877,PD-1,Bispecific Antibody,KRAS,1,1,0,0,1,0,0,0,0,0,1,MSS/pMMR,metastatic · squamous · measurable (RECIST)
NCT07502014,A Clinical Study of Iparomlimab and Tuvonralimab Combined With Fruquintinib and Heterogeneous Radiotherapy Versus Fruquintinib as Third-Line and Subsequent-Line Treatment for Metastatic Colorectal Cancer,PHASE2,Phase 2,NOT_YET_RECRUITING,60,Huazhong University of Science and Technology,Huazhong University of Science and Technology,4,0,0,active_comparator,2,fruquintinib,fruquintinib;heterogeneous radiotherapy;iparomlimab and tuvonralimab (ql1706),LAG-3,Monoclonal Antibody,PD-L1,1,1,0,0,0,0,0,0,1,0,0,,metastatic · 1st-line · squamous · measurable (RECIST)
NCT07503808,A Study of IDE034 in Adult Participants With Locally Advanced/Metastatic Solid Tumors Types,PHASE1,Phase 1,RECRUITING,150,IDEAYA Biosciences,IDEAYA Biosciences,11,1,0,multi_experimental,2,ide034,ide034,PTK7,ADC,HER2,1,1,0,0,0,1,0,0,0,0,1,HER2−,metastatic · measurable (RECIST) · ECOG 0
NCT07504263,Phase 1/2a Study of RP-001 in Participants With Advanced Malignancies,PHASE1;PHASE2,Phase 2,NOT_YET_RECRUITING,66,Recurv Pharma Inc,Recurv Pharma,1,1,0,multi_experimental,5,rp-001,rp-001,,,,0,1,0,0,0,0,0,0,0,1,0,,metastatic · 2nd-line+ · measurable (RECIST)
NCT07504523,Personalized T-Cell Therapy iNeo-Vac-T01 in Advanced Colorectal Cancer,PHASE1,Phase 1,RECRUITING,20,"Ying Yuan, MD","Ying Yuan, MD",2,0,0,single_arm,1,ineo-vac-t01,ineo-vac-t01,,Cell Therapy,genomic,1,1,0,0,0,0,0,0,0,0,0,,metastatic
NCT07511023,Phase 2 Trial Of Sacituzumab Tirumotecan For Treatment Of Refractory Metastatic Or Unresectable Squamous Cell Carcinoma Of The Anus/Rectum,PHASE2,Phase 2,NOT_YET_RECRUITING,20,M.D. Anderson Cancer Center,M.D. Anderson Cancer Center,697,0,1,single_arm,1,sacituzumab tirumotecan,sacituzumab tirumotecan,TROP-1,ADC,MET;TROP-1;TROP2,1,1,0,0,0,0,0,0,0,1,0,,metastatic · 2nd-line+ · squamous · measurable (RECIST)
NCT07515820,SHR-3821 in Advanced Colorectal Cancer: an Exploratory Study,PHASE2,Phase 2,NOT_YET_RECRUITING,12,Meng Qiu,Meng Qiu,1,0,0,single_arm,1,shr-3821 and fruquintinib,shr-3821 and fruquintinib,VEGF/VEGFR,Small Molecule,BRAF;KRAS;MSI;MSI-H;PD-L1;dMMR,0,1,0,1,0,0,0,0,1,0,1,MSI-H/dMMR,metastatic · 1st-line · ductal · measurable (RECIST)
NCT07525206,A Study to Access Intravenous (IV) Telisotuzumab Adizutecan in Combination With IV Bevacizumab Compared to Standard of Care IV Bevacizumabin Combination With Oral Trifluridine and Tipiracil in Adult Participants With Refractory Metastatic Colorectal Cancer,PHASE3,Phase 3,RECRUITING,990,AbbVie,AbbVie,274,1,1,multi_experimental,2,bevacizumab,bevacizumab;telisotuzumab adizutecan;trifluridine/tipiracil,VEGF/VEGFR,Monoclonal Antibody,MET,1,1,0,0,0,0,0,0,0,0,0,,
NCT07527858,Study of Denikitug (GS-1811) Given Alone or With Nivolumab or With Chemotherapy in Adults With Advanced Colorectal Cancer,PHASE2,Phase 2,RECRUITING,170,Gilead Sciences,Gilead Sciences,168,1,1,active_comparator,4,bevacizumab;trifluridine-tipiracil,bevacizumab;denikitug;nivolumab;trifluridine-tipiracil,PD-1,Monoclonal Antibody,CD30;MMR,1,1,0,0,1,0,0,0,0,0,1,MSS/pMMR,metastatic · adenoca. · measurable (RECIST)
NCT07529808,Phase 1/2 Study of BHB810 in Advanced Gastric and GEJ Adenocarcinoma,PHASE1;PHASE2,Phase 2,RECRUITING,164,"BigHat Biosciences, Inc.",BigHat Biosciences,1,1,0,multi_experimental,3,bhb810,bhb810,CDH17,ADC,,1,1,0,0,0,0,0,0,0,0,0,,metastatic · adenoca. · measurable (RECIST)
NCT07535112,A Study to Learn More About How Safe BAY 3771249 is and How Well it Works in People With Advanced or Metastatic Colorectal Cancer That Has a KRAS G12D Mutation,PHASE1,Phase 1,RECRUITING,130,Bayer,Bayer,283,1,1,multi_experimental,2,bay 3771249;cetuximab,bay 3771249;cetuximab,EGFR,Monoclonal Antibody,KRAS,1,1,0,0,0,0,0,0,0,0,0,,metastatic · adenoca. · measurable (RECIST) · ECOG 1
NCT07535632,"SBRT Followed by PD-1 Inhibitor, Bevacizumab and TAS-102 as Third-Line Therapy for Recurrent/Metastatic Colorectal Cancer",PHASE2,Phase 2,NOT_YET_RECRUITING,58,Shanghai Zhongshan Hospital,Shanghai Zhongshan Hospital,14,0,0,active_comparator,2,standard of care (investigator selected),bevacizumab;sbrt;sintilimab;trifluridine and tipiracil tablets,PD-1,Monoclonal Antibody,BRAF;MMR;MSI;MSI-H;PD-L1;biomarker;dMMR,1,1,0,1,0,0,1,0,0,1,1,"MSI-H/dMMR, BRAFm",metastatic · 2nd-line+ · measurable (RECIST)
NCT07540572,"A Study to Investigate the Safety, Pharmacokinetics, and Preliminary Efficacy of IDE574 Therapy in Adult Participants With Advanced Solid Tumors",PHASE1,Phase 1,RECRUITING,160,IDEAYA Biosciences,IDEAYA Biosciences,11,1,0,multi_experimental,4,ide574,fulvestrant injection;ide574,HER2,Small Molecule,ER;HER2,0,1,0,0,1,1,0,0,0,0,1,"MSS/pMMR, HER2+",metastatic · adenoca. · ECOG 1
NCT07542704,A Study to Investigate the Safety and Efficacy of KQB368 as Monotherapy in Participants With Advanced Solid Malignancies,PHASE1,Phase 1,NOT_YET_RECRUITING,48,Kumquat Biosciences Inc.,Kumquat Biosciences,7,1,0,single_arm,1,kqb368,kqb368,KRAS,Small Molecule,KRAS,0,1,0,0,0,0,0,1,0,0,1,KRAS G12C,metastatic · measurable (RECIST)
NCT07543744,"A Comparative Study of Pharmacokinetics, Safety, and Immunogenicity of RPH-030 and Vectibix® in Patients With Metastatic Colorectal Cancer With Wild-type RAS as First-line Therapy in Combination With FOLFIRI",PHASE1,Phase 1,RECRUITING,180,R-Pharm,R-Pharm,36,1,0,active_comparator,2,fluorouracil;irinotecan;leucovorin;panitumumab,fluorouracil;irinotecan;leucovorin;rph-030,EGFR,Monoclonal Antibody,BRAF;RAS,1,1,1,0,0,0,0,0,1,0,1,RAS/RAF wt,metastatic · 1st-line · adenoca. · measurable (RECIST) · ECOG 0-1
NCT07544589,A Phase 1 Study Evaluating DISP-10 in Participants With Advanced Gastrointestinal Cancers,PHASE1,Phase 1,RECRUITING,66,Dispatch Biotherapeutics,Dispatch Biotherapeutics,1,1,1,single_arm,1,disp-10,disp-10,BCMA,,,0,1,0,0,0,0,0,0,0,0,0,,metastatic · adenoca. · measurable (RECIST)
NCT07545122,"A Phase 1a/1b, First-Time-in-Human Study of CT-202, a Nectin-4 Directed Bispecific Antibody, in Participants With Recurring Triple Negative Breast, Colorectal, Urothelial Cancers",PHASE1,Phase 1,RECRUITING,162,Context Therapeutics Inc.,Context Therapeutics,5,1,0,multi_experimental,2,ct-202,ct-202,NECTIN4,Bispecific Antibody,,1,1,0,0,0,0,0,0,0,0,0,,measurable (RECIST) · ECOG 0-1
NCT07549412,A Study of Precemtabart Tocentecan With or Without Bevacizumab Compared to Trifluridine/Tipiracil Plus Bevacizumab in Participants With Previously Treated Metastatic Colorectal Cancer (PROCEADE-CRC-03),PHASE3,Phase 3,RECRUITING,1020,"EMD Serono Research & Development Institute, Inc.",Merck KGaA,166,1,1,active_comparator,3,bevacizumab;trifluridine/tipiracil (ftd-tpi),bevacizumab;precemtabart tocentecan,VEGF/VEGFR,Monoclonal Antibody,,1,1,0,0,0,0,0,0,0,1,0,,metastatic · 2nd-line+
NCT07551778,Allogeneic NK Cell Therapy Combined With Standard Maintenance Treatment in Advanced Solid Tumors,PHASE1;PHASE2,Phase 2,NOT_YET_RECRUITING,42,"BOE Technology Group Co., Ltd.",BOE Technology,2,1,0,multi_experimental,5,nk cells,nk cells;nk cells + cetuximab/bevacizumab + capecitabine as first-line maintenance therapy;nk cells + pd-(l)1 inhibitor + capecitabine or s-1 as first-line maintenance therapy;nk cells + pd-(l)1 inhibitor + pemetrexed as first-line maintenance therapy;nk cells + pd-(l)1 inhibitor + vegf inhibitor as first-line maintenance therapy,VEGF/VEGFR,Cell Therapy,ALK;BRAF;HER2;KRAS;PR;ROS1,1,1,0,0,0,1,1,0,1,0,1,"HER2−, BRAFm",metastatic · 1st-line · adenoca. · measurable (RECIST)
NCT07566897,A Phase I Study to Evaluate the Safety and Efficacy of L19IL2 in Combination With Ruxolitinib in Patients With Advanced Solid Tumors,PHASE1,Phase 1,NOT_YET_RECRUITING,96,Philogen S.p.A.,Philogen S.p.A.,45,1,0,multi_experimental,3,l19il2,l19il2;ruxolitinib,VEGF/VEGFR,Bispecific Antibody,BRAF;MMR;PD-L1,1,1,1,0,1,0,1,0,0,1,1,"RAS/RAF wt, MSS/pMMR, BRAFm",metastatic · 2nd-line+ · adenoca. · measurable (RECIST)
NCT07578571,A Phase 1 Study of IM-1617 in Participants With Advanced Cancer,PHASE1,Phase 1,RECRUITING,175,"Immunome, Inc.",Immunome,4,1,0,multi_experimental,2,im-1617,im-1617,,ADC,HER2;PD-L1;biomarker,1,1,1,0,0,1,0,0,0,1,1,"RAS/RAF wt, HER2+",metastatic · 2nd-line+ · adenoca. · measurable (RECIST)
NCT07580339,Combining DCSZ11 With Radiation and Chemotherapy as Neoadjuvant Treatment for pMMR Locally Advanced Rectal Cancer,PHASE2,Phase 2,NOT_YET_RECRUITING,30,Sidney Kimmel Comprehensive Cancer Center at Johns Hopkins,Sidney Kimmel Comprehensive Cancer Center at Johns Hopkins,160,0,0,single_arm,1,capecitabine;dcsz11;oxaliplatin;radiation,capecitabine;dcsz11;oxaliplatin;radiation,,,MMR,0,1,0,0,1,0,0,0,0,0,1,MSS/pMMR,metastatic · adenoca.
NCT07587619,Intraoperative Use of Oxygen Saturation Imaging to Assess Intestinal Perfusion,PHASE1;PHASE2,Phase 2,ACTIVE_NOT_RECRUITING,52,University of Southern California,University of Southern California,48,0,0,single_arm,1,device: fujifilm monitoring,device: fujifilm monitoring,,,,0,1,0,0,0,0,0,0,0,0,0,,
NCT07589205,"Study of IBI3028 in Participants With Locally Advanced, Unresectable, or Metastatic Solid Tumors",PHASE1,Phase 1,RECRUITING,493,"Innovent Biopharmaceutical Technology (Hangzhou) Co., LTD.",Innovent,107,1,0,single_arm,1,drug: ibi3028,drug: ibi3028,PD-1,Monoclonal Antibody,PD-L1,1,1,0,0,0,0,0,0,0,0,0,,metastatic · measurable (RECIST)
NCT07589517,Dual-Targeting CAR-NK Cells in Biomarker-Selected Advanced Colorectal Cancer,PHASE1;PHASE2,Phase 2,RECRUITING,48,Beijing Biotech,Beijing Biotech,30,1,0,multi_experimental,3,eb-duo-car-nk-cea/gcc;lymphodepletion,eb-duo-car-nk-cea/gcc;lymphodepletion,CEA,CAR-T,CEACAM5;GUCY2C;HER2;biomarker,1,1,0,0,0,1,0,0,0,0,1,HER2+,metastatic · adenoca. · measurable (RECIST)
NCT07590856,A Preliminary Efficacy of SNA028 in Patients With Advanced Colorectal Cancer Positive for GPA33,EARLY_PHASE1,Phase 1,NOT_YET_RECRUITING,20,SmartNuclide Biopharma,SmartNuclide Biopharma,8,1,0,multi_experimental,7,gpa33-cc；177lu-smartd2,gpa33-cc；177lu-smartd2,GPA33,Radiopharmaceutical,GPA33,0,1,0,0,0,0,0,0,0,0,0,,metastatic · measurable (RECIST)
NCT07591597,"A Multicenter, Phase Ib/II Clinical Trial to Evaluate the Efficacy and Safety of Concurrent Combination Therapy of S-531011 Plus Fruquintinib or S-531011 Plus Fruquintinib Plus Pembrolizumab in Patients With MSS/pMMR Colorectal Cancer",PHASE1;PHASE2,Phase 2,NOT_YET_RECRUITING,68,National Cancer Center Hospital East,National Cancer Center Hospital East,10,0,0,multi_experimental,2,fruquintinib;s-531011,fruquintinib;pembrolizumab;s-531011,PD-1,Monoclonal Antibody,BRAF;MMR,1,1,1,0,1,0,1,0,0,1,1,"RAS/RAF wt, MSS/pMMR, BRAFm",metastatic · 2nd-line+ · adenoca. · measurable (RECIST)
NCT07595276,Comparing Efficacy and Safety of Enlituo® Versus Erbitux® Plus FOLFOX in Locally Advanced/Metastatic Colorectal Cancer With RAS/BRAF Wild-type and MSS/pMMR Status.,PHASE3,Phase 3,NOT_YET_RECRUITING,608,"Taizhou Mabtech Pharmaceutical Co.,Ltd",Taizhou Mabtech Pharmaceutical,5,1,0,active_comparator,2,cetuximab,enlituo,EGFR,Monoclonal Antibody,BRAF;KRAS;MSS;PR;RAS;pMMR,1,1,1,0,1,0,0,0,0,0,1,"RAS/RAF wt, MSS/pMMR",metastatic · squamous · measurable (RECIST)
NCT07610798,"A Study to Evaluate the Safety, Tolerability, Pharmacokinetics, and Preliminary Antitumor Activity of INV-8989 in Patients With Advanced Solid Tumors Harboring KRAS G12D Mutations",PHASE1;PHASE2,Phase 2,RECRUITING,178,"Shenzhen Ionova Life Sciences Co., Ltd.",Shenzhen Ionova Life Sciences,4,1,0,multi_experimental,14,inv-8989,inv-8989,KRAS,Small Molecule,KRAS,0,1,0,0,0,0,0,0,0,0,0,,metastatic · measurable (RECIST)
NCT07620574,Long-Term Extension Study for Participants Previously Enrolled in an Exelixis-Sponsored Study,PHASE3,Phase 3,ENROLLING_BY_INVITATION,5000,Exelixis,Exelixis,52,1,1,single_arm,1,abiraterone;atezolizumab;cabozantinib;enzalutamide;nivolumab;zanzalintinib,abiraterone;atezolizumab;cabozantinib;enzalutamide;nivolumab;zanzalintinib,MET,Small Molecule,MET;PD-L1,0,1,0,0,0,0,0,0,0,0,0,,
NCT07621159,A Phase Ib/II Study of HDM2017 in Combination With Standard of Care in Advanced Colorectal Cancer,PHASE1;PHASE2,Phase 2,NOT_YET_RECRUITING,120,"Hangzhou Zhongmei Huadong Pharmaceutical Co., Ltd.",Hangzhou Zhongmei Huadong Pharmaceutical,14,1,0,single_arm,1,fruquintinib;hdm2017,fruquintinib;hdm2017,CDH17,ADC,CDH17,1,1,0,0,0,0,0,0,0,0,0,,metastatic · adenoca. · measurable (RECIST) · ECOG 0
NCT07622017,KORTUC (KRC-01) Plus Radiotherapy for Organ Preservation in Rectal Cancer,PHASE2,Phase 2,NOT_YET_RECRUITING,24,"Gustave Roussy, Cancer Campus, Grand Paris","Gustave Roussy, Cancer Campus, Grand Paris",31,0,0,single_arm,1,CAPOX;FOLFOX;capecitabine;krc-01 (kortuc);optionnal tme;radiotherapy,CAPOX;FOLFOX;capecitabine;krc-01 (kortuc);optionnal tme;radiotherapy,,Oncolytic Virus,MMR;MSI;MSI-H;dMMR,1,1,0,1,0,0,0,0,0,0,1,MSI-H/dMMR,metastatic · adenoca.
NCT07623369,A First-in-Human Study of HH160 in Participants With Advanced or Metastatic Solid Tumors,PHASE1,Phase 1,RECRUITING,299,Huahui Health,Huahui Health,3,1,0,multi_experimental,3,hh160,hh160,PD-1,Bispecific Antibody,,1,1,0,0,0,0,0,0,0,0,0,,metastatic · measurable (RECIST)
NCT07623642,"A Phase II Study of GV20-0251 in Combination With Anti-PD-1 Monoclonal Antibodies in Patients With Unresectable, Locally Advanced, or Metastatic Solid Tumors.",PHASE2,Phase 2,NOT_YET_RECRUITING,227,GV20 Therapeutics,GV20 Therapeutics,3,1,0,single_arm,1,anti-pd-1 monoclonal antibodies;gv20-0251,anti-pd-1 monoclonal antibodies;gv20-0251,IGSF8,Monoclonal Antibody,IGSF8 RNA;IGSF8 membrane protein;PD-L1,1,1,0,0,1,0,0,0,1,0,1,MSS/pMMR,metastatic · 1st-line · adenoca. · measurable (RECIST)
NCT07624214,Study of LT-010391 in Participants With KRAS G12D-Mutant Solid Tumors,PHASE1,Phase 1,NOT_YET_RECRUITING,198,"Leadingtac Pharmaceutical (Shaoxing) Co., Ltd.",Leadingtac Pharmaceutical (Shaoxing),1,1,0,single_arm,1,lt-010391,lt-010391,KRAS,Small Molecule,KRAS,0,1,0,0,0,0,0,0,0,0,0,,metastatic
NCT07629960,A First-in-Human Trial of BLU-924 (SAR449336) in Advanced Solid Tumors Harboring KRAS Mutations,PHASE1;PHASE2,Phase 2,RECRUITING,265,Blueprint Medicines Corporation,Blueprint Medicines,17,1,1,single_arm,1,blu-924,blu-924,KRAS,Small Molecule,KRAS,0,1,0,0,0,0,0,1,0,0,1,KRAS G12C,metastatic · adenoca. · measurable (RECIST)
NCT07630961,Phase I Study of JFI447 [68Ga]Ga-DFC413 and Comparison to FFG233 [68Ga]Ga-NNS309 in Patients With Solid Tumors,PHASE1,Phase 1,RECRUITING,66,Novartis Pharmaceuticals,Novartis,836,1,1,multi_experimental,2,68ga-dfc413,68ga-dfc413;68ga-nns309,HER2,Radiopharmaceutical,HER2,0,1,0,0,0,1,0,0,0,0,1,HER2+,metastatic · ductal · measurable (RECIST)
NCT07636785,A Phase 1 and 2 Study of VMD-102 in Hepatocellular Carcinoma and Other Solid Tumors,PHASE1;PHASE2,Phase 2,RECRUITING,111,"VM Discovery, Inc.",VM Discovery,1,1,0,single_arm,1,vmd-102,vmd-102,,,biomarker,0,1,0,0,0,0,0,0,0,1,0,,metastatic · 2nd-line+ · squamous · measurable (RECIST)
NCT07646106,THE-0504 in Patients With Solid Tumors,PHASE1,Phase 1,RECRUITING,30,Thena Biotech S.r.l.,Thena Biotech,1,1,0,single_arm,1,the-0504,the-0504,,,,0,1,0,0,0,0,0,0,0,0,0,,metastatic · adenoca.
NCT07649655,EMB-01 in Combination With Chemotherapy for Unresectable or Metastatic Colorectal Cancer,PHASE1,Phase 1,NOT_YET_RECRUITING,120,"Shanghai EpimAb Biotherapeutics Co., Ltd.",Shanghai EpimAb Biotherapeutics,10,1,0,multi_experimental,4,emb-01,FOLFIRI;FOLFOX;emb-01;irinotecan;trifluridine/tipiracil,EGFR,Bispecific Antibody,BRAF;EGFR;HER2;KRAS;MET;NTRK;PR;RET,1,1,0,0,0,1,1,0,0,0,1,"HER2+, BRAFm",metastatic · measurable (RECIST)
NCT07650357,A Study of CLSP 5282 in HLA-A*03:01 Positive Adult Patients With Solid Tumors (SENTINEL-101),PHASE1,Phase 1,NOT_YET_RECRUITING,140,"Clasp Therapeutics, Inc.",Clasp Therapeutics,2,1,0,multi_experimental,2,clsp-5282,clsp-5282,KRAS,Bispecific Antibody,HLA-A*03:01;KRAS,1,1,0,0,0,0,0,0,0,0,0,,metastatic
NCT07653685,A Clinical Study of TQB2930 Injection and Chemotherapy With or Without Bevacizumab in the Treatment of Advanced Colorectal Cancer,PHASE1;PHASE2,Phase 2,NOT_YET_RECRUITING,71,"Chia Tai Tianqing Pharmaceutical Group Nanjing Shunxin Pharmaceutical Co., Ltd.",Chia Tai Tianqing Pharmaceutical Group Nanjing Shunxin Pharmaceutical,36,1,0,active_comparator,2,tqb2930 injection + oxaliplatin injection + capecitabine tablets,tqb2930 injection + oxaliplatin injection + capecitabine tablets + bevacizumab injection,HER2,Monoclonal Antibody,HER2;MMR;MSI;MSI-H;dMMR,1,1,0,1,0,1,0,0,0,0,1,"MSI-H/dMMR, HER2+",metastatic · measurable (RECIST) · ECOG 0-1
NCT07656038,Nelmastobart in Combination With Tas-102 and Bevacizumab in Recurrent/Metastatic Colorectal Cancer,PHASE1,Phase 1,NOT_YET_RECRUITING,45,"STCube, Inc.",STCube,5,1,0,single_arm,1,nelmastobart in combination with tas-102 and bevacizumab,nelmastobart in combination with tas-102 and bevacizumab,VEGF/VEGFR,Monoclonal Antibody,,1,1,0,0,0,0,0,0,0,0,0,,metastatic · squamous · measurable (RECIST)
NCT07659795,A Phase 2 Study of VS-7375 in Patients With KRAS G12D-Mutated Colorectal Cancer,PHASE2,Phase 2,RECRUITING,150,"Verastem, Inc.",Verastem,25,1,0,multi_experimental,3,,cetuximab;cetuximab + mfolfox6;panitumumab;vs-7375,KRAS,Small Molecule,KRAS;PR,0,1,0,0,0,0,0,0,1,0,0,,metastatic · 1st-line · adenoca. · measurable (RECIST) · ECOG 0
NCT07661641,A Study of [177Lu]Lu-A9-0631 and [225Ac]Ac-A9-0642 With [68Ga]Ga-A9-6217 or [177Lu]Lu-A9-0631 Imaging in GRPR+ Solid Tumors,PHASE1,Phase 1,RECRUITING,115,Alpha-9 Oncology USA Inc.,Alpha-9 Oncology USA,2,1,0,multi_experimental,2,[177lu]lu-a9-0631;[225ac]ac-a9-0642;diagnostic test: [68ga]ga-a9-6217;diagnostic test: low dose [177lu]lu-a9-0631,[177lu]lu-a9-0631;[225ac]ac-a9-0642;diagnostic test: [68ga]ga-a9-6217;diagnostic test: low dose [177lu]lu-a9-0631,,,HER2,0,1,0,0,0,1,0,0,0,0,1,HER2+,metastatic · measurable (RECIST)
NCT07662031,Tovecimig Plus FOLFIRI in Second Line Metastatic Colorectal Cancer,PHASE2,Phase 2,NOT_YET_RECRUITING,25,Washington University School of Medicine,Washington University School of Medicine,178,0,0,single_arm,1,5-fluorouracil (5-fu);irinotecan;leucovorin;tovecimig,5-fluorouracil (5-fu);irinotecan;leucovorin;tovecimig,,,MSI;MSI-H,0,1,0,1,0,0,0,0,1,0,1,MSI-H/dMMR,metastatic · 1st-line · measurable (RECIST)
NCT07662278,rSIFN-co in Combination With Total Neo-adjuvant Therapy in Subjects With Mid-low Locally Advanced Rectal Cancer,PHASE2,Phase 2,NOT_YET_RECRUITING,90,Sichuan Huiyang Life Science and Technology Corporation,Sichuan Huiyang Life Science and Technology,3,1,0,active_comparator,2,total neo-adjuvant therapy,recombinant super-compound interferon (rsifn-co);total neo-adjuvant therapy,,Recombinant Protein,,0,1,0,0,1,0,0,0,0,0,1,MSS/pMMR,metastatic · squamous
NCT07669454,"A Randomized, Double-blind, Placebo-controlled, Parallel-group, Comparative, Phase III Study to Evaluate the Efficacy and Safety of Nuvastatic® 300mg Capsule in Reducing Cancer-Tumor in Patients With Metastatic Colorectal Cancer Receiving Standard Chemotherapy.",PHASE3,Phase 3,RECRUITING,250,Natureceuticals Sdn Bhd,Natureceuticals Sdn Bhd,5,1,0,placebo_comparator,2,,nuvastatic 300,,,,0,0,0,0,0,0,0,0,0,0,0,,metastatic
NCT07669467,Nuvastatic® Phase III Trial for Fatigue in Triple-Negative Breast Cancer,PHASE3,Phase 3,RECRUITING,250,Natureceuticals Sdn Bhd,Natureceuticals Sdn Bhd,5,1,0,placebo_comparator,2,,nuvastatic 300,,,,0,0,0,0,0,0,0,0,0,0,0,,metastatic
NCT07669519,Evaluation of NuvastaticTM in Reducing Cancer-Related Fatigue in Colon Cancer Patients Undergoing First-Line Chemotherapy,PHASE3,Phase 3,RECRUITING,180,Natureceuticals Sdn Bhd,Natureceuticals Sdn Bhd,5,1,0,placebo_comparator,2,,nuvastatic,,Small Molecule,F2-ISOP;biomarker,0,0,0,0,0,0,0,0,1,0,0,,metastatic · 1st-line
NCT07670312,Evaluation of XYA02 in Patients With Advanced Solid Tumors,PHASE1;PHASE2,Phase 2,NOT_YET_RECRUITING,190,"XYone Therapeutics, Inc",XYone Therapeutics,1,1,0,multi_experimental,2,xya02,xya02,MUC1,ADC,ALK;BRAF,1,1,0,0,0,0,1,0,0,1,1,BRAFm,metastatic · 2nd-line+ · adenoca. · measurable (RECIST)
NCT07676162,A Clinical Study of SHR-A1811 in Combination With Chemotherapy and Bevacizumab Versus Standard Therapy as First-Line Treatment for Advanced Colorectal Cancer,PHASE3,Phase 3,RECRUITING,300,"Suzhou Suncadia Biopharmaceuticals Co., Ltd.",Suzhou Suncadia Biopharmaceuticals,86,1,0,active_comparator,2,fluorouracil and bevacizumab;levo-leucovorin;oxaliplatin,fluorouracil and bevacizumab;levo-leucovorin;oxaliplatin;shr-a1811,VEGF/VEGFR,Monoclonal Antibody,,1,1,0,0,0,0,0,0,0,0,0,,metastatic · adenoca. · measurable (RECIST)
NCT07687875,Oncolytic Virotherapy to Enhance PReoperative IMmunotherapy Efficacy in Patients With Proficient Mismatch Repair (pMMR) Rectal Cancer,PHASE1,Phase 1,RECRUITING,20,Henry Smith,Henry Smith,1,0,0,single_arm,1,bt-001 followed by pembrolizumab (pd-1 blocking antibody),bt-001 followed by pembrolizumab (pd-1 blocking antibody),PD-1,Monoclonal Antibody,MMR,1,1,0,0,1,0,0,0,0,0,1,MSS/pMMR,neoadjuvant · adenoca.
NCT07691489,A Study of Trastuzumab Deruxtecan (T-DXd) and Cetuximab in People With Colorectal Cancer,PHASE2,Phase 2,NOT_YET_RECRUITING,27,Memorial Sloan Kettering Cancer Center,Memorial Sloan Kettering Cancer Center,411,0,1,multi_experimental,2,fam-trastuzumab deruxtecan-nxki,fam-trastuzumab deruxtecan-nxki,HER2,ADC,BRAF;HER2;KRAS;MSI;MSI-H,1,1,0,1,0,1,0,0,0,0,1,"MSI-H/dMMR, HER2+",metastatic · adenoca. · measurable (RECIST) · ECOG 0
NCT07693751,A Study to Assess Safety and Efficacy of SOT109 in Patients With Advanced Unresectable or Metastatic Colorectal Cancer,PHASE1;PHASE2,Phase 2,NOT_YET_RECRUITING,100,SOTIO Biotech a.s.,SOTIO Biotech a.s.,3,1,0,multi_experimental,7,sot109,sot109,,ADC,BRAF;HER2;MSI;MSI-H,1,1,0,1,0,1,0,0,0,0,1,"MSI-H/dMMR, HER2+",metastatic · measurable (RECIST)
NCT07702032,"Study of Petosemtamab Plus Chemotherapy Versus Cetuximab Plus Chemotherapy in RAS and BRAF Wild-type, Unresectable or Metastatic, Left-sided Colorectal Cancer (LiGeR-CRC1)",PHASE3,Phase 3,RECRUITING,960,Genmab,Genmab,65,1,1,active_comparator,2,FOLFIRI;FOLFOX;cetuximab,FOLFIRI;FOLFOX;petosemtamab,EGFR,Monoclonal Antibody,BRAF;EGFR;KRAS;MMR;MSI;MSI-H;dMMR,1,1,1,1,0,0,1,0,0,0,1,"RAS/RAF wt, MSI-H/dMMR, BRAFm",metastatic · adenoca.
NCT07702292,[68Ga]BED003 PET Imaging of Fibroblast Activation Protein in Selected Oncology Indications,PHASE2,Phase 2,RECRUITING,71,Blue Earth Diagnostics,Blue Earth Diagnostics,11,1,0,single_arm,1,[68ga]bed003,[68ga]bed003,,,,0,1,0,0,0,0,0,0,1,0,0,,neoadjuvant · 1st-line · ductal
NCT07705334,"A Study of SHY-ONC6, a Novel Proteasome Inhibitor, in Adults With Advanced or Metastatic Solid Tumors",PHASE1,Phase 1,RECRUITING,30,SHY Therapeutics,SHY Therapeutics,1,1,0,single_arm,1,shy-onc6,shy-onc6,,Cell Therapy,,1,1,0,0,0,0,0,0,0,0,0,,metastatic · squamous · measurable (RECIST)
NCT07718490,Immunotheray Combined With Simvastatin and Target Therapy and Chemotharepy for Advanced Colorectal Cancer,PHASE2,Phase 2,RECRUITING,43,The First Affiliated Hospital with Nanjing Medical University,The First Affiliated Hospital with Nanjing Medical University,30,0,0,single_arm,1,adebrelimab,adebrelimab,PD-1,Monoclonal Antibody,MMR;MSI;MSI-H;PD-L1;dMMR,1,1,0,0,0,0,0,0,0,1,0,,metastatic · 2nd-line+ · adenoca. · measurable (RECIST)
NCT07722494,IBI363 Combined With Bevacizumab for Advanced Colorectal Cancer,PHASE3,Phase 3,RECRUITING,550,Innovent Biologics (Suzhou) Co. Ltd.,Innovent,107,1,0,active_comparator,2,investigator's choice of therapy,ibi363 + bevacizumab,VEGF/VEGFR,Monoclonal Antibody,MMR,1,1,0,0,1,0,0,0,0,0,1,MSS/pMMR,metastatic · adenoca. · measurable (RECIST)
NCT07728019,Efficacy and Safety of Retlirafusp Alfa Plus Bevacizumab and Chemotherapy With or Without Short-Course Radiotherapy in Patients With CRCLM,PHASE2,Phase 2,NOT_YET_RECRUITING,60,"Union Hospital, Tongji Medical College, Huazhong University of Science and Technology","Union Hospital, Tongji Medical College, Huazhong University of Science and Technology",29,0,0,multi_experimental,2,CAPOX;bevacizumab;retlirafusp alfa injection,CAPOX;bevacizumab;retlirafusp alfa injection;scrt,VEGF/VEGFR,Monoclonal Antibody,,1,1,0,0,1,0,0,0,0,0,1,MSS/pMMR,metastatic · adenoca. · measurable (RECIST) · ECOG 0-1
NCT07730489,"A Study Comparing BL-M07D1 With Physician's Choice Therapy in Patients With HER2 IHC3+ Advanced Colorectal Cancer Who Failed Prior Treatment With Oxaliplatin, Fluorouracil and Irinotecan",PHASE3,Phase 3,NOT_YET_RECRUITING,130,"Sichuan Baili Pharmaceutical Co., Ltd.",Sichuan Baili Pharmaceutical,127,1,0,active_comparator,2,fruquintinib;regorafenib;trifluridine/tipiracil,bl-m07d1,HER2,ADC,HER2,1,1,0,0,0,1,0,0,0,0,1,HER2+,metastatic · measurable (RECIST)
NCT07735624,RECTIFY-1: Neoadjuvant Botensilimab + Balstilimab in MSS/pMMR Early Rectal Cancer,PHASE2,Phase 2,RECRUITING,16,Dana-Farber Cancer Institute,Dana-Farber Cancer Institute,326,0,0,single_arm,1,balstilimab;botensilimab,balstilimab;botensilimab,PD-1,Monoclonal Antibody,MMR;MSI;MSI-H;PD-L1;TMB,1,1,0,1,1,0,0,0,0,0,1,"MSI-H/dMMR, MSS/pMMR",metastatic · squamous
NCT07737600,A Study of MRG007 Combination Therapy for Advanced Colorectal Cancer,PHASE1;PHASE2,Phase 2,NOT_YET_RECRUITING,316,"Lepu Biopharma Co., Ltd.",Lepu Biopharma,16,1,0,multi_experimental,4,mrg007,5-fluorouracil / leucovorin calcium;bevacizumab;capecitabine;mrg007;oxaliplatin;pd-1/vegf antibody,EGFR,Monoclonal Antibody,EGFR;MMR;MSI;MSI-H;biomarker;dMMR,1,1,0,1,0,0,0,0,0,0,1,MSI-H/dMMR,metastatic · adenoca. · measurable (RECIST)
NCT07738939,IKS04 Regimen in Advanced Solid Tumors That Express CA242,PHASE1,Phase 1,NOT_YET_RECRUITING,120,Iksuda Therapeutics Ltd.,Iksuda Therapeutics,3,1,0,multi_experimental,5,iks04 antibody drug conjugate adc + isumab04 monoclonal antibody,iks04 antibody drug conjugate adc + isumab04 monoclonal antibody,,ADC,,1,1,0,0,0,0,0,0,0,0,0,,metastatic · measurable (RECIST)
NCT07740720,A Study of the Duration of Dostarlimab in Untreated Mismatch Repair Deficient (dMMR)/ Microsatellite Instability-high (MSI-H) Locally Advanced Rectal Cancer,PHASE3,Phase 3,NOT_YET_RECRUITING,90,GlaxoSmithKline,GSK,468,1,1,single_arm,1,dostarlimab,dostarlimab,PD-1,Monoclonal Antibody,MSI;MSI-H;dMMR,1,1,0,1,0,0,0,0,0,0,1,MSI-H/dMMR,locally advanced · adenoca.
NCT07743723,A Study of IOV-5001 in Adults With Advanced Solid Tumors,PHASE1;PHASE2,Phase 2,NOT_YET_RECRUITING,106,"Iovance Biotherapeutics, Inc.",Iovance Biotherapeutics,15,1,0,multi_experimental,5,iov-5001,iov-5001,,,ALK;ER;HER2;MMR;MSI;MSI-H;PD-L1;PR;ROS1;dMMR;genomic,0,1,0,1,0,1,0,0,0,0,1,"MSI-H/dMMR, HER2+",metastatic · adenoca.
NCT07750041,A Phase Ib/II Study of SYS6090 Combination Therapy in Advanced Colorectal Cancer,PHASE1;PHASE2,Phase 2,NOT_YET_RECRUITING,260,"CSPC Megalith Biopharmaceutical Co.,Ltd.",CSPC Megalith Biopharmaceutical,29,1,0,active_comparator,7,bevacizumab + folfoxiri,regorafenib;sys6090 (fixed dose level a) + bevacizumab;sys6090 (fixed dose level b ) + bevacizumab;sys6090 pr2d+ bevacizumab + folfoxiri;sys6090 rp2d + bevacizumab;sys6090 rp2d + bevacizumab +mfolfox6,VEGF/VEGFR,Monoclonal Antibody,,1,1,0,0,1,0,0,0,0,0,1,MSS/pMMR,metastatic · measurable (RECIST)
NCT07750158,Zanzalintinib Alone or in Combination With Pembrolizumab and Berahyaluronidase Alfa in Participants With Colorectal Cancer With Molecular Residual Disease,PHASE3,Phase 3,NOT_YET_RECRUITING,600,Exelixis,Exelixis,52,1,1,multi_experimental,3,,pembrolizumab (+) berahyaluronidase alfa;zanzalintinib,EGFR,Small Molecule,MMR;MSI;PD-L1,0,1,0,0,1,0,0,0,0,0,1,MSS/pMMR,adenoca.
NCT07752875,A Study of LG00313112 in Participants With Advanced Solid Malignancies Harboring a TP53 Y220C Mutation,PHASE1;PHASE2,Phase 2,NOT_YET_RECRUITING,250,LG Chem,LG Chem,2,1,0,single_arm,1,lg00313112,lg00313112,,,,0,1,0,0,0,0,0,0,0,1,0,,metastatic · 2nd-line+ · measurable (RECIST)
NCT07775287,"Study of Petosemtamab Plus Chemotherapy Versus Cetuximab or Bevacizumab Plus Chemotherapy in RAS and BRAF Wild Type, Recurrent, Unresectable or Metastatic Colorectal Cancer (LiGeR-CRC2)",PHASE3,Phase 3,RECRUITING,600,Genmab,Genmab,65,1,1,active_comparator,2,bevacizumab;cetuximab;fluorouracil;irinotecan;leucovorin (calcium folinate);oxaliplatin,fluorouracil;irinotecan;leucovorin (calcium folinate);oxaliplatin;petosemtamab,VEGF/VEGFR,Monoclonal Antibody,BRAF;EGFR;HER2;KRAS;MMR;MSI,1,1,0,1,0,1,1,0,1,0,1,"MSI-H/dMMR, HER2+, BRAFm",metastatic · 1st-line · adenoca.
NCT07781852,Evaluation of the Distribution of 64Cu/68Ga Labeled CM500 in Healthy Volunteers and Patients With Cancer,EARLY_PHASE1,Phase 1,NOT_YET_RECRUITING,40,Lumina Pharmaceuticals Inc,Lumina Pharmaceuticals,1,1,0,active_comparator,4,[64cu]cm500;[68ga]cm500;blood collection;device: pet/ct;device: pet/mr,[64cu]cm500;[68ga]cm500;blood collection;device: pet/ct;device: pet/mr,,Peptide,,0,1,0,0,0,0,0,0,0,0,0,,metastatic
NCT07790510,HSK42360-Na Tablets Combined With Cetuximab With or Without Chemotherapy in BRAF V600-Mutant Metastatic Colorectal Cancer,PHASE1;PHASE2,Phase 2,RECRUITING,180,"Haisco Pharmaceutical Group Co., Ltd.",Haisco Pharmaceutical,10,1,0,multi_experimental,2,cetuximab (egfr inhibitor);hsk42360-na tablets,cetuximab (egfr inhibitor);folfiri regimen (irinotecan/leucovorin/5-fu);hsk42360-na tablets;mfolfox6 regimen (oxaliplatin/leucovorin/5-fu),,,BRAF;MSI;MSI-H;dMMR,0,1,0,1,0,0,1,0,0,0,1,"MSI-H/dMMR, BRAFm",metastatic · adenoca. · measurable (RECIST)
NCT07791758,A Clinical Trial of LBL-024 Combination Drug in Patients With Metastatic Colorectal Carcinoma,PHASE1;PHASE2,Phase 2,NOT_YET_RECRUITING,369,"Nanjing Leads Biolabs Co.,Ltd",Nanjing Leads Biolabs,19,1,0,multi_experimental,4,bevacizumab injection;lbl-024 for injection,bevacizumab injection;capecitabine tablets;fruquintinib capsules;lbl-024 for injection;oxaliplatin,PD-1,Monoclonal Antibody,PD-L1,1,1,0,0,0,0,0,0,0,0,0,,measurable (RECIST) · ECOG 0
NCT07796763,A Global Trial of Trastuzumab Rezetecan (SHR-A1811) in Combination With Chemotherapy and Bevacizumab as First-Line Treatment in Patients With Advanced Colorectal Cancer Expressing HER2,PHASE2,Phase 2,NOT_YET_RECRUITING,48,"Jiangsu HengRui Medicine Co., Ltd.",Hengrui,312,1,0,multi_experimental,2,,trastuzumab rezetecan (shr-a1811) injection; high dose;trastuzumab rezetecan (shr-a1811) injection; low dose,HER2,Monoclonal Antibody,BRAF;HER2;MSI;MSI-H;PD-L1;dMMR,1,1,0,1,0,1,1,0,0,1,1,"MSI-H/dMMR, HER2+, BRAFm",metastatic · 2nd-line+ · adenoca. · measurable (RECIST)
NCT07805369,A Phase 1 Study of DEM301 in Participants With Metastatic Colorectal Cancer,PHASE1,Phase 1,NOT_YET_RECRUITING,60,"DEM BioPharma, Inc.",DEM BioPharma,1,1,0,multi_experimental,2,dem301,dem301,,ADC,MET;biomarker,1,1,0,0,0,0,0,0,0,0,0,,metastatic · measurable (RECIST)
NCT07805551,A Study of HDM2017 Combination Therapy in Advanced Colorectal Cancer,PHASE1;PHASE2,Phase 2,RECRUITING,220,"Hangzhou Zhongmei Huadong Pharmaceutical Co., Ltd.",Hangzhou Zhongmei Huadong Pharmaceutical,14,1,0,multi_experimental,3,bevacizumab;hdm2017,bevacizumab;capecitabine;fluorouracil;hdm2017;leucovorin;oxaliplatin,,Cell Therapy,,1,1,0,0,0,0,0,0,0,0,0,,metastatic · measurable (RECIST)
NCT07807345,Phase 1 Study of STRO-006 in Adults With Refractory Solid Tumors That Are Recurrent or Metastatic,PHASE1,Phase 1,NOT_YET_RECRUITING,285,"Sutro Biopharma, Inc.",Sutro Biopharma,8,1,0,multi_experimental,3,stro-006,pembrolizumab;stro-006,PD-1,,HER2,0,1,0,0,0,1,0,0,0,1,1,HER2+,metastatic · 2nd-line+ · adenoca. · measurable (RECIST)
NCT07807800,A Study of DES-1357 in People With Deficient Mismatch Repair (dMMR)/Microsatellite Instability-High (MSI-H) Metastatic Colorectal Cancer (mCRC),PHASE1;PHASE2,Phase 2,NOT_YET_RECRUITING,88,"D. E. Shaw Research, LLC",D. E. Shaw Research,1,1,0,multi_experimental,4,des-1357,des-1357,,,KRAS;MMR;MSI;MSI-H;dMMR,0,1,0,1,1,0,0,0,0,0,1,"MSI-H/dMMR, MSS/pMMR",metastatic · measurable (RECIST) · ECOG 0
NCT07807956,"A Study to Assess Adverse Events, Change in Disease Activity and How Intravenous ABBV-253 Moves Through the Body in Adult Participants With Advanced Solid Tumors",PHASE1,Phase 1,NOT_YET_RECRUITING,130,AbbVie,AbbVie,274,1,1,multi_experimental,4,abbv-253,abbv-253,,,,0,1,0,0,0,0,0,0,0,0,0,,metastatic · adenoca. · measurable (RECIST)
NCT07808151,Neoadjuvant Pembrolizumab and Porustobart in Resectable pMMR/MSS Colon Cancer,PHASE2,Phase 2,NOT_YET_RECRUITING,100,"Solstice Oncology, Inc.",Solstice Oncology,1,1,0,multi_experimental,2,pembrolizumab;porustobart,pembrolizumab;porustobart,PD-1,Monoclonal Antibody,PD-L1,1,1,0,0,1,0,0,0,0,0,1,MSS/pMMR,adenoca.
NCT07811193,A Study to Evaluate the Efficacy of VVD-133214 in Combination With Pembrolizumab Compared With Pembrolizumab Alone in Participants With Advanced Cancer of the Colon or Rectum,PHASE2,Phase 2,RECRUITING,140,"Vividion Therapeutics, Inc.",Vividion Therapeutics,5,1,1,active_comparator,3,pembrolizumab,pembrolizumab;vvd-133214,PD-1,,MMR;MSI;PD-L1;dMMR,0,1,0,1,0,0,0,0,0,0,1,MSI-H/dMMR,metastatic · adenoca. · measurable (RECIST)
NCT07812805,SKL35501 With SKL35502 Imaging in Adults With NTSR1 Positive Advanced Solid Tumors,PHASE1,Phase 1,RECRUITING,100,"SK Life Science, Inc.",SK Life Science,2,1,0,multi_experimental,2,diagnostic test: skl35502;skl35501,diagnostic test: skl35502;skl35501,,Small Molecule,MSI;MSI-H;dMMR,0,1,0,1,0,0,0,0,0,1,1,MSI-H/dMMR,metastatic · 2nd-line+ · squamous · measurable (RECIST)
NCT07814417,A Study of Olomorasib (LY3537982) in Participants With Advanced Colorectal Cancer and a KRAS G12C Mutation,PHASE2,Phase 2,NOT_YET_RECRUITING,50,Eli Lilly and Company,Eli Lilly,535,1,1,single_arm,1,cetuximab;fluorouracil;leucovorin/levofolinate calcium;olomorasib;oxaliplatin,cetuximab;fluorouracil;leucovorin/levofolinate calcium;olomorasib;oxaliplatin,EGFR,Monoclonal Antibody,BRAF;KRAS;MMR;MSI;MSI-H;dMMR,1,1,0,1,0,0,0,1,0,0,1,"MSI-H/dMMR, KRAS G12C",metastatic · measurable (RECIST)
