nct_id,brief_title,phase,phase_simple,overall_status,enrollment,lead_sponsor,company,sponsor_scale,is_industry,is_big_pharma,arm_structure,n_arms,comparator_B,experimental_A,targets,modalities,biomarkers_pipeline,tme_relevant,is_combination,BRAF,NRAS,PD-L1,first_line,later_line,biomarker_selected
NCT00338377,Lymphodepletion Plus Adoptive Cell Transfer With or Without Dendritic Cell Immunization in Patients With Metastatic Melanoma,PHASE2,Phase 2,ACTIVE_NOT_RECRUITING,1230,M.D. Anderson Cancer Center,M.D. Anderson Cancer Center,697,0,0,multi_experimental,5,,cyclophosphamide;dendritic cell immunization;fludarabine;interleukin-2;intrathecal interleukin-2;intrathecal t-cells;mesna;t-cells,IL-2R,Recombinant Protein,BRAF;CD25;PR,0,1,0,0,0,0,1,0
NCT00539591,Phase II Study Incorporating Pegylated Interferon In the Treatment For Children With High-Risk Melanoma,PHASE2,Phase 2,ACTIVE_NOT_RECRUITING,29,St. Jude Children's Research Hospital,St. Jude Children's Research Hospital,44,0,0,multi_experimental,2,peginterferon alfa-2b;temozolomide,peginterferon alfa-2b;recombinant interferon alfa-2b;temozolomide,,Recombinant Protein,,0,1,0,0,0,0,0,0
NCT01366144,"Veliparib, Paclitaxel, and Carboplatin in Treating Patients With Solid Tumors That Are Metastatic or Cannot Be Removed by Surgery and Liver or Kidney Dysfunction",PHASE1,Phase 1,ACTIVE_NOT_RECRUITING,94,National Cancer Institute (NCI),National Cancer Institute (NCI),18,0,0,single_arm,1,carboplatin;laboratory biomarker analysis;paclitaxel;pharmacological study;veliparib,carboplatin;laboratory biomarker analysis;paclitaxel;pharmacological study;veliparib,PARP,Small Molecule,BRCA1;BRCA2,0,1,0,0,0,0,0,0
NCT01416831,Comparison of High-dose IL-2 and High-dose IL-2 With Radiation Therapy in Patients With Metastatic Melanoma.,PHASE2,Phase 2,ACTIVE_NOT_RECRUITING,44,Providence Health & Services,Providence Health & Services,30,0,0,active_comparator,2,high-dose il-2,radiation therapy and high-dose il-2,IL-2,,,0,1,0,0,0,0,0,0
NCT02068586,Sunitinib Malate or Valproic Acid in Preventing Metastasis in Patients With High-Risk Uveal Melanoma,PHASE2,Phase 2,ACTIVE_NOT_RECRUITING,210,Sidney Kimmel Comprehensive Cancer Center at Thomas Jefferson University,Sidney Kimmel Comprehensive Cancer Center at Thomas Jefferson University,46,0,1,active_comparator,4,sunitinib malate + valproic acid,sunitinib;sunitinib malate;valproic acid,VEGF/VEGFR,Small Molecule,,0,1,0,0,0,0,0,0
NCT02332668,A Study of Pembrolizumab (MK-3475) in Pediatric Participants With an Advanced Solid Tumor or Lymphoma (MK-3475-051/KEYNOTE-051),PHASE1;PHASE2,Phase 2,RECRUITING,370,Merck Sharp & Dohme LLC,Merck (MSD),649,1,1,multi_experimental,6,pembrolizumab,pembrolizumab,PD-1,Monoclonal Antibody,MSI;MSI-H;PD-L1;TMB,1,1,0,0,1,0,1,1
NCT02360579,"Study of Lifileucel (LN-144), Autologous Tumor Infiltrating Lymphocytes, in the Treatment of Patients With Metastatic Melanoma",PHASE2,Phase 2,COMPLETED,220,"Iovance Biotherapeutics, Inc.",Iovance Biotherapeutics,15,1,0,multi_experimental,4,lifileucel,lifileucel,,Cell Therapy,BRAF,1,1,1,0,0,0,0,1
NCT02362594,Study of Pembrolizumab (MK-3475) Versus Placebo After Complete Resection of High-Risk Stage III Melanoma (MK-3475-054/1325-MG/KEYNOTE-054),PHASE3,Phase 3,ACTIVE_NOT_RECRUITING,1019,Merck Sharp & Dohme LLC,Merck (MSD),649,1,1,placebo_comparator,2,,pembrolizumab,PD-1,Monoclonal Antibody,PD-L1,1,0,0,0,1,0,1,1
NCT02374242,Anti-PD 1 Brain Collaboration for Patients With Melanoma Brain Metastases,PHASE2,Phase 2,ACTIVE_NOT_RECRUITING,76,Melanoma Institute Australia,Melanoma Institute Australia,10,0,1,active_comparator,3,ipilimumab;nivolumab,,PD-1,Monoclonal Antibody,BRAF;CD30;PD-L1,1,1,0,0,1,0,0,1
NCT02568267,"Basket Study of Entrectinib (RXDX-101) for the Treatment of Patients With Solid Tumors Harboring NTRK 1/2/3 (Trk A/B/C), ROS1, or ALK Gene Rearrangements (Fusions)",PHASE2,Phase 2,ACTIVE_NOT_RECRUITING,534,Hoffmann-La Roche,Roche/Genentech,922,1,1,multi_experimental,9,entrectinib,entrectinib,ROS1,Small Molecule,ALK;NTRK;ROS1,0,1,0,0,0,0,0,0
NCT02644369,Study of the Effects of Pembrolizumab in Patients With Advanced Solid Tumors,PHASE2,Phase 2,ACTIVE_NOT_RECRUITING,100,"University Health Network, Toronto","University Health Network, Toronto",91,0,1,single_arm,1,pembrolizumab,pembrolizumab,PD-1,Monoclonal Antibody,PD-L1;biomarker,1,1,0,0,1,0,0,1
NCT02721459,XL888 + Vemurafenib + Cobimetinib for Unresectable BRAF Mutated Stage III/IV Melanoma,PHASE1,Phase 1,ACTIVE_NOT_RECRUITING,26,H. Lee Moffitt Cancer Center and Research Institute,H. Lee Moffitt Cancer Center and Research Institute,228,0,1,single_arm,1,cobimetinib;vemurafenib;xl888,cobimetinib;vemurafenib;xl888,BRAF,Small Molecule,BRAF,0,1,1,0,0,1,1,1
NCT02858921,"Neoadjuvant Dabrafenib, Trametinib and/or Pembrolizumab in BRAF Mutant Resectable Stage III Melanoma",PHASE2,Phase 2,ACTIVE_NOT_RECRUITING,60,Melanoma Institute Australia,Melanoma Institute Australia,10,0,1,multi_experimental,3,pembrolizumab,dabrafenib;pembrolizumab;trametinib,BRAF,Small Molecule,BRAF;PD-L1,0,1,1,0,1,0,1,1
NCT02869217,Study of TBI-1301 (NY-ESO-1 Specific TCR Gene Transduced Autologous T Lymphocytes) in Patients With Solid Tumors,PHASE1,Phase 1,ACTIVE_NOT_RECRUITING,22,"University Health Network, Toronto","University Health Network, Toronto",91,0,0,multi_experimental,2,cyclophosphamide;fludarabine;tbi-1301,cyclophosphamide;fludarabine;tbi-1301,NY-ESO-1,Cell Therapy,HLA-A*02:01;HLA-A*02:06;MET;NY-ESO-1,1,1,0,0,0,0,0,0
NCT02938299,Neoadjuvant L19IL2/L19TNF- Pivotal Study,PHASE3,Phase 3,ACTIVE_NOT_RECRUITING,214,Philogen S.p.A.,Philogen S.p.A.,45,1,0,active_comparator,2,surgery,l19il2 + l19tnf;surgery,FN1,Bispecific Antibody,BRAF;CD31,1,1,0,0,0,0,0,0
NCT03122522,A Study to Evaluate Adaptive Dosing of Ipilimumab and Nivolumab Combination Immunotherapy,PHASE2,Phase 2,ACTIVE_NOT_RECRUITING,70,Memorial Sloan Kettering Cancer Center,Memorial Sloan Kettering Cancer Center,411,0,1,single_arm,1,ipilimumab;nivolumab,ipilimumab;nivolumab,CTLA-4,Monoclonal Antibody,PD-L1,1,1,0,0,1,0,0,1
NCT03132922,MAGE-A4ᶜ¹º³²T for Multi-Tumor,PHASE1,Phase 1,ACTIVE_NOT_RECRUITING,71,"USWM CT, LLC",USWM CT,8,1,0,multi_experimental,2,,autologous genetically modified mage-a4c1032t cells combined with low dose radiation;autologous genetically modified mage-a4ᶜ¹º³²t cells,MAGE-A4,Cell Therapy,HLA-A2;MAGE-A4,1,1,0,0,0,0,0,0
NCT03149029,Abbreviated MAPK Targeted Therapy Plus Pembrolizumab in Melanoma,PHASE2,Phase 2,ACTIVE_NOT_RECRUITING,16,Massachusetts General Hospital,Massachusetts General Hospital,170,0,1,multi_experimental,2,pembrolizumab;trametinib,dabrafenib;pembrolizumab;trametinib,PD-1,Monoclonal Antibody,BRAF;PD-L1,1,1,1,0,1,0,1,1
NCT03161431,SX-682 Treatment in Subjects With Metastatic Melanoma Concurrently Treated With Pembrolizumab,PHASE1,Phase 1,ACTIVE_NOT_RECRUITING,77,"Syntrix Biosystems, Inc.",Syntrix Biosystems,2,1,1,multi_experimental,2,sx-682,pembrolizumab;sx-682,CXCR1/2,Small Molecule,PD-L1;RAS;biomarker,0,1,0,0,1,0,0,1
NCT03212404,Phase 1 Study of CK-301 (Cosibelimab) as a Single Agent in Subjects With Advanced Cancers,PHASE1,Phase 1,ACTIVE_NOT_RECRUITING,272,"Checkpoint Therapeutics, Inc.",Checkpoint Therapeutics,3,1,0,single_arm,1,ck-301 (cosibelimab),ck-301 (cosibelimab),PD-L1,Monoclonal Antibody,MMR;MSI;MSI-H;PD-L1;dMMR,1,1,0,0,1,0,0,1
NCT03228667,QUILT-3.055: A Study of Combination Immunotherapies in Patients Who Have Previously Received Treatment With Immune Checkpoint Inhibitors,PHASE2,Phase 2,ACTIVE_NOT_RECRUITING,40,"ImmunityBio, Inc.",ImmunityBio,63,1,0,multi_experimental,6,,n-803 + atezolizumab;n-803 + atezolizumab + pd-l1 t-hank;n-803 + avelumab;n-803 + avelumab + pd-l1 t-hank;n-803 + docetaxel + nivolumab;n-803 + docetaxel + pembrolizumab;n-803 + durvalumab;n-803 + durvalumab + pd-l1 t-hank;n-803 + nivolumab;n-803 + nivolumab + pd-l1 t-hank;n-803 + pembrolizumab;n-803 + pembrolizumab + pd-l1 t-hank,PD-1,Monoclonal Antibody,ALK;BRAF;HER2;KRAS;MET;NTRK;PD-L1;PR;RET;ROS1,1,1,0,0,1,0,0,1
NCT03241186,Ipilimumab and Nivolumab as Adjuvant Treatment of Mucosal Melanoma,PHASE2,Phase 2,ACTIVE_NOT_RECRUITING,36,"Robert R. McWilliams, MD","Robert R. McWilliams, MD",1,0,1,single_arm,1,ipilimumab;nivolumab,ipilimumab;nivolumab,CTLA-4,Monoclonal Antibody,ALK;PD-L1,1,1,0,0,0,0,0,0
NCT03311308,A Trial of Pembrolizumab and Metformin Versus Pembrolizumab Alone in Advanced Melanoma,PHASE1,Phase 1,ACTIVE_NOT_RECRUITING,23,Yana Najjar,Yana Najjar,6,0,1,active_comparator,2,pembrolizumab injection [keytruda],metformin;pembrolizumab injection [keytruda],PD-1,Monoclonal Antibody,ATM;BARD1;BRAF;BRCA1/2;CHEK2;FANCC;HRD;PALB2;PR;RA;SLX4;XRCC2,1,1,0,0,0,1,1,0
NCT03340129,Anti-PD 1 Brain Collaboration + Radiotherapy Extension (ABC-X Study),PHASE2,Phase 2,RECRUITING,218,Melanoma Institute Australia,Melanoma Institute Australia,10,0,1,active_comparator,2,ipilimumab;nivolumab;salvage therapy;stereotactic radiotherapy,,CTLA-4,Monoclonal Antibody,BRAF;MET;PD-L1,1,1,1,0,1,0,0,1
NCT03420508,Treating Patients With Melanoma and ALK Alterations With Ensartinib,PHASE2,Phase 2,ACTIVE_NOT_RECRUITING,18,Memorial Sloan Kettering Cancer Center,Memorial Sloan Kettering Cancer Center,411,0,0,single_arm,1,diagnostic test: alkati by customized nanostring assay;ensartinib,diagnostic test: alkati by customized nanostring assay;ensartinib,ALK,Small Molecule,ALK;BRAF,0,1,1,0,0,0,0,1
NCT03454035,Ulixertinib/Palbociclib in Patients With Advanced Pancreatic and Other Solid Tumors,PHASE1,Phase 1,RECRUITING,45,UNC Lineberger Comprehensive Cancer Center,UNC Lineberger Comprehensive Cancer Center,85,0,1,single_arm,1,palbociclib;ulixertinib,palbociclib;ulixertinib,MAPK,Small Molecule,BRAF;KRAS;NF1;PD-L1;RAS;molecular profiling,0,1,1,1,1,0,1,1
NCT03470922,A Study of Relatlimab Plus Nivolumab Versus Nivolumab Alone in Participants With Advanced Melanoma,PHASE2;PHASE3,Phase 3,ACTIVE_NOT_RECRUITING,714,Bristol-Myers Squibb,Bristol Myers Squibb,764,1,1,multi_experimental,2,nivolumab,nivolumab;relatlimab,LAG-3,Monoclonal Antibody,biomarker,1,1,0,0,0,0,0,0
NCT03474497,"UCDCC#272: IL-2, Radiotherapy, and Pembrolizumab in Patients Refractory to Checkpoint Blockade",PHASE1;PHASE2,Phase 2,ACTIVE_NOT_RECRUITING,18,"Megan Daly, MD","Megan Daly, MD",5,0,1,single_arm,1,il-2;pembrolizumab;radiotherapy,il-2;pembrolizumab;radiotherapy,CD19,Cell Therapy,CD19;PD-L1,1,1,0,0,1,0,1,1
NCT03553836,Safety and Efficacy of Pembrolizumab Compared to Placebo in Resected High-risk Stage II Melanoma (MK-3475-716/KEYNOTE-716),PHASE3,Phase 3,ACTIVE_NOT_RECRUITING,976,Merck Sharp & Dohme LLC,Merck (MSD),649,1,1,placebo_comparator,2,pembrolizumab,pembrolizumab,PD-1,Monoclonal Antibody,PD-L1,1,1,0,0,1,0,1,1
NCT03567889,Efficacy of Daromun Neoadjuvant Intratumoral Treatment in Clinical Stage IIIB/C/D Melanoma Patients,PHASE3,Phase 3,RECRUITING,186,Philogen S.p.A.,Philogen S.p.A.,45,1,0,active_comparator,2,adjuvant therapy;surgery,adjuvant therapy;daromun;surgery,FN1,Monoclonal Antibody,BRAF,1,1,0,0,0,0,0,0
NCT03589339,NBTXR3 Activated by Radiotherapy for Patients With Advanced Cancers Treated With An Anti-PD-1 Therapy,PHASE1,Phase 1,ACTIVE_NOT_RECRUITING,145,Nanobiotix,Nanobiotix,6,1,0,single_arm,1,nbtxr3;nivolumab;pembrolizumab;sabr,nbtxr3;nivolumab;pembrolizumab;sabr,PD-1,Radiopharmaceutical,,0,1,0,0,0,0,0,0
NCT03611868,A Study of APG-115 in as a Monotherapy or Combination With Pembrolizumab in Patients With Metastatic Melanomas or Advanced Solid Tumors,PHASE1;PHASE2,Phase 2,ACTIVE_NOT_RECRUITING,230,Ascentage Pharma Group Inc.,Ascentage Pharma,45,1,1,single_arm,1,phase 1b: apg-115+pembrolizumab,phase 1b: apg-115+pembrolizumab,PD-1,Monoclonal Antibody,PD-L1;biomarker;biomarker analysis,1,1,0,0,1,0,1,1
NCT03719131,Rituximab and Hyaluronidase Human in Patients With Advanced Melanoma Undergoing Nivolumab and Ipilimumab Therapy,PHASE2,Phase 2,ACTIVE_NOT_RECRUITING,15,Emory University,Emory University,116,0,1,active_comparator,2,ipilimumab;nivolumab,ipilimumab;nivolumab;rituximab and hyaluronidase human,PD-1,Monoclonal Antibody,BRAF;CD30,1,1,0,0,0,0,0,0
NCT03767348,Study of RP1 Monotherapy and RP1 in Combination With Nivolumab (IGNYTE),PHASE2,Phase 2,ACTIVE_NOT_RECRUITING,340,"Replimune, Inc.",Replimune,10,1,1,multi_experimental,10,rp1,nivolumab;rp1,PD-1,Oncolytic Virus,BRAF;MMR;MSI;MSI-H;PD-L1;dMMR,1,1,1,0,1,0,0,1
NCT03769155,VX15/2503 With or Without Ipilimumab and/or Nivolumab in Patients With Resectable Stage IIIB-D Melanoma,PHASE1,Phase 1,ACTIVE_NOT_RECRUITING,41,Emory University,Emory University,116,0,1,active_comparator,5,surgery,ipilimumab;nivolumab;surgery;vx15/2503,CTLA-4,Monoclonal Antibody,PD-L1,1,1,0,0,0,0,0,0
NCT03872947,A Study of TRK-950 in Combinations With Anti-Cancer Treatment Regimens in Patients With Advanced Solid Tumors,PHASE1,Phase 1,ACTIVE_NOT_RECRUITING,138,"Toray Industries, Inc",Toray Industries,4,1,0,multi_experimental,15,trk-950,bevacizumab;carboplatin;cisplatin;fluorouracil;gemcitabine;imiquimod cream;irinotecan;leucovorin;nivolumab;paclitaxel;pembrolizumab;pld;ramucirumab;trk-950,PD-1,Monoclonal Antibody,CAPRIN-1;PR,1,1,0,0,0,0,1,0
NCT03891953,Study of Safety and Efficacy of DKY709 Alone or in Combination With PDR001 in Patients With Advanced Solid Tumors.,PHASE1,Phase 1,ACTIVE_NOT_RECRUITING,98,Novartis Pharmaceuticals,Novartis,836,1,1,multi_experimental,2,dky709,dky709;pdr001,PD-1,Small Molecule,PD-L1,0,1,0,0,1,0,1,1
NCT03897881,An Efficacy Study of Adjuvant Treatment With the Personalized Cancer Vaccine mRNA-4157 and Pembrolizumab in Participants With High-Risk Melanoma (KEYNOTE-942),PHASE2,Phase 2,ACTIVE_NOT_RECRUITING,267,"ModernaTX, Inc.",Moderna,9,1,1,active_comparator,2,pembrolizumab,mrna-4157;pembrolizumab,PD-1,Vaccine,,1,1,0,0,0,0,0,0
NCT03915678,Atezolizumab Combined With BDB001 AnD Immunogenic Radiotherapy in Patients With Advanced Solid Tumors,PHASE2,Phase 2,ACTIVE_NOT_RECRUITING,247,Institut Bergonié,Institut Bergonié,27,0,1,multi_experimental,6,,association atezolizumab + bdb001 + rt;association atezolizumab + bdb001+ rt,PD-L1,Monoclonal Antibody,PD-L1,1,1,0,0,0,0,0,0
NCT03947385,Study of IDE196 in Patients With Solid Tumors Harboring GNAQ/11 Mutations or PRKC Fusions,PHASE1;PHASE2,Phase 2,RECRUITING,336,IDEAYA Biosciences,IDEAYA Biosciences,11,1,0,multi_experimental,8,ide196,binimetinib;crizotinib;ide196,MEK,Small Molecule,ALK;HLA-A2;MET;MSI;MSI-H;ROS1;dMMR,0,1,0,0,0,1,0,0
NCT03983954,"Naptumomab Estafenatox in Combination With Durvalumab in Subjects With Selected Advanced or Metastatic Solid Tumor, Including a Cohort Expansion in Esophageal Cancer.",PHASE1,Phase 1,ACTIVE_NOT_RECRUITING,120,NeoTX Therapeutics Ltd.,NeoTX Therapeutics,2,1,1,multi_experimental,11,naptumomab estafenatox and durvalumab,naptumomab estafenatox and durvalumab;obinutuzumab,5T4,Monoclonal Antibody,CD20;ER;HER2;PD-L1;biomarker;biomarker analysis,1,1,0,0,1,1,0,1
NCT04020809,Neoadjuvant Atezolizumab in Cutaneous Melanoma,PHASE1,Phase 1,ACTIVE_NOT_RECRUITING,20,The Methodist Hospital Research Institute,The Methodist Hospital Research Institute,27,0,1,single_arm,1,atezolizumab,atezolizumab,PD-L1,Monoclonal Antibody,CMMRD;MSI-H;PD-L1;TMB,1,1,0,0,1,1,0,1
NCT04044859,ADP-A2M4CD8 as Monotherapy or in Combination With Either Nivolumab or Pembrolizumab in HLA-A2+ Subjects With MAGE-A4 Positive Tumors (SURPASS),PHASE1,Phase 1,ACTIVE_NOT_RECRUITING,120,"USWM CT, LLC",USWM CT,8,1,0,single_arm,1,autologous genetically modified adp-a2m4cd8 cells alone or in combination with nivolumab every four weeks or pembrolizumab every 6 weeks,autologous genetically modified adp-a2m4cd8 cells alone or in combination with nivolumab every four weeks or pembrolizumab every 6 weeks,MAGE-A4,Cell Therapy,HLA-A2;MAGE-A4,1,1,0,0,0,0,0,0
NCT04074096,Binimetinib Encorafenib Pembrolizumab +/- Stereotactic Radiosurgery in BRAFV600 Melanoma With Brain Metastasis,PHASE2,Phase 2,ACTIVE_NOT_RECRUITING,10,UNICANCER,UNICANCER,64,0,1,multi_experimental,2,binimetinib oral tablet;encorafenib oral capsule;pembrolizumab,binimetinib oral tablet;encorafenib oral capsule;pembrolizumab;stereotaxic radiosurgery (srs),PD-1,Monoclonal Antibody,BRAF;MET;PD-L1,1,1,1,0,0,1,1,1
NCT04074967,Study of ARRY-614 Plus Either Nivolumab or Nivolumab+Ipilimumab,PHASE1;PHASE2,Phase 2,ACTIVE_NOT_RECRUITING,70,Dan Zandberg,Dan Zandberg,6,0,0,multi_experimental,5,,phase ib arry-614 + nivolumab;phase ib arry-614 + nivolumab+ipilimumab;phase ii arry-614 + nivolumab;phase ii arry-614 + nivolumab+ipilimumab (melanoma);phase ii arry-614 + nivolumab+ipilimumab (rcc),CTLA-4,Monoclonal Antibody,PD-L1,1,1,0,0,0,0,0,0
NCT04079166,SCIB1 and iSCIB1+ in Melanoma Patients Receiving Nivolumab With Ipilimumab or SCIB1 With Pembrolizumab (The SCOPE Study),PHASE2,Phase 2,ACTIVE_NOT_RECRUITING,173,Scancell Ltd,Scancell,4,1,0,single_arm,1,scib1 or iscib1+ dna vaccine,scib1 or iscib1+ dna vaccine,PD-1,Monoclonal Antibody,BRAF;PD-L1,1,1,1,0,1,0,0,1
NCT04083599,GEN1042 Safety Trial and Anti-tumor Activity in Participants With Malignant Solid Tumors,PHASE1;PHASE2,Phase 2,ACTIVE_NOT_RECRUITING,350,Genmab,Genmab,65,1,1,multi_experimental,2,gen1042,carboplatin;cisplatin;fluorouracil;gemcitabine;gen1042;nab-paclitaxel;paclitaxel;pembrolizumab;pemetrexed,CD40,Bispecific Antibody,PD-L1,1,1,0,0,0,0,1,0
NCT04091750,Nivolumab/Ipilimumab Plus Cabozantinib in Patients With Unresectable Advanced Melanoma,PHASE2,Phase 2,ACTIVE_NOT_RECRUITING,14,Georgetown University,Georgetown University,55,0,0,single_arm,1,cabozantinib;ipilimumab;nivolumab,cabozantinib;ipilimumab;nivolumab,PD-1,Monoclonal Antibody,CD30;PD-L1,1,1,0,0,1,0,0,1
NCT04099251,Effectiveness Study of Nivolumab Compared to Placebo in Prevention of Recurrent Melanoma After Complete Resection of Stage IIB/C Melanoma,PHASE3,Phase 3,ACTIVE_NOT_RECRUITING,790,Bristol-Myers Squibb,Bristol Myers Squibb,764,1,1,placebo_comparator,2,,nivolumab,PD-1,Monoclonal Antibody,CD30;PD-L1,1,0,0,0,1,0,1,1
NCT04126876,A Randomized Controlled Phase II Trial With Intradermal IMO-2125 in Pathological Tumor Stage (p) T3-4 cN0M0 Melanoma,PHASE2,Phase 2,RECRUITING,214,A.J.M. van den Eertwegh,A.J.M. van den Eertwegh,1,0,0,placebo_comparator,2,saline (0.9% sodium chloride),tilsotolimod,TLR9,Cell Therapy,,1,1,0,0,0,0,0,0
NCT04139902,Neoadjuvant PD-1 Inhibitor Dostarlimab (TSR-042) vs. Combination of Tim-3 Inhibitor Cobolimab (TSR-022) and PD-1 Inhibitor Dostarlimab (TSR-042) in Melanoma,PHASE2,Phase 2,ACTIVE_NOT_RECRUITING,48,Diwakar Davar,Diwakar Davar,8,0,0,multi_experimental,2,,dostarlimab (tsr-042) (singly);dostarlimab (tsr-042) and tsr-022 (combination),PD-1,Monoclonal Antibody,MET;PD-L1,1,1,0,0,1,0,0,1
NCT04140500,Dose Escalation Study of a PD1-LAG3 Bispecific Antibody in Patients With Advanced and/or Metastatic Solid Tumors,PHASE1;PHASE2,Phase 2,ACTIVE_NOT_RECRUITING,170,Hoffmann-La Roche,Roche/Genentech,922,1,1,multi_experimental,2,ro7247669,ro7247669,PD-1,Bispecific Antibody,ALK;BRAF;NTRK;PD-L1;ROS1,1,1,1,0,1,0,1,1
NCT04140526,"Safety, PK and Efficacy of ONC-392 in Monotherapy and in Combination of Anti-PD-1 in Advanced Solid Tumors and NSCLC",PHASE1;PHASE2,Phase 2,ACTIVE_NOT_RECRUITING,733,"OncoC4, Inc.",OncoC4,10,1,0,multi_experimental,3,onc-392,docetaxel;onc-392;pembrolizumab,PD-1,Monoclonal Antibody,PD-L1,1,1,0,0,0,0,0,0
NCT04198766,Study of INBRX-106 and INBRX-106 in Combination With Pembrolizumab (Keytruda®) in Subjects With Locally Advanced or Metastatic Solid Tumors (Hexavalent OX40 Agonist),PHASE1;PHASE2,Phase 2,RECRUITING,340,"Inhibrx Biosciences, Inc",Inhibrx Biosciences,4,1,1,active_comparator,15,inbrx-106 - hexavalent ox40 agonist antibody,carboplatin auc-5;carboplatin auc-6;cisplatin;gemcitabine (;inbrx-106 - hexavalent ox40 agonist antibody;nab-paclitaxel;paclitaxel;pembrolizumab;pemetrexed,OX40,Monoclonal Antibody,ALK;EGFR;MSI;MSI-H;PD-L1;TMB,1,1,0,0,1,1,1,1
NCT04205227,ENB003 Plus Pembrolizumab Phase 1b/2a in Solid Tumors,PHASE1;PHASE2,Phase 2,ACTIVE_NOT_RECRUITING,137,"ENB Therapeutics, Inc",ENB Therapeutics,1,1,1,multi_experimental,7,enb003;pembrolizumab,enb003;pembrolizumab,PD-1,Monoclonal Antibody,MET;MSI;MSI-H;PD-L1;biomarker;biomarker analysis;dMMR,1,1,0,0,1,1,1,1
NCT04282044,Study of CRX100 as Monotherapy and in Combination With Pembrolizumab in Patients With Advanced Solid Malignancies,PHASE1,Phase 1,RECRUITING,60,BioEclipse Therapeutics,BioEclipse Therapeutics,1,1,0,multi_experimental,2,crx100 suspension for infusion;cyclophosphamide;fludarabine,crx100 suspension for infusion;cyclophosphamide;fludarabine,PD-1,,ER;HER2;PR,0,1,0,0,0,0,1,0
NCT04291105,Phase 2 Trial of Voyager V1 in Combination With Cemiplimab in Cancer Patients,PHASE2,Phase 2,ACTIVE_NOT_RECRUITING,87,"Vyriad, Inc.",Vyriad,5,1,1,multi_experimental,3,cemiplimab;vv1,cemiplimab;vv1,,Oncolytic Virus,BRAF;MSI;PD-L1,1,1,1,0,1,1,1,1
NCT04328844,A Study to Assess a PI3Kδ Inhibitor (IOA-244) in Patients With Metastatic Cancers,PHASE1,Phase 1,ACTIVE_NOT_RECRUITING,210,iOnctura,iOnctura,4,1,0,multi_experimental,7,ioa-244,avelumab injection;cisplatin;ioa-244;pemetrexed;ruxolitinib,PD-L1,Small Molecule,ALK;BRAF;EGFR;PD-L1;PR;ROS1,0,1,1,0,1,1,1,1
NCT04356729,A Phase II Trial of PD-L1 Therapy Combined With Anti-VEGF Therapy in Unresectable or Metastatic Melanoma,PHASE2,Phase 2,ACTIVE_NOT_RECRUITING,30,"F. Stephen Hodi, MD","F. Stephen Hodi, MD",2,0,1,single_arm,1,atezolizumab;bevacizumab,atezolizumab;bevacizumab,PD-L1,Monoclonal Antibody,CMMRD;MET;MSI-H;PD-L1;TMB;biomarker,1,1,0,0,1,0,0,1
NCT04370587,A Clinical Study of Intratumoral MVR-T3011 (T3011) Given as a Single Agent and in Combination With Intravenous Pembrolizumab in Participants With Advanced or Metastatic Solid Tumors,PHASE1;PHASE2,Phase 2,RECRUITING,30,ImmVira Pharma Co. Ltd,ImmVira Pharma,8,1,0,multi_experimental,5,,t3011;t3011 + pembrolizumab,PD-1,Oncolytic Virus,ALK;EGFR,1,1,0,0,1,0,0,1
NCT04417621,Study of Efficacy and Safety of LXH254 Combinations in Patients With Previously Treated Unresectable or Metastatic Melanoma,PHASE2,Phase 2,ACTIVE_NOT_RECRUITING,134,Novartis Pharmaceuticals,Novartis,836,1,1,multi_experimental,3,,ltt462;lxh254;ribociclib;trametinib,BRAF,Small Molecule,BRAF;BRAFV600;NRAS;PD-L1,0,1,1,1,1,0,1,1
NCT04464759,A Study of Nivolumab and Hydroxychloroquine or Nivolumab/Ipilimumab and Hydroxychloroquine in Advanced Melanoma,PHASE1;PHASE2,Phase 2,ACTIVE_NOT_RECRUITING,41,"Ravi Amaravadi, MD","Ravi Amaravadi, MD",1,0,1,multi_experimental,3,hydroxychloroquine;nivolumab,hydroxychloroquine;ipilimumab;nivolumab,PD-1,Monoclonal Antibody,CD30;PD-L1,1,1,0,0,1,1,1,1
NCT04478279,A Phase 1-2 Study of ST101 in Patients With Advanced Solid Tumors,PHASE1;PHASE2,Phase 2,ACTIVE_NOT_RECRUITING,125,Sapience Therapeutics,Sapience Therapeutics,3,1,0,multi_experimental,7,st101,radiation;st101;temozolomide,CEBPB,Peptide,BRAF,0,1,1,0,0,1,1,1
NCT04562129,IL2 With Ipilimumab Followed by Nivolumab in Stage 3 or 4 Melanoma Patients,PHASE2,Phase 2,ACTIVE_NOT_RECRUITING,18,H. Lee Moffitt Cancer Center and Research Institute,H. Lee Moffitt Cancer Center and Research Institute,228,0,0,single_arm,1,interleukin-2;ipilimumab;nivolumab,interleukin-2;ipilimumab;nivolumab,IL-2R,Recombinant Protein,BRAF;CD25;MET,0,1,1,0,0,0,0,1
NCT04572451,Safety of SBRT With Anti-PD1 and Anti-IL-8 for the Treatment of Multiple Metastases in Advanced Solid Tumors and Melanoma,PHASE1,Phase 1,ACTIVE_NOT_RECRUITING,50,Yana Najjar,Yana Najjar,6,0,1,single_arm,1,bms-986253;nivolumab;stereotactic body radiotherapy (sbrt),bms-986253;nivolumab;stereotactic body radiotherapy (sbrt),PD-1,Monoclonal Antibody,CD30,1,1,0,0,1,0,1,1
NCT04598009,Binimetinib and Imatinib for Unresectable Stage III-IV KIT-Mutant Melanoma,PHASE2,Phase 2,RECRUITING,25,"University of California, San Francisco","University of California, San Francisco",90,0,0,single_arm,1,binimetinib;imatinib,binimetinib;imatinib,MEK,Small Molecule,RAS,0,1,0,0,0,0,0,0
NCT04616443,OH2 Injection in Combination With HX008 for Melanoma.,PHASE1;PHASE2,Phase 2,RECRUITING,60,"Binhui Biopharmaceutical Co., Ltd.",Binhui Biopharmaceutical,13,1,0,single_arm,1,hx008 injection;oh2 injection,hx008 injection;oh2 injection,PD-1,Oncolytic Virus,,1,1,0,0,0,0,0,0
NCT04657991,"A Clinical Trial of Three Study Medicines (Encorafenib, Binimetinib, and Pembrolizumab) in Patients With Advanced or Metastatic Melanoma",PHASE3,Phase 3,ACTIVE_NOT_RECRUITING,257,Pfizer,Pfizer,687,1,1,active_comparator,2,pembrolizumab,binimetinib;encorafenib;pembrolizumab,BRAF,Small Molecule,BRAF,0,1,1,0,0,1,0,1
NCT04674683,Study Comparing Investigational Drug HBI-8000 + Nivolumab vs. Placebo + Nivolumab in Patients With Advanced Melanoma,PHASE3,Phase 3,ACTIVE_NOT_RECRUITING,450,"HUYABIO International, LLC.",HUYABIO International,9,1,1,placebo_comparator,2,placebo in combination with nivolumab,hbi-8000 in combination with nivolumab,PD-1,Monoclonal Antibody,BRAF;PD-L1;biomarker,1,1,1,0,1,0,0,1
NCT04706962,TH1902 in Patients With Advanced Solid Tumors,PHASE1,Phase 1,ACTIVE_NOT_RECRUITING,70,Theratechnologies,Theratechnologies,1,1,0,single_arm,1,th1902,th1902,SORT1,Peptide,MET;SORT1,0,1,0,0,0,0,1,0
NCT04722575,"Combination or Sequence of Vemurafenib, Cobimetinib, and Atezolizumab in High-risk, Resectable Melanoma",PHASE2,Phase 2,ACTIVE_NOT_RECRUITING,95,Fondazione Melanoma Onlus,Fondazione Melanoma Onlus,3,0,0,multi_experimental,3,atezolizumab;cobimetinib,atezolizumab;cobimetinib;vemurafenib,MEK,Small Molecule,BRAF;PD-L1,0,1,1,0,1,0,0,1
NCT04741997,Adjuvant Therapy Based on Pathologic Response After Neoadjuvant Encorafenib Binimetinib in Melanoma,EARLY_PHASE1,Phase 1,RECRUITING,50,H. Lee Moffitt Cancer Center and Research Institute,H. Lee Moffitt Cancer Center and Research Institute,228,0,1,active_comparator,4,binimetinib pill;encorafenib pill,binimetinib pill;encorafenib pill;nivolumab,PD-1,Monoclonal Antibody,BRAF;CD30;PD-L1,1,1,1,0,1,0,1,1
NCT04752826,BI-1808 as a Single Agent and With Pembrolizumab (KEYTRUDA® ) in Treatment of Advanced Malignancies(Keynote-D20),PHASE1;PHASE2,Phase 2,RECRUITING,250,BioInvent International AB,BioInvent International,10,1,1,multi_experimental,5,bi-1808,bi-1808;paclitaxel;pembrolizumab (keytruda ),TNFR2,Monoclonal Antibody,BRAF;PD-L1,1,1,0,0,0,0,0,0
NCT04787042,"Phase 1a and Phase 2 Study for Safety, Preliminary Efficacy, PK and PD of ST-067",PHASE1;PHASE2,Phase 2,RECRUITING,316,"Simcha IL-18, Inc.",Simcha IL-18,1,1,1,multi_experimental,4,st-067,obinutuzumab;pembrolizumab;st-067,PD-1,Recombinant Protein,ALK;HER2;MMR;MSI;MSI-H;PD-L1;TMB,0,1,0,0,1,0,1,1
NCT04802876,Efficacy of Tislelizumab and Spartalizumab Across Multiple Cancer-types in Patients with PD1-high MRNA Expressing Tumors,PHASE2,Phase 2,ACTIVE_NOT_RECRUITING,184,SOLTI Breast Cancer Research Group,SOLTI Breast Cancer Research Group,18,0,1,multi_experimental,3,,spartalizumab;tislelizumab,PD-1,Monoclonal Antibody,BRAF,1,1,0,0,1,0,0,1
NCT04835805,A Study to Evaluate the Safety and Activity of Belvarafenib as a Single Agent and in Combination With Either Cobimetinib or Cobimetinib Plus Nivolumab in Patients With NRAS-mutant Advanced Melanoma.,PHASE1,Phase 1,ACTIVE_NOT_RECRUITING,65,"Genentech, Inc.",Roche/Genentech,922,1,1,multi_experimental,3,,belvarafenib;cobimetinib;nivolumab,BRAF,Small Molecule,NRAS;PD-L1,0,1,0,1,1,0,0,1
NCT04855435,Safety and Preliminary Efficacy of MBS8(1V270) in Cancer Patients With Advanced Solid Tumours,PHASE1,Phase 1,RECRUITING,106,MonTa Biosciences ApS,MonTa Biosciences,1,1,0,multi_experimental,2,,mbs8(1v270);mbs8(1v270) and pembrolizumab combination,TLR7,Small Molecule,PR,0,1,0,0,1,0,1,1
NCT04895709,A Study of BMS-986340 as Monotherapy and as Combination Therapy in Participants With Advanced Solid Tumors,PHASE1;PHASE2,Phase 2,RECRUITING,1109,Bristol-Myers Squibb,Bristol Myers Squibb,764,1,1,multi_experimental,9,bms-986340,bms-936558-01;bms-986340;docetaxel;pumitamig,PD-1,Monoclonal Antibody,PD-L1;biomarker;biomarker analysis,1,1,0,0,0,0,1,0
NCT04903119,Nilotinib Plus Dabrafenib/Trametinib or Encorafenib/Binimetinib in Metastatic Melanoma,PHASE1,Phase 1,RECRUITING,30,Rina Plattner,Rina Plattner,1,0,1,multi_experimental,4,binimetinib;dabrafenib;encorafenib;nilotinib;trametinib,binimetinib;dabrafenib;encorafenib;nilotinib;trametinib,KIT,Small Molecule,BRAF;C-KIT,0,1,1,0,0,0,0,1
NCT04913285,A Study to Evaluate KIN-2787 in Participants With BRAF and/or NRAS Mutation Positive Solid Tumors,PHASE1,Phase 1,RECRUITING,400,Pierre Fabre Medicament,Pierre Fabre Medicament,27,1,0,multi_experimental,4,,kin-2787;kin-2787 and binimetinib,BRAF,Small Molecule,BRAF;MET;NRAS;genomic,0,1,0,1,0,0,0,1
NCT04930783,NeoVax + CDX-301 and Nivolumab or Pembrolizumab in Melanoma,PHASE1,Phase 1,ACTIVE_NOT_RECRUITING,10,Dana-Farber Cancer Institute,Dana-Farber Cancer Institute,326,0,0,multi_experimental,2,cdx-301;neovax,cdx-301;neovax;nivolumab;pembrolizumab,FLT3L,Peptide,CDX,0,1,0,0,0,0,0,0
NCT04949113,Neoadjuvant Ipilimumab Plus Nivolumab Versus Standard Adjuvant Nivolumab in Macroscopic Stage III Melanoma,PHASE3,Phase 3,ACTIVE_NOT_RECRUITING,423,The Netherlands Cancer Institute,The Netherlands Cancer Institute,72,0,1,active_comparator,2,adjuvant nivolumab,neoadjuvant ipilimumab + nivolumab,CTLA-4,Monoclonal Antibody,BRAF;PD-L1,1,1,0,0,1,0,0,1
NCT04971499,A Study of Dapansutrile Plus Pembrolizumab in Patients With PD-1 Refractory Advanced Melanoma,PHASE1;PHASE2,Phase 2,ACTIVE_NOT_RECRUITING,26,"April Salama, M.D.","April Salama, M.D.",1,0,1,multi_experimental,2,dapansutrile;pembrolizumab,dapansutrile;pembrolizumab,PD-1,Monoclonal Antibody,MET;PD-L1,1,1,0,0,1,0,1,1
NCT04996823,Axitinib + Ipilimumab in Advanced Melanoma,PHASE2,Phase 2,ACTIVE_NOT_RECRUITING,24,H. Lee Moffitt Cancer Center and Research Institute,H. Lee Moffitt Cancer Center and Research Institute,228,0,1,single_arm,1,axitinib;ipilimumab,axitinib;ipilimumab,CTLA-4,Monoclonal Antibody,BRAF;PD-L1,1,1,1,0,1,0,1,1
NCT05022901,An Open-Label Expanded Access Study of the Melphalan/Hepatic Delivery System (HDS) in Patients With Hepatic Dominant Ocular Melanoma,PHASE3,Phase 3,ACTIVE_NOT_RECRUITING,30,Delcath Systems Inc.,Delcath Systems,9,1,0,single_arm,1,melphalan (,melphalan (,,Small Molecule,,0,1,0,0,0,0,0,0
NCT05057013,A Phase I/IIa Trial of HMBD-001 in Advanced HER3 Positive Solid Tumours,PHASE1;PHASE2,Phase 2,ACTIVE_NOT_RECRUITING,81,Cancer Research UK,Cancer Research UK,16,0,0,multi_experimental,2,,hmbd-001;hmbd-001 and enzalutamide,HER3,Monoclonal Antibody,HER3,1,1,0,0,0,0,1,0
NCT05061134,A Study of Ceralasertib Monotherapy and Ceralasertib Plus Durvalumab in Patients With Melanoma and Resistance to PD-(L)1 Inhibition,PHASE2,Phase 2,ACTIVE_NOT_RECRUITING,194,AstraZeneca,AstraZeneca,780,1,1,multi_experimental,4,ceralasertib,ceralasertib;durvalumab,ATM,Small Molecule,BRAF;BRCA1;BRCA2;HRR,0,1,0,0,0,0,0,0
NCT05068102,A Study to Test How BI 765063 and BI 770371 Are Taken up in Tumours of People With Different Types of Advanced Cancer Who Are Also Taking Ezabenlimab,PHASE1,Phase 1,ACTIVE_NOT_RECRUITING,14,Boehringer Ingelheim,Boehringer Ingelheim,237,1,1,multi_experimental,2,ezabenlimab,[89zr]zr- bi 765063;[89zr]zr- bi 770371;bi 765063;bi 770371;ezabenlimab,PD-1,Monoclonal Antibody,PD-L1,1,1,0,0,1,0,1,1
NCT05075993,Study of LVGN3616 and LVGN6051±LVGN7409 in Combination With Nab-Paclitaxel or Bevacizumab and Cyclophosphamide in Metastatic Solid Tumors,PHASE1,Phase 1,ACTIVE_NOT_RECRUITING,352,M.D. Anderson Cancer Center,M.D. Anderson Cancer Center,697,0,0,multi_experimental,4,lvgn3616 + lvgn6051 + bevacizumab + cyclophosphamide;lvgn3616 + lvgn6051 + lvgn7409 + bevacizumab + cyclophosphamide;lvgn3616 + lvgn6051 + lvgn7409 + nab-paclitaxel;lvgn3616 + lvgn6051 + nab-paclitaxel,lvgn3616 + lvgn6051 + bevacizumab + cyclophosphamide;lvgn3616 + lvgn6051 + lvgn7409 + bevacizumab + cyclophosphamide;lvgn3616 + lvgn6051 + lvgn7409 + nab-paclitaxel;lvgn3616 + lvgn6051 + nab-paclitaxel,,,PD-L1;molecular profiling,0,1,0,0,1,0,1,1
NCT05076760,MEM-288 Oncolytic Virus Alone and in Combination With Standard of Care Therapy in Advanced Solid Tumors,PHASE1,Phase 1,RECRUITING,40,"Memgen, Inc.",Memgen,4,1,0,multi_experimental,3,mem-288 intratumoral injection,docetaxel;mem-288 intratumoral injection;nivolumab,CD40L,Oncolytic Virus,ALK;BRAF;CD8+ T cells;EGFR;IFNγ;KRAS;MET;PD-L1;RET;TCF1+ stem-like CD8+ T cells,1,1,1,0,1,1,1,1
NCT05081609,A Study to Investigate Safety and Tolerability of TransCon IL-2 β/γ Alone or in Combination With Pembrolizumab and/or TransCon TLR7/8 Agonist or Other Anticancer Therapies in Adult Participants With Locally Advanced or Metastatic Solid Tumor Malignancies,PHASE1;PHASE2,Phase 2,ACTIVE_NOT_RECRUITING,320,Ascendis Pharma Oncology Division A/S,Ascendis Pharma Oncology Division A/S,2,1,0,multi_experimental,13,transcon il-2 β/γ,chemotherapy drug;pembrolizumab;surgery;transcon il-2 β/γ;transcon tlr7/8 agonist;trastuzumab;trastuzumab emtansine (t-dm1),IL-2,Peptide,ALC;CD25;CXCL10;IFN-γ;PD-L1;eosinophil,0,1,0,0,1,0,1,1
NCT05086692,A Beta-only IL-2 ImmunoTherapY Study,PHASE1;PHASE2,Phase 2,RECRUITING,115,"Medicenna Therapeutics, Inc.",Medicenna Therapeutics,2,1,1,single_arm,1,mdna11;pembrolizumab (keytruda),mdna11;pembrolizumab (keytruda),IL-2,Cell Therapy,MSI-H,1,1,0,0,0,0,1,0
NCT05089370,Oral Decitabine/Cedazuridine (DEC-C) in Combination With Nivolumab for Patients With Mucosal Melanoma,PHASE1;PHASE2,Phase 2,ACTIVE_NOT_RECRUITING,8,"University of Colorado, Denver","University of Colorado, Denver",46,0,0,single_arm,1,oral decitabine/cedazuridine (dec-c) in combination with nivolumab,oral decitabine/cedazuridine (dec-c) in combination with nivolumab,DNMT1,Small Molecule,PD-L1,0,1,0,0,0,0,1,0
NCT05098184,A Study of GC101 TIL in Advanced Melanoma (10hospital),EARLY_PHASE1,Phase 1,RECRUITING,50,Shanghai Juncell Therapeutics,Shanghai Juncell Therapeutics,19,1,0,single_arm,1,tumor infiltrating lymphocyte,tumor infiltrating lymphocyte,,Cell Therapy,,1,1,0,0,0,0,1,0
NCT05098210,"Personalized Neo-Antigen Peptide Vaccine for the Treatment of Stage IIIC-IV Melanoma, Hormone Receptor Positive HER2 Negative Metastatic Refractory Breast Cancer or Stage III-IV Non-Small Cell Lung Cancer",PHASE1,Phase 1,RECRUITING,28,Fred Hutchinson Cancer Center,Fred Hutchinson Cancer Center,52,0,0,single_arm,1,biopsy procedure;biospecimen collection;computed tomography;echocardiography test;multigated acquisition scan;neoantigen peptide vaccine;nivolumab;poly iclc;positron emission tomography;ruxolitinib,biopsy procedure;biospecimen collection;computed tomography;echocardiography test;multigated acquisition scan;neoantigen peptide vaccine;nivolumab;poly iclc;positron emission tomography;ruxolitinib,PD-1,Monoclonal Antibody,ALK;BRAF;CD30;ER;HER2;KRAS;PD-L1;PR;ROS1,1,1,1,0,1,0,0,1
NCT05107674,A Study of NX-1607 in Adults With Advanced Malignancies,PHASE1,Phase 1,RECRUITING,345,"Nurix Therapeutics, Inc.",Nurix Therapeutics,7,1,0,multi_experimental,12,nx-1607,nx-1607;paclitaxel,CBL-B,Small Molecule,PD-L1,0,1,0,0,1,0,1,1
NCT05130177,Zimberelimab (AB122) With TIGIT Inhibitor Domvanalimab (AB154) in PD-1 Relapsed/Refractory Melanoma,PHASE2,Phase 2,ACTIVE_NOT_RECRUITING,8,Diwakar Davar,Diwakar Davar,8,0,0,single_arm,1,domvanalimab;zimberelimab,domvanalimab;zimberelimab,PD-1,Monoclonal Antibody,BRAF;MET;PD-L1,1,1,1,0,0,0,1,1
NCT05144698,RAPA-201 Therapy of Solid Tumors,PHASE1;PHASE2,Phase 2,RECRUITING,37,Rapa Therapeutics LLC,Rapa Therapeutics,3,1,0,single_arm,1,chemotherapy prior to rapa-201 therapy;pembrolizumab (pd-1 blocking antibody);rapa-201 rapamycin resistant t cells,chemotherapy prior to rapa-201 therapy;pembrolizumab (pd-1 blocking antibody);rapa-201 rapamycin resistant t cells,PD-1,Cell Therapy,ALK;BRAF;EGFR;PD-(L)1;PR,1,1,0,0,0,0,1,0
NCT05155254,IO102-IO103 in Combination With Pembrolizumab Versus Pembrolizumab Alone in Advanced Melanoma (IOB-013 / KN-D18),PHASE3,Phase 3,ACTIVE_NOT_RECRUITING,407,IO Biotech,IO Biotech,4,1,1,active_comparator,2,pembrolizumab,io102-io103;pembrolizumab,PD-1,Peptide,BRAF;biomarker,0,1,1,0,0,1,0,1
NCT05170334,Binimetinib Plus Belinostat for Subjects With Metastatic Uveal Melanoma,PHASE2,Phase 2,ACTIVE_NOT_RECRUITING,7,H. Lee Moffitt Cancer Center and Research Institute,H. Lee Moffitt Cancer Center and Research Institute,228,0,1,single_arm,1,belinostat;binimetinib,belinostat;binimetinib,MEK,Small Molecule,MET;RAS,0,1,0,0,0,1,1,0
NCT05176470,Neoadj Admin Autologous Tumor Infiltrating Lymphocytes & Pembrolizumab for Treatment of Adv Melanoma Patients,PHASE1,Phase 1,ACTIVE_NOT_RECRUITING,2,Richard Wu,Richard Wu,1,0,0,single_arm,1,cyclophosphamide;fludarabine;lifileucel;pembrolizumab;therapeutic conventional surgery,cyclophosphamide;fludarabine;lifileucel;pembrolizumab;therapeutic conventional surgery,PD-1,Monoclonal Antibody,BRAF;PD-L1,1,1,1,0,1,0,0,1
NCT05180799,A Phase 1/2 Study of BA3071 in Patients With Solid Tumors,PHASE1;PHASE2,Phase 2,ACTIVE_NOT_RECRUITING,320,"BioAtla, Inc.",BioAtla,6,1,0,multi_experimental,4,ba3071,ba3071;nivolumab;pembrolizumab;pemetrexed (alimta),CTLA-4,Monoclonal Antibody,KRAS;PD-L1,1,1,0,0,1,0,0,1
NCT05215574,Study of NGM831 as Monotherapy and in Combination With Pembrolizumab or Pembrolizumab and NGM438 in Advanced or Metastatic Solid Tumors,PHASE1,Phase 1,ACTIVE_NOT_RECRUITING,130,"NGM Biopharmaceuticals, Inc",NGM Biopharmaceuticals,6,1,1,multi_experimental,3,,ngm831;ngm831 and ngm438 plus pembrolizumab (keytruda);ngm831 plus pembrolizumab (keytruda),ILT3,Monoclonal Antibody,,1,1,0,0,0,0,0,0
NCT05222932,Oncolytic Adenovirus TILT-123 and Avelumab for Treatment of Solid Tumors Refractory to or Progressing After Anti-PD(L)1,PHASE1,Phase 1,ACTIVE_NOT_RECRUITING,15,TILT Biotherapeutics Ltd.,TILT Biotherapeutics,6,1,0,single_arm,1,avelumab;tilt-123,avelumab;tilt-123,TNF-α and IL-2,Oncolytic Virus,,1,1,0,0,0,0,1,0
NCT05238883,A Study of HFB200301 as a Single Agent and in Combination With Tislelizumab in Adult Patients With Advanced Solid Tumors,PHASE1,Phase 1,ACTIVE_NOT_RECRUITING,72,HiFiBiO Therapeutics,HiFiBiO Therapeutics,3,1,0,multi_experimental,4,hfb200301,hfb200301;tislelizumab,TNFR2,Monoclonal Antibody,BRAF,1,1,1,0,0,0,0,1
NCT05267626,"Study of AU-007, A Monoclonal Antibody That Binds to IL-2 and Inhibits IL-2Rα Binding, in Patients With Unresectable Locally Advanced or Metastatic Cancer",PHASE1;PHASE2,Phase 2,RECRUITING,159,"Aulos Bioscience, Inc.",Aulos Bioscience,1,1,0,multi_experimental,5,au-007,aldesleukin;au-007;avelumab;nivolumab,IL-2Rα,Monoclonal Antibody,ALK;BRAF;EGFR;PD-L1,1,1,1,0,1,0,0,1
NCT05270044,Adjuvant Encorafenib and Binimetinib in High-risk Stage II Melanoma With a BRAF Mutation.,PHASE3,Phase 3,ACTIVE_NOT_RECRUITING,815,Pierre Fabre Medicament,Pierre Fabre Medicament,27,1,0,placebo_comparator,2,placebo to match encorafenib ; placebo to match binimetinib,encorafenib and binimetinib,BRAF,Small Molecule,BRAF;BRAF V600E/K,0,1,1,0,0,0,0,1
NCT05275374,XP-102 and XP-102 in Combination With Trametinib in Advanced Solid Tumor Patients With a BRAF V600 Mutation,PHASE1;PHASE2,Phase 2,NOT_YET_RECRUITING,221,"Xynomic Pharmaceuticals, Inc.",Xynomic Pharmaceuticals,6,1,0,multi_experimental,3,xp-102,trametinib;xp-102,BRAF,Small Molecule,BRAF,0,1,1,0,0,0,0,1
NCT05279027,Zr89 + PET Companion Trial,EARLY_PHASE1,Phase 1,ACTIVE_NOT_RECRUITING,6,Abramson Cancer Center at Penn Medicine,Abramson Cancer Center at Penn Medicine,31,0,0,single_arm,1,zirconium zr 89 crefmirlimab berdoxa,zirconium zr 89 crefmirlimab berdoxa,CD8,Radiopharmaceutical,biomarker,0,1,0,0,0,0,0,0
NCT05280314,Phase II Trial of Neoadjuvant and Adjuvant IO102-IO103 and Pembrolizumab KEYTRUDA® in Patients With Resectable Tumors,PHASE2,Phase 2,RECRUITING,60,IO Biotech,IO Biotech,4,1,1,multi_experimental,3,io102-io103;pembrolizumab keytruda,io102-io103;pembrolizumab keytruda,PD-1,Peptide,BRAF;MET;PD-L1,0,1,0,0,1,0,1,1
NCT05309421,A Single Arm Trial Evaluating the Efficacy and Safety of EVX-01 in Combination With Pembrolizumab in Adults With Unresectable or Metastatic Melanoma,PHASE2,Phase 2,ACTIVE_NOT_RECRUITING,17,Evaxion Biotech A/S,Evaxion Biotech A/S,2,1,1,single_arm,1,evx-01;pembrolizumab,evx-01;pembrolizumab,PD-1,Peptide,BRAF;PD-L1;biomarker;neoantigens,0,1,1,0,1,1,1,1
NCT05315258,Tebentafusp in Molecular Relapsed Disease (MRD) Melanoma,PHASE2,Phase 2,ACTIVE_NOT_RECRUITING,850,University of Oxford,University of Oxford,17,0,0,multi_experimental,2,tebentafusp,tebentafusp,gp100,Bispecific Antibody,HLA-A*0201;HLA-A*02:01,1,1,0,0,0,0,0,0
NCT05352672,Clinical Study of Fianlimab in Combination With Cemiplimab Versus Pembrolizumab in Adolescent and Adult Patients With Previously Untreated Unresectable Locally Advanced or Metastatic Melanoma,PHASE3,Phase 3,ACTIVE_NOT_RECRUITING,1546,Regeneron Pharmaceuticals,Regeneron,95,1,1,multi_experimental,4,,cemiplimab;fianlimab;pembrolizumab,LAG-3,Monoclonal Antibody,,1,1,1,0,0,0,0,1
NCT05355701,A Study to Learn About the Study Medicine Called PF-07799933 in People With Advanced Solid Tumors With BRAF Alterations.,PHASE1,Phase 1,ACTIVE_NOT_RECRUITING,103,Pfizer,Pfizer,687,1,1,multi_experimental,9,pf-07799933,binimetinib;cetuximab;fluorouracil;leucovorin;midazolam;oxaliplatin;pf-07799933,BRAF,Small Molecule,BRAF;MSI;MSI-H;dMMR,0,1,1,0,0,0,0,1
NCT05361174,A Study to Investigate the Efficacy and Safety of an Infusion of IOV-4001 in Adult Participants With Unresectable or Metastatic Melanoma or Stage III or IV Non-small-cell Lung Cancer,PHASE1;PHASE2,Phase 2,RECRUITING,53,"Iovance Biotherapeutics, Inc.",Iovance Biotherapeutics,15,1,0,multi_experimental,2,iov-4001,iov-4001,PD-1,CAR-T,BRAF;PD-L1,1,1,1,0,1,0,0,1
NCT05366478,A Clinical Study of LM103 Injection in the Treatment of Advanced Solid Tumors,PHASE1,Phase 1,RECRUITING,15,"Suzhou BlueHorse Therapeutics Co., Ltd.",Suzhou BlueHorse Therapeutics,8,1,0,single_arm,1,autologous tumor infiltrating lymphocytes (tils),autologous tumor infiltrating lymphocytes (tils),,Cell Therapy,,1,1,0,0,0,0,0,0
NCT05384496,Axitinib and Nivolumab for the Treatment of Mucosal Melanoma,PHASE2,Phase 2,RECRUITING,20,Memorial Sloan Kettering Cancer Center,Memorial Sloan Kettering Cancer Center,411,0,1,single_arm,1,axitinib;nivolumab and/or ipilimumab;stereotactic body radiation therapy (sbrt),axitinib;nivolumab and/or ipilimumab;stereotactic body radiation therapy (sbrt),PD-1,Monoclonal Antibody,PD-L1,1,1,0,0,0,0,1,0
NCT05415072,A Phase I/II Study of DYP688 in Patients With Metastatic Uveal Melanoma and Other GNAQ/11 Mutant Melanomas,PHASE1;PHASE2,Phase 2,ACTIVE_NOT_RECRUITING,66,Novartis Pharmaceuticals,Novartis,836,1,1,multi_experimental,4,dyp688,dyp688,GNAQ,ADC,GNA11;GNAQ;PD-L1,1,1,0,0,1,1,1,1
NCT05418972,"A Phase 2 Clinical Trial of Neoadjuvant Relatlimab and Nivolumab in High Risk, Clinical Stage II Cutaneous Melanoma",PHASE2,Phase 2,ACTIVE_NOT_RECRUITING,20,Melanoma Institute Australia,Melanoma Institute Australia,10,0,1,single_arm,1,relatlimab and nivolumab fixed dose combination (fdc),relatlimab and nivolumab fixed dose combination (fdc),PD-1,Monoclonal Antibody,BRAF;PD-L1,1,1,0,1,0,0,0,1
NCT05423262,A Study of TRK-950 in Patients With Advanced Solid Tumors,PHASE1;PHASE2,Phase 2,RECRUITING,49,"Toray Industries, Inc",Toray Industries,4,1,0,multi_experimental,4,trk-950,nivolumab;trk-950,PD-1,Monoclonal Antibody,CAPRIN-1,1,1,0,0,0,0,1,0
NCT05492682,START: Safety and Anti-Tumor Activity of PeptiCRAd-1 in Treatment of Cancer,PHASE1,Phase 1,RECRUITING,15,Valo Therapeutics Oy,Valo Therapeutics,1,1,0,multi_experimental,2,cyclophosphamide;pembrolizumab;pepticrad-1,cyclophosphamide;pembrolizumab;pepticrad-1,NY-ESO-1,Oncolytic Virus,MAGE-A3;NY-ESO-1,1,1,0,0,1,0,1,1
NCT05496686,Targeted Alpha Particle Radiotherapy for Metastatic Uveal Melanoma,PHASE1,Phase 1,ACTIVE_NOT_RECRUITING,16,"Modulation Therapeutics, Inc.",Modulation Therapeutics,1,1,0,multi_experimental,12,,1327 microci of 225ac-mti-201;152 microci of 225ac-mti-201;19 microci of 225ac-mti-201;254 microci of 225ac-mti-201;38 microci of 225ac-mti-201;4.7 microci 225ac-mti-201;424 microci of 225ac-mti-201;564 microci of 225ac-mti-201;750 microci of 225ac-mti-201;76 microci of 225ac-mti-201;9.5 microci of 225ac-mti-201;998 microci of 225ac-mti-201,MC1R,Radiopharmaceutical,,0,1,0,0,0,0,1,0
NCT05498792,Study of CBL0137 in Combination With Ipilimumab and Nivolumab Therapy in Melanoma,EARLY_PHASE1,Phase 1,RECRUITING,12,Fox Chase Cancer Center,Fox Chase Cancer Center,34,0,0,multi_experimental,3,cbl0137;ipilimumab;nivolumab,cbl0137;ipilimumab;nivolumab,PD-1,Small Molecule,PD-L1,0,1,0,0,1,0,0,1
NCT05502900,Adjuvant Melatonin for Uveal Melanoma,PHASE3,Phase 3,RECRUITING,100,Gustav Stalhammar,Gustav Stalhammar,1,0,0,multi_experimental,2,melatonin,melatonin,,,,0,1,0,0,0,0,0,0
NCT05524935,Olaparib in Combination With Pembrolizumab for Advanced Uveal Melanoma,PHASE2,Phase 2,ACTIVE_NOT_RECRUITING,12,H. Lee Moffitt Cancer Center and Research Institute,H. Lee Moffitt Cancer Center and Research Institute,228,0,1,single_arm,1,olaparib;pembrolizumab,olaparib;pembrolizumab,PD-1,Monoclonal Antibody,PD-L1,1,1,0,0,1,0,1,1
NCT05529316,A Study of Botensilimab (AGEN1181) for the Treatment of Advanced Melanoma,PHASE2,Phase 2,ACTIVE_NOT_RECRUITING,150,Agenus Inc.,Agenus,27,1,0,multi_experimental,4,botensilimab,balstilimab;botensilimab,PD-1,Monoclonal Antibody,BRAF;PD-L1,1,1,1,0,0,0,1,1
NCT05538130,A Study to Learn About the Study Medicine Called PF-07799544 as Monotherapy or in Combination in People With Advanced Solid Tumors,PHASE1,Phase 1,ACTIVE_NOT_RECRUITING,148,Pfizer,Pfizer,687,1,1,multi_experimental,3,pf-07799544,pf-07799544;pf-07799933,BRAF,Small Molecule,BRAF,0,1,1,0,0,0,0,1
NCT05544929,A Study of Safety and Efficacy of KFA115 Alone and in Combo With Pembrolizumab in Patients With Select Advanced Cancers,PHASE1,Phase 1,ACTIVE_NOT_RECRUITING,126,Novartis Pharmaceuticals,Novartis,836,1,1,multi_experimental,3,kfa115,kfa115;pembrolizumab,PD-1,,BRAF;MSI;MSI-H;PD-L1,0,1,1,0,1,0,1,1
NCT05549297,Tebentafusp Regimen Versus Investigator's Choice in Previously Treated Advanced Melanoma (TEBE-AM),PHASE3,Phase 3,RECRUITING,540,Immunocore Ltd,Immunocore,12,1,0,multi_experimental,3,,investigators choice;tebentafusp;tebentafusp with pembrolizumab,gp100,Bispecific Antibody,BRAF;HLA-A*02:01;biomarker,1,1,1,0,0,0,0,1
NCT05557045,"A Study of JZP815 Oral Capsules in Adult Participants With Advanced or Metastatic Solid Tumors Harboring Mitogen Activated Protein Kinase (MAPK) Pathway Alterations to Investigate the Safety, Dosing, and Antitumor Activity of JZP815",PHASE1,Phase 1,ACTIVE_NOT_RECRUITING,98,Jazz Pharmaceuticals,Jazz Pharmaceuticals,59,1,0,multi_experimental,2,jzp815,jzp815,BRAF,Small Molecule,MAPK pathway,0,1,0,1,0,0,0,1
NCT05581004,"A Study to Evaluate the Safety, Pharmacokinetics, and Activity of Enzelkitug as a Single Agent and in Combination With Checkpoint Inhibitor in Participants With Locally Advanced or Metastatic Solid Tumors",PHASE1,Phase 1,ACTIVE_NOT_RECRUITING,165,"Genentech, Inc.",Roche/Genentech,922,1,1,multi_experimental,4,enzelkitug,atezolizumab;enzelkitug;pembrolizumab,PD-L1,Monoclonal Antibody,CMMRD;MSI-H;TMB,1,1,0,0,0,0,0,0
NCT05585320,A Phase 1/2a Study of IMM-1-104 in Participants With Advanced or Metastatic Solid Tumors,PHASE1;PHASE2,Phase 2,ACTIVE_NOT_RECRUITING,209,Immuneering Corporation,Immuneering,3,1,0,multi_experimental,5,,imm-1-104 + dabrafenib (treatment group d);imm-1-104 + modified folfirinox (treatment group c);imm-1-104 + modified gemcitabine/nab-paclitaxel (treatment group b);imm-1-104 + pembrolizumab (treatment group e);imm-1-104 monotherapy (treatment group a),MEK,Small Molecule,BRAF;KRAS,0,1,1,1,0,1,1,1
NCT05607095,"A Study of LN-144 or LN-145 in People With Advanced Uveal Melanoma, Undifferentiated Pleomorphic Sarcoma, Dedifferentiated Liposarcoma, or Angiosarcoma",PHASE1,Phase 1,RECRUITING,40,Memorial Sloan Kettering Cancer Center,Memorial Sloan Kettering Cancer Center,411,0,0,multi_experimental,3,lifileucel (ln-144/ln-145),lifileucel (ln-144/ln-145),,Cell Therapy,ALK;BRAF;MET;PD-L1;ROS1,1,1,0,0,1,0,1,1
NCT05608291,A Trial to See if the Combination of Fianlimab With Cemiplimab Works Better Than Pembrolizumab for Preventing or Delaying Melanoma From Coming Back After it Has Been Removed With Surgery,PHASE3,Phase 3,ACTIVE_NOT_RECRUITING,1564,Regeneron Pharmaceuticals,Regeneron,95,1,1,active_comparator,3,pembrolizumab,cemiplimab;fianlimab,LAG-3,Monoclonal Antibody,,1,1,0,0,0,0,0,0
NCT05620134,Study of JK08 in Patients with Unresectable Locally Advanced or Metastatic Cancer,PHASE1;PHASE2,Phase 2,ACTIVE_NOT_RECRUITING,263,Salubris Biotherapeutics Inc,Salubris Biotherapeutics,2,1,0,multi_experimental,4,jk08,jk08;lenvatinib pill;pembrolizumab,CTLA-4,Monoclonal Antibody,ER;HER2;PR;genomic,1,1,0,0,0,0,1,0
NCT05625399,A Study of Subcutaneous Nivolumab + Relatlimab Fixed-dose Combination (FDC) in Previously Untreated Metastatic or Unresectable Melanoma,PHASE3,Phase 3,ACTIVE_NOT_RECRUITING,579,Bristol-Myers Squibb,Bristol Myers Squibb,764,1,1,active_comparator,2,nivolumab + relatlimab,nivolumab + relatlimab;rhuph20,PD-1,Monoclonal Antibody,PD-L1;TLS,1,1,0,0,0,0,0,0
NCT05640193,A Study of LN-144 in People With Metastatic Melanoma to the Brain,PHASE1,Phase 1,ACTIVE_NOT_RECRUITING,10,Memorial Sloan Kettering Cancer Center,Memorial Sloan Kettering Cancer Center,411,0,0,single_arm,1,lifileucel (ln-144),lifileucel (ln-144),,Cell Therapy,,1,1,0,0,0,0,0,0
NCT05653882,A Study Evaluating AB248 Alone or in Combination With Pembrolizumab in Adult Patients With Solid Tumors,PHASE1,Phase 1,ACTIVE_NOT_RECRUITING,552,"Asher Biotherapeutics, Inc.",Asher Biotherapeutics,1,1,1,multi_experimental,4,etakafusp alfa (ab248),etakafusp alfa (ab248);pembrolizumab,IL-2,Peptide,EGFR,0,1,0,0,0,0,0,0
NCT05655312,MC1R-targeted Alpha-particle Monotherapy and Combination Therapy Trial With Nivolumab in Adults With Advanced Melanoma,PHASE1;PHASE2,Phase 2,RECRUITING,300,Perspective Therapeutics,Perspective Therapeutics,4,1,0,multi_experimental,4,[203pb]vmt01;[212pb]vmt01,[203pb]vmt01;[212pb]vmt01;nivolumab,MC1R,Radiopharmaceutical,Melanocortin-1 Receptor,0,1,0,0,0,0,0,0
NCT05661955,"A Study to Investigate the Antitumor Activity, Safety, Tolerability, and Pharmacokinetics of BGB-A445 in Combination With Tislelizumab in Participants With Select Advanced Solid Tumors.",PHASE1;PHASE2,Phase 2,ACTIVE_NOT_RECRUITING,113,BeiGene,BeiGene/BeOne,149,1,1,multi_experimental,9,bgb-a445,bgb-a445;tislelizumab,OX40,Monoclonal Antibody,PD-L1,1,1,0,0,1,0,0,1
NCT05669430,A Study of GV20-0251 Monotherapy and GV20-0251 in Combination With Pembrolizumab in Participants With Solid Tumor Malignancies,PHASE1;PHASE2,Phase 2,RECRUITING,365,GV20 Therapeutics,GV20 Therapeutics,3,1,1,multi_experimental,4,,gv20-0251;gv20-0251 and pembrolizumab [keytruda],IGSF8,Oncolytic Virus,IGSF8 RNA;IGSF8 membrane protein,1,1,0,0,0,0,1,0
NCT05727904,Study to Investigate Lifileucel Regimen Plus Pembrolizumab Compared With Pembrolizumab Alone in Participants With Untreated Advanced Melanoma.,PHASE3,Phase 3,RECRUITING,670,"Iovance Biotherapeutics, Inc.",Iovance Biotherapeutics,15,1,0,active_comparator,2,pembrolizumab with optional crossover period,lifileucel plus pembrolizumab,PD-1,Cell Therapy,BRAF,1,1,1,0,0,0,0,1
NCT05732805,A Clinical Study of BCD-217 (Nurulimab + Prolgolimab) Followed by Anti-PD-1 Compared to Anti-PD-1 Monotherapy as First-Line Treatment in Subjects With Unresectable/Metastatic Melanoma,PHASE3,Phase 3,ACTIVE_NOT_RECRUITING,270,Biocad,Biocad,28,1,0,active_comparator,2,bcd-100,bcd-100;bcd-217,CTLA-4,Monoclonal Antibody,BRAF;PD-1;PD-L1,1,1,1,0,1,0,0,1
NCT05751928,A Study of Neoadjuvant Therapy With BCD-217 (Nurulimab + Prolgolimab) in Patients With Resectable Stage III Skin Melanoma,PHASE3,Phase 3,ACTIVE_NOT_RECRUITING,411,Biocad,Biocad,28,1,0,active_comparator,3,excision of the primary lesion;regional lymphadenectomy,anti-pd1;bcd-217;excision of the primary lesion;regional lymphadenectomy,CTLA-4,Bispecific Antibody,BRAF;PD-1;PD-L1,1,1,1,0,1,0,0,1
NCT05768178,DETERMINE Trial Treatment Arm 05: Vemurafenib in Combination With Cobimetinib in Adult Patients With BRAF Positive Cancers.,PHASE2;PHASE3,Phase 3,RECRUITING,30,Cancer Research UK,Cancer Research UK,16,0,1,single_arm,1,cobimetinib;vemurafenib,cobimetinib;vemurafenib,BRAF,Small Molecule,BRAF;MET,0,1,1,0,0,0,0,1
NCT05770102,"DETERMINE Trial Treatment Arm 02: Atezolizumab in Adult, Paediatric and Teenage/Young Adult Patients With Cancers With High Tumour Mutational Burden (TMB) or Microsatellite Instability-high (MSI-high) or Proven Constitutional Mismatch Repair Deficiency (CMMRD) Disposition",PHASE2;PHASE3,Phase 3,RECRUITING,30,Cancer Research UK,Cancer Research UK,16,0,1,single_arm,1,atezolizumab,atezolizumab,PD-L1,Monoclonal Antibody,CMMRD;MMR;MSI;MSI-H;TMB,1,1,0,0,0,0,1,0
NCT05770544,"DETERMINE Trial Treatment Arm 03: Entrectinib in Adult, Paediatric and Teenage/Young Adult Patients With ROS1 Gene Fusion-Positive Cancers.",PHASE2;PHASE3,Phase 3,RECRUITING,30,Cancer Research UK,Cancer Research UK,16,0,1,single_arm,1,entrectinib,entrectinib,ROS1,Small Molecule,MET;ROS1,0,1,0,0,0,0,0,0
NCT05789069,A Study of HFB200603 as a Single Agent and in Combination With Tislelizumab in Adult Patients With Advanced Solid Tumors,PHASE1,Phase 1,ACTIVE_NOT_RECRUITING,83,HiFiBiO Therapeutics,HiFiBiO Therapeutics,3,1,0,multi_experimental,4,hfb200603,hfb200603;tislelizumab,BTLA,Monoclonal Antibody,BRAF,1,1,1,0,0,0,0,1
NCT05824975,"A Study to Evaluate the Safety and Therapeutic Activity of GI-102 As a Single Agent and in Combination with Conventional Anti-cancer Drugs, Pembrolizumab or Trastuzumab Deruxtecan(T-DXd) in Patients with Advanced Solid Tumors (KEYNOTE-G08)",PHASE1;PHASE2,Phase 2,RECRUITING,358,"GI Innovation, Inc.",GI Innovation,4,1,1,multi_experimental,7,,bevacizumab;doxorubicin;eribulin;gi-102;gi-102 subcutaneous (sc);paclitaxel;pembrolizumab;trastuzumab deruxtecan (t-dxd),CD80,Bispecific Antibody,,1,1,0,0,0,0,0,0
NCT05858736,"Safety, PK and Efficacy of AI-061 in Advanced Solid Tumors",PHASE1,Phase 1,COMPLETED,18,"OncoC4, Inc.",OncoC4,10,1,0,multi_experimental,3,ai-061,ai-061,PD-1,Bispecific Antibody,PD-L1,1,1,0,0,0,0,0,0
NCT05868707,OH2 Injection in Melanoma,PHASE3,Phase 3,RECRUITING,340,"Binhui Biopharmaceutical Co., Ltd.",Binhui Biopharmaceutical,13,1,0,active_comparator,2,salvage chemotherapy or best supportive care,oh2,HSV2,Oncolytic Virus,,1,1,0,0,0,1,1,0
NCT05869539,ACT-TIL and ANV419 for Advanced Melanoma.,PHASE1,Phase 1,ACTIVE_NOT_RECRUITING,10,"University Hospital, Basel, Switzerland","University Hospital, Basel, Switzerland",3,0,0,single_arm,1,combination of tumor-infiltrating lymphocyte transfer with anv419,combination of tumor-infiltrating lymphocyte transfer with anv419,,Cell Therapy,BRAF;MET,1,1,1,0,0,0,1,1
NCT05877430,"Safety, Tolerability, and Preliminary Efficacy of CJRB-101 With Pembrolizumab in Subjects With Selected Types of Advanced or Metastatic Cancer",PHASE1;PHASE2,Phase 2,RECRUITING,160,"CJ Bioscience, Inc.",CJ Bioscience,1,1,0,single_arm,1,cjrb-101;pembrolizumab injection,cjrb-101;pembrolizumab injection,PD-1,Oncolytic Virus,ALK;BRAF;PD-L1;biomarker;genomic,1,1,1,0,1,1,1,1
NCT05878288,Deep sequencIng in Cutaneous Squamous CEll caRciNomas,PHASE2,Phase 2,ACTIVE_NOT_RECRUITING,11,"Peter MacCallum Cancer Centre, Australia","Peter MacCallum Cancer Centre, Australia",16,0,1,single_arm,1,cemiplimab,,PD-1,Monoclonal Antibody,PD-L1;genomic,1,0,0,0,1,0,0,1
NCT05902520,Adoptive Cell Therapy Using Cancer Specific CD8+ Tumor Infiltrating Lymphocytes in Adult Patients With Solid Tumors,PHASE1,Phase 1,ACTIVE_NOT_RECRUITING,18,"AgonOx, Inc.",AgonOx,1,1,0,multi_experimental,2,low dose il-2,dp cd8 til;dp cd8 til kd;low dose il-2,PD-1,Cell Therapy,BRAF;CD103;CD39;CD8;PD-L1,1,1,0,0,1,0,0,1
NCT05907954,(Neo)Adjuvant IDE196 (Darovasertib) in Patients With Localized Ocular Melanoma,PHASE2,Phase 2,ACTIVE_NOT_RECRUITING,160,IDEAYA Biosciences,IDEAYA Biosciences,11,1,0,single_arm,1,darovasertib,darovasertib,AURKA,Small Molecule,,0,1,0,0,0,0,0,0
NCT05912244,"A Study of IO102/IO103, Nivolumab, and Relatlimab in People With Melanoma",PHASE2,Phase 2,ACTIVE_NOT_RECRUITING,43,Memorial Sloan Kettering Cancer Center,Memorial Sloan Kettering Cancer Center,411,0,0,single_arm,1,io102/io103;nivolumab-relatlimab,io102/io103;nivolumab-relatlimab,IDO1,mRNA,BRAF;PD-L1,0,1,0,0,0,0,0,0
NCT05913388,GB1211 and Pembrolizumab Versus Pembrolizumab and Placebo in Patients With Metastatic Melanoma and Head and Neck Squamous Cell Carcinoma,PHASE2,Phase 2,ACTIVE_NOT_RECRUITING,12,Providence Health & Services,Providence Health & Services,30,0,0,placebo_comparator,2,pembrolizumab,gb1211;pembrolizumab,Galectin-3,Small Molecule,PD-L1,0,1,0,0,1,1,0,1
NCT05933577,A Clinical Study of Intismeran Autogene (V940) Plus Pembrolizumab in People With High-Risk Melanoma (V940-001),PHASE3,Phase 3,ACTIVE_NOT_RECRUITING,1089,Merck Sharp & Dohme LLC,Merck (MSD),649,1,1,active_comparator,2,pembrolizumab,intismeran autogene;pembrolizumab,PD-1,Monoclonal Antibody,PD-L1,1,1,0,0,0,0,0,0
NCT05970497,A Study Assessing KB707 for the Treatment of Locally Advanced or Metastatic Solid Tumors,PHASE1;PHASE2,Phase 2,RECRUITING,240,"Krystal Biotech, Inc.",Krystal Biotech,2,1,0,multi_experimental,3,kb707,kb707;keytruda ( pembrolizumab);opdualag,,Oncolytic Virus,BRAF;PD-L1,1,1,0,0,1,0,0,1
NCT05973487,A Basket Study of Customized Autologous TCR-T Cell Therapies in Patients With Locally Advanced (Unresectable) or Metastatic Solid Tumors,PHASE1,Phase 1,ACTIVE_NOT_RECRUITING,840,"TScan Therapeutics, Inc.",TScan Therapeutics,1,1,0,multi_experimental,28,,tsc-200-a0201;tsc-200-a0201 + tsc-201-b0702;tsc-200-a0201 + tsc-202-a0201;tsc-200-a0201 + tsc-203-a0201;tsc-200-a0201 + tsc-204-a0101;tsc-201-b0702;tsc-201-b0702 + tsc-202-a0201;tsc-202-a0201;tsc-203-a0201;tsc-203-a0201 + tsc-201-b0702;tsc-203-a0201 + tsc-202-a0201;tsc-203-a0201 + tsc-204-a0101;tsc-204-a0101;tsc-204-a0101 + tsc-202-a0201;tsc-204-a0201;tsc-204-a0201 + tsc-200-a0201;tsc-204-a0201 + tsc-201-b0702;tsc-204-a0201 + tsc-202-a0201;tsc-204-a0201 + tsc-203-a0201;tsc-204-a0201 + tsc-204-a0101;tsc-204-a0201 + tsc-204-c0702;tsc-204-c0702;tsc-204-c0702 + tsc-200-a0201;tsc-204-c0702 + tsc-201-b0702;tsc-204-c0702 + tsc-202-a0201;tsc-204-c0702 + tsc-203-a0201;tsc-204-c0702 + tsc-204-a0101,,Cell Therapy,genomic,1,1,0,0,0,0,0,0
NCT05987332,IDE196 (Darovasertib) in Combination With Crizotinib as First-line Therapy in Metastatic Uveal Melanoma,PHASE2;PHASE3,Phase 3,ACTIVE_NOT_RECRUITING,420,IDEAYA Biosciences,IDEAYA Biosciences,11,1,0,active_comparator,3,dacarbazine;ipilimumab;nivolumab;pembrolizumab,crizotinib;ide196,MEK,Small Molecule,HLA-A2;MET,0,1,0,0,0,0,0,0
NCT06007690,"A Phase 3 Randomized, Masked, Controlled Trial to Evaluate Efficacy and Safety of Belzupacap Sarotalocan (AU-011) Treatment Compared to Sham Control in Subjects With Primary Indeterminate Lesions or Small Choroidal Melanoma",PHASE3,Phase 3,ACTIVE_NOT_RECRUITING,108,Aura Biosciences,Aura Biosciences,5,1,0,multi_experimental,3,bel-sar;device: infrared laser;device: suprachoroidal microinjector,bel-sar;device: infrared laser;device: suprachoroidal microinjector,,,,0,1,0,0,0,1,0,0
NCT06008106,Comparing Tunlametinib Capsules and Combination Chemotherapy in Advanced NRAS-mutant Melanoma,PHASE3,Phase 3,RECRUITING,165,"Shanghai Kechow Pharma, Inc.",Shanghai Kechow Pharma,11,1,0,active_comparator,2,or dacarbazine +cisplatin;or temozolomide +cisplatin;paclitaxel +carboplatin,tunlametinib,BRAF,Small Molecule,NRAS,0,1,0,1,0,0,1,1
NCT06014086,Intratumoral PH-762 for Cutaneous Carcinoma,PHASE1,Phase 1,ACTIVE_NOT_RECRUITING,30,Phio Pharmaceuticals Inc.,Phio Pharmaceuticals,1,1,0,single_arm,1,ph-762,ph-762,PD-1,mRNA,BRAF;PD-L1,0,1,0,0,1,0,0,1
NCT06022029,A Dose Escalation and Dose Expansion Study of Intratumoral ONM-501 Alone and in Combination With Cemiplimab in Patients With Advanced Solid Tumors and Lymphomas.,PHASE1,Phase 1,RECRUITING,168,"OncoNano Medicine, Inc.",OncoNano Medicine,4,1,0,multi_experimental,3,onm-501,cemiplimab;onm-501,PD-1,Small Molecule,,0,1,0,0,0,0,1,0
NCT06047379,"Safety and Efficacy of NEO212 in Patients With Astrocytoma IDH-mutant, Glioblastoma IDH-wildtype or Brain Metastasis",PHASE1;PHASE2,Phase 2,RECRUITING,134,"Neonc Technologies, Inc.",Neonc Technologies,4,1,0,multi_experimental,8,neo212 oral capsule,bevacizumab;carboplatin;folfiri protocol;ipilimumab;neo212 oral capsule;nivolumab;paclitaxel;pembrolizumab;regorafenib,,Small Molecule,,0,1,0,0,0,0,0,0
NCT06054555,A Study to Evaluate ABP 206 Compared With OPDIVO® (Nivolumab) in Subjects With Unresectable or Metastatic Melanoma,PHASE3,Phase 3,ACTIVE_NOT_RECRUITING,633,Amgen,Amgen,323,1,1,active_comparator,2,nivolumab,abp 206,PD-1,Monoclonal Antibody,CD30;PD-L1;biomarker,1,1,0,0,1,0,1,1
NCT06060613,Safety and Efficacy of OBX-115 in Advanced Solid Tumors,PHASE1;PHASE2,Phase 2,RECRUITING,208,"Obsidian Therapeutics, Inc.",Obsidian Therapeutics,1,1,0,single_arm,1,obx-115,obx-115,IL15,Cell Therapy,BRAF;PD-L1,1,1,1,0,1,1,1,1
NCT06070012,Tebentafusp in HLA-A*0201 Positive Previously Untreated Metastatic Uveal Melanoma,PHASE2,Phase 2,RECRUITING,44,Diwakar Davar,Diwakar Davar,8,0,0,single_arm,1,tebentafusp,tebentafusp,gp100,Bispecific Antibody,HLA-A*0201;HLA-A*02:01;biomarker;molecular profiling,1,1,0,0,0,0,0,0
NCT06081920,A Study of IBI363 in Subjects With Advanced Melanoma,PHASE2,Phase 2,RECRUITING,180,Innovent Biologics (Suzhou) Co. Ltd.,Innovent,107,1,0,single_arm,1,ibi363,ibi363,PD-1,Bispecific Antibody,PD-L1,1,1,0,0,0,1,0,0
NCT06090266,"A Study of OR502, a Monoclonal Antibody Targeting LILRB2, Alone and in Combination With Anticancer Agents",PHASE1;PHASE2,Phase 2,RECRUITING,168,"OncoResponse, Inc.",OncoResponse,2,1,0,multi_experimental,2,cemiplimab;or502,cemiplimab;or502,LILRB2,Monoclonal Antibody,biomarker;biomarker analysis,1,1,0,0,0,0,1,0
NCT06099782,A Study of Participant Reported Preference for Subcutaneous Pembrolizumab Coformulated With Berahyaluronidase Alfa (MK-3475A) Over Intravenous Pembrolizumab (MK-3475) Formulation in Multiple Tumor Types (MK-3475A-F11),PHASE2,Phase 2,ACTIVE_NOT_RECRUITING,147,Merck Sharp & Dohme LLC,Merck (MSD),649,1,1,active_comparator,2,pembrolizumab;pembrolizumab (+) berahyaluronidase alfa,pembrolizumab;pembrolizumab (+) berahyaluronidase alfa,PD-1,Monoclonal Antibody,ALK;PD-L1;ROS1,1,1,0,0,1,0,0,1
NCT06101134,A Study to Evaluate Whether Participants With Melanoma Prefer Subcutaneous vs Intravenous Administration of Nivolumab and Nivolumab + Relatlimab Fixed-dose Combinations,PHASE2,Phase 2,ACTIVE_NOT_RECRUITING,100,Bristol-Myers Squibb,Bristol Myers Squibb,764,1,1,multi_experimental,2,,nivolumab;nivolumab+rhuph20;relatlimab+nivolumab;relatlimab+nivolumab+rhuph20,PD-1,Monoclonal Antibody,PD-L1,1,1,0,0,0,0,0,0
NCT06112314,IMC-F106C Regimen Versus Nivolumab Regimens in Previously Untreated Advanced Melanoma (PRISM-MEL-301),PHASE3,Phase 3,RECRUITING,680,Immunocore Ltd,Immunocore,12,1,0,active_comparator,3,nivolumab;nivolumab + relatlimab,brenetafusp;nivolumab,PD-1,Monoclonal Antibody,BRAF;CD30,1,1,1,0,0,0,0,1
NCT06112808,A Clinical Study of the Pharmacokinetics and Safety of BCD-263 and Opdivo® as Monotherapy in Subjects With Advanced Melanoma of the Skin,PHASE1,Phase 1,ACTIVE_NOT_RECRUITING,300,Biocad,Biocad,28,1,0,active_comparator,2,nivolumab,bcd-263,,,,0,1,0,0,0,0,0,0
NCT06121180,Study of Cemiplimab Plus Ziv-Aflibercept for Subjects With Metastatic Uveal Melanoma,PHASE2,Phase 2,RECRUITING,32,H. Lee Moffitt Cancer Center and Research Institute,H. Lee Moffitt Cancer Center and Research Institute,228,0,1,single_arm,1,cemiplimab;ziv-aflibercept,cemiplimab;ziv-aflibercept,PD-1,Monoclonal Antibody,BRAF;MET,1,1,1,0,0,1,0,1
NCT06150664,A Phase 1 of CTX-8371 in Patients With Advanced Malignancies,PHASE1,Phase 1,RECRUITING,85,Compass Therapeutics,Compass Therapeutics,6,1,0,multi_experimental,2,ctx-8371,ctx-8371,PD-1,Bispecific Antibody,BRAF;ER;HER2;MET;PD-L1;PR,1,1,1,0,1,0,1,1
NCT06172478,A Study of HER3-DXd in Subjects With Locally Advanced or Metastatic Solid Tumors,PHASE2,Phase 2,RECRUITING,740,Daiichi Sankyo,Daiichi Sankyo,178,1,1,single_arm,1,her3-dxd,her3-dxd,HER3,ADC,ALK;BRAF;CLDN18.2;ER;HER2;HER3;KRAS;MET;MMR;MSI;NTRK;PD-L1;RET;ROS1;genomic,1,1,1,0,1,1,1,1
NCT06190951,A Trial to Learn if Fianlimab and Cemiplimab Are Safe and Work Better Than Anti-PD1 Alone in Adult Participants With Resectable Stage 3 or 4 Melanoma,PHASE2,Phase 2,ACTIVE_NOT_RECRUITING,151,Regeneron Pharmaceuticals,Regeneron,95,1,1,active_comparator,3,cemiplimab,fixed dose combination (fdc) cemiplimab+fianlimab,PD-1,Monoclonal Antibody,,1,1,0,0,0,0,0,0
NCT06194929,"Defactinib and Avutometinib, With or Without Encorafenib, for the Treatment of Patients With Brain Metastases From Cutaneous Melanoma",PHASE1;PHASE2,Phase 2,RECRUITING,33,University of Utah,University of Utah,55,0,0,multi_experimental,3,avutometinib;defactinib,avutometinib;defactinib;encorafenib,FAK,Small Molecule,BRAF,0,1,1,0,0,0,0,1
NCT06204991,To Evaluate the Safety and Efficacy of ADP-TILIL7 in Patients With Locally Advanced or Metastatic Melanoma,PHASE1,Phase 1,RECRUITING,10,Inge Marie Svane,Inge Marie Svane,1,0,0,single_arm,1,adp-tilil7;cyclophosphamide;fludarabine phosphate;proleukin,adp-tilil7;cyclophosphamide;fludarabine phosphate;proleukin,IL-7,Cell Therapy,MET,1,1,0,0,0,0,0,0
NCT06209580,AMT-253 in Patients With Advanced Solid Tumours,PHASE1;PHASE2,Phase 2,RECRUITING,96,Multitude Therapeutics Inc.,Multitude Therapeutics,8,1,0,multi_experimental,2,amt-253 for injection,amt-253 for injection,,,,0,1,0,0,0,0,0,0
NCT06212388,Allogeneic Gammadelta T Cells Combined With Interferon-α1b or PD-1 Monoclonal Antibody in Stage III-IV Amenable to Surgical Resection Melanoma,EARLY_PHASE1,Phase 1,NOT_YET_RECRUITING,10,Xijing Hospital,Xijing Hospital,3,0,0,active_comparator,2,ex-vivo expanded allogeneic γδ t cells;pembrolizumab,ex-vivo expanded allogeneic γδ t cells;recombinant human interferon α1b,PD-1,Monoclonal Antibody,PD-L1,1,1,0,0,1,0,0,1
NCT06214156,A Clinical Study of T3011 in Subjects With Advanced Melanoma,PHASE1;PHASE2,Phase 2,RECRUITING,42,"Shanghai Pharmaceuticals Holding Co., Ltd",Shanghai Pharmaceuticals,18,1,0,single_arm,1,t3011,t3011,PD-1,Oncolytic Virus,PD-L1,1,1,0,0,0,0,0,0
NCT06216938,RP1 in Primary Melanoma to Reduce the Risk of Sentinel Lymph Node Metastasis,EARLY_PHASE1,Phase 1,RECRUITING,25,Yana Najjar,Yana Najjar,6,0,0,single_arm,1,vusolimogene oderparepvec (rp1),vusolimogene oderparepvec (rp1),GM-CSF,Oncolytic Virus,,1,1,0,0,0,0,0,0
NCT06237881,"A Phase 1/2 Study of KSQ-001EX, Autologous Tumor Infiltrating Lymphocytes Engineered to Inactivate the SOCS1 Gene, in Patients With Select Advanced Solid Tumors",PHASE1;PHASE2,Phase 2,ACTIVE_NOT_RECRUITING,15,M.D. Anderson Cancer Center,M.D. Anderson Cancer Center,697,0,0,multi_experimental,3,cyclophosphamide;fludarabine;ksq-001ex,cyclophosphamide;fludarabine;interleukin-2;ksq-001ex,SOCS1,Cell Therapy,ALK;BRAF;KRAS;MET;PD-L1;RET,1,1,0,0,1,0,1,1
NCT06242470,A Study of MGC026 in Participants With Advanced Solid Tumors,PHASE1,Phase 1,RECRUITING,250,MacroGenics,MacroGenics,29,1,0,multi_experimental,12,,mgc026 dose escalation;mgc026 dose for expansion,,,,0,1,0,0,0,0,0,0
NCT06246149,Adjuvant Tebentafusp in High Risk Ocular Melanoma,PHASE3,Phase 3,RECRUITING,290,European Organisation for Research and Treatment of Cancer - EORTC,European Organisation for Research and Treatment of Cancer - EORTC,38,0,0,multi_experimental,2,tebentafusp,tebentafusp,gp100,Bispecific Antibody,HLA-A*0201;HLA-A*02:01,1,1,0,0,0,0,0,0
NCT06246916,A Study With Combinations of Anti-LAG-3 and Anti-PD-1 Antibodies in Adult Participants With Advanced or Metastatic Melanoma (Harmony Head-to-Head),PHASE3,Phase 3,RECRUITING,560,Regeneron Pharmaceuticals,Regeneron,95,1,1,active_comparator,2,relatlimab+nivolumab,cemiplimab;fianlimab,LAG-3,Monoclonal Antibody,BRAF;PD-L1,1,1,1,0,1,0,0,1
NCT06264180,VO and Nivolumab vs Physician's Choice in Advanced Melanoma That Progressed on Anti-PD-1 & Anti-CTLA-4 Drugs [IGNYTE-3],PHASE3,Phase 3,RECRUITING,400,"Replimune, Inc.",Replimune,10,1,0,active_comparator,2,nivolumab;nivolumab + relatlimab;pembrolizumab;single-agent,nivolumab;vusolimogene oderparepvec,PD-1,Monoclonal Antibody,BRAF;CD30,1,1,1,0,0,0,0,1
NCT06265025,"GM103 Intratumoral Injection in Patients With Locally Advanced, Unresectable, Refractory and/or Metastatic Solid Tumors",PHASE1;PHASE2,Phase 2,RECRUITING,125,"GeneMedicine Co., Ltd.",GeneMedicine,1,1,0,multi_experimental,3,,gm103 (part a);gm103 (part b);gm103 and pembrolizumab (part c),PD-1,Oncolytic Virus,,1,1,0,0,0,0,1,0
NCT06281678,A Study of IBI363 in Subjects with Advanced Solid Malignancies,PHASE2,Phase 2,RECRUITING,178,Innovent Biologics (Suzhou) Co. Ltd.,Innovent,107,1,0,single_arm,1,ibi363,ibi363,PD-1,Bispecific Antibody,PD-L1,1,1,0,0,0,0,0,0
NCT06284590,"Study of the Efficacy of Intratumoral L19IL2 or L19TNF or L19IL2/L19TNF, in Combination With Pembrolizumab, in Unresectable Melanoma Patients",PHASE2,Phase 2,RECRUITING,162,Philogen S.p.A.,Philogen S.p.A.,45,1,1,multi_experimental,3,pembrolizumab,l19il2;l19il2/l19tnf;l19tnf;pembrolizumab,VEGF/VEGFR,Bispecific Antibody,BRAF;PD-L1;biomarker;biomarker analysis,1,1,1,0,1,0,1,1
NCT06295159,Neoadjuvant and Adjuvant Anti-PD1 or Combinations for Locoregionally Advanced Melanoma,PHASE2,Phase 2,RECRUITING,90,H. Lee Moffitt Cancer Center and Research Institute,H. Lee Moffitt Cancer Center and Research Institute,228,0,1,multi_experimental,6,,ipilimumab;nivolumab;nivolumab + relatlimab,PD-1,Monoclonal Antibody,BRAF;CD30;biomarker,1,1,0,0,0,0,1,0
NCT06305247,A Study to Assess IPN01194 When Administered Alone in Adults With Advanced Solid Tumours,PHASE1;PHASE2,Phase 2,ACTIVE_NOT_RECRUITING,36,Ipsen,Ipsen,58,1,0,multi_experimental,2,ipn01194,ipn01194,ERK,Small Molecule,,0,1,0,0,0,0,0,0
NCT06305962,177Lu-anti-PD-L1 sdAb in Metastatic Solid Tumors,EARLY_PHASE1,Phase 1,RECRUITING,30,"Radiopharm Theranostics, Ltd",Radiopharm Theranostics,7,1,0,single_arm,1,177lu-rad204,177lu-rad204,PD-L1,Radiopharmaceutical,MSI;PD-L1,0,1,0,0,1,0,1,1
NCT06326411,A Study to Investigate the Safety and Efficacy of NST-628 Oral Tablets in Subjects With Solid Tumors,PHASE1,Phase 1,RECRUITING,230,"Nested Therapeutics, Inc",Nested Therapeutics,1,1,0,single_arm,1,nst-628,nst-628,RAF/MEK,Small Molecule,BRAF;KRAS;MAPK pathway,0,1,0,1,0,0,0,1
NCT06332755,"Study to Evaluate LB-LR1109, Administered Alone for the Treatment of Solid Tumor and in Combination With Atezolizumab for the Treatment of NSCLC",PHASE1,Phase 1,RECRUITING,76,LG Chem,LG Chem,2,1,0,multi_experimental,2,,phase 1a: lb-lr1109;phase 1b: lb-lr1109 and atezolizumab,PD-L1,Monoclonal Antibody,genomic,1,1,0,0,0,0,0,0
NCT06346067,A Study to Assess Naporafenib (ERAS-254) Administered With Trametinib in Patients With NRAS-mutant Melanoma (SEACRAFT-2),PHASE3,Phase 3,ACTIVE_NOT_RECRUITING,78,"Erasca, Inc.",Erasca,9,1,0,active_comparator,5,dacarbazine;temozolomide;trametinib,naporafenib;trametinib,BRAF,Small Molecule,NRAS;biomarker;biomarker analysis,0,1,0,1,0,0,0,1
NCT06359860,A Study of ST-1898 for Unresectable or Metastatic Melanoma,PHASE1;PHASE2,Phase 2,RECRUITING,64,Beijing Scitech-Mq Pharmaceuticals Limited,Beijing Scitech-Mq Pharmaceuticals,3,1,0,multi_experimental,2,st-1898 tablets,st-1898 tablets,RET,Small Molecule,MET;RET;biomarker,0,1,0,0,0,0,0,0
NCT06362369,A Study of Oral 7HP349 (Alintegimod) in Combination With Ipilimumab Followed by Nivolumab Monotherapy,PHASE1;PHASE2,Phase 2,RECRUITING,126,"7 Hills Pharma, LLC",7 Hills Pharma,2,1,0,single_arm,1,alintegimod;ipilimumab;nivolumab,alintegimod;ipilimumab;nivolumab,CTLA-4,Monoclonal Antibody,ALK;MMR;MSI;MSI-H;PD-L1;genomic,1,1,0,0,1,0,1,1
NCT06398418,R-5780-01 In Combination With PD-1 Checkpoint Inhibitors (Checkpoint Protein on Immune Cells Called T Cells) in Patients With Solid Tumors,PHASE1,Phase 1,RECRUITING,33,Rise Therapeutics LLC,Rise Therapeutics,1,1,0,single_arm,1,r-5780,,PD-1,,BRAF,0,0,1,0,0,0,1,1
NCT06413680,A First-In Human (FIH) Study to Find Out How Well REGN10597 Medicine Given Alone or in Combination With Cemiplimab Works in Adult Participants Who Have Cancer With Tumors That Have Spread in Their Body,PHASE1;PHASE2,Phase 2,RECRUITING,240,Regeneron Pharmaceuticals,Regeneron,95,1,1,multi_experimental,4,regn10597,cemiplimab;regn10597,PD-1,Bispecific Antibody,PD-L1,1,1,0,0,1,0,0,1
NCT06414590,Neoadjuvant Tebentafusp for Uveal Melanoma,PHASE2,Phase 2,RECRUITING,19,Thomas Jefferson University,Thomas Jefferson University,22,0,0,single_arm,1,tebentafusp-tebn,tebentafusp-tebn,gp100,Bispecific Antibody,GPC3;HLA-A*02:01;ctDNA,1,1,0,0,0,1,0,0
NCT06425926,Safety and Tolerability Study of GIM-531 in Advanced Solid Tumors,PHASE1;PHASE2,Phase 2,RECRUITING,117,Georgiamune Inc,Georgiamune,2,1,0,multi_experimental,2,gim-531,anti-pd-1 monoclonal antibody;gim-531,,,BRAF,0,1,0,0,0,0,0,0
NCT06444815,A Study of VET3-TGI in Patients With Solid Tumors,PHASE1,Phase 1,RECRUITING,60,KaliVir Immunotherapeutics,KaliVir Immunotherapeutics,1,1,0,multi_experimental,4,vet3-tgi,atezolizumab;vet3-tgi,TGF-β,Oncolytic Virus,,1,1,0,0,1,0,0,1
NCT06472661,FUSA With Intratumoral PolyICLC in Regionally Advanced Resectable Melanoma,EARLY_PHASE1,Phase 1,RECRUITING,11,University of Virginia,University of Virginia,14,0,0,single_arm,1,device: echopulse or echopulse hd;polyiclc,device: echopulse or echopulse hd;polyiclc,TLR3,Small Molecule,BRAF,0,1,0,0,0,0,1,0
NCT06500091,TQB2916 Injection Combined With Chemotherapy or Penpulimab Injection in the Treatment of Solid Tumors,PHASE2,Phase 2,NOT_YET_RECRUITING,54,"Chia Tai Tianqing Pharmaceutical Group Co., Ltd.",Chia Tai Tianqing Pharmaceutical,213,1,0,multi_experimental,2,,tqb2916 injection + doxorubicin hydrochloride for injection;tqb2916 injection+penpulimab injection,PD-1,Monoclonal Antibody,PD-L1,1,1,0,0,0,0,1,0
NCT06521567,A Study of Cobolimab Plus Dostarlimab in Pediatric and Young Adult Participants With Cancer,PHASE1;PHASE2,Phase 2,ACTIVE_NOT_RECRUITING,83,GlaxoSmithKline,GSK,468,1,1,multi_experimental,2,cobolimab;dostarlimab,cobolimab;dostarlimab,PD-1,Monoclonal Antibody,BRAF;MET;PD-L1,1,1,0,0,0,0,1,0
NCT06529822,Personalized Cancer Vaccine (PCV) Strategy in Patients With Solid Tumors and Molecular Residual Disease,PHASE1,Phase 1,RECRUITING,64,Washington University School of Medicine,Washington University School of Medicine,178,0,0,multi_experimental,4,device: signatera assay;poly iclc;synthetic long peptide personalized cancer vaccine,device: signatera assay;poly iclc;synthetic long peptide personalized cancer vaccine,,Vaccine,ALK;RET;ROS1,1,1,0,0,0,0,0,0
NCT06540391,A Phase 1b Trial to Evaluate Safety of MB097 in Combination With Pembrolizumab in Melanoma Patients,PHASE1,Phase 1,ACTIVE_NOT_RECRUITING,41,Microbiotica Ltd,Microbiotica,1,1,1,multi_experimental,3,pembrolizumab,mb097;pembrolizumab;vancomycin,PD-1,,PD-L1,0,1,0,0,1,0,1,1
NCT06551064,Assessment of PK Similarity of FYB206 in Comparison With Keytruda in Resected Stage II or III Melanoma Patients,PHASE1,Phase 1,ACTIVE_NOT_RECRUITING,96,Formycon AG,Formycon,2,1,0,active_comparator,2,pembrolizumab,fyb206,PD-1,Monoclonal Antibody,PD-L1,1,1,0,0,1,0,0,1
NCT06566092,"Study of Autologous Tumor-Infiltrating Lymphocytes in Pediatric, Adolescent, and Young Adult Participants",PHASE1,Phase 1,ACTIVE_NOT_RECRUITING,40,"Iovance Biotherapeutics, Inc.",Iovance Biotherapeutics,15,1,0,multi_experimental,4,ln-145/ln-144,ln-145/ln-144,,Cell Therapy,,1,1,0,0,0,0,1,0
NCT06581406,"A Randomized, Phase 2/3 Study to Investigate the Efficacy and Safety of RP2 in Combination With Nivolumab in Immune Checkpoint Inhibitor-Naïve Adult Patients With Metastatic Uveal Melanoma",PHASE2;PHASE3,Phase 3,RECRUITING,280,"Replimune, Inc.",Replimune,10,1,0,multi_experimental,2,nivolumab,ipilimumab;nivolumab;rp2,GM-CSF,Oncolytic Virus,PD-L1;ctDNA,1,1,0,0,0,0,0,0
NCT06594991,"A Study of Fianlimab, Cemiplimab, and Ipilimumab in People With Melanoma",PHASE2,Phase 2,RECRUITING,88,Memorial Sloan Kettering Cancer Center,Memorial Sloan Kettering Cancer Center,411,0,1,multi_experimental,2,cemiplimab;fianlimab;ipilimumab,cemiplimab;fianlimab;ipilimumab,LAG-3,Monoclonal Antibody,PD-L1,1,1,0,0,1,0,0,1
NCT06596915,Safety and Efficacy of BA1302 in Patients With Advanced Solid Tumors,PHASE1,Phase 1,RECRUITING,167,"Shandong Boan Biotechnology Co., Ltd",Shandong Boan Biotechnology,6,1,0,single_arm,1,ba1302,ba1302,,,biomarker;biomarker analysis,0,1,0,0,0,0,0,0
NCT06624644,A Trial of LNS8801 With or Without Pembrolizumab in Patients With Refractory Melanoma,PHASE2;PHASE3,Phase 3,RECRUITING,135,"Linnaeus Therapeutics, Inc.",Linnaeus Therapeutics,2,1,0,active_comparator,3,chemotherapy (dacarbazine or temozolomide);immunotherapy (ipilimumab and nivolumab);immunotherapy (nivolumab and relatlimab);immunotherapy (pembrolizumab),lns8801;pembrolizumab,PD-1,Monoclonal Antibody,BRAF;PD-L1,1,1,0,0,0,0,0,0
NCT06627244,Study of Tebentafusp and Radioembolization in the Treatment of Metastatic Uveal Melanoma,PHASE2,Phase 2,RECRUITING,30,University of Miami,University of Miami,25,0,0,single_arm,1,tebentafusp;therasphere yttrium-90 trans-arterial radioembolization,tebentafusp;therasphere yttrium-90 trans-arterial radioembolization,gp100,Bispecific Antibody,HLA-A*0201;HLA-A*02:01,1,1,0,0,0,0,0,0
NCT06636435,"A Phase I, First in Human Study of CBA-1205, Anti-DLK1 Monoclonal Antibody in Patients With Advanced Solid Tumors, Hepatocellular Carcinoma (HCC), Melanoma, and Pediatric Cancer",PHASE1,Phase 1,RECRUITING,66,Chiome Bioscience Inc.,Chiome Bioscience,2,1,0,multi_experimental,5,,cba-1205 part 1;cba-1205 part 2;cba-1205 part 3;cba-1205 part 4;cba-1205 part 5,DLK1,Monoclonal Antibody,,1,1,0,0,0,0,1,0
NCT06640530,Clinical Study of the Efficacy and Safety of BCD-263 and Opdivo® as Monotherapy in Subjects With Advanced Melanoma of the Skin,PHASE3,Phase 3,ACTIVE_NOT_RECRUITING,392,Biocad,Biocad,28,1,0,active_comparator,2,nivolumab,bcd-263,,,,0,1,0,0,1,0,0,1
NCT06651151,NeoLIPA: Neoadjuvant LTX-315 in Combination with Pembrolizumab in Resectable Stage III/IV Melanoma,PHASE2,Phase 2,RECRUITING,27,Oslo University Hospital,Oslo University Hospital,14,0,0,single_arm,1,ltx-315 + pembrolizumab,ltx-315 + pembrolizumab,PD-1,Monoclonal Antibody,BRAF;PD-L1,1,1,0,0,0,0,0,0
NCT06697301,Safety and Efficacy of EIK1001 in Combo With Pembro Versus Placebo and Pembro as First-Line Therapy in Patients With Advanced Melanoma.,PHASE2;PHASE3,Phase 3,RECRUITING,740,Eikon Therapeutics,Eikon Therapeutics,10,1,1,active_comparator,3,pembrolizumab (keytruda ),eik1001;pembrolizumab (keytruda ),PD-1,Small Molecule,BRAF,0,1,1,0,0,0,1,1
NCT06703398,A Study of GC101 TIL in Advanced Melanoma,PHASE2,Phase 2,RECRUITING,98,Shanghai Juncell Therapeutics,Shanghai Juncell Therapeutics,19,1,0,active_comparator,2,dacarbazine;paclitaxel;platinum or cisplatin;temozolomide,gc101 til,,Cell Therapy,BRAF,1,1,1,1,0,0,0,1
NCT06708455,Phase 2b of RAPA-201 Cell Therapy in Post-PD-(L)-1 Melanoma,PHASE2,Phase 2,NOT_YET_RECRUITING,65,Rapa Therapeutics LLC,Rapa Therapeutics,3,1,0,single_arm,1,chemotherapy prior to rapa-201 therapy;rapa-201 rapamycin resistant t cells,chemotherapy prior to rapa-201 therapy;rapa-201 rapamycin resistant t cells,,Cell Therapy,BRAF;PD-(L)1,1,1,1,0,0,0,1,1
NCT06708663,HX009+ IN10018 With or Without Standard Chemotherapy for Advanced Solid Tumours,PHASE1;PHASE2,Phase 2,RECRUITING,124,"Hangzhou Hanx Biopharmaceuticals, Ltd.",Hangzhou Hanx Biopharmaceuticals,6,1,0,single_arm,1,hx009+in10018,hx009+in10018,,,BRAF;KRAS;NTRK;PD-L1;RET,0,1,1,1,1,0,0,1
NCT06717126,A Randomised Phase II Study of Roginolisib in Patients With Advanced/Metastatic Uveal Melanoma,PHASE2,Phase 2,ACTIVE_NOT_RECRUITING,85,iOnctura,iOnctura,4,1,0,active_comparator,3,investigator choice of standard therapy,roginolisib,PI3K,Small Molecule,PIK3CA;PTEN,0,1,0,0,0,0,0,0
NCT06727630,A Phase Ib Study of PRJ1-3024 for Treatment of Advanced or Metastatic Melanoma,PHASE1;PHASE2,Phase 2,RECRUITING,40,"Zhuhai Yufan Biotechnologies Co., Ltd",Zhuhai Yufan Biotechnologies,3,1,0,single_arm,1,prj1-3024,prj1-3024,HPK1,Small Molecule,,0,1,0,0,0,1,1,0
NCT06743126,"SUPRAME-ACTengine® IMA203 vs. Investigator's Choice of Treatment in Previously Treated, Unresectable or Metastatic Cutaneous Melanoma",PHASE3,Phase 3,RECRUITING,360,"Immatics US, Inc.",Immatics US,6,1,0,active_comparator,2,albumin-bound paclitaxel;dacarbazine;ipilimumab;lifileucel;nivolumab;nivolumab plus relatlimab;paclitaxel;paclitaxel plus carboplatin;pembrolizumab;temozolomide,ima203,PRAME,Cell Therapy,BRAF;HLA-A*02:01;PD-L1,1,1,1,0,0,0,0,1
NCT06784648,"Different Doses of BI-1607 in Combination With Pembrolizumab and Ipilimumab, in Participants With Unresectable or Metastatic Melanoma",PHASE1;PHASE2,Phase 2,ACTIVE_NOT_RECRUITING,35,BioInvent International AB,BioInvent International,10,1,1,single_arm,1,bi-1607;ipilimumab (yervoytm;pembrolizumab (keytruda),bi-1607;ipilimumab (yervoytm;pembrolizumab (keytruda),FCGR2B,Monoclonal Antibody,BRAF,1,1,0,0,0,0,0,0
NCT06797297,A Study to Evaluate the Efficacy and Safety of IBI363 Monotherapy Compared to Pembrolizumab in Patients With Unresectable Locally Advanced or Metastatic Mucosal or Acral Melanoma Who Had Not Previously Received Systemic Therapy,PHASE2,Phase 2,RECRUITING,180,Innovent Biologics (Suzhou) Co. Ltd.,Innovent,107,1,0,active_comparator,2,pembrolizumab,ibi363,PD-1,Bispecific Antibody,PD-L1,1,1,0,0,0,0,0,0
NCT06805825,A Study of the c-Kit Specific Antibody-Drug Conjugate NN3201 for Advanced and/or Metastatic Solid Tumors Known to Express c-Kit,PHASE1,Phase 1,RECRUITING,67,"Novelty Nobility, Inc.",Novelty Nobility,1,1,0,multi_experimental,4,nn3201,nn3201,KIT,ADC,C-KIT;MET,1,1,0,0,0,0,1,0
NCT06814496,Radiation Combined With BIspecific T-Cell Engager in DLL3 Expressing Tumors,PHASE1;PHASE2,Phase 2,RECRUITING,30,University of Arizona,University of Arizona,8,0,1,multi_experimental,4,tarlatamab,concurrent radiation therapy;sequential radiation therapy;tarlatamab,DLL3,Bispecific Antibody,DLL3;MET,1,1,0,0,0,1,1,0
NCT06848088,A Study to Learn About the Long-Term Health of Adult Participants From a Previous Study of a New Melanoma Treatment,PHASE2,Phase 2,ENROLLING_BY_INVITATION,48,Regeneron Pharmaceuticals,Regeneron,95,1,1,multi_experimental,2,fianlimab+cemiplimab,,PD-1,Monoclonal Antibody,PD-L1,1,0,0,0,0,0,0,0
NCT06887088,Encorafenib and biNimetinib Followed by CEmiplimab and FiAnLimab in Patients With BRAF Mutant melanOma and Symptomatic Brain Metastases,PHASE2,Phase 2,RECRUITING,33,Grupo Español Multidisciplinar de Melanoma,Grupo Español Multidisciplinar de Melanoma,7,0,1,single_arm,1,cemiplimab+fianlimab;encorafenib + binimetinib,cemiplimab+fianlimab;encorafenib + binimetinib,BRAF,Small Molecule,BRAF;MET,0,1,0,0,0,0,0,0
NCT06906822,PLUG-IN: Pembrolizumab Combined With Enfortumab Vedotin for Advanced Melanoma Patients,PHASE2,Phase 2,ACTIVE_NOT_RECRUITING,60,Grupo Español Multidisciplinar de Melanoma,Grupo Español Multidisciplinar de Melanoma,7,0,1,multi_experimental,2,enfortumab vedotin;pembrolizumab,enfortumab vedotin;pembrolizumab,PD-1,Monoclonal Antibody,BRAF;PD-L1,1,1,1,0,1,0,1,1
NCT06910657,IDOV-Immune for Advanced Solid Tumors,PHASE1,Phase 1,RECRUITING,78,"ViroMissile, Inc.",ViroMissile,1,1,0,single_arm,1,idov-immune (oncolytic vaccinia virus),idov-immune (oncolytic vaccinia virus),,Oncolytic Virus,,1,1,0,0,0,0,0,0
NCT06932757,Adjuvant Quisinostat in High-Risk Uveal Melanoma,PHASE2,Phase 2,RECRUITING,63,University of Miami,University of Miami,25,0,0,single_arm,1,quisinostat,quisinostat,HDAC,Small Molecule,,0,1,0,0,0,0,0,0
NCT06940739,A Study to Investigate the Safety and Efficacy of IOV-3001 in Adults With Advanced Melanoma Who Will Receive Lifileucel,PHASE1;PHASE2,Phase 2,RECRUITING,42,"Iovance Biotherapeutics, Inc.",Iovance Biotherapeutics,15,1,0,single_arm,1,iov-3001,iov-3001,IL-2,Peptide,BRAF;PD-L1,0,1,1,0,1,0,0,1
NCT06941818,HS-IT101 Injection in the Treatment of Advanced Melanoma,PHASE1,Phase 1,ENROLLING_BY_INVITATION,10,"Qingdao Sino-Cell Biomedicine Co., Ltd.",Qingdao Sino-Cell Biomedicine,6,1,0,single_arm,1,hs-it101 injection,hs-it101 injection,,Cell Therapy,BRAF,1,1,1,0,0,0,0,1
NCT06942143,"An Open-label, Phase I Clinical Trial of Super1 TCR-T in NY-ESO-1-positive Patients With Advanced Solid Tumors",PHASE1,Phase 1,RECRUITING,15,"Guangzhou FineImmune Biotechnology Co., LTD.",Guangzhou FineImmune Biotechnology,5,1,0,single_arm,1,super1 tcr-t,super1 tcr-t,NY-ESO-1,CAR-T,MET;NY-ESO-1,1,1,0,0,0,1,0,0
NCT06946225,ACTengine® IMA203 Combined With mRNA-4203,PHASE1,Phase 1,RECRUITING,15,"Immatics US, Inc.",Immatics US,6,1,0,single_arm,1,ima203;mrna-4203,ima203;mrna-4203,PRAME,Cell Therapy,HLA-A*02:01;PD-L1,1,1,0,0,0,0,0,0
NCT06956690,"A Phase 1/2 Clinical Trial to Assess the Safety, Tolerability, Pharmacokinetics and Preliminary Efficacy of HMBD-501 in Patients With HER3-Expressing Solid Tumors",PHASE1;PHASE2,Phase 2,RECRUITING,180,Hummingbird Bioscience,Hummingbird Bioscience,4,1,0,single_arm,1,env-501,env-501,EGFR,ADC,,1,1,0,0,0,0,1,0
NCT06961006,A Clinical Study of Intismeran Autogene (V940) and Pembrolizumab (MK-3475) in People With Melanoma (V940-012/INTerpath-012),PHASE2,Phase 2,RECRUITING,160,Merck Sharp & Dohme LLC,Merck (MSD),649,1,1,active_comparator,2,pembrolizumab,intismeran autogene;pembrolizumab,PD-1,Monoclonal Antibody,BRAF;PD-L1;biomarker;biomarker analysis,1,1,1,0,1,0,0,1
NCT06961786,TNFα and IL-2 Coding Oncolytic Adenovirus TILT-123 With Lymphocyte-depleting Chemotherapy and TILs in the Treatment of Melanoma,PHASE1,Phase 1,ACTIVE_NOT_RECRUITING,9,TILT Biotherapeutics Ltd.,TILT Biotherapeutics,6,1,0,single_arm,1,cyclophosphamide;fludarabine;til;tilt-123,cyclophosphamide;fludarabine;til;tilt-123,TNF-α and IL-2,Oncolytic Virus,BRAF,1,1,0,0,0,0,1,0
NCT06999980,"Neo IRENIE (NEOadjuvant Ipilimumab, RElatlimab, NIvolumab Evaluation)",PHASE2,Phase 2,RECRUITING,494,Melanoma Institute Australia,Melanoma Institute Australia,10,0,1,active_comparator,6,ipilimumab;pembrolizumab,ipilimumab;nivolumab,CTLA-4,Monoclonal Antibody,PD-L1;biomarker,1,1,0,0,0,0,0,0
NCT07015190,Neoadjuvant Darovasertib in Primary Uveal Melanoma,PHASE3,Phase 3,RECRUITING,520,IDEAYA Biosciences,IDEAYA Biosciences,11,1,0,active_comparator,2,primary local therapy,darovasertib,AURKA,Small Molecule,,0,1,0,0,0,0,0,0
NCT07027488,AB821 in Adult Participants With Locally Advanced or Metastatic Solid Tumors,PHASE1,Phase 1,RECRUITING,50,Yale University,Yale University,65,0,0,single_arm,1,ab821,ab821,IL-21R,Monoclonal Antibody,PD-L1,1,1,0,0,1,0,1,1
NCT07040436,Assessment of Safety and Efficacy of OPM-101 Combined With Anti-PD-1 in Patients With Advanced Melanoma Showing Resistance to Anti-PD-1,PHASE1;PHASE2,Phase 2,NOT_YET_RECRUITING,41,Oncodesign Precision Medicine,Oncodesign Precision Medicine,1,1,0,single_arm,1,opm-101,opm-101,RIPK2,Small Molecule,BRAF;MET;PD-L1;PR,0,1,0,0,0,0,0,0
NCT07070518,Study of GV20-0251 in Participants With Solid Tumor Malignancies,PHASE1;PHASE2,Phase 2,RECRUITING,350,GV20 Therapeutics,GV20 Therapeutics,3,1,0,single_arm,1,gv20-0251,gv20-0251,IGSF8,Oncolytic Virus,IGSF8 RNA;IGSF8 membrane protein;PD-L1,1,1,0,0,0,0,1,0
NCT07072728,Psilocybin-Assisted Psychotherapy in Cancer Patients With Adjustment Disorder,PHASE2,Phase 2,RECRUITING,87,Psyence Australia Pty Ltd,Psyence Australia Pty,1,1,0,active_comparator,3,psilocybin therapy,,,,,0,0,0,0,0,0,0,0
NCT07086105,A Study to Evaluate Adze1.C in Participants With Metastatic Melanoma,PHASE1,Phase 1,RECRUITING,30,Adze Biotechnology Australia Pty Ltd,Adze Biotechnology Australia Pty,1,1,0,single_arm,1,adze1.c,adze1.c,,Oncolytic Virus,MET,1,1,0,0,0,0,1,0
NCT07099430,"A Trial of LBL-024 Monotherapy, LBL-024 Combined With LBL-007 or Toripalimab in Patients With Advanced Melanoma",PHASE1;PHASE2,Phase 2,RECRUITING,200,"Nanjing Leads Biolabs Co.,Ltd",Nanjing Leads Biolabs,19,1,0,multi_experimental,3,lbl-024 for injection,lbl-007 injection;lbl-024 for injection;toripalimab injection,PD-1,Monoclonal Antibody,PD-L1,1,1,0,0,0,0,0,0
NCT07106827,A Study of GV20-0251 in Advanced or Refractory Solid Tumors,PHASE1,Phase 1,RECRUITING,10,West China Hospital,West China Hospital,11,0,0,single_arm,1,gv20-0251,gv20-0251,IGSF8,Oncolytic Virus,IGSF8 RNA;IGSF8 membrane protein;PD-L1,1,1,0,0,0,0,1,0
NCT07107178,A Clinical Study of BT02 for the Treatment of Patients With Advanced Malignant Melanoma,PHASE1,Phase 1,NOT_YET_RECRUITING,58,Biotroy Therapeutics,Biotroy Therapeutics,3,1,0,single_arm,1,bt02,bt02,,Monoclonal Antibody,,1,1,0,0,0,0,0,0
NCT07115043,A Study to Investigate Safety of AZD6750 in Adult Participants With Select Advanced or Metastatic Solid Tumors,PHASE1;PHASE2,Phase 2,RECRUITING,120,AstraZeneca,AstraZeneca,780,1,1,multi_experimental,2,azd6750,azd6750;rilvegostomig,IL-2,Small Molecule,PD-L1,0,1,0,0,1,0,0,1
NCT07136181,"Evaluation of the Safety, Efficacy, and Pharmacokinetics of NBM-BMX in Patients With Metastatic Uveal Melanoma",PHASE1;PHASE2,Phase 2,RECRUITING,36,Novelwise Pharmaceutical Corporation,Novelwise Pharmaceutical,3,1,0,single_arm,1,nbm-bmx capsule are proprietary products developed by novelwise pharmaceutical corporation (novelwise) for treatment of patients suffering from cancers.,nbm-bmx capsule are proprietary products developed by novelwise pharmaceutical corporation (novelwise) for treatment of patients suffering from cancers.,,Small Molecule,,0,1,0,0,0,0,0,0
NCT07160335,"A Phase I Clinical Study to Evaluate the PK Profile, Efficacy, Safety and Immunogenicity of HLX17 vs. Keytruda® in Multiple Resected Solid Tumors",PHASE1,Phase 1,ACTIVE_NOT_RECRUITING,174,Shanghai Henlius Biotech,Shanghai Henlius,98,1,0,active_comparator,2,hlx17;us-sourced keytruda,hlx17,PD-1,Monoclonal Antibody,ALK;PD-L1,1,1,0,0,1,0,0,1
NCT07177937,A Study of DXC014 in Patients With Advanced Solid Tumors.,PHASE1,Phase 1,RECRUITING,150,"Hangzhou DAC Biotechnology Co., Ltd.",Hangzhou DAC Biotechnology,5,1,0,single_arm,1,dxc014,dxc014,B7-H3,ADC,,1,1,0,0,0,0,0,0
NCT07221734,"Study to Compare Pharmacokinetics, Efficacy, Safety, and Immunogenicity of MB11 Versus EU-/US-Opdivo® in Subjects With Previously Untreated Advanced [Unresectable or Metastatic] Melanoma",PHASE3,Phase 3,RECRUITING,632,mAbxience Research S.L.,mAbxience Research S.L.,5,1,0,active_comparator,3,eu-opdivo;us- sourced opdivo,mb11 (proposed nivolumab biosimilar),PD-1,Monoclonal Antibody,BRAF;PD-L1,1,1,1,0,1,0,0,1
NCT07224425,A Study of BI 3810944 in Patients With Advanced Cancer,PHASE1,Phase 1,RECRUITING,69,Boehringer Ingelheim,Boehringer Ingelheim,237,1,1,multi_experimental,2,bi 3810944,bi 3810944,,,BRAF,0,1,0,0,0,0,0,0
NCT07252661,Study of ACC-1898 in Adult Participants With Advanced Solid Tumors,PHASE1,Phase 1,NOT_YET_RECRUITING,40,"AccSalus Biosciences, Inc.",AccSalus Biosciences,1,1,0,multi_experimental,2,acc-1898,acc-1898,,Cell Therapy,,1,1,0,0,0,0,0,0
NCT07276386,Phase 2 Combination of Melphalan/HDS Via PHP + Tebentafusp in Treating Metastatic Uveal Melanoma,PHASE2,Phase 2,RECRUITING,18,H. Lee Moffitt Cancer Center and Research Institute,H. Lee Moffitt Cancer Center and Research Institute,228,0,0,single_arm,1,melphalan/hds (percutaneous hepatic perfusion);tebentafusp,melphalan/hds (percutaneous hepatic perfusion);tebentafusp,,Small Molecule,,0,1,0,0,0,0,0,0
NCT07280832,Phase I/II Clinical Study of JMT108 Injection for the Treatment of Advanced Malignant Melanoma and Urinary Tract Tumors,PHASE1;PHASE2,Phase 2,RECRUITING,500,Shanghai JMT-Bio Inc.,Shanghai JMT-Bio,33,1,0,multi_experimental,6,jmt108,jmt108,PD-1,Bispecific Antibody,,1,1,0,0,0,0,0,0
NCT07281924,Hepzato Kit and Opdualag for Metastatic Melanoma and Liver Metastasis,PHASE1;PHASE2,Phase 2,RECRUITING,15,"University of Wisconsin, Madison","University of Wisconsin, Madison",61,0,0,single_arm,1,device: melphalan;nivolumab and relatlimab,device: melphalan;nivolumab and relatlimab,PD-1,Bispecific Antibody,BRAF;PD-L1,1,1,0,0,0,0,0,0
NCT07287917,Study of AMXT 1501 and DFMO in Combination With Standard Therapies in Advanced Solid Tumors,PHASE1;PHASE2,Phase 2,RECRUITING,92,"Aminex Therapeutics, Inc.",Aminex Therapeutics,4,1,0,multi_experimental,2,amxt 1501 dicaprate;dfmo,amxt 1501 dicaprate;capivasertib;dfmo;fulvestrant;pembrolizumab,AKT1,Small Molecule,BRAF;ER;HER2;PIK3CA;PTEN,0,1,1,0,0,0,1,1
NCT07288112,DOC1021 Dendritic Cell Immunotherapy for Refractory Melanoma,PHASE1;PHASE2,Phase 2,RECRUITING,35,Diakonos Oncology Corporation,Diakonos Oncology,3,1,0,single_arm,1,doc1021;pifn (peginterferon alfa-2a);tumor resection,doc1021;pifn (peginterferon alfa-2a);tumor resection,PD-1,Cell Therapy,,1,1,0,0,0,0,1,0
NCT07288203,A Study of Lifileucel (Tumor-infiltrating Lymphocytes) in Adults With Advanced Melanoma,PHASE2,Phase 2,ACTIVE_NOT_RECRUITING,100,"Iovance Biotherapeutics, Inc.",Iovance Biotherapeutics,15,1,0,single_arm,1,lifileucel,lifileucel,,Cell Therapy,BRAF,1,1,1,0,0,0,0,1
NCT07310758,Contrast-enhanced Ultrasound for Sentinel Node Detection,PHASE2;PHASE3,Phase 3,RECRUITING,91,The Netherlands Cancer Institute,The Netherlands Cancer Institute,72,0,0,single_arm,1,sonazoid,,,,,0,0,0,0,0,0,0,0
NCT07310784,A Phase II Trial of LM103 in Advanced Melanoma,PHASE2,Phase 2,RECRUITING,92,"Suzhou BlueHorse Therapeutics Co., Ltd.",Suzhou BlueHorse Therapeutics,8,1,0,active_comparator,2,carboplatin/cisplatin;dacarbazine;paclitaxel;temozolomide,lm103 tils injection,MET,Cell Therapy,BRAF;MET,1,1,1,1,0,0,0,1
NCT07339176,Intratumoral N17350 in Advanced Solid Tumors,PHASE1;PHASE2,Phase 2,RECRUITING,275,Onchilles Pharma Inc,Onchilles Pharma,1,1,0,multi_experimental,10,n17350,n17350,CD95,Oncolytic Virus,,1,1,0,0,0,0,0,0
NCT07340619,"Clinical Trial Evaluating the Biological Activity of a New Drug Identified as Prifetrastat (PF-07248144), Combined With Fulvestrant for the Treatment of Patients With Hormone Receptor Positive (HR+) and HER2 Negative (HER2-) Breast Cancer Extended to Other Organs.",PHASE2,Phase 2,NOT_YET_RECRUITING,51,UNICANCER,UNICANCER,64,0,1,multi_experimental,2,,prifetrastat in combination with fulvestrant;prifetrastat monotherapy for 15 days then combination with fulvestrant,HER2,Small Molecule,ER;HER2;MET;biomarker,0,1,0,0,0,0,1,0
NCT07341737,SL-28 for Advanced Solid Tumours,PHASE1;PHASE2,Phase 2,RECRUITING,60,Second Life Therapeutics,Second Life Therapeutics,1,1,0,multi_experimental,3,sl-28,sl-28,,,biomarker,0,1,0,0,0,0,1,0
NCT07371663,An Phase Ib/II Clinical Trial of TCC1727 Combination Therapy in Advanced Solid Tumors,PHASE1;PHASE2,Phase 2,RECRUITING,266,"Beijing Tide Pharmaceutical Co., Ltd",Beijing Tide Pharmaceutical,2,1,0,multi_experimental,3,benmelstobart injection;tcc1727 tablet,benmelstobart injection;tcc1727 tablet,PARP,Cell Therapy,ALK;BRAF;KRAS;MET;MSI;MSI-H;PD-L1;RET;ROS1;biomarker,1,1,1,1,1,1,1,1
NCT07376707,A Phase 1 Study of TGI-5 as Monotherapy and in Combination With Nivolumab in Subjects With Locally Advanced/Metastatic Solid Tumors,PHASE1,Phase 1,RECRUITING,194,"Hefei TG ImmunoPharma Co., Ltd.",Hefei TG ImmunoPharma,1,0,0,single_arm,1,tgi-5,tgi-5,PD-1,Monoclonal Antibody,ALK;BRAF;KRAS;MET;MSI;MSI-H;PD-L1,1,1,1,0,1,0,1,1
NCT07406724,HS-IT101 Injection Versus Chemotherapy in the Treatment of Advanced Melanoma,PHASE2,Phase 2,NOT_YET_RECRUITING,90,"Qingdao Sino-Cell Biomedicine Co., Ltd.",Qingdao Sino-Cell Biomedicine,6,1,0,active_comparator,2,investigator's selection of appropriate chemotherapy,il-2 administration for tumor-infiltrating lymphocyte (til) therapy;infusion of hs-it101 injection;lymphodepletion conditioning;tumor tissue sampling,,,,0,1,0,0,0,0,0,0
NCT07449754,Belvarafenib in Combination With Cobimetinib in Patients With Locally Advanced or Metastatic NRAS-Mutant Melanoma,PHASE2,Phase 2,RECRUITING,45,Hanmi Pharmaceutical Company Limited,Hanmi,23,1,0,single_arm,1,belvarafenib;cobimetinib,belvarafenib;cobimetinib,BRAF,Small Molecule,NRAS,0,1,0,1,0,0,0,1
NCT07475572,Pharmacokinetic Similarity Study to Compare AVT32-DRL_PB With Keytruda® in Participants With Fully Resected Melanoma,PHASE1,Phase 1,RECRUITING,120,Alvotech Swiss AG,Alvotech Swiss,1,1,0,active_comparator,2,pembrolizumab,avt32-drl_pb,PD-1,Monoclonal Antibody,PD-L1,1,1,0,0,0,0,0,0
NCT07476326,"Pharmacokinetics, Safety, and Immunogenicity Comparison of Bmab1700 and Opdivo® as Adjuvant Monotherapy in Participants With Melanoma",PHASE1,Phase 1,NOT_YET_RECRUITING,120,Biocon Biologics UK PLC,Biocon Biologics UK,3,1,0,multi_experimental,2,,bmab1700;nivolumab,PD-1,Monoclonal Antibody,MET;PD-L1,1,1,0,0,1,0,0,1
NCT07518043,A Study of HLX18 vs. OPDIVO® in Multiple Resected Solid Tumors,PHASE1,Phase 1,RECRUITING,174,Shanghai Henlius Biotech,Shanghai Henlius,98,1,0,active_comparator,2,nivolumab,hlx18,PD-1,Monoclonal Antibody,PD-L1,1,1,0,0,1,0,0,1
NCT07519655,Phase 1 Study of PF-08046033 in Advanced Solid Tumors,PHASE1,Phase 1,RECRUITING,250,Pfizer,Pfizer,687,1,1,multi_experimental,10,pf-08046033,pf-08046033,GPNMB,ADC,GPNMB,1,1,0,0,0,0,0,0
NCT07565285,The Efficacy and Safety of PRTX007-003 Combined With Pembrolizumab in Resectable Stage III Melanoma,PHASE2,Phase 2,RECRUITING,48,"Primmune Therapeutics, Inc.",Primmune Therapeutics,1,1,0,single_arm,1,pembrolizumab;prtx007,pembrolizumab;prtx007,PD-1,Small Molecule,IFN-ALPHA;IL-1β;IL-6;TNF<0xE2><0x8D><0xBA>;biomarker,0,1,0,0,0,0,0,0
NCT07581509,"Pharmacokinetics, Safety, and Immunogenicity of Bmab1800 and Keytruda® as Adjuvant Monotherapy in Patients With Melanoma",PHASE1,Phase 1,NOT_YET_RECRUITING,138,Biocon Biologics UK PLC,Biocon Biologics UK,3,1,0,active_comparator,2,us-licensed keytruda,bmab1800,PD-1,Monoclonal Antibody,PD-L1,1,1,0,0,1,0,0,1
NCT07584226,A First-in-human Study of RLY-8161 in Advanced NRAS-Mutant Solid Tumors,PHASE1,Phase 1,RECRUITING,35,"Relay Therapeutics, Inc.",Relay Therapeutics,4,1,0,multi_experimental,2,rly-8161,rly-8161,NRAS,Small Molecule,BRAF;KRAS;NRAS,0,1,1,1,0,0,1,1
NCT07600476,"A First-in-Human Study to Evaluate the Safety, Pharmacokinetics and Pharmacodynamics of KUP-101A in Patients With Selected Advanced Solid Tumors",PHASE1,Phase 1,RECRUITING,21,Kupando GmbH,Kupando,1,1,0,multi_experimental,7,kup-101a,kup-101a,,,,0,1,0,0,0,0,0,0
NCT07615881,Comparing Intravenous or Intradermal Administration of Anti-CTLA-4 in Combination With Anti-PD1 Treatment in Patients With Melanoma,PHASE1;PHASE2,Phase 2,NOT_YET_RECRUITING,18,"Amsterdam UMC, location VUmc","Amsterdam UMC, location VUmc",17,0,0,active_comparator,2,group 2 - conventional treatment,group 1 - intradermal ipilimumab,CTLA-4,Monoclonal Antibody,,1,1,0,0,0,0,0,0
NCT07619898,PHOENIX-ECP- Extracorporeal Photopheresis for Immune-related Colitis and/or Hepatitis in Advanced Melanoma With Inadequate Response to Steroid Exposure,PHASE2,Phase 2,NOT_YET_RECRUITING,112,Therakos LLC,Therakos,1,1,0,active_comparator,2,azathioprine;infliximab;mycophenolate mofetil (mmf);vedolizumab,device: extracorporeal photopheresis (ecp);methoxsalen,α4β7,Monoclonal Antibody,PD-L1,1,1,0,0,1,0,0,1
NCT07627698,Dual-Target CSPG4/GD2 CAR-NK Cells for Advanced Melanoma,PHASE1;PHASE2,Phase 2,RECRUITING,36,Beijing Biotech,Beijing Biotech,30,1,0,multi_experimental,3,cyclophosphamide;eb-dtkn-401 allogeneic dual-target cspg4/gd2 car-nk cells;fludarabine,cyclophosphamide;eb-dtkn-401 allogeneic dual-target cspg4/gd2 car-nk cells;fludarabine,CSPG4,CAR-T,BRAF;CSPG4;GD2,1,1,1,0,0,0,0,1
NCT07631325,Axelopran and Nivolumab in PD-1-Refractory Metastatic Melanoma,PHASE1;PHASE2,Phase 2,NOT_YET_RECRUITING,28,John Kirkwood,John Kirkwood,4,0,0,single_arm,1,axelopran;nivolumab,axelopran;nivolumab,PD-1,Monoclonal Antibody,CD30;MET,1,1,0,0,0,0,1,0
NCT07636785,A Phase 1 and 2 Study of VMD-102 in Hepatocellular Carcinoma and Other Solid Tumors,PHASE1;PHASE2,Phase 2,RECRUITING,111,"VM Discovery, Inc.",VM Discovery,1,1,0,single_arm,1,vmd-102,vmd-102,,,biomarker,0,1,0,0,0,0,1,0
NCT07700121,PICSTAT Pilot Study for CD8 PET/CT-Guided Lifileucel Treatment in Advanced Melanoma,EARLY_PHASE1,Phase 1,NOT_YET_RECRUITING,10,Abramson Cancer Center at Penn Medicine,Abramson Cancer Center at Penn Medicine,31,0,0,single_arm,1,cd8 pet;chemotherapy;il-2;lifileucel infusion;lifileucel manufacturing clinical v research;resection of pet (high) and pet (low) tumors,cd8 pet;chemotherapy;il-2;lifileucel infusion;lifileucel manufacturing clinical v research;resection of pet (high) and pet (low) tumors,CD19,Cell Therapy,BRAF;CD19,1,1,1,0,0,0,0,1
NCT07718243,"Investigating the Combination of Bexmarilimab and Nivolumab in Solid Tumours, Melanoma and NSCLC",PHASE1;PHASE2,Phase 2,RECRUITING,62,"Institute of Cancer Research, United Kingdom","Institute of Cancer Research, United Kingdom",24,0,0,multi_experimental,2,,bexmarilimab;recommended phase ii dose,CLEVER-1,Monoclonal Antibody,ALK;BRAF;genomic,1,1,1,0,0,0,1,1
NCT07747935,Study of Neoadjuvant RBP-01 In Patients With Primary Uveal Melanoma,PHASE1;PHASE2,Phase 2,NOT_YET_RECRUITING,30,ReBio Pharma,ReBio Pharma,1,1,0,single_arm,1,rbp-01,rbp-01,,,,0,1,0,0,0,0,0,0
NCT07803562,Low Dose Dexamethasone for the Prevention of Cytokine Release Syndrome Associated With Tebentafusp,PHASE2,Phase 2,NOT_YET_RECRUITING,34,"University of California, San Diego","University of California, San Diego",28,0,0,single_arm,1,,,,,,0,0,0,0,0,1,0,0
NCT07804186,Study of Adjuvant Darovasertib and Crizotinib in Participants With Primary Non-metastatic Uveal Melanoma,PHASE3,Phase 3,RECRUITING,450,IDEAYA Biosciences,IDEAYA Biosciences,11,1,0,multi_experimental,2,crizotinib (xalkori);darovasertib,crizotinib (xalkori);darovasertib,AURKA,Small Molecule,,0,1,0,0,0,0,0,0
NCT07815574,iSCIB1+ in Combination With Ipilimumab and Nivolumab as First-Line Treatment for Advanced Unresectable Melanoma,PHASE3,Phase 3,NOT_YET_RECRUITING,550,Scancell Ltd,Scancell,4,1,0,placebo_comparator,2,nivolumab & ipilimumab,iscib1+;nivolumab & ipilimumab,PD-1,Monoclonal Antibody,BRAF,1,1,1,0,0,0,0,1
