nct_id,brief_title,phase,phase_simple,overall_status,enrollment,lead_sponsor,company,sponsor_scale,is_industry,is_big_pharma,arm_structure,n_arms,comparator_B,experimental_A,targets,modalities,biomarkers_pipeline,tme_relevant,is_combination,EGFR_mut,ALK,ROS1,KRAS_G12C,MET,PD-L1,first_line,later_line,biomarker_selected,biomarker_detail,elig_summary
NCT00977470,Erlotinib With or Without Hydroxychloroquine in Chemo-Naive Advanced NSCLC and (EGFR) Mutations,PHASE2,Phase 2,ACTIVE_NOT_RECRUITING,76,Massachusetts General Hospital,Massachusetts General Hospital,170,0,1,multi_experimental,2,erlotinib,erlotinib;hydroxychloroquine,EGFR,Small Molecule,EGFR,0,1,1,0,0,0,0,0,0,0,1,EGFRm,metastatic · squamous · measurable (RECIST)
NCT01064466,Pharmacogenomics ANDA SNP Clinical Study - Etoposide and Single Nucleotide Polymorphisms,PHASE2;PHASE3,Phase 3,ACTIVE_NOT_RECRUITING,600,"Han Xu, M.D., Ph.D., FAPCR, Medical Director,, IRB Chair","Han Xu, M.D., Ph.D., FAPCR, Medical Director,, IRB Chair",3,1,0,multi_experimental,2,,etoposide - study;etoposide - usual,TOP2A,Small Molecule,SNPS,0,1,0,0,0,0,0,0,0,0,0,,small-cell · measurable (RECIST)
NCT01366144,"Veliparib, Paclitaxel, and Carboplatin in Treating Patients With Solid Tumors That Are Metastatic or Cannot Be Removed by Surgery and Liver or Kidney Dysfunction",PHASE1,Phase 1,ACTIVE_NOT_RECRUITING,94,National Cancer Institute (NCI),National Cancer Institute (NCI),18,0,0,single_arm,1,carboplatin;laboratory biomarker analysis;paclitaxel;pharmacological study;veliparib,carboplatin;laboratory biomarker analysis;paclitaxel;pharmacological study;veliparib,PARP,Small Molecule,BRCA1;BRCA2,0,1,0,0,0,0,0,0,0,0,0,,metastatic
NCT01394679,A Phase 3 Study of 99mTC-EC-DG SPECT/CT Versus PET/CT in Lung Cancer,PHASE3,Phase 3,NOT_YET_RECRUITING,154,Cell>Point LLC,Cell>Point,3,1,0,active_comparator,2,18 f fdg followed by pet/ct imaging,(99m tc) ecdg (ethylenedicysteine-deoxyglucose),,Radiopharmaceutical,,0,1,0,0,0,0,0,0,0,0,0,,
NCT01639508,Cabozantinib in Patients With RET Fusion-Positive Advanced Non-Small Cell Lung Cancer and Those With Other Genotypes: ROS1 or NTRK Fusions or Increased MET or AXL Activity,PHASE2,Phase 2,RECRUITING,86,Memorial Sloan Kettering Cancer Center,Memorial Sloan Kettering Cancer Center,411,0,0,single_arm,1,cabozantinib,cabozantinib,MET,Small Molecule,MET;NTRK;PD-L1;RET;ROS1,0,1,0,0,1,0,0,0,0,1,1,ROS1+,metastatic · 2nd-line+ · small-cell · measurable (RECIST)
NCT01933932,Assess Efficacy & Safety of Selumetinib in Combination With Docetaxel in Patients Receiving 2nd Line Treatment for v-Ki-ras2 Kirsten Rat Sarcoma Viral Oncogene Homolog (KRAS) Positive NSCLC,PHASE3,Phase 3,ACTIVE_NOT_RECRUITING,510,AstraZeneca,AstraZeneca,780,1,1,multi_experimental,2,docetaxel;pegylated g-csf,docetaxel;pegylated g-csf;selumetinib,MEK,Small Molecule,KRAS,0,1,0,0,0,0,0,0,1,0,0,,metastatic · 1st-line · small-cell
NCT02143466,AZD9291 in Combination With Ascending Doses of Novel Therapeutics,PHASE1,Phase 1,ACTIVE_NOT_RECRUITING,344,AstraZeneca,AstraZeneca,780,1,1,multi_experimental,4,,part a - azd9291 in combination with azd6094;part a - azd9291 in combination with continuous selumetinib (asian subjects);part a - azd9291 in combination with continuous selumetinib (non-asian subjects);part a - azd9291 in combination with intermittent selumetinib;part a - azd9291 in combination with medi4736;part b - azd9291 in combination with azd6094;part b - azd9291 in combination with medi4736;part b - azd9291 in combination with selumetinib;part c - azd6094 monotherapy (japan only);part c - azd9291 in combination with azd6094 (japan only);part d - azd9291 in combination with azd6094,EGFR,Small Molecule,EGFR;PR,0,1,1,0,0,0,0,0,0,1,1,EGFRm,advanced · 2nd-line+
NCT02152631,A Study of Abemaciclib (LY2835219) in Participants With Previously Treated KRAS Mutated Lung Cancer,PHASE3,Phase 3,ACTIVE_NOT_RECRUITING,453,Eli Lilly and Company,Eli Lilly,535,1,1,active_comparator,2,erlotinib,abemaciclib,ER,Small Molecule,ER;HER2;KRAS,0,1,0,0,0,0,0,0,0,1,0,,metastatic · 2nd-line+ · small-cell · measurable (RECIST)
NCT02259621,"Neoadjuvant Nivolumab, or Nivolumab in Combination With Ipilimumab, in Resectable NSCLC",PHASE2,Phase 2,ACTIVE_NOT_RECRUITING,39,Sidney Kimmel Comprehensive Cancer Center at Johns Hopkins,Sidney Kimmel Comprehensive Cancer Center at Johns Hopkins,160,0,1,multi_experimental,3,nivolumab,carboplatin;ipilimumab;nivolumab;paclitaxel,PD-1,Monoclonal Antibody,CD30;PD-L1;biomarker,1,1,0,0,0,0,0,1,0,0,1,PD-L1+,metastatic · squamous
NCT02264678,Ascending Doses of Ceralasertib in Combination With Chemotherapy and/or Novel Anti Cancer Agents,PHASE1,Phase 1,ACTIVE_NOT_RECRUITING,358,AstraZeneca,AstraZeneca,780,1,1,multi_experimental,14,,administation of ceralasertib in combination with durvalumab;administration of ceralasertib;administration of ceralasertib and durvalumab;administration of ceralasertib and olaparib;administration of ceralasertib in combination with azd5305;administration of ceralasertib in combination with carboplatin;administration of ceralasertib in combination with olaparib;administration of ceralasertib monotherapy,ATM,Small Molecule,ATM;ATM deficiency;HER2,0,1,0,0,0,0,0,0,0,1,0,,metastatic · 2nd-line+ · adenoca.
NCT02393625,Study of Safety and Efficacy of Ceritinib in Combination With Nivolumab in Patients With ALK-positive Non-small Cell Lung Cancer,PHASE1,Phase 1,ACTIVE_NOT_RECRUITING,57,Novartis Pharmaceuticals,Novartis,836,1,1,multi_experimental,2,ceritinib (ldk378);nivolumab,ceritinib (ldk378);nivolumab,ALK,Small Molecule,ALK,0,1,0,1,0,0,0,0,0,1,1,ALK+,metastatic · 2nd-line+ · measurable (RECIST)
NCT02411448,A Study of Ramucirumab (LY3009806) in Combination With Erlotinib in Previously Untreated Participants With EGFR Mutation-Positive Metastatic NSCLC (RELAY),PHASE3,Phase 3,ACTIVE_NOT_RECRUITING,545,Eli Lilly and Company,Eli Lilly,535,1,1,placebo_comparator,3,erlotinib,erlotinib;gefitinib;osimertinib;ramucirumab,EGFR,Monoclonal Antibody,BRAF;EGFR;KRAS;MSI-H,1,1,1,0,0,0,0,0,1,0,1,EGFRm,metastatic · 1st-line
NCT02414269,Malignant Pleural Disease Treated With Autologous T Cells Genetically Engineered to Target the Cancer-Cell Surface Antigen Mesothelin,PHASE1;PHASE2,Phase 2,ACTIVE_NOT_RECRUITING,113,Memorial Sloan Kettering Cancer Center,Memorial Sloan Kettering Cancer Center,411,0,0,multi_experimental,3,,cyclophosphamide;icasp9m28z t cell infusions;pembrolizumab,PD-1,Monoclonal Antibody,MET;PD-L1,1,1,0,0,0,0,0,1,0,1,1,PD-L1+,metastatic · 2nd-line+ · small-cell
NCT02422381,MK-3475 and Gemcitabine in Non-Small Cell Lung Cancer (NSCLC),PHASE1;PHASE2,Phase 2,ACTIVE_NOT_RECRUITING,16,Providence Health & Services,Providence Health & Services,30,0,1,single_arm,1,gemcitabine;mk-3475,gemcitabine;mk-3475,PD-1,Monoclonal Antibody,PD-L1,1,1,0,0,0,0,0,1,0,0,1,PD-L1+,metastatic · measurable (RECIST)
NCT02453282,Phase III Open Label First Line Therapy Study of MEDI 4736 (Durvalumab) With or Without Tremelimumab Versus SOC in Non Small-Cell Lung Cancer (NSCLC),PHASE3,Phase 3,ACTIVE_NOT_RECRUITING,1118,AstraZeneca,AstraZeneca,780,1,1,active_comparator,3,gemcitabine + carboplatin;gemcitabine + cisplatin;paclitaxel + carboplatin;pemetrexed + carboplatin;pemetrexed + cisplatin,medi4736 (durvalumab);medi4736 (durvalumab)+tremelimumab;tremelimumab,PD-L1,Monoclonal Antibody,ALK;EGFR;PD-L1,1,1,1,1,0,0,0,1,0,0,1,"EGFRm, ALK+, PD-L1+",metastatic · small-cell
NCT02486718,Study to Assess Safety and Efficacy of Atezolizumab (MPDL3280A) Compared to Best Supportive Care Following Chemotherapy in Patients With Lung Cancer [IMpower010],PHASE3,Phase 3,ACTIVE_NOT_RECRUITING,1280,Hoffmann-La Roche,Roche/Genentech,922,1,1,active_comparator,2,cisplatin;docetaxel;gemcitabine;pemetrexed;vinorelbine,atezolizumab;cisplatin;docetaxel;gemcitabine;pemetrexed;vinorelbine,PD-L1,Monoclonal Antibody,CMMRD;MSI-H;PD-L1;TMB,1,1,0,0,0,0,0,1,0,0,1,PD-L1+,metastatic · squamous
NCT02495896,Recombinant EphB4-HSA Fusion Protein With Standard Chemotherapy Regimens in Treating Patients With Advanced or Metastatic Solid Tumors,PHASE1,Phase 1,ACTIVE_NOT_RECRUITING,61,University of Southern California,University of Southern California,48,0,0,multi_experimental,3,laboratory biomarker analysis;pharmacological study;recombinant ephb4-hsa fusion protein,cisplatin;docetaxel;gemcitabine hydrochloride;laboratory biomarker analysis;paclitaxel albumin-stabilized nanoparticle formulation;pharmacological study;recombinant ephb4-hsa fusion protein,EphB4,Fusion Protein,,0,1,0,0,0,0,0,0,1,0,0,,metastatic · 1st-line · adenoca. · measurable (RECIST)
NCT02498613,A Phase 2 Study of Cediranib in Combination With Olaparib in Advanced Solid Tumors,PHASE2,Phase 2,ACTIVE_NOT_RECRUITING,122,National Cancer Institute (NCI),National Cancer Institute (NCI),18,0,1,single_arm,1,18f-fluoromisonidazole;cediranib maleate;laboratory biomarker analysis;olaparib;positron emission tomography,18f-fluoromisonidazole;cediranib maleate;laboratory biomarker analysis;olaparib;positron emission tomography,PARP,Small Molecule,ALK;BRCA1;BRCA2;ER;HER2;MET;PD-L1;PR,0,1,0,0,0,0,0,1,0,0,1,PD-L1+,metastatic · adenoca. · measurable (RECIST)
NCT02511106,"AZD9291 Versus Placebo in Patients With Stage IB-IIIA Non-small Cell Lung Carcinoma, Following Complete Tumour Resection With or Without Adjuvant Chemotherapy.",PHASE3,Phase 3,ACTIVE_NOT_RECRUITING,682,AstraZeneca,AstraZeneca,780,1,1,placebo_comparator,2,placebo azd9291,azd9291;open-label azd9291,EGFR,Small Molecule,EGFR,0,1,1,0,0,0,0,0,0,1,1,EGFRm,neoadjuvant · 2nd-line+ · squamous
NCT02525757,MPDL3280A With Chemoradiation for Lung Cancer,PHASE2,Phase 2,ACTIVE_NOT_RECRUITING,52,M.D. Anderson Cancer Center,M.D. Anderson Cancer Center,697,0,1,multi_experimental,2,carboplatin;mpdl3280a;paclitaxel;radiation therapy,carboplatin;mpdl3280a;paclitaxel;radiation therapy,PD-L1,Monoclonal Antibody,PD-L1,1,1,0,0,0,0,0,0,0,0,0,,metastatic · squamous · measurable (RECIST)
NCT02542293,Study of Durvalumab With Tremelimumab Versus SoC as 1st Line Therapy in Metastatic Non Small-Cell Lung Cancer (NSCLC) (NEPTUNE),PHASE3,Phase 3,ACTIVE_NOT_RECRUITING,953,AstraZeneca,AstraZeneca,780,1,1,active_comparator,2,gemcitabine + carboplatin;gemcitabine + cisplatin;paclitaxel + carboplatin;pemetrexed + carboplatin;pemetrexed + cisplatin,durvalumab +tremelimumab,PD-L1,Monoclonal Antibody,ALK;EGFR;PD-L1,1,1,1,1,0,0,0,1,0,0,1,"EGFRm, ALK+, PD-L1+",metastatic · small-cell
NCT02568267,"Basket Study of Entrectinib (RXDX-101) for the Treatment of Patients With Solid Tumors Harboring NTRK 1/2/3 (Trk A/B/C), ROS1, or ALK Gene Rearrangements (Fusions)",PHASE2,Phase 2,ACTIVE_NOT_RECRUITING,534,Hoffmann-La Roche,Roche/Genentech,922,1,1,multi_experimental,9,entrectinib,entrectinib,ROS1,Small Molecule,ALK;NTRK;ROS1,0,1,0,0,1,0,0,0,0,0,1,ROS1+,metastatic
NCT02609776,"Study of Amivantamab, a Human Bispecific EGFR and cMet Antibody, in Participants With Advanced Non-Small Cell Lung Cancer",PHASE1,Phase 1,ACTIVE_NOT_RECRUITING,751,"Janssen Research & Development, LLC",Johnson & Johnson,363,1,1,multi_experimental,2,amivantamab;lazertinib,amivantamab;carboplatin;lazertinib;pemetrexed,EGFR,Monoclonal Antibody,ALK;EGFR;MET;PD-L1,1,1,1,1,0,0,1,1,1,1,1,"EGFRm, ALK+, MET+, PD-L1+",metastatic · 1st-line · adenoca. · measurable (RECIST)
NCT02628067,Study of Pembrolizumab (MK-3475) in Participants With Advanced Solid Tumors (MK-3475-158/KEYNOTE-158),PHASE2,Phase 2,ACTIVE_NOT_RECRUITING,1609,Merck Sharp & Dohme LLC,Merck (MSD),649,1,1,multi_experimental,2,pembrolizumab,pembrolizumab,PD-1,Monoclonal Antibody,CDX;MMR;MSI;MSI-H;PD-L1;TMB;dMMR,1,1,0,0,0,0,0,1,1,0,1,PD-L1+,metastatic · 1st-line · adenoca. · measurable (RECIST)
NCT02638090,Pembro and Vorinostat for Patients With Stage IV Non-small Cell Lung Cancer (NSCLC),PHASE1;PHASE2,Phase 2,ACTIVE_NOT_RECRUITING,120,H. Lee Moffitt Cancer Center and Research Institute,H. Lee Moffitt Cancer Center and Research Institute,228,0,1,active_comparator,4,pembrolizumab;vorinostat,pembrolizumab;vorinostat,PD-1,Monoclonal Antibody,ALK;MET;PD-L1;ROS1,1,1,0,0,1,0,0,1,1,1,1,"ROS1+, PD-L1+",metastatic · 1st-line · squamous · measurable (RECIST)
NCT02716116,A Study of TAK-788 in Adults With Non-Small Cell Lung Cancer,PHASE1;PHASE2,Phase 2,ACTIVE_NOT_RECRUITING,334,Takeda,Takeda,82,1,1,multi_experimental,9,tak-788,tak-788,EGFR,Small Molecule,EGFR;HER2,0,1,1,0,0,0,0,0,1,1,1,EGFRm,metastatic · 1st-line · measurable (RECIST)
NCT02734004,A Phase I/II Study of MEDI4736 in Combination With Olaparib in Patients With Advanced Solid Tumors.,PHASE1;PHASE2,Phase 2,ACTIVE_NOT_RECRUITING,264,AstraZeneca,AstraZeneca,780,1,1,multi_experimental,3,medi4736;olaparib,bevacizumab;medi4736;olaparib,PARP,Small Molecule,BRCA1;BRCA2;ER;HER2;PD-L1;PR,0,1,0,0,0,0,0,1,0,1,1,PD-L1+,metastatic · 2nd-line+ · adenoca. · measurable (RECIST)
NCT02767804,eXalt3: Study Comparing X-396 (Ensartinib) to Crizotinib in ALK Positive Non-Small Cell Lung Cancer (NSCLC) Patients,PHASE3,Phase 3,ACTIVE_NOT_RECRUITING,290,"Xcovery Holdings, Inc.",Xcovery,3,1,0,active_comparator,2,crizotinib,x-396 (ensartinib),ALK,Small Molecule,ALK;PD-L1,0,1,0,1,0,0,0,1,0,0,1,"ALK+, PD-L1+",metastatic · measurable (RECIST)
NCT02779751,A Study of Abemaciclib (LY2835219) in Participants With Non-Small Cell Lung Cancer or Breast Cancer,PHASE1,Phase 1,ACTIVE_NOT_RECRUITING,100,Eli Lilly and Company,Eli Lilly,535,1,1,multi_experimental,4,abemaciclib;pembrolizumab,abemaciclib;anastrozole;pembrolizumab,ER,Small Molecule,ER;HER2;KRAS;PD-L1,0,1,0,0,0,0,0,1,0,0,1,PD-L1+,metastatic · squamous · measurable (RECIST)
NCT02864992,Tepotinib Phase II in NSCLC Harboring MET Alterations (VISION),PHASE2,Phase 2,ACTIVE_NOT_RECRUITING,337,"EMD Serono Research & Development Institute, Inc.",Merck KGaA,166,1,1,multi_experimental,3,tepotinib,,MET,Small Molecule,ALK;MET,0,0,0,1,0,0,1,0,1,0,1,"ALK+, MET+",metastatic · 1st-line · squamous · measurable (RECIST) · ECOG 0
NCT02869217,Study of TBI-1301 (NY-ESO-1 Specific TCR Gene Transduced Autologous T Lymphocytes) in Patients With Solid Tumors,PHASE1,Phase 1,ACTIVE_NOT_RECRUITING,22,"University Health Network, Toronto","University Health Network, Toronto",91,0,0,multi_experimental,2,cyclophosphamide;fludarabine;tbi-1301,cyclophosphamide;fludarabine;tbi-1301,NY-ESO-1,Cell Therapy,HLA-A*02:01;HLA-A*02:06;MET;NY-ESO-1,1,1,0,0,0,0,0,0,0,0,0,,metastatic · ductal · measurable (RECIST)
NCT02912949,A Study of Zenocutuzumab (MCLA-128) in Patients With Solid Tumors Harboring an NRG1 Fusion (eNRGy),PHASE2,Phase 2,ACTIVE_NOT_RECRUITING,250,"Partner Therapeutics, Inc.",Partner Therapeutics,3,1,0,multi_experimental,3,zenocutuzumab (mcla-128),zenocutuzumab (mcla-128),HER2,Bispecific Antibody,NRG1,1,1,0,0,0,0,0,0,0,0,0,,metastatic · measurable (RECIST) · ECOG 0
NCT02955940,An Open-Label Study to Enable Continued Treatment Access for Subjects Previously Enrolled in Studies of Ruxolitinib,PHASE2,Phase 2,ACTIVE_NOT_RECRUITING,10,Incyte Corporation,Incyte,162,1,0,multi_experimental,3,,capecitabine;regorafenib;ruxolitinib,JAK1,Small Molecule,JAK2,0,1,0,0,0,0,0,0,0,0,0,,
NCT02983578,"Danvatirsen and Durvalumab in Treating Patients With Advanced and Refractory Pancreatic, Non-Small Cell Lung Cancer, and Mismatch Repair Deficient Colorectal Cancer",PHASE2,Phase 2,ACTIVE_NOT_RECRUITING,39,M.D. Anderson Cancer Center,M.D. Anderson Cancer Center,697,0,1,single_arm,1,danvatirsen;durvalumab,danvatirsen;durvalumab,PD-L1,Monoclonal Antibody,EGFR;MMR,1,1,0,0,0,0,0,0,0,1,0,,metastatic · 2nd-line+ · squamous · measurable (RECIST)
NCT02998567,Combination Study of Guadecitabine/ASTX727 and Pembrolizumab,PHASE1,Phase 1,ACTIVE_NOT_RECRUITING,60,Royal Marsden NHS Foundation Trust,Royal Marsden NHS Foundation Trust,40,0,1,multi_experimental,3,pembrolizumab,astx727;guadecitabine;pembrolizumab,PD-1,Monoclonal Antibody,MMR;MSI;MSI-H;PD-L1;PR;dMMR,1,1,0,0,0,0,0,1,0,1,1,PD-L1+,metastatic · 2nd-line+ · squamous · measurable (RECIST)
NCT03003962,Study of Durvalumab Alone or Chemotherapy for Patients With Advanced Non Small-Cell Lung Cancer (PEARL),PHASE3,Phase 3,ACTIVE_NOT_RECRUITING,669,AstraZeneca,AstraZeneca,780,1,1,active_comparator,2,gemcitabine + carboplatin;gemcitabine + cisplatin;paclitaxel + carboplatin;pemetrexed + carboplatin;pemetrexed + cisplatin,durvalumab (medi4736),PD-L1,Monoclonal Antibody,ALK;EGFR;PD-L1,1,1,1,1,0,0,0,1,0,0,1,"EGFRm, ALK+, PD-L1+",metastatic · small-cell
NCT03043872,Durvalumab ± Tremelimumab in Combination With Platinum Based Chemotherapy in Untreated Extensive-Stage Small Cell Lung Cancer (CASPIAN),PHASE3,Phase 3,ACTIVE_NOT_RECRUITING,987,AstraZeneca,AstraZeneca,780,1,1,active_comparator,3,carboplatin;cisplatin;etoposide,carboplatin;cisplatin;durvalumab;etoposide;tremelimumab,PD-L1,Monoclonal Antibody,EGFR,1,1,0,0,0,0,0,0,1,0,0,,metastatic · 1st-line · ECOG 0
NCT03052608,A Study Of Lorlatinib Versus Crizotinib In First Line Treatment Of Patients With ALK-Positive NSCLC,PHASE3,Phase 3,ACTIVE_NOT_RECRUITING,296,Pfizer,Pfizer,687,1,1,active_comparator,2,crizotinib,lorlatinib,ALK,Small Molecule,ALK;EML4-ALK;ROS1,0,1,0,1,0,0,0,0,0,0,1,ALK+,metastatic · ECOG 0-1
NCT03057106,Durvalumab and Tremelimumab ± Platinum-Based Chemotherapy in Patients With Metastatic Squamous or Non-Squamous NSCLC,PHASE2,Phase 2,ACTIVE_NOT_RECRUITING,301,Canadian Cancer Trials Group,Canadian Cancer Trials Group,48,0,1,active_comparator,2,durvalumab;platinum-based drug;tremelimumab,,PD-L1,Monoclonal Antibody,ALK;EGFR,1,1,1,1,0,0,0,0,0,0,1,"EGFRm, ALK+",metastatic · squamous · measurable (RECIST)
NCT03083808,Phase II Trial of Continuation Therapy in Advanced NSCLC,PHASE2,Phase 2,COMPLETED,35,"Greg Durm, MD","Greg Durm, MD",4,0,1,single_arm,1,pembrolizumab,pembrolizumab,PD-1,Monoclonal Antibody,EGFR;PD-L1,1,1,1,0,1,0,0,1,0,0,1,"EGFRm, ROS1+, PD-L1+",metastatic · squamous
NCT03122717,Osimertinib and Gefitinib in EGFR Inhibitor naïve Advanced EGFR Mutant Lung Cancer,PHASE1;PHASE2,Phase 2,ACTIVE_NOT_RECRUITING,48,Dana-Farber Cancer Institute,Dana-Farber Cancer Institute,326,0,1,single_arm,1,gefitinib;osimertinib,gefitinib;osimertinib,EGFR,Small Molecule,EGFR;MET;PR,0,1,1,0,0,0,0,0,1,1,1,EGFRm,metastatic · 1st-line · squamous · measurable (RECIST)
NCT03132922,MAGE-A4ᶜ¹º³²T for Multi-Tumor,PHASE1,Phase 1,ACTIVE_NOT_RECRUITING,71,"USWM CT, LLC",USWM CT,8,1,0,multi_experimental,2,,autologous genetically modified mage-a4c1032t cells combined with low dose radiation;autologous genetically modified mage-a4ᶜ¹º³²t cells,MAGE-A4,Cell Therapy,HLA-A2;MAGE-A4,1,1,0,0,0,0,0,0,0,0,0,,metastatic · measurable (RECIST)
NCT03141359,Use of High Dose Radiation Followed by Chemotherapy and Radiation to Treat Locally Advanced NSCLC,PHASE2,Phase 2,ACTIVE_NOT_RECRUITING,61,Wake Forest University Health Sciences,Wake Forest University Health Sciences,31,0,1,single_arm,1,carboplatin;cis platinum;durvalumab;etoposide;imrt;paclitaxel;sbrt,carboplatin;cis platinum;durvalumab;etoposide;imrt;paclitaxel;sbrt,PD-L1,Monoclonal Antibody,EGFR;MET,1,1,0,0,0,0,0,0,0,0,0,,
NCT03157128,"A Study of Selpercatinib (LOXO-292) in Participants With Advanced Solid Tumors, RET Fusion-Positive Solid Tumors, and Medullary Thyroid Cancer (LIBRETTO-001)",PHASE1;PHASE2,Phase 2,ACTIVE_NOT_RECRUITING,857,Eli Lilly and Company,Eli Lilly,535,1,1,multi_experimental,16,loxo-292,loxo-292,RET,Small Molecule,RET;RET activation,0,1,0,0,0,0,0,0,0,0,0,,metastatic · measurable (RECIST) · ECOG 0-1
NCT03164616,Study of Durvalumab + Tremelimumab With Chemotherapy or Durvalumab With Chemotherapy or Chemotherapy Alone for Patients With Lung Cancer (POSEIDON).,PHASE3,Phase 3,ACTIVE_NOT_RECRUITING,1186,AstraZeneca,AstraZeneca,780,1,1,active_comparator,3,abraxane + carboplatin;gemcitabine + carboplatin;gemcitabine + cisplatin;pemetrexed + carboplatin;pemetrexed + cisplatin,abraxane + carboplatin;durvalumab;gemcitabine + carboplatin;gemcitabine + cisplatin;pemetrexed + carboplatin;pemetrexed + cisplatin;tremelimumab,PD-L1,Monoclonal Antibody,ALK;EGFR;PD-L1,1,1,1,1,0,0,0,1,0,0,1,"EGFRm, ALK+, PD-L1+",metastatic · small-cell
NCT03170960,Study of Cabozantinib Alone or in Combination With Atezolizumab to Subjects With Locally Advanced or Metastatic Solid Tumors,PHASE1,Phase 1,ACTIVE_NOT_RECRUITING,914,Exelixis,Exelixis,52,1,0,multi_experimental,25,,atezolizumab;cabozantinib,MET,Small Molecule,PD-L1,0,1,0,0,0,0,0,1,0,0,1,PD-L1+,metastatic · measurable (RECIST)
NCT03175224,APL-101 Study of Subjects With NSCLC With c-Met EXON 14 Skip Mutations and c-Met Dysregulation Advanced Solid Tumors,PHASE2,Phase 2,RECRUITING,497,Apollomics Inc.,Apollomics,4,1,0,multi_experimental,9,apl-101 oral capsules,apl-101 oral capsules,MET,Small Molecule,ALK;BRAF;KRAS;MET;NTRK;PR;RET;ROS1;c-MET Dysregulation,0,1,1,0,1,0,1,0,1,1,1,"EGFRm, ROS1+, MET+",metastatic · 1st-line · measurable (RECIST)
NCT03178552,A Study to Evaluate the Efficacy and Safety of Multiple Targeted Therapies as Treatments for Participants With Non-Small Cell Lung Cancer (NSCLC),PHASE2;PHASE3,Phase 3,ACTIVE_NOT_RECRUITING,1000,Hoffmann-La Roche,Roche/Genentech,922,1,1,active_comparator,11,carboplatin;cisplatin;gemcitabine;pemetrexed,alectinib;atezolizumab;bevacizumab;carboplatin;cobimetinib;divarasib;docetaxel;entrectinib;pemetrexed;vemurafenib,ALK,Small Molecule,ALK;TMB,0,1,0,0,0,0,0,0,0,0,0,,metastatic · measurable (RECIST)
NCT03202940,A Phase IB/II Study of Alectinib Combined With Cobimetinib in Advanced ALK-Rearranged (ALK+) NSCLC,PHASE1;PHASE2,Phase 2,ACTIVE_NOT_RECRUITING,16,Massachusetts General Hospital,Massachusetts General Hospital,170,0,1,single_arm,1,alectinib;cobimetinib,alectinib;cobimetinib,ALK,Small Molecule,ALK,0,1,0,1,0,0,0,0,1,0,1,ALK+,metastatic · 1st-line · ductal · measurable (RECIST) · ECOG 1
NCT03212404,Phase 1 Study of CK-301 (Cosibelimab) as a Single Agent in Subjects With Advanced Cancers,PHASE1,Phase 1,ACTIVE_NOT_RECRUITING,272,"Checkpoint Therapeutics, Inc.",Checkpoint Therapeutics,3,1,0,single_arm,1,ck-301 (cosibelimab),ck-301 (cosibelimab),PD-L1,Monoclonal Antibody,MMR;MSI;MSI-H;PD-L1;dMMR,1,1,0,0,0,0,0,1,0,0,1,PD-L1+,metastatic · squamous · measurable (RECIST)
NCT03220477,Pembrolizumab (Immunotherapy Drug) in Combination With Guadecitabine and Mocetinostat (Epigenetic Drugs) for Patients With Advanced Lung Cancer.,PHASE1,Phase 1,ACTIVE_NOT_RECRUITING,28,Memorial Sloan Kettering Cancer Center,Memorial Sloan Kettering Cancer Center,411,0,1,single_arm,1,guadecitabine;mocetinostat;pembrolizumab,guadecitabine;mocetinostat;pembrolizumab,PD-1,Monoclonal Antibody,ALK;EGFR;KRAS;MET;PD-L1,1,1,1,0,0,0,0,1,0,0,1,"EGFRm, PD-L1+",metastatic · adenoca. · measurable (RECIST)
NCT03228667,QUILT-3.055: A Study of Combination Immunotherapies in Patients Who Have Previously Received Treatment With Immune Checkpoint Inhibitors,PHASE2,Phase 2,ACTIVE_NOT_RECRUITING,40,"ImmunityBio, Inc.",ImmunityBio,63,1,0,multi_experimental,6,,n-803 + atezolizumab;n-803 + atezolizumab + pd-l1 t-hank;n-803 + avelumab;n-803 + avelumab + pd-l1 t-hank;n-803 + docetaxel + nivolumab;n-803 + docetaxel + pembrolizumab;n-803 + durvalumab;n-803 + durvalumab + pd-l1 t-hank;n-803 + nivolumab;n-803 + nivolumab + pd-l1 t-hank;n-803 + pembrolizumab;n-803 + pembrolizumab + pd-l1 t-hank,PD-1,Monoclonal Antibody,ALK;BRAF;HER2;KRAS;MET;NTRK;PD-L1;PR;RET;ROS1,1,1,0,0,1,0,0,1,0,0,1,"ROS1+, PD-L1+",recurrent · measurable (RECIST)
NCT03239340,A Molecular Profiling Study of Patients With EGFR Mutation-positive Locally Advanced or Metastatic NSCLC Treated With Osimertinib,PHASE2,Phase 2,COMPLETED,154,AstraZeneca,AstraZeneca,780,1,1,single_arm,1,osimertinib,osimertinib,EGFR,Small Molecule,EGFR,0,1,1,0,0,0,0,0,0,1,1,EGFRm,metastatic · 2nd-line+ · measurable (RECIST)
NCT03252938,Feasibility and Safety of IMP321 (Eftilagimod Alpha) for Advanced Stage Solid Tumors,PHASE1,Phase 1,ACTIVE_NOT_RECRUITING,83,Institut für Klinische Krebsforschung IKF GmbH at Krankenhaus Nordwest,Institut für Klinische Krebsforschung IKF GmbH at Krankenhaus Nordwest,28,0,0,multi_experimental,5,imp321,avelumab;imp321,LAG-3,Monoclonal Antibody,MET;PD-L1,1,1,0,0,0,0,0,1,1,1,1,PD-L1+,metastatic · 1st-line · adenoca. · measurable (RECIST) · ECOG 0
NCT03260491,U3-1402 in Metastatic or Unresectable Non-Small Cell Lung Cancer,PHASE1,Phase 1,ACTIVE_NOT_RECRUITING,312,Daiichi Sankyo,Daiichi Sankyo,178,1,1,multi_experimental,10,,her3-dxd (ctm-1 lyo-dp);her3-dxd (ctm-3 lyo-dp);her3-dxd (fl-dp),HER3,ADC,ALK;EGFR;HER3;KRAS;PD-L1;PR;ROS1;genomic,1,1,1,0,1,1,0,1,0,0,1,"EGFRm, ROS1+, KRAS G12C, PD-L1+",metastatic · adenoca. · measurable (RECIST) · ECOG 0
NCT03284424,Study of Pembrolizumab (MK-3475) in Adults With Recurrent/Metastatic Cutaneous Squamous Cell Carcinoma (cSCC) or Locally Advanced Unresectable cSCC (MK-3475-629/KEYNOTE-629),PHASE2,Phase 2,COMPLETED,159,Merck Sharp & Dohme LLC,Merck (MSD),649,1,1,multi_experimental,2,pembrolizumab,pembrolizumab,PD-1,Monoclonal Antibody,CDX;MMR;MSI;MSI-H;PD-L1;TMB;dMMR,1,1,0,0,0,0,0,1,0,1,1,PD-L1+,metastatic · 2nd-line+ · squamous · measurable (RECIST)
NCT03290534,Feasibility Study to Treat Lung Cancer With the Permanently Implantable LDR CivaSheet®,PHASE2,Phase 2,RECRUITING,40,CivaTech Oncology,CivaTech Oncology,5,1,0,single_arm,1,device: civasheet,device: civasheet,,,,0,1,0,0,0,0,0,0,0,0,0,,small-cell
NCT03319628,First-in-Human Study of XMT-1536 in Cancers Likely to Express NaPi2b,PHASE1;PHASE2,Phase 2,ACTIVE_NOT_RECRUITING,523,Mersana Therapeutics,Mersana Therapeutics,9,1,0,multi_experimental,5,upifitamab rilsodotin,upifitamab rilsodotin,SLC34A2,ADC,NAPI2B;PR,1,1,0,0,0,0,0,0,0,0,0,,metastatic · measurable (RECIST)
NCT03319940,"Study Evaluating Safety, Tolerability and Pharmacokinetics (PK) of Tarlatamab in Adults With Small Cell Lung Cancer (SCLC)",PHASE1,Phase 1,ACTIVE_NOT_RECRUITING,269,Amgen,Amgen,323,1,1,multi_experimental,6,tarlatamab,crs mitigation strategies;pembrolizumab;tarlatamab,DLL3,Bispecific Antibody,DLL3,1,1,0,0,0,0,0,0,0,1,0,,metastatic · 2nd-line+ · small-cell
NCT03333343,Study of EGF816 in Combination With Selected Targeted Agents in EGFR-mutant NSCLC,PHASE1,Phase 1,ACTIVE_NOT_RECRUITING,105,Novartis Pharmaceuticals,Novartis,836,1,1,multi_experimental,10,egf816,egf816;gefitinib;inc280;lxh254;ribociclib;trametinib,EGFR,Small Molecule,EGFR,0,1,1,0,0,0,0,0,1,0,1,EGFRm,metastatic · 1st-line
NCT03334617,Phase II Umbrella Study of Novel Anti-cancer Agents in Participants With NSCLC Who Progressed on an Anti-PD-1/PD-L1 Containing Therapy,PHASE2,Phase 2,ACTIVE_NOT_RECRUITING,528,AstraZeneca,AstraZeneca,780,1,1,multi_experimental,22,,cediranib;ceralasertib;danvatirsen;durvalumab;olaparib;oleclumab;trastuzumab deruxtecan;vistusertib,PD-L1,Monoclonal Antibody,ALK;BRAF;EGFR;MET;PD-L1;RET;ROS1,1,1,0,1,1,0,0,1,0,0,1,"ALK+, ROS1+, PD-L1+",metastatic · small-cell
NCT03347838,Nivolumab for the Reversal of Squamous Dysplasia in High Risk Current and Former Smokers,PHASE2,Phase 2,ACTIVE_NOT_RECRUITING,19,"University of Colorado, Denver","University of Colorado, Denver",46,0,1,single_arm,1,nivolumab,nivolumab,PD-1,Monoclonal Antibody,CD30;PD-L1,1,1,0,0,0,0,0,1,0,0,1,PD-L1+,squamous
NCT03381274,Oleclumab (MEDI9447) Epidermal Growth Factor Receptor Mutant (EGFRm) Non-small Cell Lung Cancer (NSCLC) Novel Combination Study,PHASE1;PHASE2,Phase 2,ACTIVE_NOT_RECRUITING,43,MedImmune LLC,AstraZeneca,780,1,0,multi_experimental,5,oleclumab,azd4635;oleclumab;osimertinib,CD73,Monoclonal Antibody,,1,1,1,0,0,0,0,0,1,0,1,EGFRm,metastatic · 1st-line
NCT03390686,"A Trial to Compare the Efficacy, Safety, Pharmacokinetics and Immunogenicity of HD204 to Avastin® in Advanced Non-squamous Non-small Cell Lung Cancer Patients",PHASE3,Phase 3,ACTIVE_NOT_RECRUITING,650,Prestige Biopharma Limited,Prestige Biopharma,3,1,0,active_comparator,2,bevacizumab;carboplatin;paclitaxel,carboplatin;hd204;paclitaxel,VEGF/VEGFR,Monoclonal Antibody,ALK;EGFR,1,1,1,1,0,0,0,0,1,0,1,"EGFRm, ALK+",metastatic · 1st-line · squamous · measurable (RECIST)
NCT03401385,First-in-human Study of DS-1062a for Advanced Solid Tumors (TROPION-PanTumor01),PHASE1,Phase 1,ACTIVE_NOT_RECRUITING,890,"Daiichi Sankyo Co., Ltd.",Daiichi Sankyo,178,1,1,multi_experimental,2,datopotamab deruxtecan (dato-dxd),datopotamab deruxtecan (dato-dxd);non-steroid containing mouthwash;steroid containing mouthwash,TROP2,ADC,HER2;TROP-1;TROP2;biomarker,1,1,0,0,0,0,0,0,0,1,0,,metastatic · 2nd-line+ · adenoca. · measurable (RECIST)
NCT03425643,"Efficacy and Safety of Pembrolizumab (MK-3475) With Platinum Doublet Chemotherapy as Neoadjuvant/Adjuvant Therapy for Participants With Resectable Stage II, IIIA, and Resectable IIIB (T3-4N2) Non-small Cell Lung Cancer (MK-3475-671/KEYNOTE-671)",PHASE3,Phase 3,ACTIVE_NOT_RECRUITING,797,Merck Sharp & Dohme LLC,Merck (MSD),649,1,1,placebo_comparator,2,cisplatin;gemcitabine;pemetrexed,cisplatin;gemcitabine;pembrolizumab;pemetrexed,PD-1,Monoclonal Antibody,PD-L1,1,1,0,0,0,0,0,1,1,0,1,PD-L1+,resectable · 1st-line
NCT03433469,Osimertinib in Treating Participants With Stage I-IIIA EGFR-mutant Non-small Cell Lung Cancer Before Surgery,PHASE2,Phase 2,ACTIVE_NOT_RECRUITING,27,"University of California, San Francisco","University of California, San Francisco",90,0,1,single_arm,1,osimertinib;therapeutic conventional surgery,osimertinib;therapeutic conventional surgery,EGFR,Small Molecule,EGFR,0,1,1,0,0,0,0,0,0,1,1,EGFRm,metastatic · 2nd-line+ · small-cell
NCT03456076,A Study Comparing Adjuvant Alectinib Versus Adjuvant Platinum-Based Chemotherapy in Patients With ALK Positive Non-Small Cell Lung Cancer,PHASE3,Phase 3,ACTIVE_NOT_RECRUITING,257,Hoffmann-La Roche,Roche/Genentech,922,1,1,active_comparator,2,carboplatin;cisplatin;gemcitabine;pemetrexed;vinorelbine,alectnib,ALK,Small Molecule,ALK,0,1,0,1,0,0,0,0,0,0,1,ALK+,adjuvant · ductal
NCT03460977,"A Study of Mevrometostat for Treatment of Relapsed/Refractory SCLC, Castration Resistant Prostate Cancer, and Follicular Lymphoma",PHASE1,Phase 1,RECRUITING,453,Pfizer,Pfizer,687,1,1,multi_experimental,10,mervometostat (pf-06821497),enzalutamide;itraconazole;mervometostat (pf-06821497),EZH2,Small Molecule,H3K27ME3;IDH1,0,1,0,0,0,0,0,0,0,0,0,,
NCT03474497,"UCDCC#272: IL-2, Radiotherapy, and Pembrolizumab in Patients Refractory to Checkpoint Blockade",PHASE1;PHASE2,Phase 2,ACTIVE_NOT_RECRUITING,18,"Megan Daly, MD","Megan Daly, MD",5,0,1,single_arm,1,il-2;pembrolizumab;radiotherapy,il-2;pembrolizumab;radiotherapy,CD19,Cell Therapy,CD19;PD-L1,1,1,0,0,0,0,0,1,0,1,1,PD-L1+,metastatic · 2nd-line+ · squamous · measurable (RECIST)
NCT03476681,Study of NEO-201 in Solid Tumors Expansion Cohorts,PHASE1;PHASE2,Phase 2,ACTIVE_NOT_RECRUITING,121,"Precision Biologics, Inc",Precision Biologics,3,1,0,single_arm,1,neo-201 in combination with pembrolizumab,neo-201 in combination with pembrolizumab,Core 1 O-glycans,Monoclonal Antibody,BRAF;MMR;MSI;MSI-H;PD-L1;ROS1;SMICA;TMB;dMMR;genomic,1,1,0,0,1,0,0,1,0,0,1,"ROS1+, PD-L1+",metastatic · small-cell · measurable (RECIST) · ECOG 2
NCT03485209,Efficacy and Safety Study of Tisotumab Vedotin for Patients With Solid Tumors,PHASE2,Phase 2,ACTIVE_NOT_RECRUITING,350,"Seagen, a wholly owned subsidiary of Pfizer",Pfizer,687,1,1,multi_experimental,7,tisotumab vedotin,carboplatin;cisplatin;pembrolizumab;tisotumab vedotin,PD-1,Monoclonal Antibody,PD-L1;biomarker,1,1,0,0,0,0,0,1,0,1,1,PD-L1+,metastatic · 2nd-line+ · adenoca. · measurable (RECIST)
NCT03521154,A Global Study to Assess the Effects of Osimertinib Following Chemoradiation in Patients With Stage III Unresectable Non-small Cell Lung Cancer (LAURA),PHASE3,Phase 3,ACTIVE_NOT_RECRUITING,216,AstraZeneca,AstraZeneca,780,1,1,placebo_comparator,2,placebo osimertinib,osimertinib,EGFR,Small Molecule,EGFR,0,1,1,0,0,0,0,0,0,1,1,EGFRm,unresectable · 2nd-line+ · squamous
NCT03526835,A Study of Bispecific Antibody MCLA-158 in Patients With Advanced Solid Tumors,PHASE1;PHASE2,Phase 2,RECRUITING,560,Merus B.V.,Merus,8,1,0,multi_experimental,4,,mcla-158;mcla-158 + folfiri;mcla-158 + folfox;mcla-158 + pembrolizumab,EGFR,Monoclonal Antibody,BRAF;HER2;KRAS;PD-L1,1,1,0,0,0,0,0,1,1,1,1,PD-L1+,metastatic · 1st-line · adenoca. · measurable (RECIST)
NCT03527108,"Nivolumab Plus Ramucirumab in Patients With Recurrent, Advanced, Metastatic NSCLC",PHASE2,Phase 2,ACTIVE_NOT_RECRUITING,36,Fox Chase Cancer Center,Fox Chase Cancer Center,34,0,1,single_arm,1,nivolumab;ramucirumab,nivolumab;ramucirumab,PD-1,Monoclonal Antibody,ALK;CD30;PD-L1;ROS1,1,1,0,0,1,0,0,1,0,1,1,"ROS1+, PD-L1+",metastatic · 2nd-line+ · small-cell · measurable (RECIST)
NCT03539536,Study of Telisotuzumab Vedotin (ABBV-399) in Participants With Previously Treated c-Met+ Non-Small Cell Lung Cancer,PHASE2,Phase 2,ACTIVE_NOT_RECRUITING,270,AbbVie,AbbVie,274,1,1,single_arm,1,telisotuzumab vedotin,telisotuzumab vedotin,MET,ADC,MET,1,1,0,0,0,0,0,0,0,0,0,,metastatic · squamous
NCT03540420,Atezolizumab After Concurrent Chemo-radiotherapy Versus Chemo-radiotherapy Alone in Limited Disease Small-cell Lung Cancer,PHASE2,Phase 2,ACTIVE_NOT_RECRUITING,212,Norwegian University of Science and Technology,Norwegian University of Science and Technology,1,0,0,multi_experimental,2,atezolizumab,atezolizumab,PD-L1,Monoclonal Antibody,CMMRD;MSI-H;TMB,1,1,0,0,0,0,0,0,0,0,0,,metastatic · small-cell · measurable (RECIST)
NCT03546361,CCL21-Gene Modified Dendritic Cell Vaccine and Pembrolizumab in Treating Patients With Stage IV Non-small Cell Lung Cancer,PHASE1,Phase 1,ACTIVE_NOT_RECRUITING,24,Jonsson Comprehensive Cancer Center,Jonsson Comprehensive Cancer Center,117,0,1,single_arm,1,autologous dendritic cell-adenovirus ccl21 vaccine;pembrolizumab,autologous dendritic cell-adenovirus ccl21 vaccine;pembrolizumab,PD-1,Cell Therapy,ALK;EGFR;MET;PD-L1,1,1,1,0,0,0,0,1,0,0,1,"EGFRm, PD-L1+",metastatic · measurable (RECIST)
NCT03556228,VMD-928 Monotherapy and in Combination With Pembrolizumab to Treat TrkA Overexpression Driven Solid Tumors or Lymphoma,PHASE1;PHASE2,Phase 2,RECRUITING,242,"VM Oncology, LLC",VM Oncology,1,1,0,multi_experimental,2,,vmd-928;vmd-928 tablet and pembrolizumab (,PD-1,,NTRK;PR,0,1,0,0,0,0,0,0,0,1,0,,metastatic · 2nd-line+
NCT03586453,Osimertinib In EGFR Mutant Lung Cancer,PHASE2,Phase 2,ACTIVE_NOT_RECRUITING,30,Dana-Farber Cancer Institute,Dana-Farber Cancer Institute,326,0,1,single_arm,1,osimertinib,osimertinib,EGFR,Small Molecule,EGFR;MET;PR,0,1,1,0,0,0,0,0,1,1,1,EGFRm,metastatic · 1st-line · squamous · measurable (RECIST)
NCT03589339,NBTXR3 Activated by Radiotherapy for Patients With Advanced Cancers Treated With An Anti-PD-1 Therapy,PHASE1,Phase 1,ACTIVE_NOT_RECRUITING,145,Nanobiotix,Nanobiotix,6,1,0,single_arm,1,nbtxr3;nivolumab;pembrolizumab;sabr,nbtxr3;nivolumab;pembrolizumab;sabr,PD-1,Radiopharmaceutical,,0,1,0,0,0,0,0,0,0,0,0,,metastatic · measurable (RECIST)
NCT03600233,Study of CVM-1118 for Patients With Advanced Neuroendocrine Tumors,PHASE2,Phase 2,ACTIVE_NOT_RECRUITING,34,"TaiRx, Inc.",TaiRx,8,1,0,single_arm,1,cvm-1118,cvm-1118,VM,Small Molecule,,0,1,0,0,0,0,0,0,0,1,0,,metastatic · 2nd-line+ · measurable (RECIST)
NCT03647163,Ph I/II Trial of Systemic VSV-IFNβ-NIS in Combination With Checkpoint Inhibitor Therapy in Patients With Select Solid Tumors,PHASE1;PHASE2,Phase 2,ACTIVE_NOT_RECRUITING,33,"Vyriad, Inc.",Vyriad,5,1,0,multi_experimental,6,vsv-ifnβ-nis,ipilimumab + nivolumab;pembrolizumab;vsv-ifnβ-nis,PD-1,Monoclonal Antibody,ALK;EGFR;PD-L1,1,1,1,1,0,0,0,1,1,1,1,"EGFRm, ALK+, PD-L1+",metastatic · 1st-line · squamous · measurable (RECIST)
NCT03667820,Study of Osimertinib and Stereotactic Ablative Radiation (SABR) in EGFR Mutant NSCLC,PHASE2,Phase 2,ACTIVE_NOT_RECRUITING,41,University of Texas Southwestern Medical Center,University of Texas Southwestern Medical Center,48,0,1,single_arm,1,osimertinib;sabr,osimertinib;sabr,EGFR,Small Molecule,EGFR,0,1,1,0,0,0,0,0,0,1,1,EGFRm,metastatic · 2nd-line+
NCT03670056,Ipilimumab and Nivolumab in Recurrent Extensive Stage Small Cell Lung Cancer After Receiving Platinum-based Chemotherapy,PHASE2,Phase 2,ACTIVE_NOT_RECRUITING,25,Yale University,Yale University,65,0,1,single_arm,1,combination immunotherapy with ipilimumab and nivolumab,combination immunotherapy with ipilimumab and nivolumab,CTLA-4,Monoclonal Antibody,PD-L1,1,1,0,0,0,0,0,1,0,0,1,PD-L1+,metastatic · small-cell · measurable (RECIST)
NCT03672773,Talazoparib and Low-Dose Temozolomide in Treating Participants With Relapsed or Refractory Extensive-Stage Small Cell Lung Cancer,PHASE2,Phase 2,ACTIVE_NOT_RECRUITING,35,Jonsson Comprehensive Cancer Center,Jonsson Comprehensive Cancer Center,117,0,1,single_arm,1,talazoparib;temozolomide,talazoparib;temozolomide,PARP,Small Molecule,ATM;BRCA1;BRCA2;BRIP1;CDK12;CHEK2;PALB2;RA,0,1,0,0,0,0,0,0,1,1,0,,metastatic · 1st-line · small-cell · measurable (RECIST)
NCT03678883,9-ING-41 in Patients With Advanced Cancers,PHASE2,Phase 2,ACTIVE_NOT_RECRUITING,350,Actuate Therapeutics Inc.,Actuate Therapeutics,4,1,0,multi_experimental,8,9-ing-41,9-ing-41;carboplatin.;doxorubicin.;gemcitabine - 21 day cycle;gemcitabine - 28 day cycle;irinotecan;lomustine;nab paclitaxel.;paclitaxel.,GSK3B,Small Molecule,HER2,0,1,0,0,0,0,0,0,1,1,0,,metastatic · 1st-line · measurable (RECIST) · ECOG 0
NCT03693300,A Study to Determine Safety of Durvalumab After Sequential Chemo Radiation in Patients With Unresectable Stage III Non-Small Cell Lung Cancer,PHASE2,Phase 2,COMPLETED,117,AstraZeneca,AstraZeneca,780,1,1,multi_experimental,2,durvalumab,durvalumab,PD-L1,Monoclonal Antibody,ALK;EGFR,1,1,0,0,0,0,0,1,0,0,1,PD-L1+,unresectable · small-cell · measurable (RECIST) · ECOG 2
NCT03699956,RRx-001 Sequentially With a Platinum Doublet or a Platinum Doublet in Third-Line or Beyond in Patients With Small Cell Lung Cancer,PHASE3,Phase 3,TERMINATED,18,"EpicentRx, Inc.",EpicentRx,13,1,0,active_comparator,2,cisplatin/carboplatin plus etoposide,cisplatin/carboplatin plus etoposide;rrx-001 + eloop device,NLRP3,Small Molecule,,0,1,0,0,0,0,0,0,0,0,0,,metastatic · small-cell · measurable (RECIST)
NCT03703297,"Study of Durvalumab + Tremelimumab, Durvalumab, and Placebo in Limited Stage Small-Cell Lung Cancer in Patients Who Have Not Progressed Following Concurrent Chemoradiation Therapy",PHASE3,Phase 3,ACTIVE_NOT_RECRUITING,730,AstraZeneca,AstraZeneca,780,1,1,placebo_comparator,3,,durvalumab;tremelimumab,PD-L1,Monoclonal Antibody,EGFR,1,1,0,0,0,0,0,0,0,0,0,,small-cell · ECOG 0
NCT03706690,A Study of Durvalumab as Consolidation Therapy in Non-Small Cell Lung Cancer Patients,PHASE3,Phase 3,ACTIVE_NOT_RECRUITING,407,AstraZeneca,AstraZeneca,780,1,1,placebo_comparator,2,,durvalumab,PD-L1,Monoclonal Antibody,EGFR;PR;biomarker,1,0,0,0,0,0,0,1,0,0,1,PD-L1+,unresectable · small-cell
NCT03753685,X-396(Ensartinib) Capsules in ALK-Positive NSCLC Patients With Brain Metastases,PHASE2,Phase 2,ACTIVE_NOT_RECRUITING,27,Fudan University,Fudan University,29,0,0,single_arm,1,x-396(ensartinib) capsule,x-396(ensartinib) capsule,ALK,Small Molecule,ALK,0,1,0,0,0,0,0,0,0,1,0,,metastatic · 2nd-line+ · measurable (RECIST)
NCT03767348,Study of RP1 Monotherapy and RP1 in Combination With Nivolumab (IGNYTE),PHASE2,Phase 2,ACTIVE_NOT_RECRUITING,340,"Replimune, Inc.",Replimune,10,1,1,multi_experimental,10,rp1,nivolumab;rp1,PD-1,Oncolytic Virus,BRAF;MMR;MSI;MSI-H;PD-L1;dMMR,1,1,0,0,0,0,0,1,0,0,1,PD-L1+,metastatic · squamous · measurable (RECIST)
NCT03769103,Study of Osimertinib + SRS vs Osimertinib Alone for Brain Metastases in EGFR Positive Patients With NSCLC,PHASE2,Phase 2,ACTIVE_NOT_RECRUITING,40,British Columbia Cancer Agency,British Columbia Cancer Agency,21,0,1,active_comparator,2,osimertinib;stereotactic radiotherapy,osimertinib,EGFR,Small Molecule,EGFR,0,1,1,0,0,0,0,0,1,0,1,EGFRm,metastatic · 1st-line · measurable (RECIST)
NCT03775486,Study of Durvalumab+Olaparib or Durvalumab After Treatment With Durvalumab and Chemotherapy in Patients With Lung Cancer (ORION),PHASE2,Phase 2,ACTIVE_NOT_RECRUITING,401,AstraZeneca,AstraZeneca,780,1,1,multi_experimental,2,durvalumab;gemcitabine+carboplatin;gemcitabine+cisplatin;nab-paclitaxel+carboplatin;pemetrexed+carboplatin;pemetrexed+cisplatin,durvalumab;gemcitabine+carboplatin;gemcitabine+cisplatin;nab-paclitaxel+carboplatin;olaparib;pemetrexed+carboplatin;pemetrexed+cisplatin;placebo for olaparib,PD-L1,Monoclonal Antibody,ALK;EGFR;PD-L1;PR,1,1,1,1,0,0,0,1,0,0,1,"EGFRm, ALK+, PD-L1+",metastatic · small-cell · measurable (RECIST)
NCT03787992,Alflutinib Mesylate Versus Gefitinib in Patients With Locally Advanced or Metastatic Non-small Cell Lung Cancer （FLAG）,PHASE3,Phase 3,ACTIVE_NOT_RECRUITING,358,"Allist Pharmaceuticals, Inc.",Allist Pharmaceuticals,19,1,0,active_comparator,2,gefitinib;placebo ast2818,alflutinib mesylate (ast2818);placebo gefitinib,EGFR,Small Molecule,EGFR;EGFR-SENSITIVE;PR,0,1,1,0,0,0,0,0,1,1,1,EGFRm,metastatic · 1st-line · adenoca. · measurable (RECIST)
NCT03800134,A Study of Neoadjuvant/Adjuvant Durvalumab for the Treatment of Patients With Resectable Non-small Cell Lung Cancer,PHASE3,Phase 3,ACTIVE_NOT_RECRUITING,825,AstraZeneca,AstraZeneca,780,1,1,placebo_comparator,2,carboplatin;cisplatin;gemcitabine;paclitaxel;pemetrexed;surgery,carboplatin;cisplatin;durvalumab;gemcitabine;paclitaxel;pemetrexed;surgery,PD-L1,Monoclonal Antibody,ALK;EGFR;PD-L1,1,1,0,1,0,0,0,1,1,0,1,"ALK+, PD-L1+",metastatic · 1st-line · small-cell · measurable (RECIST) · ECOG 0
NCT03807778,A Study of Mobocertinib in Japanese Adults With Non-Small Cell Lung Cancer,PHASE1,Phase 1,ACTIVE_NOT_RECRUITING,53,Takeda,Takeda,82,1,1,multi_experimental,2,mobocertinib,mobocertinib,EGFR,Small Molecule,EGFR;HER2,0,1,1,0,0,0,0,0,1,1,1,EGFRm,metastatic · 1st-line · measurable (RECIST)
NCT03819465,A Study of Novel Anti-cancer Agents in Patients With Previously Untreated NSCLC,PHASE1,Phase 1,ACTIVE_NOT_RECRUITING,175,AstraZeneca,AstraZeneca,780,1,1,multi_experimental,10,,azd2936;carboplatin;cisplatin;danvatirsen;durvalumab;gemcitabine;medi5752;nab-paclitaxel;oleclumab;pemetrexed,PD-L1,Monoclonal Antibody,ALK;EGFR;PD-L1;genomic,1,1,1,1,0,0,0,1,1,0,1,"EGFRm, ALK+, PD-L1+",metastatic · 1st-line · ECOG 0
NCT03830918,"Niraparib, Temozolomide and Atezolizumab in Treating Patients With Advanced Solid Tumors and Extensive-Stage Small Cell Lung Cancer With a Complete or Partial Response to Platinum-Based First-Line Chemotherapy",PHASE1;PHASE2,Phase 2,ACTIVE_NOT_RECRUITING,59,Jonsson Comprehensive Cancer Center,Jonsson Comprehensive Cancer Center,117,0,0,active_comparator,2,atezolizumab;quality-of-life assessment;questionnaire administration,atezolizumab;niraparib;quality-of-life assessment;questionnaire administration;temozolomide,PD-L1,Monoclonal Antibody,CMMRD;MSI-H;PD-L1;PR;TMB,1,1,0,0,0,0,0,1,1,0,1,PD-L1+,metastatic · 1st-line · squamous · measurable (RECIST)
NCT03833154,Durvalumab With Stereotactic Body Radiation Therapy (SBRT) vs Placebo With SBRT in Early Stage Unresected Non-small Cell Lung Cancer (NSCLC) Patients/ Osimertinib Following SBRT in Patients With Early Stage Unresected NSCLC Harboring an EGFR Mutation,PHASE3,Phase 3,ACTIVE_NOT_RECRUITING,724,AstraZeneca,AstraZeneca,780,1,1,placebo_comparator,3,,(osimertinib cohort;durvalumab;open-label separate cohort);single-arm,PD-L1,Monoclonal Antibody,EGFR,1,1,1,0,0,0,0,0,0,1,1,EGFRm,neoadjuvant · 2nd-line+ · small-cell · ECOG 0-1
NCT03836352,"Study of an Immunotherapeutic, DPX-Survivac, in Combination With Low Dose Cyclophosphamide & Pembrolizumab, in Subjects With Selected Advanced & Recurrent Solid Tumors",PHASE2,Phase 2,ACTIVE_NOT_RECRUITING,184,"ImmunoVaccine Technologies, Inc. (IMV Inc.)","ImmunoVaccine Technologies, Inc. (IMV Inc.)",8,1,1,multi_experimental,2,dpx-survivac;pembrolizumab,cyclophosphamide;dpx-survivac;pembrolizumab,PD-1,Monoclonal Antibody,ALK;EGFR;MSI;PD-L1,1,1,1,1,0,0,0,1,1,0,1,"EGFRm, ALK+, PD-L1+",metastatic · 1st-line · small-cell · measurable (RECIST) · ECOG 0-1
NCT03860272,Fc-Engineered Anti-CTLA-4 Monoclonal Antibody in Advanced Cancer,PHASE1,Phase 1,ACTIVE_NOT_RECRUITING,499,Agenus Inc.,Agenus,27,1,0,multi_experimental,3,botensilimab,balstilimab;botensilimab,PD-1,Monoclonal Antibody,PD-L1;genomic,1,1,0,1,0,0,0,0,0,0,1,ALK+,metastatic · adenoca. · measurable (RECIST)
NCT03875820,Phase I Trial of Defactinib and VS-6766.,PHASE1,Phase 1,ACTIVE_NOT_RECRUITING,87,"Institute of Cancer Research, United Kingdom","Institute of Cancer Research, United Kingdom",24,0,0,multi_experimental,8,defactinib;vs-6766,defactinib;vs-6766,BRAF,Small Molecule,BRAF;KRAS,0,1,0,0,0,0,0,0,0,1,0,,metastatic · 2nd-line+ · small-cell · measurable (RECIST)
NCT03891953,Study of Safety and Efficacy of DKY709 Alone or in Combination With PDR001 in Patients With Advanced Solid Tumors.,PHASE1,Phase 1,ACTIVE_NOT_RECRUITING,98,Novartis Pharmaceuticals,Novartis,836,1,1,multi_experimental,2,dky709,dky709;pdr001,PD-1,Small Molecule,PD-L1,0,1,0,0,0,0,0,1,0,1,1,PD-L1+,metastatic · 2nd-line+ · measurable (RECIST)
NCT03893955,"A Study to Determine the Safety, Tolerability, Pharmacokinetics, and Preliminary Efficacy of ABBV-927 With ABBV-368, Budigalimab (ABBV-181) and/or Chemotherapy in Participants With Locally Advanced or Metastatic Solid Tumors",PHASE1,Phase 1,ACTIVE_NOT_RECRUITING,150,AbbVie,AbbVie,274,1,1,multi_experimental,7,abbv-927,abbv-181;abbv-368;abbv-927;carboplatin;nab-paclitaxel,PD-1,Monoclonal Antibody,PD-L1,1,1,0,0,0,0,0,1,1,1,1,PD-L1−,metastatic · 1st-line · adenoca.
NCT03907852,Phase 1/2 Trial of Gavo-cel (TC-210) in Patients With Advanced Mesothelin-Expressing Cancer,PHASE1;PHASE2,Phase 2,ACTIVE_NOT_RECRUITING,57,TCR2 Therapeutics,TCR2 Therapeutics,3,1,1,multi_experimental,3,cyclophosphamide;fludarabine;gavo-cel,cyclophosphamide;fludarabine;gavo-cel;ipilimumab;nivolumab,PD-1,Monoclonal Antibody,CD30,1,1,0,0,0,0,0,0,0,0,0,,metastatic · adenoca.
NCT03909334,Study of Osimertinib With and Without Ramucirumab in Locally Advanced or Metastatic Non-Small Cell Lung Cancer (NSCLC),PHASE2,Phase 2,ACTIVE_NOT_RECRUITING,160,Xiuning Le,Xiuning Le,1,0,1,active_comparator,2,osimertinib;ramucirumab,,EGFR,Small Molecule,EGFR;MET;PR,0,1,1,0,0,0,0,0,0,1,1,EGFRm,metastatic · 2nd-line+ · squamous · measurable (RECIST)
NCT03915678,Atezolizumab Combined With BDB001 AnD Immunogenic Radiotherapy in Patients With Advanced Solid Tumors,PHASE2,Phase 2,ACTIVE_NOT_RECRUITING,247,Institut Bergonié,Institut Bergonié,27,0,1,multi_experimental,6,,association atezolizumab + bdb001 + rt;association atezolizumab + bdb001+ rt,PD-L1,Monoclonal Antibody,PD-L1,1,1,0,0,0,0,0,0,0,0,0,,metastatic · small-cell · measurable (RECIST) · ECOG 1
NCT03916627,"Neoadjuvant Cemiplimab for the Treatment of Resectable NSCLC, HCC, and HNSCC in Adult Patients",PHASE2,Phase 2,ACTIVE_NOT_RECRUITING,65,Regeneron Pharmaceuticals,Regeneron,95,1,1,multi_experimental,7,cemiplimab,cemiplimab;fianlimab;platinum doublet,PD-1,Monoclonal Antibody,ALK;ROS1,1,1,0,1,1,0,0,0,0,0,1,"ALK+, ROS1+",metastatic · squamous
NCT03917043,APG-2449 in Patients With Advanced Solid Tumors,PHASE1,Phase 1,RECRUITING,165,Ascentage Pharma Group Inc.,Ascentage Pharma,45,1,0,single_arm,1,apg-2449,apg-2449,ALK,Small Molecule,ALK;ROS1,0,1,0,0,1,0,0,0,0,0,1,ROS1+,metastatic · small-cell · measurable (RECIST)
NCT03922997,A Study to Investigate the Safety and Efficacy of Atezolizumab in Previously-Treated Patients With Locally Advanced or Metastatic Non-Small Cell Lung Cancer,PHASE3,Phase 3,COMPLETED,101,Hoffmann-La Roche,Roche/Genentech,922,1,1,single_arm,1,atezolizumab,atezolizumab,PD-L1,Monoclonal Antibody,ALK;CMMRD;EGFR;MSI-H;PD-L1;TMB,1,1,1,1,0,0,0,0,1,1,1,"EGFRm, ALK+",metastatic · 1st-line · measurable (RECIST)
NCT03923270,Radiotherapy and Durvalumab/Durvalumab Combo (Tremelimumab/Olaparid) for Small Cell Lung Cancer,PHASE1,Phase 1,ACTIVE_NOT_RECRUITING,25,H. Lee Moffitt Cancer Center and Research Institute,H. Lee Moffitt Cancer Center and Research Institute,228,0,1,multi_experimental,4,durvalumab;thoracic radiotherapy,durvalumab;olaparib pill;thoracic radiotherapy;tremelimumab,PD-L1,Monoclonal Antibody,EGFR;PD-L1;PR,1,1,0,0,0,0,0,1,1,0,1,PD-L1+,metastatic · 1st-line · small-cell
NCT03944772,Phase 2 Platform Study in Patients With Advanced Non-Small Lung Cancer Who Progressed on First-Line Osimertinib Therapy (ORCHARD),PHASE2,Phase 2,ACTIVE_NOT_RECRUITING,247,AstraZeneca,AstraZeneca,780,1,1,multi_experimental,11,,alectinib;carboplatin;cisplatin;datopotamab deruxtecan;durvalumab;etoposide;gefitinib;necitumumab;osimertinib;pemetrexed;savolitinib;selpercatinib;selumetinib,EGFR,Small Molecule,EGFR,0,1,1,0,0,0,0,0,1,1,1,EGFRm,metastatic · 1st-line · adenoca. · measurable (RECIST)
NCT03965468,"Immunotherapy, Chemotherapy, Radiotherapy and Surgery for Synchronous Oligo-metastatic NSCLC",PHASE2,Phase 2,ACTIVE_NOT_RECRUITING,96,ETOP IBCSG Partners Foundation,ETOP IBCSG Partners Foundation,20,0,1,single_arm,1,carboplatin;durvalumab;paclitaxel;radical radiotherapy - definitive local treatment.;stereotactic body radiation therapy (sbrt);surgical resection - definitive local treatment.;tremelimumab,carboplatin;durvalumab;paclitaxel;radical radiotherapy - definitive local treatment.;stereotactic body radiation therapy (sbrt);surgical resection - definitive local treatment.;tremelimumab,PD-L1,Monoclonal Antibody,ALK;EGFR;ROS1,1,1,0,1,1,0,0,0,0,0,1,"ALK+, ROS1+",metastatic · small-cell
NCT03970746,"Safety, Immunogenicity and Preliminary Clinical Activity Study of PDC*lung01 Cancer Vaccine in NSCLC",PHASE1;PHASE2,Phase 2,ACTIVE_NOT_RECRUITING,73,PDC*line Pharma SAS,PDC*line Pharma,1,1,0,multi_experimental,4,pdc*lung01,alimta injectable product;keytruda injectable product;pdc*lung01,PD-1,Cell Therapy,ALK;EGFR;ROS1,1,1,1,1,1,0,0,1,1,0,1,"EGFRm, ALK+, ROS1+, PD-L1+",metastatic · 1st-line · adenoca. · measurable (RECIST)
NCT03974022,"Assessing an Oral EGFR Inhibitor, Sunvozertinib in Patients Who Have Advanced Non-small Cell Lung Cancer With EGFR or HER2 Mutation (WU-KONG1)",PHASE1;PHASE2,Phase 2,ACTIVE_NOT_RECRUITING,315,Dizal Pharmaceuticals,Dizal Pharmaceuticals,29,1,0,multi_experimental,9,sunvozertinib,sunvozertinib,EGFR,Small Molecule,EGFR;HER2;PACC;PD-L1;PR,0,1,1,0,0,0,0,1,1,1,1,"EGFRm, PD-L1+",metastatic · 1st-line · measurable (RECIST)
NCT03983954,"Naptumomab Estafenatox in Combination With Durvalumab in Subjects With Selected Advanced or Metastatic Solid Tumor, Including a Cohort Expansion in Esophageal Cancer.",PHASE1,Phase 1,ACTIVE_NOT_RECRUITING,120,NeoTX Therapeutics Ltd.,NeoTX Therapeutics,2,1,1,multi_experimental,11,naptumomab estafenatox and durvalumab,naptumomab estafenatox and durvalumab;obinutuzumab,5T4,Monoclonal Antibody,CD20;ER;HER2;PD-L1;biomarker;biomarker analysis,1,1,0,0,0,0,0,1,1,0,1,PD-L1+,metastatic · 1st-line · adenoca. · measurable (RECIST)
NCT04001777,A Study of APG-1252 Plus Osimertinib(AZD9291) in EGFR TKI Resistant NSCLC Patients,PHASE1,Phase 1,ACTIVE_NOT_RECRUITING,80,Ascentage Pharma Group Inc.,Ascentage Pharma,45,1,0,single_arm,1,apg-1252;osimertinib mesylate tablets,apg-1252;osimertinib mesylate tablets,EGFR,Small Molecule,EGFR,0,1,1,0,0,0,0,0,1,1,1,EGFRm,metastatic · 1st-line · squamous · measurable (RECIST)
NCT04015778,A Exploratory Study of Nivolumab Monotherapy or in Combination With Nab-paclitaxel and Carboplatin in Early Stage NSCLC in China,PHASE2,Phase 2,ACTIVE_NOT_RECRUITING,316,Guangdong Association of Clinical Trials,Guangdong Association of Clinical Trials,7,0,1,multi_experimental,4,nivolumab;radical resection for lung cancer,carboplatin;chemotherapy (cisplatin);nab-paclitaxel;nivolumab;radical radiation therapy;radical resection for lung cancer,PD-1,Monoclonal Antibody,ALK;CD30;EGFR;PD-L1;biomarker,1,1,1,0,0,0,0,1,0,0,1,"EGFRm, PD-L1+",metastatic · small-cell · measurable (RECIST)
NCT04025879,"A Study of Neoadjuvant Chemotherapy Plus Nivolumab Versus Neoadjuvant Chemotherapy Plus Placebo, Followed by Surgical Removal and Adjuvant Treatment With Nivolumab or Placebo for Participants With Surgically Removable Early Stage Non-small Cell Lung Cancer",PHASE3,Phase 3,ACTIVE_NOT_RECRUITING,461,Bristol-Myers Squibb,Bristol Myers Squibb,764,1,1,placebo_comparator,2,carboplatin;cisplatin;docetaxel;paclitaxel;pemetrexed,carboplatin;cisplatin;docetaxel;nivolumab;paclitaxel;pemetrexed,PD-1,Monoclonal Antibody,CD30;PD-L1;biomarker,1,1,0,0,0,0,0,1,1,0,1,PD-L1+,metastatic · 1st-line · small-cell
NCT04027647,Phase 2 Study of Dacomitinib in NSCLC,PHASE2,Phase 2,ACTIVE_NOT_RECRUITING,118,"National Cancer Centre, Singapore","National Cancer Centre, Singapore",19,0,1,single_arm,1,dacomitinib,dacomitinib,EGFR,Small Molecule,EGFR activation,0,1,1,0,0,0,0,0,0,0,1,EGFRm,metastatic · adenoca. · measurable (RECIST) · ECOG 0
NCT04035486,A Study of Osimertinib With or Without Chemotherapy as 1st Line Treatment in Patients With Mutated Epidermal Growth Factor Receptor Non-Small Cell Lung Cancer (FLAURA2),PHASE3,Phase 3,ACTIVE_NOT_RECRUITING,587,AstraZeneca,AstraZeneca,780,1,1,active_comparator,2,osimertinib,pemetrexed/carboplatin;pemetrexed/cisplatin,EGFR,Small Molecule,EGFR,0,1,1,0,0,0,0,0,0,1,1,EGFRm,metastatic · 2nd-line+ · squamous
NCT04036682,A Phase 1/2 Trial of CLN-081 in Patients With Non-Small Cell Lung Cancer,PHASE1;PHASE2,Phase 2,ACTIVE_NOT_RECRUITING,284,Cullinan Therapeutics Inc.,Cullinan Therapeutics,8,1,0,multi_experimental,6,cln-081,cln-081,EGFR,Small Molecule,EGFR;biomarker;biomarker analysis,0,1,0,0,0,0,0,0,0,0,0,,metastatic · squamous · measurable (RECIST)
NCT04042701,DS8201a and Pembrolizumab in Participants With Locally Advanced/Metastatic Breast or Non-Small Cell Lung Cancer,PHASE1,Phase 1,ACTIVE_NOT_RECRUITING,115,Daiichi Sankyo,Daiichi Sankyo,178,1,1,multi_experimental,5,pembrolizumab;trastuzumab deruxtecan (ds-8201a),pembrolizumab;trastuzumab deruxtecan (ds-8201a),HER2,ADC,ALK;BRAF;EGFR;HER2;PD-L1;ROS1;genomic,1,1,1,1,1,0,0,1,0,0,1,"EGFRm, ALK+, ROS1+, PD-L1+",metastatic · measurable (RECIST) · ECOG 0-1
NCT04044859,ADP-A2M4CD8 as Monotherapy or in Combination With Either Nivolumab or Pembrolizumab in HLA-A2+ Subjects With MAGE-A4 Positive Tumors (SURPASS),PHASE1,Phase 1,ACTIVE_NOT_RECRUITING,120,"USWM CT, LLC",USWM CT,8,1,0,single_arm,1,autologous genetically modified adp-a2m4cd8 cells alone or in combination with nivolumab every four weeks or pembrolizumab every 6 weeks,autologous genetically modified adp-a2m4cd8 cells alone or in combination with nivolumab every four weeks or pembrolizumab every 6 weeks,MAGE-A4,Cell Therapy,HLA-A2;MAGE-A4,1,1,0,0,0,0,0,0,0,0,0,,metastatic · small-cell · measurable (RECIST)
NCT04062708,CHIO3 Trial: CHemotherapy Combined With Immune Checkpoint Inhibitor for Operable Stage IIIA/B Non-Small Cell Lung Cancer,PHASE2,Phase 2,ACTIVE_NOT_RECRUITING,38,"Alliance Foundation Trials, LLC.","Alliance Foundation Trials, LLC.",15,0,1,single_arm,1,durvalumab;radiotherapy;surgery,durvalumab;radiotherapy;surgery,PD-L1,Monoclonal Antibody,EGFR,1,1,0,0,0,0,0,0,0,0,0,,resectable · small-cell · measurable (RECIST)
NCT04074967,Study of ARRY-614 Plus Either Nivolumab or Nivolumab+Ipilimumab,PHASE1;PHASE2,Phase 2,ACTIVE_NOT_RECRUITING,70,Dan Zandberg,Dan Zandberg,6,0,0,multi_experimental,5,,phase ib arry-614 + nivolumab;phase ib arry-614 + nivolumab+ipilimumab;phase ii arry-614 + nivolumab;phase ii arry-614 + nivolumab+ipilimumab (melanoma);phase ii arry-614 + nivolumab+ipilimumab (rcc),CTLA-4,Monoclonal Antibody,PD-L1,1,1,0,0,0,0,0,0,0,0,0,,metastatic · measurable (RECIST)
NCT04077099,A Study of REGN5093 in Adult Patients With Mesenchymal Epithelial Transition Factor (MET)-Altered Advanced Non-Small Cell Lung Cancer,PHASE1;PHASE2,Phase 2,ACTIVE_NOT_RECRUITING,95,Regeneron Pharmaceuticals,Regeneron,95,1,1,single_arm,1,regn5093,regn5093,MET,Monoclonal Antibody,MET,1,1,0,0,0,0,0,0,0,0,0,,metastatic
NCT04077463,A Study of Lazertinib as Monotherapy or in Combination With Amivantamab in Participants With Advanced Non-small Cell Lung Cancer,PHASE1,Phase 1,ACTIVE_NOT_RECRUITING,701,"Janssen Research & Development, LLC",Johnson & Johnson,363,1,1,multi_experimental,9,,amivantamab;carboplatin;lazertinib;pemetrexed,EGFR,Small Molecule,EGFR;MET;PD-L1;biomarker,0,1,1,0,0,0,0,1,1,1,1,"EGFRm, PD-L1+",metastatic · 1st-line · small-cell
NCT04083599,GEN1042 Safety Trial and Anti-tumor Activity in Participants With Malignant Solid Tumors,PHASE1;PHASE2,Phase 2,ACTIVE_NOT_RECRUITING,350,Genmab,Genmab,65,1,1,multi_experimental,2,gen1042,carboplatin;cisplatin;fluorouracil;gemcitabine;gen1042;nab-paclitaxel;paclitaxel;pembrolizumab;pemetrexed,CD40,Bispecific Antibody,PD-L1,1,1,0,0,0,0,0,0,0,1,0,,metastatic · 2nd-line+ · measurable (RECIST) · ECOG 0-1
NCT04093167,Study of CTDNA Response Adaptive Immuno-Chemotherapy in Lung Cancer,PHASE2;PHASE3,Phase 3,ACTIVE_NOT_RECRUITING,53,Canadian Cancer Trials Group,Canadian Cancer Trials Group,48,0,0,active_comparator,2,pembrolizumab,pembrolizumab,PD-1,Monoclonal Antibody,ALK;PD-L1;biomarker,1,1,0,0,0,0,0,1,1,0,1,PD-L1+,metastatic · 1st-line · measurable (RECIST)
NCT04129502,TAK-788 as First-Line Treatment Versus Platinum-Based Chemotherapy for Non-Small Cell Lung Cancer (NSCLC) With EGFR Exon 20 Insertion Mutations,PHASE3,Phase 3,ACTIVE_NOT_RECRUITING,354,Takeda,Takeda,82,1,1,active_comparator,2,carboplatin;cisplatin;pemetrexed,tak-788,EGFR,Small Molecule,EGFR;HER2,0,1,1,0,0,0,0,0,0,0,1,EGFRm,metastatic · squamous · measurable (RECIST)
NCT04140500,Dose Escalation Study of a PD1-LAG3 Bispecific Antibody in Patients With Advanced and/or Metastatic Solid Tumors,PHASE1;PHASE2,Phase 2,ACTIVE_NOT_RECRUITING,170,Hoffmann-La Roche,Roche/Genentech,922,1,1,multi_experimental,2,ro7247669,ro7247669,PD-1,Bispecific Antibody,ALK;BRAF;NTRK;PD-L1;ROS1,1,1,0,0,1,0,0,1,0,1,1,"ROS1+, PD-L1+",metastatic · 2nd-line+ · squamous
NCT04140526,"Safety, PK and Efficacy of ONC-392 in Monotherapy and in Combination of Anti-PD-1 in Advanced Solid Tumors and NSCLC",PHASE1;PHASE2,Phase 2,ACTIVE_NOT_RECRUITING,733,"OncoC4, Inc.",OncoC4,10,1,0,multi_experimental,3,onc-392,docetaxel;onc-392;pembrolizumab,PD-1,Monoclonal Antibody,PD-L1,1,1,0,0,0,0,0,0,0,0,0,,metastatic · small-cell · measurable (RECIST)
NCT04141644,Safety and Efficacy of Combination Osimertinib and Ipilimumab in Patients w EGFR Mutated NSCLC,PHASE1,Phase 1,ACTIVE_NOT_RECRUITING,24,University of Utah,University of Utah,55,0,1,single_arm,1,ipilimumab;osimertinib,ipilimumab;osimertinib,CTLA-4,Monoclonal Antibody,PD-L1,1,1,0,0,0,0,0,0,0,1,0,,metastatic · 2nd-line+ · squamous
NCT04143607,ASK120067 Versus Gefitinib as First-line Treatment for EGFRm Locally Advanced or Metastatic NSCLC,PHASE3,Phase 3,ACTIVE_NOT_RECRUITING,337,"Jiangsu Aosaikang Pharmaceutical Co., Ltd.",Jiangsu Aosaikang Pharmaceutical,7,1,0,active_comparator,2,gefitinib;placebo ask120067,ask120067;placebo gefitinib,EGFR,Small Molecule,EGFR;T790M,0,1,1,0,0,0,0,0,1,1,1,EGFRm,metastatic · 1st-line · adenoca. · ECOG 0-1
NCT04152499,"Phase I-II, FIH, TROP2 ADC, Advanced Unresectable/Metastatic Solid Tumors, Refractory to Standard Therapies (KL264-01)",PHASE1;PHASE2,Phase 2,ACTIVE_NOT_RECRUITING,1410,Klus Pharma Inc.,Klus Pharma,4,1,0,multi_experimental,11,skb264,skb264,TROP2,ADC,ER;HER2;PR;TROP2,1,1,0,0,0,0,0,0,0,1,0,,metastatic · 2nd-line+ · adenoca. · measurable (RECIST)
NCT04153734,Pembrolizumab + Platinum Doublets Without Radiation for Programmed Death-ligand 1 (PD-L1) ≥50% Locally Advanced NSCLC,PHASE2,Phase 2,NOT_YET_RECRUITING,21,Kobe Minimally Invasive Cancer Center,Kobe Minimally Invasive Cancer Center,1,0,1,single_arm,1,carboplatin;cis platinum;nab-paclitaxel;pembrolizumab;pemetrexed,carboplatin;cis platinum;nab-paclitaxel;pembrolizumab;pemetrexed,PD-1,Monoclonal Antibody,MET;PD-L1,1,1,0,0,0,0,0,1,1,0,1,PD-L1+,metastatic · 1st-line · squamous · measurable (RECIST)
NCT04165070,KEYMAKER-U01 Substudy 01A: Efficacy and Safety Study of Pembrolizumab (MK-3475) With or Without Chemotherapy When Used With Investigational Agents in Treatment-naïve Participants With Stage IV Non-small Cell Lung Cancer (NSCLC) (MK-3475-01A/KEYMAKER-U01A),PHASE1;PHASE2,Phase 2,RECRUITING,450,Merck Sharp & Dohme LLC,Merck (MSD),649,1,1,multi_experimental,11,pembrolizumab,boserolimab;carboplatin;her3-dxd;ifinatamab deruxtecan (i-dxd);mk-0482;mk-4830;paclitaxel;pembrolizumab;pemetrexed;vibostolimab,PD-1,Monoclonal Antibody,PD-L1,1,1,0,0,0,0,0,0,0,0,0,,metastatic · squamous
NCT04165330,Evaluation of AL3818 in Combination With Nivolumab in Solid Tumors,PHASE1;PHASE2,Phase 2,ACTIVE_NOT_RECRUITING,56,"Sarcoma Oncology Research Center, LLC","Sarcoma Oncology Research Center, LLC",3,0,0,single_arm,1,al3818;nivolumab injection,al3818;nivolumab injection,VEGF/VEGFR,Small Molecule,,0,1,0,0,0,0,0,0,0,0,0,,metastatic · small-cell · measurable (RECIST)
NCT04166487,Plasma-Adapted First-Line Pembro In NSCLC,PHASE2,Phase 2,ACTIVE_NOT_RECRUITING,40,"Julia K. Rotow, MD","Julia K. Rotow, MD",1,0,0,multi_experimental,3,pembrolizumab,carboplatin;diagnostic test: invision;paclitaxel;pembrolizumab;pemetrexed,PD-1,Monoclonal Antibody,ALK;BRAF;PD-L1;ROS1,1,1,0,0,1,0,0,1,0,0,1,"ROS1+, PD-L1+",metastatic · measurable (RECIST)
NCT04170946,Talazoparib and Thoracic RT for ES-SCLC,PHASE1,Phase 1,RECRUITING,24,"University Health Network, Toronto","University Health Network, Toronto",91,0,1,single_arm,1,talazoparib in combination with low dose radiotherapy (rt),talazoparib in combination with low dose radiotherapy (rt),PARP,Small Molecule,BRCA1;BRCA2,0,1,0,0,0,0,0,0,0,0,0,,metastatic · measurable (RECIST)
NCT04180371,Study BT5528-100 in Patients With Advanced Solid Tumors Associated With EphA2 Expression,PHASE1;PHASE2,Phase 2,ACTIVE_NOT_RECRUITING,288,BicycleTx Limited,BicycleTx,8,1,0,multi_experimental,3,bt5528,bt5528;nivolumab,EphA2,Monoclonal Antibody,EPHA2;biomarker,1,1,0,0,0,0,0,0,0,0,0,,metastatic · squamous · measurable (RECIST)
NCT04194944,A Study of Selpercatinib (LY3527723) in Participants With Advanced or Metastatic RET Fusion-Positive Non-Small Cell Lung Cancer,PHASE3,Phase 3,ACTIVE_NOT_RECRUITING,261,Eli Lilly and Company,Eli Lilly,535,1,1,active_comparator,2,carboplatin;cisplatin;pembrolizumab;pemetrexed,selpercatinib,RET,Small Molecule,RET,0,1,0,0,0,0,0,0,0,0,0,,metastatic · squamous
NCT04198766,Study of INBRX-106 and INBRX-106 in Combination With Pembrolizumab (Keytruda®) in Subjects With Locally Advanced or Metastatic Solid Tumors (Hexavalent OX40 Agonist),PHASE1;PHASE2,Phase 2,RECRUITING,340,"Inhibrx Biosciences, Inc",Inhibrx Biosciences,4,1,1,active_comparator,15,inbrx-106 - hexavalent ox40 agonist antibody,carboplatin auc-5;carboplatin auc-6;cisplatin;gemcitabine (;inbrx-106 - hexavalent ox40 agonist antibody;nab-paclitaxel;paclitaxel;pembrolizumab;pemetrexed,OX40,Monoclonal Antibody,ALK;EGFR;MSI;MSI-H;PD-L1;TMB,1,1,1,0,0,0,0,1,1,1,1,"EGFRm, PD-L1+",metastatic · 1st-line · squamous
NCT04249362,Study of Durvalumab Following Radiation Therapy in Patients With Stage 3 Unresectable NSCLC Ineligible for Chemotherapy,PHASE2,Phase 2,COMPLETED,102,AstraZeneca,AstraZeneca,780,1,1,multi_experimental,2,durvalumab,durvalumab,PD-L1,Monoclonal Antibody,ALK;EGFR,1,1,0,0,0,0,0,1,0,0,1,PD-L1+,unresectable · small-cell · measurable (RECIST)
NCT04273061,Investigating the Effects of Atezolizumab in People Whose Tumour DNA or RNA Indicates Possible Sensitivity,PHASE2,Phase 2,RECRUITING,50,British Columbia Cancer Agency,British Columbia Cancer Agency,21,0,1,multi_experimental,3,atezolizumab,atezolizumab,PD-L1,Monoclonal Antibody,CMMRD;MET;MSI-H;PD-L1;TMB;genomic,1,1,0,0,0,0,0,1,0,0,1,PD-L1+,metastatic · measurable (RECIST)
NCT04282044,Study of CRX100 as Monotherapy and in Combination With Pembrolizumab in Patients With Advanced Solid Malignancies,PHASE1,Phase 1,RECRUITING,60,BioEclipse Therapeutics,BioEclipse Therapeutics,1,1,0,multi_experimental,2,crx100 suspension for infusion;cyclophosphamide;fludarabine,crx100 suspension for infusion;cyclophosphamide;fludarabine,PD-1,,ER;HER2;PR,0,1,0,0,0,0,0,0,0,1,0,,metastatic · 2nd-line+ · adenoca. · measurable (RECIST)
NCT04285671,Necitumumab and Trastuzumab in Combination With Osimertinib for the Treatment of Refractory Epidermal Growth Factor Receptor (EGFR)-Mutated Stage IV Non-small Cell Lung Cancer,PHASE1;PHASE2,Phase 2,ACTIVE_NOT_RECRUITING,30,Jonsson Comprehensive Cancer Center,Jonsson Comprehensive Cancer Center,117,0,1,single_arm,1,necitumumab;osimertinib;quality-of-life assessment;questionnaire administration;trastuzumab,necitumumab;osimertinib;quality-of-life assessment;questionnaire administration;trastuzumab,EGFR,Monoclonal Antibody,EGFR,1,1,1,0,0,0,0,0,0,0,1,EGFRm,metastatic · small-cell · measurable (RECIST)
NCT04300244,Nivolumab and Ipilimumab +/- UV1 Vaccination as Second Line Treatment in Patients With Malignant Mesothelioma,PHASE2,Phase 2,ACTIVE_NOT_RECRUITING,118,Åslaug Helland,Åslaug Helland,1,0,1,active_comparator,2,ipilimumab;nivolumab,ipilimumab;nivolumab;uv1 vaccine + leukine,TERT,Vaccine,PD-L1,1,1,0,0,0,0,0,1,0,1,1,PD-L1+,metastatic · 2nd-line+ · measurable (RECIST)
NCT04302025,A Study of Multiple Therapies in Biomarker-selected Participants With Resectable Stages IB-III Non-small Cell Lung Cancer (NSCLC),PHASE2,Phase 2,RECRUITING,99,"Genentech, Inc.",Roche/Genentech,922,1,1,multi_experimental,7,resection,alectinib;atezolizumab;cobimetinib;divarasib;entrectinib;pralsetinib;resection;sbrt;vemurafenib,ALK,Small Molecule,ALK;BRAF;KRAS;NTRK;PD-L1;RET;ROS1;biomarker,0,1,0,1,1,1,0,1,0,0,1,"ALK+, ROS1+, KRAS G12C, PD-L1+",metastatic · squamous · measurable (RECIST)
NCT04316364,A Trial of SHR-1316/Placebo in Combination With Chemotherapy in Patients With Resectable NSCLC,PHASE3,Phase 3,RECRUITING,537,"Jiangsu HengRui Medicine Co., Ltd.",Hengrui,312,1,0,placebo_comparator,3,placebo、chemotherapeutic,shr-1316、chemotherapeutic;shr-1316、paclitaxel (albumin bound)、carboplatin,PD-L1,Monoclonal Antibody,PD-L1,1,1,0,0,0,0,0,1,1,0,1,PD-L1+,resectable · 1st-line · measurable (RECIST)
NCT04317534,Adjuvant Pembrolizumab vs Observation Following Curative Resection for Stage I Non-small Cell Lung Cancer (NSCLC) With Primary Tumors Between 1-4 cm,PHASE2,Phase 2,RECRUITING,244,"Greg Durm, MD","Greg Durm, MD",4,0,1,multi_experimental,2,pembrolizumab,pembrolizumab,PD-1,Monoclonal Antibody,EGFR;PD-L1,1,1,1,0,0,0,0,1,0,0,1,"EGFRm, PD-L1+",adenoca.
NCT04328844,A Study to Assess a PI3Kδ Inhibitor (IOA-244) in Patients With Metastatic Cancers,PHASE1,Phase 1,ACTIVE_NOT_RECRUITING,210,iOnctura,iOnctura,4,1,0,multi_experimental,7,ioa-244,avelumab injection;cisplatin;ioa-244;pemetrexed;ruxolitinib,PD-L1,Small Molecule,ALK;BRAF;EGFR;PD-L1;PR;ROS1,0,1,1,0,1,0,0,1,1,1,1,"EGFRm, ROS1+, PD-L1+",metastatic · 1st-line · squamous · measurable (RECIST) · ECOG 2
NCT04335292,Osimertinib Then Chemotherapy in EGFR-mutated Lung Cancer with Osimertinib Third-line Rechallenge,PHASE2,Phase 2,RECRUITING,200,Mark Vincent,Mark Vincent,1,0,1,single_arm,1,osimertinib first-line;osimertinib third-line;platinum + pemetrexed chemotherapy second-line,osimertinib first-line;osimertinib third-line;platinum + pemetrexed chemotherapy second-line,EGFR,Small Molecule,EGFR;PD-L1,0,1,0,0,0,0,0,1,1,1,1,PD-L1+,metastatic · 1st-line · small-cell · measurable (RECIST) · ECOG 0
NCT04340882,Phase 2 DoceRamPem for Patients With Metastatic or Recurrent NSCLC Who Progressed on Platinum-Doublet and PD-1/PD-L1 Blockade,PHASE2,Phase 2,ACTIVE_NOT_RECRUITING,30,Emory University,Emory University,116,0,1,single_arm,1,docetaxel;pembrolizumab;ramucirumab,docetaxel;pembrolizumab;ramucirumab,PD-1,Monoclonal Antibody,MET;PD-L1,1,1,0,0,0,0,0,1,0,0,1,PD-L1+,metastatic · small-cell · measurable (RECIST)
NCT04351555,A Study of Osimertinib With or Without Chemotherapy Versus Chemotherapy Alone as Neoadjuvant Therapy for Patients With EGFRm Positive Resectable Non-Small Cell Lung Cancer,PHASE3,Phase 3,ACTIVE_NOT_RECRUITING,358,AstraZeneca,AstraZeneca,780,1,1,placebo_comparator,3,carboplatin;cisplatin;pemetrexed,carboplatin;cisplatin;osimertinib;pemetrexed,EGFR,Small Molecule,EGFR,0,1,1,0,0,0,0,0,0,0,1,EGFRm,resectable · squamous · ECOG 0
NCT04367311,"Adjuvant Treatment With Cisplatin-based Chemotherapy Plus Concomitant Atezolizumab in Patients With Stage I (Tumors ≥ 4cm), IIA, IIB, and Select Stage III [Any T1-3 N1-2 and T4N0-2] Resected Non-small Cell Lung Cancer (NSCLC) and the Clearance of Circulating Tumor DNA (ctDNA)",PHASE2,Phase 2,ACTIVE_NOT_RECRUITING,100,Nasser Hanna,Nasser Hanna,2,0,1,multi_experimental,2,atezolizumab;cisplatin,atezolizumab;cisplatin;docetaxel;pemetrexed,PD-L1,Monoclonal Antibody,ALK;CMMRD;EGFR;MSI-H;PD-L1;TMB;biomarker,1,1,1,0,0,0,0,1,0,0,1,"EGFRm, PD-L1+",recurrent · adenoca.
NCT04370587,A Clinical Study of Intratumoral MVR-T3011 (T3011) Given as a Single Agent and in Combination With Intravenous Pembrolizumab in Participants With Advanced or Metastatic Solid Tumors,PHASE1;PHASE2,Phase 2,RECRUITING,30,ImmVira Pharma Co. Ltd,ImmVira Pharma,8,1,0,multi_experimental,5,,t3011;t3011 + pembrolizumab,PD-1,Oncolytic Virus,ALK;EGFR,1,1,1,1,0,0,0,1,0,0,1,"EGFRm, ALK+, PD-L1+",metastatic · measurable (RECIST)
NCT04379635,Comparing the Efficacy and Safety of a New Additional Treatment With Tislelizumab in Non-Small Cell Lung Cancer (NSCLC),PHASE3,Phase 3,ACTIVE_NOT_RECRUITING,453,BeiGene,BeiGene/BeOne,149,1,1,placebo_comparator,2,carboplatin;cisplatin injection;paclitaxel injection;pemetrexed disodium;placebos,carboplatin;cisplatin injection;paclitaxel injection;pemetrexed disodium;tislelizumab,PD-1,Monoclonal Antibody,ALK;PD-L1,1,1,0,1,0,0,0,0,0,0,1,ALK+,measurable (RECIST)
NCT04380636,Study of Pembrolizumab With Concurrent Chemoradiation Therapy Followed by Pembrolizumab With or Without Olaparib in Stage III Non-Small Cell Lung Cancer (NSCLC) (MK-7339-012/KEYLYNK-012),PHASE3,Phase 3,ACTIVE_NOT_RECRUITING,870,Merck Sharp & Dohme LLC,Merck (MSD),649,1,1,active_comparator,3,carboplatin;cisplatin;durvalumab;etoposide;paclitaxel;pemetrexed;thoracic radiotherapy,carboplatin;cisplatin;etoposide;olaparib;paclitaxel;pembrolizumab;pemetrexed;placebo for olaparib;thoracic radiotherapy,PD-1,Monoclonal Antibody,PD-L1,1,1,0,0,0,0,0,1,0,0,1,PD-L1+,metastatic · squamous · measurable (RECIST)
NCT04389632,A Study of Sigvotatug Vedotin in Advanced Solid Tumors,PHASE1,Phase 1,RECRUITING,1006,"Seagen, a wholly owned subsidiary of Pfizer",Pfizer,687,1,1,multi_experimental,5,sigvotatug vedotin,carboplatin;cisplatin;pembrolizumab;sigvotatug vedotin,PD-1,Monoclonal Antibody,HER2;PD-L1,1,1,0,0,0,0,0,0,1,1,0,,metastatic · 1st-line · adenoca. · measurable (RECIST)
NCT04392505,Durvalumab(MEDI4736) After chemoRadioTherapy(DART) for NSCLC-a Translational and Biomarker Study,PHASE2,Phase 2,ACTIVE_NOT_RECRUITING,100,Oslo University Hospital,Oslo University Hospital,14,0,1,single_arm,1,durvalumab injection,durvalumab injection,PD-L1,Monoclonal Antibody,PD-L1;biomarker,1,1,0,0,0,0,0,1,0,0,1,PD-L1+,metastatic · small-cell
NCT04395677,A Study of AB-106 in Subjects With Advanced NSCLC Harboring ROS1 Fusion Gene,PHASE2,Phase 2,ACTIVE_NOT_RECRUITING,173,Nuvation Bio Inc.,Nuvation,16,1,0,single_arm,1,ab-106,ab-106,NTRK,Small Molecule,ALK;NTRK;ROS1,0,1,0,0,1,0,0,0,1,0,1,ROS1+,metastatic · 1st-line · measurable (RECIST)
NCT04397003,Personalized Neoantigen Vaccine in Combination With Durvalumab (MEDI4736) in Extensive Stage Small Cell Lung Cancer,PHASE2,Phase 2,ACTIVE_NOT_RECRUITING,6,Washington University School of Medicine,Washington University School of Medicine,178,0,1,single_arm,1,device: tds-im v2.0 device;durvalumab;neoantigen dna vaccine;peripheral blood draws,device: tds-im v2.0 device;durvalumab;neoantigen dna vaccine;peripheral blood draws,PD-L1,Monoclonal Antibody,EGFR;PD-L1,1,1,0,0,0,0,0,1,1,0,1,PD-L1+,metastatic · 1st-line · small-cell · measurable (RECIST)
NCT04410796,Osimertinib Alone or With Chemotherapy for EGFR-Mutant Lung Cancers,PHASE2,Phase 2,RECRUITING,571,Memorial Sloan Kettering Cancer Center,Memorial Sloan Kettering Cancer Center,411,0,1,multi_experimental,2,osimertinib,carboplatin;osimertinib;pemetrexed,EGFR,Small Molecule,EGFR,0,1,1,0,0,0,0,0,0,1,1,EGFRm,metastatic · 2nd-line+ · small-cell · measurable (RECIST)
NCT04429087,A Study to Test Different Doses of Obrixtamig in Patients With Small Cell Lung Cancer and Other Neuroendocrine Tumours That Are Positive for DLL3,PHASE1,Phase 1,ACTIVE_NOT_RECRUITING,300,Boehringer Ingelheim,Boehringer Ingelheim,237,1,1,multi_experimental,2,,obrixtamig - parenteral 1;obrixtamig - parenteral 2,DLL3,Bispecific Antibody,DLL3,1,1,0,0,0,0,0,0,0,0,0,,metastatic · small-cell · measurable (RECIST)
NCT04429542,Study of Safety and Tolerability of BCA101 Monotherapy and in Combination Therapy in Patients With EGFR-driven Advanced Solid Tumors,PHASE1,Phase 1,RECRUITING,292,Bicara Therapeutics,Bicara,3,1,1,multi_experimental,2,bca101,bca101;pembrolizumab,EGFR,Bispecific Antibody,EGFR;PD-L1;biomarker;biomarker analysis,1,1,0,0,0,0,0,1,0,0,1,PD-L1+,metastatic · squamous · measurable (RECIST)
NCT04440735,A Study of DSP107 Alone and in Combination with Atezolizumab for Patients with Advanced Solid Tumors,PHASE1;PHASE2,Phase 2,ACTIVE_NOT_RECRUITING,125,Kahr Medical,Kahr Medical,3,1,0,multi_experimental,5,dsp107,atezolizumab;dsp107,CD47,Bispecific Antibody,ALK;BRAF;CD47;KRAS;NTRK;PD-L1;RET;ROS1,1,1,0,0,1,0,1,1,0,0,1,"ROS1+, MET+, PD-L1+",metastatic · squamous · measurable (RECIST)
NCT04449874,"A Study to Evaluate the Safety, Pharmacokinetics, and Activity of GDC-6036 Alone or in Combination in Participants With Advanced or Metastatic Solid Tumors With a KRAS G12C Mutation",PHASE1,Phase 1,ACTIVE_NOT_RECRUITING,498,"Genentech, Inc.",Roche/Genentech,922,1,1,multi_experimental,7,gdc-6036,atezolizumab;bevacizumab;cetuximab;erlotinib;gdc-1971;gdc-6036;inavolisib,KRAS,Small Molecule,KRAS,0,1,0,0,0,1,0,0,0,0,1,KRAS G12C,metastatic
NCT04465968,"Efficacy and Safety of CRT, Durvalumab and Surgery for SST",PHASE3,Phase 3,NOT_YET_RECRUITING,84,National Cancer Center Hospital East,National Cancer Center Hospital East,10,0,1,single_arm,1,cisplatin;concurrent radiotherapy;durvalumab;s1;surgery,cisplatin;concurrent radiotherapy;durvalumab;s1;surgery,PD-L1,Monoclonal Antibody,MET;PD-L1,1,1,0,0,0,0,0,0,0,0,0,,metastatic · adenoca.
NCT04471727,A Study in Participants With Advanced Cancers Associated With Expression of DLL3 (MK-6070-001/HPN328-4001),PHASE1;PHASE2,Phase 2,ACTIVE_NOT_RECRUITING,232,"Harpoon Therapeutics, Inc., a subsidiary of Merck & Co., Inc. (Rahway, New Jersey USA)",Merck (MSD),649,1,1,multi_experimental,5,gocatamig,atezolizumab;gocatamig;ifinatamab deruxtecan (i-dxd),PD-L1,Monoclonal Antibody,CMMRD;MSI-H;TMB,1,1,0,0,0,0,0,0,0,1,0,,metastatic · 2nd-line+ · small-cell
NCT04486833,Quaratusugene Ozeplasmid (Reqorsa) and Osimertinib in Patients With Advanced Lung Cancer Who Progressed on Osimertinib,PHASE1;PHASE2,Phase 2,RECRUITING,158,"Genprex, Inc.",Genprex,4,1,0,active_comparator,2,platinum-based,osimertinib;quaratusugene ozeplasmid,EGFR,Small Molecule,ALK;BRAF;EGFR,0,1,0,0,0,0,0,0,0,0,0,,metastatic · measurable (RECIST)
NCT04487080,A Study of Amivantamab and Lazertinib Combination Therapy Versus Osimertinib in Locally Advanced or Metastatic Non-Small Cell Lung Cancer,PHASE3,Phase 3,ACTIVE_NOT_RECRUITING,1074,"Janssen Research & Development, LLC",Johnson & Johnson,363,1,1,active_comparator,3,osimertinib,amivantamab;lazertinib,EGFR,Monoclonal Antibody,EGFR;genomic,1,1,1,0,0,0,0,0,1,1,1,EGFRm,metastatic · 1st-line · small-cell · measurable (RECIST)
NCT04495153,CAN-2409 Plus Prodrug With Standard of Care Immune Checkpoint Inhibitor for Stage III/IV NSCLC,PHASE2,Phase 2,ACTIVE_NOT_RECRUITING,90,"Candel Therapeutics, Inc.",Candel Therapeutics,12,1,0,single_arm,1,aglatimagene besadenovec,,TK,Oncolytic Virus,ALK;EGFR;PD-L1;ROS1,1,0,1,1,1,0,0,1,1,0,1,"EGFRm, ALK+, ROS1+, PD-L1+",metastatic · 1st-line · squamous · measurable (RECIST)
NCT04499053,Durvalumab and Tremelimumab in Combination With Chemotherapy in HIV-infected Patients With Non-small Cell Lung Cancer,PHASE2,Phase 2,RECRUITING,18,Georgetown University,Georgetown University,55,0,1,single_arm,1,durvalumab;tremelimumab,durvalumab;tremelimumab,PD-L1,Monoclonal Antibody,ALK;EGFR;PD-L1,1,1,1,1,0,0,0,1,1,0,1,"EGFRm, ALK+, PD-L1+",metastatic · 1st-line · measurable (RECIST)
NCT04526691,Datopotamab Deruxtecan (Dato-DXd) in Combination With Pembrolizumab With or Without Platinum Chemotherapy in Subjects With Advanced or Metastatic Non-Small Cell Lung Cancer (TROPION-Lung02),PHASE1,Phase 1,ACTIVE_NOT_RECRUITING,145,Daiichi Sankyo,Daiichi Sankyo,178,1,1,single_arm,1,carboplatin;cisplatin;datopotamab deruxtecan;pembrolizumab,carboplatin;cisplatin;datopotamab deruxtecan;pembrolizumab,TROP2,ADC,ALK;BRAF;KRAS;MET;NTRK;PD-L1;RET;ROS1;TROP2;biomarker;ctDNA;genomic;high-risk pathological features,1,1,0,0,1,0,0,1,0,0,1,"ROS1+, PD-L1+",metastatic · squamous
NCT04538664,"A Study of Combination Amivantamab and Carboplatin-Pemetrexed Therapy, Compared With Carboplatin-Pemetrexed, in Participants With Advanced or Metastatic Non-Small Cell Lung Cancer Characterized by Epidermal Growth Factor Receptor (EGFR) Exon 20 Insertions",PHASE3,Phase 3,ACTIVE_NOT_RECRUITING,308,"Janssen Research & Development, LLC",Johnson & Johnson,363,1,1,multi_experimental,2,carboplatin;pemetrexed,amivantamab;carboplatin;pemetrexed,EGFR,Monoclonal Antibody,EGFR,1,1,0,0,0,0,0,0,0,0,0,,metastatic · squamous · measurable (RECIST)
NCT04545710,Osimertinib and Abemaciclib in EGFR Mutant Non-Small Cell Lung Cancer After Osimertinib Resistance,PHASE2,Phase 2,ACTIVE_NOT_RECRUITING,18,"University of California, San Diego","University of California, San Diego",28,0,1,single_arm,1,abemaciclib;osimertinib,abemaciclib;osimertinib,ER,Small Molecule,ER;HER2,0,1,1,0,0,0,0,0,0,0,1,EGFRm,metastatic · adenoca. · measurable (RECIST)
NCT04553133,PF-07104091 as a Single Agent and in Combination Therapy,PHASE2,Phase 2,ACTIVE_NOT_RECRUITING,157,Pfizer,Pfizer,687,1,1,multi_experimental,7,,pf-0704091 + fulvestrant (post cdk4/6);pf-07104091 + fulvestrant (post cdk4/6);pf-07104091 + palbociclib + fulvestrant;pf-07104091 + palbociclib + letrozole;pf-07104091 monotherapy dose escalation;pf-07104091 monotherapy dose expansion (ovarian);pf-07104091 monotherapy dose expansion (sclc),CDK2,Small Molecule,HER2;ctDNA,0,1,0,0,0,0,0,0,0,1,0,,metastatic · 2nd-line+ · measurable (RECIST)
NCT04557449,Study to Test the Safety and Tolerability of PF-07220060 in Participants With Advance Solid Tumors,PHASE2,Phase 2,ACTIVE_NOT_RECRUITING,362,Pfizer,Pfizer,687,1,1,multi_experimental,17,pf-07220060,enzalutamide;fulvestrant;letrozole;midazolam;pf-07220060,CDK4/6,Small Molecule,HER2,0,1,0,0,0,0,0,0,0,1,0,,metastatic · 2nd-line+ · squamous · measurable (RECIST)
NCT04561362,Study BT8009-100 in Subjects With Nectin-4 Expressing Advanced Malignancies,PHASE1;PHASE2,Phase 2,ACTIVE_NOT_RECRUITING,329,BicycleTx Limited,BicycleTx,8,1,0,multi_experimental,13,bt8009,bt8009;pembrolizumab,NECTIN4,Monoclonal Antibody,ALK;BRAF;ER;HER2;KRAS;MET;NECTIN-4;PR;ROS1,1,1,0,1,1,0,0,0,0,1,1,"ALK+, ROS1+",metastatic · 2nd-line+ · squamous · measurable (RECIST)
NCT04563338,An Exploratory Study of Atezolizumab and Bevacizumab in Hepatocellular Carcinoma and Non-Small Cell Lung Cancer With Liver Metastases (INTEGRATE),PHASE2,Phase 2,ACTIVE_NOT_RECRUITING,36,"University Health Network, Toronto","University Health Network, Toronto",91,0,1,multi_experimental,3,atezolizumab,atezolizumab;bevacizumab,PD-L1,Monoclonal Antibody,ALK;CMMRD;MSI-H;PD-L1;TMB,1,1,0,1,0,0,0,1,1,1,1,"ALK+, PD-L1+",metastatic · 1st-line · squamous
NCT04579380,Basket Study of Tucatinib and Trastuzumab in Solid Tumors With HER2 Alterations,PHASE2,Phase 2,ACTIVE_NOT_RECRUITING,217,"Seagen, a wholly owned subsidiary of Pfizer",Pfizer,687,1,1,single_arm,1,fulvestrant;trastuzumab;tucatinib,fulvestrant;trastuzumab;tucatinib,HER2,Small Molecule,HER2;MET,0,1,0,0,0,0,0,0,0,0,0,,metastatic · adenoca. · measurable (RECIST)
NCT04585035,Study to Evaluate D-1553 in Subjects With Solid Tumors,PHASE1;PHASE2,Phase 2,ACTIVE_NOT_RECRUITING,180,"InventisBio Co., Ltd",InventisBio,10,1,1,multi_experimental,3,d-1553,d-1553;d-1553 in combination with drug: pembrolizumab;drug: cetuximab;drug: other;drug:keytruda,KRAS,Small Molecule,KRAS,0,1,0,0,0,1,0,0,0,1,1,KRAS G12C,metastatic · 2nd-line+ · measurable (RECIST)
NCT04585490,Personalized Escalation of Consolidation Treatment Following Chemoradiotherapy and Immunotherapy in Stage III NSCLC in Stage III NSCLC,PHASE3,Phase 3,RECRUITING,48,Maximilian Diehn,Maximilian Diehn,2,0,1,multi_experimental,2,device: avenio ctdna surveillance kit;durvalumab,carboplatin;cisplatin;device: avenio ctdna surveillance kit;durvalumab;paclitaxel;pemetrexed;tremelimumab,PD-L1,Monoclonal Antibody,EGFR,1,1,0,0,0,0,0,0,0,0,0,,metastatic · small-cell
NCT04585750,The Evaluation of PC14586 in Patients With Advanced Solid Tumors Harboring a TP53 Y220C Mutation (PYNNACLE),PHASE1;PHASE2,Phase 2,RECRUITING,300,"PMV Pharmaceuticals, Inc",PMV Pharmaceuticals,2,1,1,multi_experimental,9,rezatapopt,pembrolizumab;rezatapopt,PD-1,Monoclonal Antibody,KRAS;PD-L1,1,1,0,0,0,0,0,1,0,1,1,PD-L1+,metastatic · 2nd-line+ · measurable (RECIST) · ECOG 0
NCT04602533,Efficacy and Safety of Standard of Care Plus Durvalumab in Patients With Limited Disease Small Cell Lung Cancer (DOLPHIN),PHASE2,Phase 2,ACTIVE_NOT_RECRUITING,105,Michael Hopp,Michael Hopp,1,0,1,multi_experimental,2,durvalumab,durvalumab,PD-L1,Monoclonal Antibody,EGFR,1,1,0,0,0,0,0,0,0,0,0,,metastatic · small-cell · measurable (RECIST) · ECOG 0 - 1
NCT04603807,A Study to Compare the Efficacy and Safety of Entrectinib and Crizotinib in Participants With Advanced or Metastatic ROS1 Non-small Cell Lung Cancer (NSCLC) With and Without Central Nervous System (CNS) Metastases,PHASE3,Phase 3,ACTIVE_NOT_RECRUITING,217,Hoffmann-La Roche,Roche/Genentech,922,1,1,active_comparator,2,crizotinib,entrectinib,ROS1,Small Molecule,ROS1,0,1,0,0,1,0,0,0,0,0,1,ROS1+,metastatic · measurable (RECIST)
NCT04606446,Study of PF-07248144 in Advanced or Metastatic Solid Tumors,PHASE2,Phase 2,RECRUITING,320,Pfizer,Pfizer,687,1,1,multi_experimental,10,pf-07248144,arv-471;fulvestrant;letrozole;palbociclib;pf-07220060;pf-07248144;pf-07850327;vepdegestrant,KAT6,Small Molecule,AKT1;ER;ESR1;HER2;HR;PIK3CA;PTEN,0,1,0,0,0,0,0,0,0,1,0,,metastatic · 2nd-line+ · squamous · measurable (RECIST)
NCT04606771,A Study Comparing Savolitinib Plus Osimertinib vs Savolitinib Plus Placebo in Patients With EGFRm+ and MET Amplified Advanced NSCLC,PHASE2,Phase 2,ACTIVE_NOT_RECRUITING,30,AstraZeneca,AstraZeneca,780,1,1,multi_experimental,2,,osimertinib + savolitinib;savolitinib + placebo,EGFR,Small Molecule,EGFR;MET,0,1,1,0,0,0,1,0,0,1,1,"EGFRm, MET+",metastatic · 2nd-line+
NCT04612751,Phase 1b Study of Dato-DXd in Combination With Immunotherapy With or Without Carboplatin in Advanced or Metastatic Non-Small Cell Lung Cancer,PHASE1,Phase 1,ACTIVE_NOT_RECRUITING,155,AstraZeneca,AstraZeneca,780,1,1,multi_experimental,15,datopotamab deruxtecan,azd2936;azd7789;carboplatin;datopotamab deruxtecan;durvalumab;medi5752,PD-L1,Monoclonal Antibody,ALK;EGFR;KRAS;PD-L1;genomic,1,1,0,0,0,0,0,1,1,0,1,PD-L1+,metastatic · 1st-line · squamous · measurable (RECIST)
NCT04613596,Phase 2 Trial of Adagrasib Monotherapy and in Combination With Pembrolizumab and a Phase 3 Trial of Adagrasib in Combination in Patients With a KRAS G12C Mutation KRYSTAL-7,PHASE2;PHASE3,Phase 3,RECRUITING,626,Mirati Therapeutics Inc.,Mirati,42,1,0,active_comparator,5,pembrolizumab,adagrasib,PD-1,Monoclonal Antibody,KRAS;PD-L1,1,1,0,0,0,1,0,1,0,1,1,"KRAS G12C, PD-L1+",metastatic · 2nd-line+ · squamous · measurable (RECIST)
NCT04614103,Autologous LN-145 in Patients With Metastatic Non-Small-Cell Lung Cancer,PHASE2,Phase 2,RECRUITING,170,"Iovance Biotherapeutics, Inc.",Iovance Biotherapeutics,15,1,0,multi_experimental,5,ln-145,ln-145,PD-L1,Cell Therapy,ALK;PD-L1;ROS1;genomic,1,1,0,0,1,0,0,0,1,0,1,ROS1+,metastatic · 1st-line · measurable (RECIST)
NCT04616209,Allogeneic PB103 (NK Cells) Therapy in Non-small Cell Lung Cancer (NSCLC) Patients,PHASE1;PHASE2,Phase 2,RECRUITING,24,Precision Biotech Taiwan Corp.,Precision Biotech Taiwan,2,1,0,single_arm,1,donor-derived nk cell infusion,donor-derived nk cell infusion,,Cell Therapy,,1,1,0,0,0,0,0,0,0,1,0,,metastatic · 2nd-line+ · small-cell · measurable (RECIST)
NCT04619004,HERTHENA-Lung01: Patritumab Deruxtecan in Subjects With Metastatic or Locally Advanced EGFR-mutated Non-Small Cell Lung Cancer,PHASE2,Phase 2,ACTIVE_NOT_RECRUITING,277,Daiichi Sankyo,Daiichi Sankyo,178,1,1,multi_experimental,2,,patritumab deruxtecan (fixed dose);patritumab deruxtecan (up-titration),HER3,ADC,ALK;EGFR;ROS1;genomic,1,1,1,1,1,0,0,0,0,0,1,"EGFRm, ALK+, ROS1+",metastatic · small-cell · measurable (RECIST)
NCT04624204,"Placebo-controlled, Study of Concurrent Chemoradiation Therapy With Pembrolizumab Followed by Pembrolizumab and Olaparib in Newly Diagnosed Treatment-Naïve Limited-Stage Small Cell Lung Cancer (LS-SCLC) (MK 7339-013/KEYLYNK-013)",PHASE3,Phase 3,ACTIVE_NOT_RECRUITING,672,Merck Sharp & Dohme LLC,Merck (MSD),649,1,1,placebo_comparator,3,etoposide;investigator's choice;olaparib matching placebo;pembrolizumab placebo (saline);platinum;prophylactic cranial irradiation (pci);standard thoracic radiotherapy,etoposide;investigator's choice;olaparib;olaparib matching placebo;pembrolizumab;platinum;prophylactic cranial irradiation (pci);standard thoracic radiotherapy,PD-1,Monoclonal Antibody,PD-L1,1,1,0,0,0,0,0,1,0,0,1,PD-L1+,metastatic · squamous · measurable (RECIST)
NCT04642469,Phase III Study to Determine Efficacy of Durvalumab in Stage II-III Non-small Cell Lung Cancer (NSCLC) After Curative Intent Therapy.,PHASE3,Phase 3,COMPLETED,30,AstraZeneca,AstraZeneca,780,1,1,placebo_comparator,2,,durvalumab,PD-L1,Monoclonal Antibody,EGFR;PR;biomarker,1,0,0,0,0,0,0,1,0,0,1,PD-L1+,metastatic · small-cell · measurable (RECIST)
NCT04644068,Study of AZD5305 as Monotherapy and in Combination With Anti-cancer Agents in Patients With Advanced Solid Malignancies,PHASE1;PHASE2,Phase 2,ACTIVE_NOT_RECRUITING,702,AstraZeneca,AstraZeneca,780,1,1,multi_experimental,6,azd5305,azd5305;camizestrant;carboplatin;dato-dxd;paclitaxel;t- dxd,PARP,Small Molecule,,0,1,0,0,0,0,0,0,0,1,0,,metastatic · 2nd-line+ · ECOG 0
NCT04655976,Efficacy Comparison of Cobolimab + Dostarlimab + Docetaxel to Dostarlimab + Docetaxel to Docetaxel Alone in Participants With Advanced Non-small Cell Lung Cancer Who Have Progressed on Prior Anti-PD-(L)1 Therapy and Chemotherapy,PHASE2;PHASE3,Phase 3,ACTIVE_NOT_RECRUITING,758,GlaxoSmithKline,GSK,468,1,1,active_comparator,3,docetaxel,cobolimab;docetaxel;dostarlimab,PD-1,Monoclonal Antibody,ALK;PD-L1,1,1,0,1,0,0,0,1,0,1,1,"ALK+, PD-L1+",metastatic · 2nd-line+ · squamous · measurable (RECIST)
NCT04656652,Study of DS-1062a Versus Docetaxel in Previously Treated Advanced or Metastatic Non-small Cell Lung Cancer With or Without Actionable Genomic Alterations (TROPION-LUNG01),PHASE3,Phase 3,ACTIVE_NOT_RECRUITING,605,Daiichi Sankyo,Daiichi Sankyo,178,1,1,active_comparator,2,docetaxel,ds-1062a,TROP2,ADC,ALK;BRAF;MET;NTRK;PD-L1;RET;ROS1;TROP2;genomic,1,1,1,1,1,0,1,1,0,1,1,"EGFRm, ALK+, ROS1+, MET+, PD-L1+",metastatic · 2nd-line+ · small-cell · measurable (RECIST) · ECOG 0
NCT04665206,Study to Evaluate VT3989 in Patients With Metastatic Solid Tumors,PHASE1;PHASE2,Phase 2,RECRUITING,434,"Vivace Therapeutics, Inc",Vivace Therapeutics,1,1,0,multi_experimental,3,vt3989,nivolumab & ipilimumab;osimertinib;pemetrexed/carboplatin;vt3989,TEAD,Small Molecule,NF2,0,1,1,0,0,0,0,0,0,0,1,EGFRm,metastatic · measurable (RECIST) · ECOG 0-1
NCT04665856,Study of Atezolizumab Plus Carboplatin and Etoposide With or Without Tiragolumab in Participants With Untreated Extensive-Stage Small Cell Lung Cancer,PHASE3,Phase 3,ACTIVE_NOT_RECRUITING,123,Hoffmann-La Roche,Roche/Genentech,922,1,1,placebo_comparator,2,atezolizumab;carboplatin;etoposide;tiragolumab matching placebo,atezolizumab;carboplatin;etoposide;tiragolumab,TIGIT,Monoclonal Antibody,,1,1,0,0,0,0,0,0,0,0,0,,metastatic · small-cell · measurable (RECIST)
NCT04676477,HER3-DXd (Patritumab Deruxtecan; U3-1402) in Combination With Osimertinib in Subjects With Locally Advanced or Metastatic EGFR-mutated Non-Small Cell Lung Cancer,PHASE1,Phase 1,ACTIVE_NOT_RECRUITING,246,Daiichi Sankyo,Daiichi Sankyo,178,1,1,multi_experimental,6,her3-dxd,her3-dxd;osimertinib,HER3,ADC,EGFR;HER3;PR,1,1,1,0,0,0,0,0,1,1,1,EGFRm,metastatic · 1st-line · small-cell · measurable (RECIST)
NCT04678648,A Trial of RSC-1255 for Treatment of Patients With Advanced Malignancies,PHASE1,Phase 1,RECRUITING,134,"RasCal Therapeutics, Inc.",RasCal Therapeutics,1,1,0,single_arm,1,rsc-1255 dose escalation;rsc-1255 dose expansion,rsc-1255 dose escalation;rsc-1255 dose expansion,,,,0,1,0,0,0,0,0,0,0,1,0,,metastatic · 2nd-line+
NCT04683250,Study of RET Inhibitor TAS0953/HM06 in Patients With Advanced Solid Tumors With RET Gene Abnormalities,PHASE1;PHASE2,Phase 2,RECRUITING,244,"Taiho Pharmaceutical Co., Ltd.",Taiho,86,1,0,multi_experimental,2,tas0953/hm06,tas0953/hm06,RET,Small Molecule,ALK;BRAF;HER2;KRAS;RET;ROS1,0,1,0,0,1,0,1,0,0,0,1,"ROS1+, MET+",metastatic · measurable (RECIST)
NCT04685135,Phase 3 Study of MRTX849 (Adagrasib) vs Docetaxel in Patients With Advanced Non-Small Cell Lung Cancer With KRAS G12C Mutation,PHASE3,Phase 3,ACTIVE_NOT_RECRUITING,453,Mirati Therapeutics Inc.,Mirati,42,1,0,active_comparator,2,docetaxel,mrtx849,KRAS,Small Molecule,KRAS,0,1,0,0,0,1,0,0,0,0,1,KRAS G12C,metastatic · measurable (RECIST)
NCT04686305,"Phase Ib Study of the Safety of T-DXd and Immunotherapy Agents With and Without Chemotherapy in Advanced or Metastatic HER2+, Non-squamous NSCLC",PHASE1,Phase 1,RECRUITING,304,AstraZeneca,AstraZeneca,780,1,1,multi_experimental,10,t-dxd,carboplatin;cisplatin;durvalumab;pemetrexed;rilvegostomig;t-dxd;volrustomig,HER2,ADC,HER2;PD-L1;genomic,1,1,0,0,0,0,0,1,1,0,1,PD-L1+,metastatic · 1st-line · squamous · measurable (RECIST)
NCT04686682,"A First-in-Human, JAB-8263 in Adult Patients With Advanced Tumors",PHASE1;PHASE2,Phase 2,RECRUITING,152,"Jacobio Pharmaceuticals Co., Ltd.",Jacobio Pharmaceuticals,13,1,0,multi_experimental,2,jab-8263,jab-8263,,,,0,1,0,0,0,0,0,0,0,1,0,,metastatic · 2nd-line+ · measurable (RECIST)
NCT04687241,Almonertinib Versus Placebo as Adjuvant Therapy in Resected Stage II-IIIB Non-Small Cell Lung Cancer With EGFR-sensitive Mutations,PHASE3,Phase 3,ACTIVE_NOT_RECRUITING,192,"Jiangsu Hansoh Pharmaceutical Co., Ltd.",Hansoh,82,1,0,placebo_comparator,2,placebo almonertinib,almonertinib,EGFR,Small Molecule,EGFR;PR,0,1,1,0,0,0,0,0,0,1,1,EGFRm,metastatic · 2nd-line+ · squamous
NCT04691817,Tocilizumab and Atezolizumab in Adults With Locally Advanced or Metastatic Non-Small Cell Lung Cancer Refractory to 1st Line Immune Checkpoint Inhibitor-Based Therapy,PHASE1;PHASE2,Phase 2,RECRUITING,28,Abramson Cancer Center at Penn Medicine,Abramson Cancer Center at Penn Medicine,31,0,1,single_arm,1,atezolizumab;tocilizumab,atezolizumab;tocilizumab,PD-L1,Monoclonal Antibody,CMMRD;MSI-H;TMB,1,1,0,0,0,0,0,0,0,0,0,,metastatic · squamous · ECOG 0
NCT04699123,The Study of NC318 Alone or in Combination With Pembrolizumab in Patients With Advanced Non-small Cell Lung Cancer,PHASE2,Phase 2,ACTIVE_NOT_RECRUITING,159,Yale University,Yale University,65,0,1,multi_experimental,5,nc318,nc318;pembrolizumab,PD-1,,ALK;BRAF;EGFR;PD-L1;ROS1,0,1,1,1,1,0,0,1,0,0,1,"EGFRm, ALK+, ROS1+, PD-L1+",metastatic · measurable (RECIST)
NCT04699188,Study of JDQ443 in Patients With Advanced Solid Tumors Harboring the KRAS G12C Mutation,PHASE1;PHASE2,Phase 2,ACTIVE_NOT_RECRUITING,344,Novartis Pharmaceuticals,Novartis,836,1,1,multi_experimental,4,jdq443,jdq443;tislelizumab;tno155,KRAS,Small Molecule,KRAS;PD-L1;STK11,0,1,0,0,0,1,0,0,0,0,1,KRAS G12C,metastatic · measurable (RECIST)
NCT04699838,Chemo-Immunotherapy Followed by Durvalumab and Ceralasertib in Treatment Naïve Patients With Extensive Stage Small Cell Lung Cancer,PHASE2,Phase 2,ACTIVE_NOT_RECRUITING,30,Muhammad Furqan,Muhammad Furqan,3,0,1,single_arm,1,carboplatin;ceralasertib;cisplatin;durvalumab;etoposide,carboplatin;ceralasertib;cisplatin;durvalumab;etoposide,PD-L1,Monoclonal Antibody,EGFR,1,1,0,0,0,0,0,0,1,1,0,,metastatic · 1st-line · small-cell · measurable (RECIST)
NCT04701476,TATE and Pembrolizumab (MK3475) in mCRC and NSCLC,PHASE2,Phase 2,RECRUITING,110,Teclison Ltd.,Teclison,4,1,1,multi_experimental,2,tate and pembrolizumab,regorafenib pill;tas-102 pill;tate and pembrolizumab,PD-1,Monoclonal Antibody,,1,1,0,0,0,0,0,0,0,0,0,,metastatic · measurable (RECIST) · ECOG 0-1
NCT04706962,TH1902 in Patients With Advanced Solid Tumors,PHASE1,Phase 1,ACTIVE_NOT_RECRUITING,70,Theratechnologies,Theratechnologies,1,1,0,single_arm,1,th1902,th1902,SORT1,Peptide,MET;SORT1,0,1,0,0,0,0,0,0,0,1,0,,metastatic · 2nd-line+ · measurable (RECIST)
NCT04716946,Treating Early-stage Non-Small Cell Lung Cancer With Durvalumab and Radiation Therapy,PHASE2,Phase 2,ACTIVE_NOT_RECRUITING,13,Memorial Sloan Kettering Cancer Center,Memorial Sloan Kettering Cancer Center,411,0,1,single_arm,1,durvalumab;stereotactic body radiation therapy,durvalumab;stereotactic body radiation therapy,PD-L1,Monoclonal Antibody,ALK;EGFR;PD-L1,1,1,0,0,0,0,0,1,0,0,1,PD-L1+,unresectable · squamous · ECOG 0-1
NCT04721015,Study of Intravenous (IV) ABBV-637 Alone or in Combination With IV Docetaxel/Osimertinib to Assess Adverse Events and Change in Disease Activity in Adult Participants With Relapsed/Refractory (R/R) Solid Tumors,PHASE1,Phase 1,ACTIVE_NOT_RECRUITING,81,AbbVie,AbbVie,274,1,1,multi_experimental,5,abbv-637,abbv-637;docetaxel;osimertinib,EGFR,ADC,,1,1,0,0,0,0,0,0,0,1,0,,2nd-line+ · small-cell · measurable (RECIST)
NCT04728230,"Olaparib and Durvalumab With Carboplatin, Etoposide, and/or Radiation Therapy for the Treatment of Extensive-Stage Small Cell Lung Cancer, PRIO Trial",PHASE1;PHASE2,Phase 2,ACTIVE_NOT_RECRUITING,63,M.D. Anderson Cancer Center,M.D. Anderson Cancer Center,697,0,1,single_arm,1,carboplatin;durvalumab;etoposide;olaparib;radiation therapy,carboplatin;durvalumab;etoposide;olaparib;radiation therapy,PD-L1,Monoclonal Antibody,EGFR;PD-L1;biomarker,1,1,0,0,0,0,0,1,0,1,1,PD-L1+,metastatic · 2nd-line+ · ductal
NCT04736173,Study Evaluating Effectiveness and Safety of Zimberelimab and Domvanalimab in Lung Cancer,PHASE2,Phase 2,ACTIVE_NOT_RECRUITING,169,"Arcus Biosciences, Inc.",Arcus Biosciences,21,1,1,active_comparator,5,carboplatin;paclitaxel;pembrolizumab;pemetrexed,domvanalimab;zimberelimab,TIGIT,Monoclonal Antibody,PD-L1;genomic,1,1,0,0,0,0,0,1,1,1,1,PD-L1+,metastatic · 1st-line · squamous · measurable (RECIST)
NCT04743505,Safety and Efficacy of Combining APL-101 With Frontline Osimertinib in Patients With EGFR-mutated Metastatic Non-small Cell Lung Cancer (NSCLC),PHASE1;PHASE2,Phase 2,ACTIVE_NOT_RECRUITING,27,Washington University School of Medicine,Washington University School of Medicine,178,0,0,multi_experimental,3,apl-101;osimertinib,apl-101;osimertinib,EGFR,Small Molecule,EGFR,0,1,1,0,0,0,0,0,1,1,1,EGFRm,metastatic · 1st-line · small-cell · measurable (RECIST)
NCT04745689,Study of AZD2811 + Durvalumab in ES-SCLC,PHASE2,Phase 2,ACTIVE_NOT_RECRUITING,31,AstraZeneca,AstraZeneca,780,1,1,single_arm,1,azd2811;carboplatin;cisplatin;durvalumab;etoposide,azd2811;carboplatin;cisplatin;durvalumab;etoposide,PD-L1,Monoclonal Antibody,EGFR,1,1,0,0,0,0,0,0,1,0,0,,1st-line · ECOG 0
NCT04762459,Efficacy and Safety of Almonertinib Combined With or Without Chemotherapy as an Adjuvant Treatment for Stage II-IIIA Non-small Cell Lung Carcinoma Following Complete Tumour Resection,PHASE3,Phase 3,ENROLLING_BY_INVITATION,606,Chinese Academy of Medical Sciences,Chinese Academy of Medical Sciences,11,0,0,active_comparator,3,almonertinib;cisplatin;pemetrexed,almonertinib;cisplatin;pemetrexed,EGFR,Small Molecule,EGFR;PR,0,1,1,0,0,0,0,0,0,1,1,EGFRm,neoadjuvant · 2nd-line+ · squamous
NCT04765059,A Study to Evaluate Chemotherapy Plus Osimertinib Against Chemotherapy Plus Placebo in Patients With Non-small Cell Lung Cancer (NSCLC),PHASE3,Phase 3,ACTIVE_NOT_RECRUITING,98,AstraZeneca,AstraZeneca,780,1,1,placebo_comparator,2,placebo for osimertinib (azd9291) pemetrexed cisplatin or carboplatin,osimertinib (azd9291) pemetrexed cisplatin or carboplatin,EGFR,Small Molecule,EGFR,0,1,1,0,0,0,0,0,1,1,1,EGFRm,metastatic · 1st-line · squamous
NCT04787042,"Phase 1a and Phase 2 Study for Safety, Preliminary Efficacy, PK and PD of ST-067",PHASE1;PHASE2,Phase 2,RECRUITING,316,"Simcha IL-18, Inc.",Simcha IL-18,1,1,1,multi_experimental,4,st-067,obinutuzumab;pembrolizumab;st-067,PD-1,Recombinant Protein,ALK;HER2;MMR;MSI;MSI-H;PD-L1;TMB,0,1,0,1,0,0,0,1,0,1,1,"ALK+, PD-L1+",metastatic · 2nd-line+ · squamous · measurable (RECIST)
NCT04791839,Safety and Efficacy of Zimberelimab (AB122) in Combination With Domvanalimab (AB154) and Etrumadenant (AB928) in Patients With Previously Treated Non-Small Cell Lung Cancer,PHASE2,Phase 2,ACTIVE_NOT_RECRUITING,30,Washington University School of Medicine,Washington University School of Medicine,178,0,0,multi_experimental,2,domvanalimab;etrumadenant;zimberelimab,domvanalimab;etrumadenant;zimberelimab,PD-1,Monoclonal Antibody,ALK;EGFR;PD-L1;RET;ROS1,1,1,1,1,1,0,0,1,0,1,1,"EGFRm, ALK+, ROS1+, PD-L1+",metastatic · 2nd-line+ · squamous · measurable (RECIST)
NCT04802876,Efficacy of Tislelizumab and Spartalizumab Across Multiple Cancer-types in Patients with PD1-high MRNA Expressing Tumors,PHASE2,Phase 2,ACTIVE_NOT_RECRUITING,184,SOLTI Breast Cancer Research Group,SOLTI Breast Cancer Research Group,18,0,1,multi_experimental,3,,spartalizumab;tislelizumab,PD-1,Monoclonal Antibody,BRAF,1,1,0,0,0,0,0,1,0,0,1,PD-L1+,metastatic · squamous · measurable (RECIST)
NCT04819100,A Study of Selpercatinib After Surgery or Radiation in Participants With Non-Small Cell Lung Cancer (NSCLC),PHASE3,Phase 3,ACTIVE_NOT_RECRUITING,152,Eli Lilly and Company,Eli Lilly,535,1,1,placebo_comparator,2,,selpercatinib,RET,Small Molecule,RET,0,0,0,0,0,0,0,0,0,0,0,,adjuvant · small-cell
NCT04841811,MDT-bridged Radical Therapy After Aumolertinib With MRD-guided Maintenance in EGFRm+ Unresectable Stage III NSCLC (APPROACH),PHASE3,Phase 3,ACTIVE_NOT_RECRUITING,192,Guangdong Association of Clinical Trials,Guangdong Association of Clinical Trials,7,0,0,active_comparator,2,almonertinib,almonertinib,EGFR,Small Molecule,EGFR,0,1,1,0,0,0,0,0,0,0,1,EGFRm,unresectable · squamous · measurable (RECIST)
NCT04846634,Penpulimab-based Combination Neoadjuvant/Adjuvant Therapy for Patients With Resectable Locally Advanced Non-small Cell Lung Cancer: a Phase II Clinical Study (ALTER-L043),PHASE2,Phase 2,NOT_YET_RECRUITING,90,Tianjin Medical University Cancer Institute and Hospital,Tianjin Medical University Cancer Institute and Hospital,28,0,0,multi_experimental,3,,penpulimab+anlotinib;penpulimab+anlotinib+cisplatin/carboplatin+pemetrexed/paclitaxel/gemcitabine/docetaxel;penpulimab+cisplatin/carboplatin+pemetrexed/paclitaxel/gemcitabine/docetaxel,PD-1,Monoclonal Antibody,PD-L1;ROS1,1,1,0,1,1,0,0,0,0,0,1,"ALK+, ROS1+",metastatic · small-cell
NCT04853342,"To Assess the Efficacy and Safety of Furmonertinib Versus Placebo, in Patients With Epidermal Growth Factor Receptor Mutation Positive Stage II-IIIA Non-small Cell Lung Carcinoma, Following Complete Tumour Resection With or Without Adjuvant Chemotherapy",PHASE3,Phase 3,RECRUITING,318,"Allist Pharmaceuticals, Inc.",Allist Pharmaceuticals,19,1,0,placebo_comparator,2,furmonertinib,drug: furmonertinib,EGFR,Small Molecule,EGFR,0,1,1,0,0,0,0,0,0,1,1,EGFRm,neoadjuvant · 2nd-line+ · squamous
NCT04868877,"Phase 1/2 Study Evaluating MCLA-129, a Human Anti-EGFR, Anti-c-MET Bispecific Antibody, in Advanced NSCLC and Other Solid Tumors, Alone and in Combination",PHASE1;PHASE2,Phase 2,ACTIVE_NOT_RECRUITING,194,Merus B.V.,Merus,8,1,0,multi_experimental,7,mcla-129,mcla-129;osimertinib,EGFR,Bispecific Antibody,MET,1,1,0,0,0,0,0,0,1,0,0,,metastatic · 1st-line · measurable (RECIST)
NCT04875585,Trial Exploring Combined Neoadjuvant Therapy With Pembrolizumab/Lenvatinib + Adjuvant Pembrolizumab in Pat. With NSCLC,PHASE2,Phase 2,RECRUITING,33,Medical University Innsbruck,Medical University Innsbruck,4,0,1,single_arm,1,adjuvant treatment phase;neoadjuvant therapy with pembrolizumab/lenvatinib;surgery,adjuvant treatment phase;neoadjuvant therapy with pembrolizumab/lenvatinib;surgery,PD-1,Monoclonal Antibody,PD-L1,1,1,0,0,0,0,0,1,0,0,1,PD-L1+,resectable · measurable (RECIST)
NCT04886804,Beamion LUNG-1: A Study to Test Different Doses of Zongertinib in People With Different Types of Advanced Cancer (Solid Tumours With Changes in the HER2 Gene),PHASE1,Phase 1,ACTIVE_NOT_RECRUITING,554,Boehringer Ingelheim,Boehringer Ingelheim,237,1,1,multi_experimental,10,zongertinib,zongertinib,HER2,Small Molecule,HER2;genomic,0,1,0,0,0,0,0,0,1,0,0,,metastatic · 1st-line · adenoca. · measurable (RECIST) · ECOG 0-1
NCT04888429,Camrelizumab Plus Famitinib as Treatment in Patient With Advanced or Metastatic Pulmonary Sarcomatoid Carcinoma,PHASE2,Phase 2,RECRUITING,28,Qian Chu,Qian Chu,1,0,0,single_arm,1,camrelizumab;famitinib,camrelizumab;famitinib,PD-1,Monoclonal Antibody,ALK;BRAF;MET;PD-L1;ROS1;biomarker,1,1,1,0,1,0,0,1,0,0,1,"EGFRm, ROS1+, PD-L1+",metastatic · small-cell · measurable (RECIST) · ECOG 0-1
NCT04895709,A Study of BMS-986340 as Monotherapy and as Combination Therapy in Participants With Advanced Solid Tumors,PHASE1;PHASE2,Phase 2,RECRUITING,1109,Bristol-Myers Squibb,Bristol Myers Squibb,764,1,1,multi_experimental,9,bms-986340,bms-936558-01;bms-986340;docetaxel;pumitamig,PD-1,Monoclonal Antibody,PD-L1;biomarker;biomarker analysis,1,1,0,0,0,0,0,0,0,1,0,,metastatic · 2nd-line+ · measurable (RECIST)
NCT04906746,Ruxolitinib for Cancer Cachexia,EARLY_PHASE1,Phase 1,ACTIVE_NOT_RECRUITING,10,Tu Dan,Tu Dan,1,0,0,single_arm,1,identify any dose-limiting toxicity (dlt) when ruxolitinib is administered to nsclc cachexia patients.,identify any dose-limiting toxicity (dlt) when ruxolitinib is administered to nsclc cachexia patients.,JAK1/JAK2,Small Molecule,,0,1,0,0,0,0,0,0,0,0,0,,stage IV · squamous · measurable (RECIST)
NCT04913285,A Study to Evaluate KIN-2787 in Participants With BRAF and/or NRAS Mutation Positive Solid Tumors,PHASE1,Phase 1,RECRUITING,400,Pierre Fabre Medicament,Pierre Fabre Medicament,27,1,0,multi_experimental,4,,kin-2787;kin-2787 and binimetinib,BRAF,Small Molecule,BRAF;MET;NRAS;genomic,0,1,0,0,0,0,0,0,0,0,0,,metastatic · measurable (RECIST)
NCT04919382,Temozolomide and Atezolizumab for Subsequent Line for the Treatment of Metastatic or Recurrent Small Cell Lung Cancer,PHASE2,Phase 2,RECRUITING,56,Dwight Owen,Dwight Owen,3,0,1,multi_experimental,2,atezolizumab;temozolomide,atezolizumab;temozolomide,PD-L1,Monoclonal Antibody,CMMRD;MET;MSI-H;TMB,1,1,0,0,0,0,0,0,1,1,0,,metastatic · 1st-line · small-cell · measurable (RECIST)
NCT04919811,Taletrectinib Phase 2 Global Study in ROS1 Positive NSCLC,PHASE2,Phase 2,ACTIVE_NOT_RECRUITING,217,Nuvation Bio Inc.,Nuvation,16,1,0,single_arm,1,taletrectinib,taletrectinib,ROS1,Small Molecule,ROS1,0,1,0,0,1,0,0,0,1,1,1,ROS1+,metastatic · 1st-line · measurable (RECIST)
NCT04923906,Aumolertinib with or Without Chemotherapy As 1st Line Treatment in Locally Advanced or Metastatic Non-Small Cell Lung Cancer with Sensitizing EGFR Mutations,PHASE3,Phase 3,ACTIVE_NOT_RECRUITING,624,"Jiangsu Hansoh Pharmaceutical Co., Ltd.",Hansoh,82,1,0,active_comparator,2,placebo aumolertinib,aumolertinib,EGFR,Small Molecule,EGFR;PR,0,1,1,0,0,0,0,0,1,1,1,EGFRm,metastatic · 1st-line
NCT04928846,A Study to Assess Disease Activity and Adverse Events of Intravenous (IV) Telisotuzumab Vedotin Compared to IV Docetaxel in Adult Participants With Previously Treated Non-Squamous Non-Small Cell Lung Cancer (NSCLC),PHASE3,Phase 3,RECRUITING,768,AbbVie,AbbVie,274,1,1,active_comparator,2,docetaxel,telisotuzumab vedotin,MET,ADC,ALK;MET,1,1,1,1,0,0,0,0,0,0,1,"EGFRm, ALK+",metastatic · squamous · measurable (RECIST)
NCT04930432,"Study of MCLA-129, a Human Bispecific EGFR and cMet Antibody, in Patients With Advanced NSCLC and Other Solid Tumors",PHASE1;PHASE2,Phase 2,RECRUITING,400,"Betta Pharmaceuticals Co., Ltd.",Betta Pharmaceuticals,66,1,0,multi_experimental,2,mcla-129,mcla-129,EGFR,Bispecific Antibody,EGFR;MET;biomarker,1,1,1,0,0,0,1,0,0,1,1,"EGFRm, MET+",metastatic · 2nd-line+ · adenoca. · measurable (RECIST)
NCT04931654,A Study to Assess the Safety and Efficacy of AZD7789 in Participants With Advanced or Metastatic Solid Cancer,PHASE1;PHASE2,Phase 2,ACTIVE_NOT_RECRUITING,136,AstraZeneca,AstraZeneca,780,1,1,multi_experimental,6,azd7789,azd7789,PD-1,Bispecific Antibody,ALK;HER2;PD-L1;genomic,1,1,0,1,0,0,0,1,1,0,1,"ALK+, PD-L1+",metastatic · 1st-line · adenoca. · measurable (RECIST)
NCT04933903,"BrUOG 397: NEO Rad (LOW): Neoadjuvant Low Dose Stereotactic Body Radiotherapy, Ipilimumab and Nivolumab",PHASE2,Phase 2,RECRUITING,25,Brown University,Brown University,22,0,1,single_arm,1,ipilimumab;nivolumab;sbrt,ipilimumab;nivolumab;sbrt,CTLA-4,Monoclonal Antibody,PD-L1;biomarker,1,1,0,0,0,0,0,0,0,0,0,,resectable
NCT04938817,Safety and Efficacy Study of Investigational Agents as Monotherapy or in Combination With Pembrolizumab (MK-3475) for the Treatment of Extensive-Stage Small Cell Lung Cancer (ES-SCLC) in Need of Second-Line Therapy (MK-3475-B98/KEYNOTE-B98),PHASE1;PHASE2,Phase 2,ACTIVE_NOT_RECRUITING,110,Merck Sharp & Dohme LLC,Merck (MSD),649,1,1,multi_experimental,5,,coformulation favezelimab/pembrolizumab;coformulation pembrolizumab/quavonlimab;lenvatinib;mk-4830;r-dxd,PD-1,Monoclonal Antibody,PD-L1,1,1,0,0,0,0,0,1,1,1,1,PD-L1+,metastatic · 1st-line · small-cell · measurable (RECIST)
NCT04940325,"Datopotamab Deruxtecan (Dato-DXd, DS-1062a) in Advanced and/or Unresectable Non-Small Cell Lung Cancer",PHASE2,Phase 2,ACTIVE_NOT_RECRUITING,100,"Gustave Roussy, Cancer Campus, Grand Paris","Gustave Roussy, Cancer Campus, Grand Paris",31,0,1,single_arm,1,ds-1062a,ds-1062a,TROP2,ADC,ALK;BRAF;MET;NTRK;PD-L1;RET;ROS1;TROP2,1,1,0,0,1,0,0,1,0,1,1,"ROS1+, PD-L1+",metastatic · 2nd-line+ · measurable (RECIST)
NCT04951635,A Phase III Study to Assess the Effects of Almonertinib Following Chemoradiation in Patients With Stage III Unresectable Non-small Cell Lung Cancer,PHASE3,Phase 3,RECRUITING,150,"Jiangsu Hansoh Pharmaceutical Co., Ltd.",Hansoh,82,1,0,placebo_comparator,2,placebo almonertinib,almonertinib,EGFR,Small Molecule,EGFR;PR,0,1,1,0,0,0,0,0,0,1,1,EGFRm,unresectable · 2nd-line+ · squamous
NCT04956640,Study of LY3537982 in Cancer Patients With a Specific Genetic Mutation (KRAS G12C),PHASE1;PHASE2,Phase 2,ACTIVE_NOT_RECRUITING,540,Eli Lilly and Company,Eli Lilly,535,1,1,multi_experimental,3,ly3537982,carboplatin;cetuximab;cisplatin;ly3537982;pembrolizumab;pemetrexed,KRAS,Small Molecule,KRAS,0,1,0,0,0,1,0,0,1,0,1,KRAS G12C,metastatic · 1st-line · measurable (RECIST)
NCT04956692,Study of Pembrolizumab (MK-3475) Subcutaneous (SC) Versus Pembrolizumab Intravenous (IV) Administered With Platinum Doublet Chemotherapy in Participants With Metastatic Squamous or Nonsquamous Non-Small Cell Lung Cancer (NSCLC) (MK-3475-A86),PHASE3,Phase 3,ACTIVE_NOT_RECRUITING,531,Merck Sharp & Dohme LLC,Merck (MSD),649,1,1,active_comparator,2,carboplatin;cisplatin;nab-paclitaxel;paclitaxel;pembrolizumab iv;pemetrexed,carboplatin;cisplatin;nab-paclitaxel;paclitaxel;pembrolizumab sc;pemetrexed,PD-1,Monoclonal Antibody,ALK;PD-L1;ROS1,1,1,0,1,1,0,0,1,0,0,1,"ALK+, ROS1+, PD-L1+",metastatic · squamous · measurable (RECIST)
NCT04958811,Tiragolumab With Atezolizumab Plus Bevacizumab in Previously-Treated Advanced Non-squamous NSCLC,PHASE2,Phase 2,ACTIVE_NOT_RECRUITING,29,Georgetown University,Georgetown University,55,0,1,single_arm,1,atezolizumab;bevacizumab;tiragolumab,atezolizumab;bevacizumab;tiragolumab,TIGIT,Monoclonal Antibody,ALK;MET;PD-L1;ROS1,1,1,0,0,1,0,0,1,0,0,1,"ROS1+, PD-L1+",metastatic · squamous · measurable (RECIST)
NCT04966663,Using ctDNA to Determine Therapies for Lung Cancer,PHASE2,Phase 2,RECRUITING,66,"University Health Network, Toronto","University Health Network, Toronto",91,0,1,multi_experimental,2,carboplatin;cisplatin;ctdna blood test;gemcitabine;nivolumab;pemetrexed,carboplatin;cisplatin;ctdna blood test;gemcitabine;nivolumab;pemetrexed,PD-1,Monoclonal Antibody,CD30;MET;PD-L1;genomic,1,1,0,0,0,0,0,1,0,0,1,PD-L1+,adjuvant · adenoca.
NCT04969315,TT-4 and TT-10 as Single Agents and in Combination in Subjects With Advanced Selected Solid Tumors and Pleural Mesothelioma,PHASE1;PHASE2,Phase 2,RECRUITING,35,Portage Biotech,Portage Biotech,1,1,0,multi_experimental,3,,tt-10;tt-4,ADORA2A,Small Molecule,MET,0,1,0,0,0,0,0,0,0,0,0,,metastatic · small-cell · measurable (RECIST) · ECOG 2
NCT04977453,GI-101/GI-101A as a Single Agent or in Combination With Pembrolizumab or Lenvatinib in Advanced Solid Tumors,PHASE1;PHASE2,Phase 2,RECRUITING,317,"GI Innovation, Inc.",GI Innovation,4,1,1,multi_experimental,5,,gi-101;gi-101a;lenvatinib;pembrolizumab (keytruda),PD-1,Bispecific Antibody,,1,1,0,0,0,0,0,0,0,0,0,,metastatic · measurable (RECIST)
NCT04988295,A Study of Amivantamab and Lazertinib in Combination With Platinum-Based Chemotherapy Compared With Platinum-Based Chemotherapy in Patients With Epidermal Growth Factor Receptor (EGFR)-Mutated Locally Advanced or Metastatic Non- Small Cell Lung Cancer After Osimertinib Failure,PHASE3,Phase 3,ACTIVE_NOT_RECRUITING,776,"Janssen Research & Development, LLC",Johnson & Johnson,363,1,1,active_comparator,5,carboplatin;pemetrexed,amivantamab;carboplatin;lazertinib;pemetrexed,EGFR,Small Molecule,EGFR,0,1,1,0,0,0,0,0,1,0,1,EGFRm,metastatic · 1st-line · squamous · measurable (RECIST) · ECOG 0
NCT04995523,A Study of AZD2936 Anti-TIGIT/Anti-PD-1 Bispecific Antibody in Participants With Advanced or Metastatic NSCLC,PHASE1;PHASE2,Phase 2,ACTIVE_NOT_RECRUITING,212,AstraZeneca,AstraZeneca,780,1,1,multi_experimental,5,azd2936,azd2936,TIGIT,Bispecific Antibody,ALK;BRAF;NTRK;PD-L1;ROS1;genomic,1,1,0,1,1,0,0,1,1,0,1,"ALK+, ROS1+, PD-L1+",metastatic · 1st-line · squamous · measurable (RECIST)
NCT04996121,A Study of XZP-5955 Tablets in Patients With NTRK or ROS1 Fusion Positive Locally Advanced or Metastatic Solid Tumors,PHASE1;PHASE2,Phase 2,RECRUITING,360,"Xuanzhu Biopharmaceutical Co., Ltd.",Xuanzhu Biopharmaceutical,11,1,0,single_arm,1,xzp-5955 tablets,xzp-5955 tablets,NTRK,Small Molecule,NTRK;ROS1,0,1,0,0,1,0,0,0,0,1,1,ROS1+,metastatic · 2nd-line+ · measurable (RECIST) · ECOG 0-1
NCT04999761,AB122 Platform Study,PHASE1,Phase 1,RECRUITING,917,"Taiho Pharmaceutical Co., Ltd.",Taiho,86,1,0,multi_experimental,18,ab122,ab122;ab154;bevacizumab;carboplatin;cisplatin;fluorouracil;gemcitabine;nab-paclitaxel;ramucirumab;tas-115;tas-116;tas-120;trifluridine/tipiracil,PD-1,Monoclonal Antibody,KRAS;MET;PD-L1,1,1,0,0,0,0,0,1,1,1,1,PD-L1+,metastatic · 1st-line · adenoca.
NCT05000710,"Concomitant Radiotherapy, Tremelimumab & Durvalumab for Advanced NSCLC Patients Progressing on First-line Immunotherapy",PHASE2,Phase 2,ACTIVE_NOT_RECRUITING,29,Sheba Medical Center,Sheba Medical Center,6,0,1,single_arm,1,durvalumab;low dose irradiation;tremelimumab,durvalumab;low dose irradiation;tremelimumab,PD-L1,Monoclonal Antibody,ALK;EGFR;PD-L1;ROS1,1,1,0,0,1,0,0,1,1,1,1,"ROS1+, PD-L1+",metastatic · 1st-line · measurable (RECIST)
NCT05005403,"Study to Assess Adverse Events and Pharmacokinetics in Adult Participants With Non-Small Cell Lung Cancer, Head and Neck Squamous Cell Carcinoma and Other Solid Tumors, Receiving Intravenous Infusion of Azirkitug Alone or in Combination(s) With Budigalimab, Bevacizumab, or Telisotuzumab Adizutecan",PHASE1,Phase 1,RECRUITING,694,AbbVie,AbbVie,274,1,1,multi_experimental,17,azirkitug,azirkitug;bevacizumab;budigalimab;telisotuzumab adizutecan,PD-1,Monoclonal Antibody,BRAF;HER2;MSI;MSI-H;PD-L1,1,1,0,0,0,0,0,1,1,0,1,PD-L1+,metastatic · 1st-line · adenoca. · measurable (RECIST)
NCT05009329,A Study of JAB-21822 in Adult Patients With Advanced Solid Tumors Harboring KRAS p.G12C Mutation in China,PHASE1;PHASE2,Phase 2,ACTIVE_NOT_RECRUITING,315,"Allist Pharmaceuticals, Inc.",Allist Pharmaceuticals,19,1,0,multi_experimental,3,jab-21822,jab-21822,KRAS,Small Molecule,KRAS,0,1,0,0,0,1,0,0,0,1,1,KRAS G12C,metastatic · 2nd-line+ · measurable (RECIST)
NCT05009836,Clinical Study on Savolitinib + Osimertinib in Treatment of EGFRm+/MET+ Locally Advanced or Metastatic NSCLC,PHASE3,Phase 3,ACTIVE_NOT_RECRUITING,412,Hutchmed,Hutchison Medipharma,45,1,0,placebo_comparator,2,,savolitinib,MET,Small Molecule,EGFR;MET,0,0,1,0,0,0,0,0,0,0,1,EGFRm,metastatic · measurable (RECIST)
NCT05020457,SI-B001 Combined With Chemotherapy in the Treatment of EGFR/ALK WT Recurrent or Metastatic NSCLC.,PHASE2,Phase 2,ACTIVE_NOT_RECRUITING,69,"Sichuan Baili Pharmaceutical Co., Ltd.",Sichuan Baili Pharmaceutical,127,1,0,multi_experimental,3,si-b001,ap or tp;docetaxel;si-b001,PD-1,Bispecific Antibody,ALK;BRAF;HER2;KRAS;MET;NTRK;PD-L1;RET;ROS1,1,1,0,0,1,1,0,1,1,0,1,"ROS1+, KRAS G12C, PD-L1+",metastatic · 1st-line · measurable (RECIST) · ECOG 0
NCT05020769,SI-B001 Combined With Osimertinib Mesylate Tablets in the Treatment of Recurrent Metastatic Non-small Cell Lung Cancer.,PHASE2;PHASE3,Phase 3,ACTIVE_NOT_RECRUITING,14,"Sichuan Baili Pharmaceutical Co., Ltd.",Sichuan Baili Pharmaceutical,127,1,0,multi_experimental,3,osimertinib;si-b001,osimertinib;si-b001,EGFR,Bispecific Antibody,ALK;HER2;MET;RET,1,1,1,0,0,0,0,0,1,1,1,EGFRm,metastatic · 1st-line · squamous · measurable (RECIST) · ECOG 0
NCT05024214,Phase Ib/II Trial of Envafolimab Plus Lenvatinib for Subjects With Solid Tumors,PHASE1;PHASE2,Phase 2,RECRUITING,170,"3D Medicines (Sichuan) Co., Ltd.",3D Medicines (Sichuan),10,1,0,multi_experimental,6,,lenvatinib + envafolimab;sunitinib,VEGF/VEGFR,Small Molecule,PD-L1,0,1,0,0,0,0,0,0,0,1,0,,metastatic · 2nd-line+ · measurable (RECIST)
NCT05029882,Study to Assess Adverse Events and Change in Disease Activity in Adult Participants With Advanced Solid Tumors Receiving Intravenous (IV) ABBV-400 as Monotherapy and in Combination With IV Bevacizumab,PHASE1,Phase 1,ACTIVE_NOT_RECRUITING,520,AbbVie,AbbVie,274,1,1,multi_experimental,12,,abbv-400;bevacizumab;trifluridine/tipiracil,EGFR,ADC,BRAF;HER2;MET;MSI;MSI-H;dMMR,1,1,0,0,0,0,1,0,0,0,1,MET+,metastatic · adenoca. · measurable (RECIST)
NCT05047250,"A Study of Atezolizumab in High PD-L1 Expression, Chemotherapy-Naïve Patients With Stage IV Non-Squamous or Squamous Non-Small Cell Lung Cancer",PHASE3,Phase 3,ACTIVE_NOT_RECRUITING,60,Hoffmann-La Roche,Roche/Genentech,922,1,1,single_arm,1,atezolizumab,atezolizumab,PD-L1,Monoclonal Antibody,ALK;CMMRD;EGFR;MSI-H;PD-L1;TMB,1,1,0,1,0,0,0,0,0,0,1,ALK+,metastatic · squamous · measurable (RECIST)
NCT05048797,"A Study to Investigate the Efficacy and Safety of Trastuzumab Deruxtecan as the First Treatment Option for Unresectable, Locally Advanced/Metastatic Non-Small Cell Lung Cancer With HER2 Mutations",PHASE3,Phase 3,ACTIVE_NOT_RECRUITING,454,AstraZeneca,AstraZeneca,780,1,1,active_comparator,2,carboplatin;cisplatin;pembrolizumab;pemetrexed,trastuzumab deruxtecan,PD-1,Monoclonal Antibody,ALK;HER2;PD-L1,1,1,0,0,0,0,0,0,1,0,0,,metastatic · 1st-line · squamous · measurable (RECIST) · ECOG 0-1
NCT05057013,A Phase I/IIa Trial of HMBD-001 in Advanced HER3 Positive Solid Tumours,PHASE1;PHASE2,Phase 2,ACTIVE_NOT_RECRUITING,81,Cancer Research UK,Cancer Research UK,16,0,0,multi_experimental,2,,hmbd-001;hmbd-001 and enzalutamide,HER3,Monoclonal Antibody,HER3,1,1,0,0,0,0,0,0,0,1,0,,metastatic · 2nd-line+ · adenoca.
NCT05059522,Continued Access Study for Participants Deriving Benefit in Pfizer-Sponsored Avelumab Parent Studies That Are Closing,PHASE3,Phase 3,ACTIVE_NOT_RECRUITING,77,Pfizer,Pfizer,687,1,1,multi_experimental,9,avelumab,avelumab;axitinib;cmp 001;lorlatanib;pemetrexed;pf04518600;talazoparib;utomilumab,PD-L1,Monoclonal Antibody,PD-L1,1,1,0,0,0,0,0,0,0,0,0,,
NCT05060016,A Phase 2 Study of Tarlatamab in Patients With Small Cell Lung Cancer (SCLC),PHASE2,Phase 2,ACTIVE_NOT_RECRUITING,222,Amgen,Amgen,323,1,1,multi_experimental,4,tarlatamab,tarlatamab,DLL3,Bispecific Antibody,DLL3,1,1,0,0,0,0,0,0,0,1,0,,metastatic · 2nd-line+ · measurable (RECIST)
NCT05061550,Neoadjuvant and Adjuvant Treatment in Resectable Non-small Cell Lung Cancer,PHASE2,Phase 2,RECRUITING,630,AstraZeneca,AstraZeneca,780,1,1,multi_experimental,7,,azd0171;carboplatin;carboplatin/paclitaxel;cisplatin;dato-dxd;durvalumab;monalizumab;oleclumab;pemetrexed/carboplatin;pemetrexed/cisplatin;rilvegostomig;volrustomig,PD-L1,Monoclonal Antibody,ALK;EGFR;PD-L1;TROP2,1,1,1,1,0,0,0,1,0,0,1,"EGFRm, ALK+, PD-L1+",resectable · small-cell
NCT05068102,A Study to Test How BI 765063 and BI 770371 Are Taken up in Tumours of People With Different Types of Advanced Cancer Who Are Also Taking Ezabenlimab,PHASE1,Phase 1,ACTIVE_NOT_RECRUITING,14,Boehringer Ingelheim,Boehringer Ingelheim,237,1,1,multi_experimental,2,ezabenlimab,[89zr]zr- bi 765063;[89zr]zr- bi 770371;bi 765063;bi 770371;ezabenlimab,PD-1,Monoclonal Antibody,PD-L1,1,1,0,0,0,0,0,1,0,1,1,PD-L1+,metastatic · 2nd-line+ · squamous · measurable (RECIST)
NCT05074810,Phase 1/2 Study of Avutometinib (VS-6766) + Sotorasib With or Without Defactinib in KRAS G12C NSCLC Patients,PHASE1;PHASE2,Phase 2,ACTIVE_NOT_RECRUITING,153,"Verastem, Inc.",Verastem,25,1,1,multi_experimental,6,,avutometinib and sotorasib;avutometinib and sotorasib and defactinib,KRAS,Small Molecule,KRAS,0,1,0,0,0,1,0,0,0,1,1,KRAS G12C,metastatic · 2nd-line+ · measurable (RECIST)
NCT05076760,MEM-288 Oncolytic Virus Alone and in Combination With Standard of Care Therapy in Advanced Solid Tumors,PHASE1,Phase 1,RECRUITING,40,"Memgen, Inc.",Memgen,4,1,0,multi_experimental,3,mem-288 intratumoral injection,docetaxel;mem-288 intratumoral injection;nivolumab,CD40L,Oncolytic Virus,ALK;BRAF;CD8+ T cells;EGFR;IFNγ;KRAS;MET;PD-L1;RET;TCF1+ stem-like CD8+ T cells,1,1,1,1,0,0,0,1,1,1,1,"EGFRm, ALK+, PD-L1+",metastatic · 1st-line · squamous · measurable (RECIST)
NCT05078931,A Study to Evaluate Pembrolizumab Plus Lenvatinib in PD-L1 Positive TKI Resistant NSCLC Patients,PHASE2,Phase 2,ACTIVE_NOT_RECRUITING,35,Shanghai Chest Hospital,Shanghai Chest Hospital,12,0,1,single_arm,1,lenvatinib;pembrolizumab,lenvatinib;pembrolizumab,PD-1,Monoclonal Antibody,EGFR;PD-L1,1,1,1,0,0,0,0,1,0,1,1,"EGFRm, PD-L1+",metastatic · 2nd-line+ · squamous · measurable (RECIST)
NCT05081609,A Study to Investigate Safety and Tolerability of TransCon IL-2 β/γ Alone or in Combination With Pembrolizumab and/or TransCon TLR7/8 Agonist or Other Anticancer Therapies in Adult Participants With Locally Advanced or Metastatic Solid Tumor Malignancies,PHASE1;PHASE2,Phase 2,ACTIVE_NOT_RECRUITING,320,Ascendis Pharma Oncology Division A/S,Ascendis Pharma Oncology Division A/S,2,1,0,multi_experimental,13,transcon il-2 β/γ,chemotherapy drug;pembrolizumab;surgery;transcon il-2 β/γ;transcon tlr7/8 agonist;trastuzumab;trastuzumab emtansine (t-dm1),IL-2,Peptide,ALC;CD25;CXCL10;IFN-γ;PD-L1;eosinophil,0,1,0,0,0,0,0,1,0,1,1,PD-L1+,metastatic · 2nd-line+
NCT05086692,A Beta-only IL-2 ImmunoTherapY Study,PHASE1;PHASE2,Phase 2,RECRUITING,115,"Medicenna Therapeutics, Inc.",Medicenna Therapeutics,2,1,1,single_arm,1,mdna11;pembrolizumab (keytruda),mdna11;pembrolizumab (keytruda),IL-2,Cell Therapy,MSI-H,1,1,0,0,0,0,0,0,0,1,0,,metastatic · 2nd-line+ · measurable (RECIST)
NCT05089734,Study of Sacituzumab Govitecan (SG) Versus Docetaxel in Participants With Advanced or Metastatic Non-Small Cell Lung Cancer (NSCLC),PHASE3,Phase 3,ACTIVE_NOT_RECRUITING,603,Gilead Sciences,Gilead Sciences,168,1,1,active_comparator,2,docetaxel,sacituzumab govitecan-hziy (sg),TROP-1,ADC,ALK;PD-L1;TROP-1;genomic,1,1,0,1,0,0,0,1,0,0,1,"ALK+, PD-L1+",metastatic · squamous · measurable (RECIST)
NCT05089916,Radiation During Osimertinib Treatment: a Safety and Efficacy Cohort Study,PHASE2,Phase 2,ACTIVE_NOT_RECRUITING,42,AIO-Studien-gGmbH,AIO-Studien-gGmbH,46,0,1,single_arm,1,osimertinib;radiotherapy,osimertinib;radiotherapy,EGFR,Small Molecule,EGFR,0,1,1,0,0,0,0,0,1,1,1,EGFRm,metastatic · 1st-line
NCT05091567,"A Phase III, Open-Label Study of Maintenance Lurbinectedin in Combination With Atezolizumab Compared With Atezolizumab in Participants With Extensive-Stage Small-Cell Lung Cancer",PHASE3,Phase 3,ACTIVE_NOT_RECRUITING,660,Hoffmann-La Roche,Roche/Genentech,922,1,1,active_comparator,2,atezolizumab;carboplatin;etoposide,atezolizumab;carboplatin;etoposide;lurbinectedin,PD-L1,Monoclonal Antibody,CMMRD;MSI-H;PD-L1;TMB,1,1,0,0,0,0,0,1,0,0,1,PD-L1+,metastatic · measurable (RECIST) · ECOG 0
NCT05092412,"Low-dose Radiotherapy Combined With Durvalumab, Chemotherapy(EP) in the Treatment of ES-SCLC",PHASE2,Phase 2,ACTIVE_NOT_RECRUITING,30,You Lu,You Lu,1,0,1,single_arm,1,and cisplatin/carboplatin;durvalumab;etoposide;low-dose radiotherapy,and cisplatin/carboplatin;durvalumab;etoposide;low-dose radiotherapy,PD-L1,Monoclonal Antibody,EGFR;PD-L1,1,1,0,0,0,0,0,1,1,0,1,PD-L1+,metastatic · 1st-line · small-cell · measurable (RECIST)
NCT05098132,Study of STK-012 Alone and With Other Treatments in Patients With Advanced Lung Cancer and Other Cancers,PHASE1;PHASE2,Phase 2,RECRUITING,364,Synthekine,Synthekine,2,1,1,active_comparator,9,carboplatin;pembrolizumab keytruda;pemetrexed,carboplatin;pembrolizumab keytruda;pemetrexed;stk-012,PD-1,Recombinant Protein,ALK;PD-L1;ROS1;genomic,0,1,0,0,1,0,0,1,0,0,1,"ROS1+, PD-L1+",metastatic · squamous
NCT05098210,"Personalized Neo-Antigen Peptide Vaccine for the Treatment of Stage IIIC-IV Melanoma, Hormone Receptor Positive HER2 Negative Metastatic Refractory Breast Cancer or Stage III-IV Non-Small Cell Lung Cancer",PHASE1,Phase 1,RECRUITING,28,Fred Hutchinson Cancer Center,Fred Hutchinson Cancer Center,52,0,0,single_arm,1,biopsy procedure;biospecimen collection;computed tomography;echocardiography test;multigated acquisition scan;neoantigen peptide vaccine;nivolumab;poly iclc;positron emission tomography;ruxolitinib,biopsy procedure;biospecimen collection;computed tomography;echocardiography test;multigated acquisition scan;neoantigen peptide vaccine;nivolumab;poly iclc;positron emission tomography;ruxolitinib,PD-1,Monoclonal Antibody,ALK;BRAF;CD30;ER;HER2;KRAS;PD-L1;PR;ROS1,1,1,0,0,1,0,0,1,0,0,1,"ROS1+, PD-L1+",metastatic · small-cell · measurable (RECIST)
NCT05099172,First in Human Study of BAY2927088 in Participants Who Have Advanced Non-small Cell Lung Cancer (NSCLC) With Mutations in the Genes of Epidermal Growth Factor Receptor (EGFR) and/or Human Epidermal Growth Factor Receptor 2 (HER2),PHASE1;PHASE2,Phase 2,RECRUITING,400,Bayer,Bayer,283,1,1,multi_experimental,4,bay2927088_formulation b_1;bay2927088_formulation b_2,bay2927088_formulation a;bay2927088_formulation b_1;bay2927088_formulation b_2;bay2927088_formulation b_3,EGFR,Small Molecule,EGFR;HER2;MET;PR,0,1,0,0,0,0,0,0,0,0,0,,metastatic · small-cell · measurable (RECIST)
NCT05103683,First in Human Study of TORL-1-23 in Participants With Advanced Cancer,PHASE1,Phase 1,RECRUITING,90,"TORL Biotherapeutics, LLC",TORL Biotherapeutics,8,1,0,multi_experimental,2,torl-1-23,torl-1-23,CLDN6,ADC,Claudin 6,1,1,0,0,0,0,0,0,0,0,0,,metastatic · squamous · measurable (RECIST)
NCT05104515,First-in-human Study of OVM-200 as a Therapeutic Cancer Vaccine,PHASE1,Phase 1,RECRUITING,36,Oxford Vacmedix UK Ltd.,Oxford Vacmedix UK,1,1,0,single_arm,1,ovm-200,ovm-200,SURVIVIN,Peptide,PD-L1,0,1,0,0,0,0,0,1,0,0,1,PD-L1+,metastatic
NCT05107674,A Study of NX-1607 in Adults With Advanced Malignancies,PHASE1,Phase 1,RECRUITING,345,"Nurix Therapeutics, Inc.",Nurix Therapeutics,7,1,0,multi_experimental,12,nx-1607,nx-1607;paclitaxel,CBL-B,Small Molecule,PD-L1,0,1,0,0,0,0,0,1,0,1,1,PD-L1+,metastatic · 2nd-line+ · squamous · measurable (RECIST)
NCT05116462,Neoadjuvant and Adjuvant Therapy Studies of Sindilizumab in Resectable Lung Cancer,PHASE3,Phase 3,ACTIVE_NOT_RECRUITING,506,Innovent Biologics (Suzhou) Co. Ltd.,Innovent,107,1,0,placebo_comparator,2,carboplatin;cisplatin;nab-paclitaxel;paclitaxel;pemetrexed,carboplatin;cisplatin;nab-paclitaxel;paclitaxel;pemetrexed;sintilimab,PD-1,Monoclonal Antibody,PD-L1,1,1,0,0,0,0,0,0,0,0,0,,metastatic · adenoca. · ECOG 0
NCT05117242,Safety and Efficacy Study of GEN1046 as a Single Agent or in Combination With Pembrolizumab for Treatment of Recurrent (Non-small Cell) Lung Cancer,PHASE2,Phase 2,ACTIVE_NOT_RECRUITING,125,Genmab,Genmab,65,1,1,multi_experimental,3,acasunlimab,acasunlimab;pembrolizumab,PD-L1,Monoclonal Antibody,ALK;BRAF;KRAS;MET;NTRK;PD-L1;RET;ROS1,1,1,0,0,1,0,1,1,0,0,1,"ROS1+, MET+, PD-L1+",metastatic · measurable (RECIST)
NCT05117476,A Study of CLN-619 Alone and in Combination With Pembrolizumab in Advanced Solid Tumors,PHASE1,Phase 1,ACTIVE_NOT_RECRUITING,440,Cullinan Therapeutics Inc.,Cullinan Therapeutics,8,1,0,multi_experimental,7,cln-619,carboplatin auc 6;cln-619;datopotamab deruxtecan-dlnk (dato-dxd);paclitaxel;pembrolizumab;pemetrexed,MICA,Monoclonal Antibody,TROP2;biomarker;biomarker analysis,1,1,1,0,0,0,0,0,0,0,1,EGFRm,metastatic · ductal · measurable (RECIST)
NCT05118854,A Phase II Study of Neoadjuvant Sotorasib in Combination With Cisplatin or Carboplatin and Pemetrexed for Surgically Resectable Stage IIA-IIIB Non-Squamous Non-Small Cell Lung Cancer With a KRAS p.G12C Mutation,PHASE2,Phase 2,ACTIVE_NOT_RECRUITING,13,M.D. Anderson Cancer Center,M.D. Anderson Cancer Center,697,0,1,single_arm,1,amg 510;carboplatin;cisplatin;pemetrexed,amg 510;carboplatin;cisplatin;pemetrexed,KRAS,Small Molecule,KRAS,0,1,0,0,0,0,0,0,1,1,0,,metastatic · 1st-line · squamous · measurable (RECIST)
NCT05120271,BOXR1030 T Cells in Subjects With Advanced GPC3-Positive Solid Tumors,PHASE1;PHASE2,Phase 2,ACTIVE_NOT_RECRUITING,7,Sotio Biotech Inc.,Sotio Biotech,1,1,0,single_arm,1,car-gpc3 t cells,car-gpc3 t cells,GPC3,CAR-T,,1,1,0,1,0,0,0,0,0,1,1,ALK+,metastatic · 2nd-line+ · squamous · measurable (RECIST)
NCT05120349,A Global Study to Assess the Effects of Osimertinib in Participants With EGFRm Stage IA2-IA3 NSCLC Following Complete Tumour Resection,PHASE3,Phase 3,ACTIVE_NOT_RECRUITING,390,AstraZeneca,AstraZeneca,780,1,1,placebo_comparator,2,,osimertinib,EGFR,Small Molecule,EGFR,0,0,1,0,0,0,0,0,0,0,1,EGFRm,squamous
NCT05123482,"A Phase I/IIa Study of AZD8205 Given Alone or Combined, in Participants With Advanced/Metastatic Solid Malignancies",PHASE1;PHASE2,Phase 2,RECRUITING,460,AstraZeneca,AstraZeneca,780,1,1,multi_experimental,4,,azd8205;azd8205 and azd2936 (rilvegostomig);azd8205 and azd5305 (saruparib);azd8205 and azd5305 (saruparib) and azd2936 (rilvegostomig);azd8205 in combination with azd9574;azd8205 in combination with azd9574 plus rilvegostomig (azd2936),B7-H4,ADC,B7-H4,1,1,0,0,0,0,0,0,0,1,0,,metastatic · 2nd-line+ · squamous · measurable (RECIST)
NCT05128487,A Study of NDI 1150-101 in Patients With Solid Tumors,PHASE1;PHASE2,Phase 2,ACTIVE_NOT_RECRUITING,106,"Nimbus Saturn, Inc.",Nimbus Saturn,1,1,0,multi_experimental,2,ndi-101150,ndi-101150;pembrolizumab,PD-1,Small Molecule,PD-L1;PSLP76,0,1,0,0,0,0,0,1,0,1,1,PD-L1+,metastatic · 2nd-line+ · measurable (RECIST)
NCT05132075,Study of JDQ443 in Comparison With Docetaxel in Participants With Locally Advanced or Metastatic KRAS G12C Mutant Non-small Cell Lung Cancer,PHASE3,Phase 3,ACTIVE_NOT_RECRUITING,95,Novartis Pharmaceuticals,Novartis,836,1,1,active_comparator,2,docetaxel,jdq443,KRAS,Small Molecule,ALK;KRAS;PD-L1;STK11,0,1,1,1,0,1,0,0,0,0,1,"EGFRm, ALK+, KRAS G12C",metastatic · measurable (RECIST)
NCT05142189,"Clinical Trial Evaluating the Safety, Tolerability and Preliminary Efficacy of BNT116 Alone and in Combinations in Patients With Advanced Non-small Cell Lung Cancer",PHASE1,Phase 1,RECRUITING,320,BioNTech SE,BioNTech,45,1,0,multi_experimental,14,bnt116,alk-inhibitor or ret-inhibitor;anti-b7-h3 antibody conjugated to topoisomerase i inhibitor;anti-her3 antibody conjugated to topoisomerase i inhibitor;bispecific antibody for pd-l1 and vegf-a;bnt116;bnt316;carboplatin;cemiplimab;docetaxel;osimertinib;paclitaxel,PD-L1,mRNA,ALK;EGFR;PD-L1;RET,0,1,1,1,0,0,0,1,1,1,1,"EGFRm, ALK+, PD-L1+",metastatic · 1st-line · measurable (RECIST) · ECOG 0
NCT05142696,"A Study of [177Lu]Lu-DOTA-TATE in Newly Diagnosed ES-SCLC Patients in Combination With Carboplatin, Etoposide and Atezolizumab",PHASE1;PHASE2,Phase 2,ACTIVE_NOT_RECRUITING,55,Novartis Pharmaceuticals,Novartis,836,1,1,multi_experimental,8,[68ga]ga-dota-tate;atezolizumab;carboplatin;etoposide,[177lu]lu-dota-tate;[68ga]ga-dota-tate;atezolizumab;carboplatin;etoposide,PD-L1,Monoclonal Antibody,CMMRD;MSI-H;TMB;biomarker;biomarker analysis,1,1,0,0,0,0,0,0,0,0,0,,measurable (RECIST) · ECOG 1
NCT05143970,A Phase 1 First-In-Human Study of the Anti-CD73 IPH5301 Alone or in Combination With Chemotherapy and Trastuzumab in Patients With Advanced Solid Tumors,PHASE1,Phase 1,ACTIVE_NOT_RECRUITING,27,Institut Paoli-Calmettes,Institut Paoli-Calmettes,12,0,0,single_arm,1,iph5301 alone or in combination with chemotherapy and trastuzumab,iph5301 alone or in combination with chemotherapy and trastuzumab,CD73,Monoclonal Antibody,ER;HER2;MET;PD-L1;PR,1,1,0,0,0,0,0,1,1,1,1,PD-L1+,metastatic · 1st-line · ductal · measurable (RECIST)
NCT05144698,RAPA-201 Therapy of Solid Tumors,PHASE1;PHASE2,Phase 2,RECRUITING,37,Rapa Therapeutics LLC,Rapa Therapeutics,3,1,0,single_arm,1,chemotherapy prior to rapa-201 therapy;pembrolizumab (pd-1 blocking antibody);rapa-201 rapamycin resistant t cells,chemotherapy prior to rapa-201 therapy;pembrolizumab (pd-1 blocking antibody);rapa-201 rapamycin resistant t cells,PD-1,Cell Therapy,ALK;BRAF;EGFR;PD-(L)1;PR,1,1,1,1,0,0,0,0,0,1,1,"EGFRm, ALK+",metastatic · 2nd-line+ · squamous · measurable (RECIST)
NCT05163028,A Dose Escalation Study of SHP2 Inhibitor in Patients With Solid Tumors Harboring KRAS of EGFR Mutations,PHASE1,Phase 1,ACTIVE_NOT_RECRUITING,42,"HUYABIO International, LLC.",HUYABIO International,9,1,0,single_arm,1,hbi-2376,hbi-2376,KRAS,Small Molecule,EGFR;KRAS,0,1,1,0,0,0,0,0,0,1,1,EGFRm,metastatic · 2nd-line+ · squamous · measurable (RECIST)
NCT05168566,Study to Evaluate Sutetinib Maleate Capsule in Locally Advanced or Metastatic Non-small Cell Lung Cancer,PHASE2,Phase 2,RECRUITING,99,Teligene US,Teligene US,3,1,0,single_arm,1,sutetinib maleate capsule,sutetinib maleate capsule,EGFR,Small Molecule,EGFR,0,1,1,0,0,0,0,0,0,0,1,EGFRm,metastatic · ECOG 0-1
NCT05170204,"A Study Evaluating the Efficacy and Safety of Multiple Therapies in Cohorts of Participants With Locally Advanced, Unresectable, Stage III Non-Small Cell Lung Cancer (NSCLC)",PHASE3,Phase 3,ACTIVE_NOT_RECRUITING,68,Hoffmann-La Roche,Roche/Genentech,922,1,1,active_comparator,4,durvalumab,alectinib;entrectinib,ALK,Small Molecule,ALK;MET;PD-L1;ROS1;biomarker,0,1,0,1,1,0,0,1,0,0,1,"ALK+, ROS1+, PD-L1+",metastatic · squamous
NCT05176483,Study of Zanzalintinib in Combination With Immuno-Oncology or Other Agents in Participants With Solid Tumors,PHASE1,Phase 1,RECRUITING,1394,Exelixis,Exelixis,52,1,0,multi_experimental,9,zanzalintinib,ddi probe cocktail;docetaxel;ipilimumab;nivolumab;nivolumab + relatlimab;zanzalintinib,EGFR,Small Molecule,PD-L1;biomarker,0,1,0,0,0,0,0,1,1,1,1,PD-L1+,metastatic · 1st-line · adenoca. · measurable (RECIST)
NCT05180799,A Phase 1/2 Study of BA3071 in Patients With Solid Tumors,PHASE1;PHASE2,Phase 2,ACTIVE_NOT_RECRUITING,320,"BioAtla, Inc.",BioAtla,6,1,0,multi_experimental,4,ba3071,ba3071;nivolumab;pembrolizumab;pemetrexed (alimta),CTLA-4,Monoclonal Antibody,KRAS;PD-L1,1,1,0,0,0,0,0,1,0,0,1,PD-L1+,metastatic · measurable (RECIST)
NCT05184712,Phase 3 Clinical Study of AK112 for NSCLC Patients,PHASE3,Phase 3,ACTIVE_NOT_RECRUITING,322,Akeso,Akeso,103,1,0,placebo_comparator,2,placebo injection,ivonescimab (smt112 or ak112) injection,PD-1,Bispecific Antibody,EGFR,1,1,1,0,0,0,0,0,0,0,1,EGFRm,metastatic · squamous · measurable (RECIST)
NCT05186506,A Study Comparing Ensatinib Versus Platinum-Based Chemotherapy as Adjuvant Treatment for Stage II-IIIA ALK -Positive Non-Small Cell Lung Cancer,PHASE2,Phase 2,NOT_YET_RECRUITING,152,Sichuan University,Sichuan University,9,0,0,active_comparator,2,,ensatinib,ALK,Small Molecule,ALK;ALK Fusion Protein,0,0,0,1,0,0,0,0,0,0,1,ALK+,
NCT05186974,Study of Sacituzumab Govitecan Combinations in First-line Treatment of Participants With Advanced or Metastatic Non-Small-Cell Lung Cancer (NSCLC),PHASE2,Phase 2,ACTIVE_NOT_RECRUITING,193,Gilead Sciences,Gilead Sciences,168,1,1,multi_experimental,7,pembrolizumab;sacituzumab govitecan-hziy (sg),carboplatin;cisplatin;pembrolizumab;sacituzumab govitecan-hziy (sg),PD-1,Monoclonal Antibody,PD-L1,1,1,0,0,0,0,0,0,0,0,0,,metastatic · small-cell · measurable (RECIST)
NCT05195632,Phase II Study Investigating the Combination of Encorafenib and Binimetinib in BRAF V600E Mutated Chinese Patients With Metastatic Non-Small Cell Lung Cancer,PHASE2,Phase 2,ACTIVE_NOT_RECRUITING,63,Pierre Fabre Medicament,Pierre Fabre Medicament,27,1,0,single_arm,1,binimetinib;encorafenib,binimetinib;encorafenib,BRAF,Small Molecule,ALK;BRAF;MET;companion diagnostic,0,1,0,1,0,0,0,0,1,0,1,ALK+,metastatic · 1st-line · adenoca. · measurable (RECIST)
NCT05199272,A Phase 1/2a Study of 23ME-00610 in Patients With Advanced Solid Malignancies,PHASE1;PHASE2,Phase 2,ACTIVE_NOT_RECRUITING,141,"23andMe, Inc.",23andMe,2,1,0,multi_experimental,2,23me-00610,23me-00610,CD200R1,Monoclonal Antibody,CDX;MSI;MSI-H;TMB;TMB-H,1,1,0,0,0,0,0,0,0,0,0,,metastatic · small-cell · measurable (RECIST)
NCT05208762,A Study of PF-08046054/SGN-PDL1V in Advanced Solid Tumors,PHASE1,Phase 1,RECRUITING,714,"Seagen, a wholly owned subsidiary of Pfizer",Pfizer,687,1,1,multi_experimental,2,pf-08046054,pembrolizumab;pf-08046054,PD-L1,Monoclonal Antibody,MET;PD-L1,1,1,0,0,0,0,0,1,0,1,1,PD-L1+,metastatic · 2nd-line+ · squamous · measurable (RECIST)
NCT05208944,THIO Sequenced With Cemiplimab in Advanced NSCLC,PHASE2,Phase 2,ACTIVE_NOT_RECRUITING,227,Maia Biotechnology,Maia Biotechnology,2,1,0,multi_experimental,4,6-thio-2'-deoxyguanosine;cemiplimab,6-thio-2'-deoxyguanosine;cemiplimab,TERT,Small Molecule,PD-L1;PR;genomic,0,1,0,0,0,0,0,1,1,1,1,PD-L1+,metastatic · 1st-line · measurable (RECIST)
NCT05211895,A Global Study to Assess the Effects of Durvalumab + Domvanalimab Following Concurrent Chemoradiation in Participants With Stage III Unresectable NSCLC,PHASE3,Phase 3,ACTIVE_NOT_RECRUITING,791,AstraZeneca,AstraZeneca,780,1,1,active_comparator,2,durvalumab,domvanalimab;durvalumab,PD-L1,Monoclonal Antibody,ALK;EGFR;PD-L1,1,1,0,0,0,0,0,1,0,0,1,PD-L1+,unresectable · small-cell
NCT05215340,Study of Dato-DXd Plus Pembrolizumab vs Pembrolizumab Alone in the First-line Treatment of Subjects With Advanced or Metastatic NSCLC Without Actionable Genomic Alterations,PHASE3,Phase 3,ACTIVE_NOT_RECRUITING,740,Daiichi Sankyo,Daiichi Sankyo,178,1,1,active_comparator,2,pembrolizumab,datopotamab deruxtecan;pembrolizumab,PD-1,Monoclonal Antibody,ALK;BRAF;KRAS;MET;NTRK;PD-L1;RET;ROS1;TROP2;biomarker;genomic,1,1,0,0,1,0,0,1,1,1,1,"ROS1+, PD-L1+",metastatic · 1st-line · squamous · measurable (RECIST)
NCT05215574,Study of NGM831 as Monotherapy and in Combination With Pembrolizumab or Pembrolizumab and NGM438 in Advanced or Metastatic Solid Tumors,PHASE1,Phase 1,ACTIVE_NOT_RECRUITING,130,"NGM Biopharmaceuticals, Inc",NGM Biopharmaceuticals,6,1,1,multi_experimental,3,,ngm831;ngm831 and ngm438 plus pembrolizumab (keytruda);ngm831 plus pembrolizumab (keytruda),ILT3,Monoclonal Antibody,,1,1,0,0,0,0,0,0,0,0,0,,metastatic
NCT05215951,Osimertinib Plus Chemotherapy in Uncommon EGFRm NSCLC,PHASE2,Phase 2,TERMINATED,4,AstraZeneca,AstraZeneca,780,1,1,single_arm,1,osimertinib,osimertinib,EGFR,Small Molecule,EGFR,0,1,1,0,0,0,0,0,0,1,1,EGFRm,metastatic · 2nd-line+ · squamous · ECOG 0-1
NCT05221840,A Global Study to Assess the Effects of Durvalumab With Oleclumab or Durvalumab With Monalizumab Following Concurrent Chemoradiation in Patients With Stage III Unresectable Non-Small Cell Lung Cancer,PHASE3,Phase 3,ACTIVE_NOT_RECRUITING,1051,AstraZeneca,AstraZeneca,780,1,1,active_comparator,3,durvalumab,durvalumab;monalizumab;oleclumab,PD-L1,Monoclonal Antibody,ALK;EGFR;PD-L1,1,1,0,0,0,0,0,1,0,0,1,PD-L1+,unresectable · small-cell
NCT05224141,Pembrolizumab/Vibostolimab (MK-7684A) or Atezolizumab in Combination With Chemotherapy in First Line Treatment of Extensive-Stage Small Cell Lung Cancer (MK-7684A-008/KEYVIBE-008),PHASE3,Phase 3,ACTIVE_NOT_RECRUITING,460,Merck Sharp & Dohme LLC,Merck (MSD),649,1,1,active_comparator,2,atezolizumab;carboplatin;cisplatin;etoposide;saline placebo,carboplatin;cisplatin;etoposide;pembrolizumab/vibostolimab co-formulation;saline placebo,PD-L1,Monoclonal Antibody,CMMRD;MSI-H;TMB,1,1,0,0,0,0,0,0,1,0,0,,metastatic · 1st-line · small-cell · measurable (RECIST)
NCT05238883,A Study of HFB200301 as a Single Agent and in Combination With Tislelizumab in Adult Patients With Advanced Solid Tumors,PHASE1,Phase 1,ACTIVE_NOT_RECRUITING,72,HiFiBiO Therapeutics,HiFiBiO Therapeutics,3,1,0,multi_experimental,4,hfb200301,hfb200301;tislelizumab,TNFR2,Monoclonal Antibody,BRAF,1,1,0,0,0,0,0,0,0,0,0,,metastatic · squamous · measurable (RECIST)
NCT05239143,P-MUC1C-ALLO1 Allogeneic CAR-T Cells in the Treatment of Subjects With Advanced or Metastatic Solid Tumors,PHASE1,Phase 1,ACTIVE_NOT_RECRUITING,180,"Poseida Therapeutics, Inc.",Poseida Therapeutics,6,1,0,multi_experimental,8,p-muc1c-allo1 car-t cells;rimiducid,p-muc1c-allo1 car-t cells;rimiducid,MUC1,CAR-T,MUC1,1,1,0,0,0,0,0,0,0,0,0,,metastatic · squamous · measurable (RECIST)
NCT05244239,Palliative Radiotherapy With Lurbinectedin in Patients With Extensive Stage Small Cell Lung Cancer,PHASE1,Phase 1,RECRUITING,22,Emory University,Emory University,116,0,0,single_arm,1,lurbinectedin;palliative radiation therapy,lurbinectedin;palliative radiation therapy,RNA Pol II,Small Molecule,BRCA1;BRCA2;EZH2;SLFN11,0,1,0,0,0,0,0,0,1,0,0,,metastatic · 1st-line
NCT05245500,Phase 1 Study of MRTX1719 in Solid Tumors With MTAP Deletion,PHASE1,Phase 1,RECRUITING,336,Bristol-Myers Squibb,Bristol Myers Squibb,764,1,1,multi_experimental,3,mrtx1719,mrtx1719,MTAP,Small Molecule,MTAP,0,1,0,0,0,0,0,0,0,0,0,,metastatic
NCT05246514,A Single Arm Phase 2 Study to Evaluate Efficacy and Safety of Trastuzumab Deruxtecan for Patients With HER2 Mutant NSCLC,PHASE2,Phase 2,ACTIVE_NOT_RECRUITING,72,AstraZeneca,AstraZeneca,780,1,1,single_arm,1,trastuzumab deruxtecan,trastuzumab deruxtecan,HER2,ADC,HER2,1,1,0,0,0,0,0,0,0,1,0,,metastatic · 2nd-line+ · squamous · measurable (RECIST)
NCT05247684,AK112 Neoadjuvant/Adjuvant Treatment for Resectable NSCLC,PHASE2,Phase 2,ACTIVE_NOT_RECRUITING,90,Akeso,Akeso,103,1,0,multi_experimental,2,ak112,ak112;carboplatin;cisplatin;paclitaxel,PD-1,Bispecific Antibody,,1,1,0,0,0,0,0,0,0,0,0,,resectable
NCT05256290,Phase 1/2 Study of Silevertinib (BDTX-1535) in Patients With Glioblastoma or Non-Small Cell Lung Cancer With EGFR Mutations,PHASE1;PHASE2,Phase 2,ACTIVE_NOT_RECRUITING,200,"Black Diamond Therapeutics, Inc.",Black Diamond Therapeutics,3,1,0,multi_experimental,4,,silevertinib (bdtx-1535) monotherapy,EGFR,Small Molecule,EGFR;MET,0,0,1,0,0,0,0,0,1,0,1,EGFRm,metastatic · 1st-line · small-cell · measurable (RECIST)
NCT05261399,Savolitinib Plus Osimertinib Versus Platinum-based Doublet Chemotherapy in Participants With Non-Small Cell Lung Cancer Who Have Progressed on Osimertinib Treatment,PHASE3,Phase 3,ACTIVE_NOT_RECRUITING,341,AstraZeneca,AstraZeneca,780,1,1,active_comparator,2,carboplatin;cisplatin;pemetrexed,osimertinib;savolitinib,MET,Small Molecule,EGFR;MET,0,1,1,0,0,0,0,0,0,1,1,EGFRm,metastatic · 2nd-line+ · squamous · measurable (RECIST)
NCT05267626,"Study of AU-007, A Monoclonal Antibody That Binds to IL-2 and Inhibits IL-2Rα Binding, in Patients With Unresectable Locally Advanced or Metastatic Cancer",PHASE1;PHASE2,Phase 2,RECRUITING,159,"Aulos Bioscience, Inc.",Aulos Bioscience,1,1,0,multi_experimental,5,au-007,aldesleukin;au-007;avelumab;nivolumab,IL-2Rα,Monoclonal Antibody,ALK;BRAF;EGFR;PD-L1,1,1,1,1,0,0,0,1,0,0,1,"EGFRm, ALK+, PD-L1+",metastatic · measurable (RECIST)
NCT05275374,XP-102 and XP-102 in Combination With Trametinib in Advanced Solid Tumor Patients With a BRAF V600 Mutation,PHASE1;PHASE2,Phase 2,NOT_YET_RECRUITING,221,"Xynomic Pharmaceuticals, Inc.",Xynomic Pharmaceuticals,6,1,0,multi_experimental,3,xp-102,trametinib;xp-102,BRAF,Small Molecule,BRAF,0,1,0,0,0,0,0,0,0,0,0,,metastatic · small-cell · measurable (RECIST)
NCT05276726,A Study of JAB-21822 in Advanced or Metastatic NSCLC With KRAS p.G12C and STK11 Co-mutation and Wild-type KEAP1,PHASE1;PHASE2,Phase 2,RECRUITING,104,"Allist Pharmaceuticals, Inc.",Allist Pharmaceuticals,19,1,0,multi_experimental,3,jab 21822,jab 21822,KRAS,Small Molecule,KEAP1;KRAS;STK11,0,1,0,0,0,0,0,0,1,0,0,,metastatic · 1st-line · ECOG 0-1
NCT05280470,Ifinatamab Deruxtecan (I-DXd) in Subjects With Pretreated Extensive-Stage Small Cell Lung Cancer (ES-SCLC),PHASE2,Phase 2,ACTIVE_NOT_RECRUITING,187,Daiichi Sankyo,Daiichi Sankyo,178,1,1,multi_experimental,2,ifinatamab deruxtecan (i-dxd),ifinatamab deruxtecan (i-dxd),B7-H3,ADC,B7-H3,1,1,0,0,0,0,0,0,0,0,0,,metastatic · measurable (RECIST)
NCT05283330,Safety and Tolerability of ²¹²Pb-DOTAM-GRPR1 in Adult Subjects With Recurrent or Metastatic GRPR-expressing Tumors,PHASE1,Phase 1,RECRUITING,48,"Orano Med Theranostics, SAS",Orano Med Theranostics,1,1,0,single_arm,1,²¹²pb-dotam-grpr1,²¹²pb-dotam-grpr1,GRPR,Radiopharmaceutical,ER;GRPR;HER2,0,1,0,0,0,0,0,0,0,0,0,,metastatic · small-cell · measurable (RECIST) · ECOG 0-1
NCT05286957,MRD-guided Adjuvant Tislelizumab and Chemotherapy in Resected Stage IIA-IIIB NSCLC,PHASE2,Phase 2,RECRUITING,60,The First Affiliated Hospital of Zhengzhou University,The First Affiliated Hospital of Zhengzhou University,7,0,1,active_comparator,2,adjuvant chemotherapy for mrd- patients;adjuvant tislelizumab and chemotherapy for mrd+ patients,adjuvant tislelizumab and chemotherapy for mrd+ patients,PD-1,Monoclonal Antibody,ALK;MRD;PD-L1,1,1,1,0,0,0,0,1,0,0,1,"EGFRm, PD-L1+",small-cell · ECOG 0
NCT05288205,Phase 1/2a Study of JAB-21822 Plus JAB-3312 in Patients With Advanced Solid Tumors Harboring KRAS p.G12C Mutation,PHASE1;PHASE2,Phase 2,RECRUITING,240,"Allist Pharmaceuticals, Inc.",Allist Pharmaceuticals,19,1,0,multi_experimental,2,jab-21822;jab-3312,jab-21822;jab-3312,KRAS,Small Molecule,KRAS,0,1,0,0,0,0,0,0,0,0,0,,metastatic · ductal · measurable (RECIST)
NCT05297890,A Study of Lorlatinib in Subjects With ROS1-Positive Non-Small Cell Lung Cancer,PHASE2,Phase 2,ACTIVE_NOT_RECRUITING,70,CStone Pharmaceuticals,CStone Pharmaceuticals,26,1,1,single_arm,1,lorlatinib,lorlatinib,ALK,Small Molecule,ALK;ROS1,0,1,0,0,1,0,0,0,0,0,1,ROS1+,metastatic · measurable (RECIST) · ECOG 0-1
NCT05305365,Study Assessing QBS72S For Treating Brain Metastases,PHASE2,Phase 2,ACTIVE_NOT_RECRUITING,21,Stanford University,Stanford University,58,0,0,multi_experimental,3,qbs72s,qbs72s,LAT1,Small Molecule,LAT1,0,1,0,0,0,0,0,0,0,0,0,,metastatic · squamous
NCT05317858,Blood-brain Barrier (BBB) Opening Using Exablate Focused Ultrasound With Standard of Care Treatment of NSCLC Brain Mets,PHASE3,Phase 3,RECRUITING,30,InSightec,InSightec,41,1,0,active_comparator,2,atezolizumab;cemiplimab;iptilimumab;nivolumab;pembrolizumab,atezolizumab;cemiplimab;device: blood brain barrier opening - oncology;iptilimumab;nivolumab;pembrolizumab,PD-1,Monoclonal Antibody,MET;PD-L1,1,1,0,0,0,0,0,0,0,1,0,,metastatic · 2nd-line+ · ECOG 0
NCT05318573,"A Study to Evaluate Safety, Efficacy of FF-10832 in Combo With Pembrolizumab in Urothelial & Non-small Cell Lung Cancer",PHASE2,Phase 2,ACTIVE_NOT_RECRUITING,120,"Fujifilm Pharmaceuticals U.S.A., Inc.",Fujifilm Pharmaceuticals U.,7,1,1,multi_experimental,5,ff-10832,ff-10832;pembrolizumab,PD-1,Monoclonal Antibody,ALK;EGFR;PD-L1,1,1,1,0,0,0,0,1,0,1,1,"EGFRm, PD-L1+",metastatic · 2nd-line+ · measurable (RECIST)
NCT05334277,Furmonertinib Monotherapy and Combination Therapy in Advanced EGFR Mutant NSCLC With Uncleared ctDNA,PHASE2,Phase 2,RECRUITING,280,Sun Yat-sen University,Sun Yat-sen University,73,0,0,multi_experimental,4,,furmonertinib;furmonertinib/pemetrexed/carboplatin;furmonertinib/pemetrexed/carboplatin/bevacizumab,EGFR,Small Molecule,EGFR,0,1,1,0,0,0,0,0,0,1,1,EGFRm,metastatic · 2nd-line+ · squamous · measurable (RECIST) · ECOG 0-1
NCT05338970,HERTHENA-Lung02: A Study of Patritumab Deruxtecan Versus Platinum-based Chemotherapy in Metastatic or Locally Advanced EGFRm NSCLC After Failure of EGFR TKI Therapy,PHASE3,Phase 3,ACTIVE_NOT_RECRUITING,586,Daiichi Sankyo,Daiichi Sankyo,178,1,1,active_comparator,2,platinum-based,patritumab deruxtecan,HER3,ADC,EGFR,1,1,1,0,0,0,0,0,0,0,1,EGFRm,metastatic · squamous · measurable (RECIST) · ECOG 0
NCT05340309,Subcutaneous Atezolizumab for the Treatment of Non-small Cell Lung Cancer,PHASE2,Phase 2,ACTIVE_NOT_RECRUITING,5,University of Southern California,University of Southern California,48,0,1,single_arm,1,atezolizumab and recombinant human hyaluronidase;survey administration,atezolizumab and recombinant human hyaluronidase;survey administration,PD-L1,Monoclonal Antibody,ALK;MET;PD-L1;genomic,1,1,0,0,0,0,0,1,1,1,1,PD-L1+,metastatic · 1st-line · small-cell
NCT05341557,A Phase 1 Study of BPI-371153 in Subjects with Advanced Solid Tumors or Relapsed/Refractory Lymphoma,PHASE1,Phase 1,RECRUITING,110,"Betta Pharmaceuticals Co., Ltd.",Betta Pharmaceuticals,66,1,0,multi_experimental,2,bpi-371153,bpi-371153,PD-L1,Small Molecule,PD-L1,0,1,0,0,0,0,0,1,0,1,1,PD-L1+,metastatic · 2nd-line+ · measurable (RECIST)
NCT05347628,Assessing the Safety and Efficacy of PLB1004 in Patients With Advanced Non-Small Cell Lung Cancer (NSCLC),PHASE1,Phase 1,UNKNOWN,91,"Avistone Biotechnology Co., Ltd.",Avistone Biotechnology,12,1,0,single_arm,1,plb1004,plb1004,EGFR,Small Molecule,EGFR,0,1,0,0,0,0,0,0,0,0,0,,metastatic · squamous · measurable (RECIST)
NCT05351788,SKB264 Combinatiton Therapy in Patients With Advanced or Metastatic Non-small Cell Lung Cancer.,PHASE2,Phase 2,RECRUITING,110,"Sichuan Kelun-Biotech Biopharmaceutical Co., Ltd.",Kelun,50,1,0,multi_experimental,3,kl-a167;skb264,carboplatin;cisplatin;kl-a167;skb264,TROP2,ADC,ALK;HER2;TROP2;biomarker,1,1,1,1,0,0,0,0,0,0,1,"EGFRm, ALK+",metastatic · small-cell · measurable (RECIST)
NCT05353257,A Study to Evaluate the Efficacy and Safety of Serplulimab in Combination With Chemotherapy and Concurrent Radiotherapy in Patients With Limited-Stage Small Cell Lung Cancer,PHASE3,Phase 3,ACTIVE_NOT_RECRUITING,511,Shanghai Henlius Biotech,Shanghai Henlius,98,1,0,placebo_comparator,2,carboplatin/cisplatin-etoposide;prophylactic cranial irradiation (pci);thoracic radiotherapy,carboplatin/cisplatin-etoposide;hlx10;prophylactic cranial irradiation (pci);thoracic radiotherapy,PD-1,Monoclonal Antibody,PD-L1,1,1,0,0,0,0,0,0,0,0,0,,small-cell
NCT05355701,A Study to Learn About the Study Medicine Called PF-07799933 in People With Advanced Solid Tumors With BRAF Alterations.,PHASE1,Phase 1,ACTIVE_NOT_RECRUITING,103,Pfizer,Pfizer,687,1,1,multi_experimental,9,pf-07799933,binimetinib;cetuximab;fluorouracil;leucovorin;midazolam;oxaliplatin;pf-07799933,BRAF,Small Molecule,BRAF;MSI;MSI-H;dMMR,0,1,0,0,0,0,0,0,0,0,0,,metastatic
NCT05358249,Platform Study of JDQ443 in Combinations in Patients With Advanced Solid Tumors Harboring the KRAS G12C Mutation,PHASE1;PHASE2,Phase 2,ACTIVE_NOT_RECRUITING,74,Novartis Pharmaceuticals,Novartis,836,1,1,multi_experimental,3,jdq443,cetuximab;jdq443;ribociclib;trametinib,KRAS,Small Molecule,KRAS;PD-L1;STK11,0,1,0,0,0,1,0,0,0,0,1,KRAS G12C,metastatic · small-cell
NCT05361174,A Study to Investigate the Efficacy and Safety of an Infusion of IOV-4001 in Adult Participants With Unresectable or Metastatic Melanoma or Stage III or IV Non-small-cell Lung Cancer,PHASE1;PHASE2,Phase 2,RECRUITING,53,"Iovance Biotherapeutics, Inc.",Iovance Biotherapeutics,15,1,0,multi_experimental,2,iov-4001,iov-4001,PD-1,CAR-T,BRAF;PD-L1,1,1,0,0,0,0,0,1,0,0,1,PD-L1+,metastatic
NCT05361395,"First-Line Tarlatamab in Combination With Carboplatin, Etoposide, and PD-L1 Inhibitor in Subjects With Extensive Stage Small Cell Lung Cancer (ES-SCLC)",PHASE1,Phase 1,ACTIVE_NOT_RECRUITING,184,Amgen,Amgen,323,1,1,multi_experimental,9,tarlatamab,atezolizumab;carboplatin;durvalumab;etoposide;tarlatamab,DLL3,Bispecific Antibody,DLL3;PD-L1,1,1,0,0,0,0,0,0,0,0,0,,metastatic · small-cell · ECOG 0-1
NCT05363280,"Phase 2 Study for the Patient, Who Has Diagnosed With Small Cell Lung Cancer (SCLC) or Non Small Cell Lung Cancer (NSCLC) or Renal Cell Carcinoma (RCC) and Finished the First Line Stand Treatment , Need More Treatment",PHASE2,Phase 2,RECRUITING,80,"Advenchen Pharmaceuticals, LLC.",Advenchen Pharmaceuticals,3,1,0,multi_experimental,5,al8326,al8326,VEGF/VEGFR,Small Molecule,,0,1,0,0,0,0,0,0,0,0,0,,measurable (RECIST)
NCT05364073,"Study of Furmonertinib in Patients With Advanced or Metastatic Non-Small Cell Lung Cancer (NSCLC) With Activating, Including Uncommon, Epidermal Growth Factor Receptor (EGFR) or Human Epidermal Growth Factor Receptor 2 (HER2) Mutations",PHASE1,Phase 1,ACTIVE_NOT_RECRUITING,160,"ArriVent BioPharma, Inc.",ArriVent BioPharma,5,1,0,multi_experimental,5,furmonertinib,furmonertinib,EGFR,Small Molecule,EGFR;HER2,0,1,1,0,0,0,0,0,1,1,1,EGFRm,metastatic · 1st-line · small-cell
NCT05366478,A Clinical Study of LM103 Injection in the Treatment of Advanced Solid Tumors,PHASE1,Phase 1,RECRUITING,15,"Suzhou BlueHorse Therapeutics Co., Ltd.",Suzhou BlueHorse Therapeutics,8,1,0,single_arm,1,autologous tumor infiltrating lymphocytes (tils),autologous tumor infiltrating lymphocytes (tils),,Cell Therapy,,1,1,0,0,0,0,0,0,0,0,0,,metastatic · small-cell
NCT05374603,Savolitinib Combine With Durvalumab in EGFR Wild-type Locally Advanced or Metastatic NSCLC,PHASE2,Phase 2,ACTIVE_NOT_RECRUITING,47,AstraZeneca,AstraZeneca,780,1,1,single_arm,1,durvalumab;savolitinib,durvalumab;savolitinib,MET,Small Molecule,ALK;EGFR;MET;PD-L1,0,1,0,0,0,0,1,1,0,1,1,"MET+, PD-L1+",metastatic · 2nd-line+ · measurable (RECIST)
NCT05379985,Study of RMC-6236 in Patients With Advanced Solid Tumors Harboring Specific Mutations in RAS,PHASE1;PHASE2,Phase 2,RECRUITING,754,"Revolution Medicines, Inc.",Revolution Medicines,19,1,0,single_arm,1,rmc-6236,rmc-6236,KRAS,Small Molecule,KRAS;RAS,0,1,0,0,0,0,0,0,1,0,0,,metastatic · 1st-line
NCT05382728,Phase III Study of TY-9591 in Patients With Locally Advanced or Metastatic Non-small Cell Lung Cancer (FLETEO),PHASE3,Phase 3,RECRUITING,680,"TYK Medicines, Inc",TYK Medicines,14,1,0,active_comparator,2,osimertinib;placebo ty-9591,placebo osimertinib;ty-9591,EGFR,Small Molecule,EGFR-SENSITIVE,0,1,1,0,0,0,0,0,0,0,1,EGFRm,metastatic · squamous · measurable (RECIST) · ECOG 0-1
NCT05388669,A Study of Lazertinib With Subcutaneous Amivantamab Compared With Intravenous Amivantamab in Participants With Epidermal Growth Factor Receptor (EGFR)-Mutated Advanced or Metastatic Non-small Cell Lung Cancer,PHASE3,Phase 3,ACTIVE_NOT_RECRUITING,418,"Janssen Research & Development, LLC",Johnson & Johnson,363,1,1,multi_experimental,2,lazertinib,amivantamab intravenous;amivantamab subcutaneous and co-formulated with recombinant human hyaluronidase (sc cf);lazertinib,EGFR,Small Molecule,EGFR,0,1,1,0,0,0,0,0,0,0,1,EGFRm,metastatic · small-cell · measurable (RECIST)
NCT05393466,BPI-361175 Tablets in Patients With Advanced Non-Small Cell Lung Cancer (NSCLC),PHASE1;PHASE2,Phase 2,NOT_YET_RECRUITING,30,"Xcovery Holdings, Inc.",Xcovery,3,1,0,multi_experimental,3,bpi-361175,bpi-361175,EGFR,Small Molecule,EGFR,0,1,1,0,0,0,0,0,0,0,1,EGFRm,metastatic · measurable (RECIST)
NCT05394831,"A Phase 1/2 Study to Evaluate the Safety, Tolerability and PK of JIN-A02 in Patients With EGFR Mutant Advanced NSCLC",PHASE1;PHASE2,Phase 2,RECRUITING,150,J Ints Bio,J Ints Bio,2,1,0,single_arm,1,jin-a02,jin-a02,EGFR,Small Molecule,EGFR,0,1,1,0,0,0,0,0,0,0,1,EGFRm,metastatic · squamous · measurable (RECIST)
NCT05401786,Anti-PD-1 Re-challenge After Immune Priming by Ipilimumab and Immune Boosting by Radiotherapy in Advanced NSCLC,PHASE2,Phase 2,ACTIVE_NOT_RECRUITING,54,The Netherlands Cancer Institute,The Netherlands Cancer Institute,72,0,1,single_arm,1,cemiplimab;ipilimumab;sbrt,cemiplimab;ipilimumab;sbrt,CTLA-4,Monoclonal Antibody,ALK;BRAF;KRAS;PD-L1;RET;ROS1,1,1,0,0,1,0,0,1,0,0,1,"ROS1+, PD-L1−",metastatic · measurable (RECIST)
NCT05403385,Study of Inupadenant (EOS100850) With Chemotherapy as Second Line Treatment for Nonsquamous Non-small Cell Lung Cancer,PHASE2,Phase 2,ACTIVE_NOT_RECRUITING,36,iTeos Therapeutics,iTeos Therapeutics,6,1,0,placebo_comparator,3,carboplatin;pemetrexed,carboplatin;inupadenant;pemetrexed,A2A,Small Molecule,ALK;PD-L1;ROS1,0,1,0,0,1,0,0,1,0,0,1,"ROS1+, PD-L1+",metastatic · squamous · measurable (RECIST)
NCT05403554,A Study of NI-1801 in Patients with Mesothelin Expressing Solid Cancers,PHASE1,Phase 1,RECRUITING,70,Light Chain Bioscience - Novimmune SA,Light Chain Bioscience - Novimmune,2,1,0,active_comparator,3,ni-1801 in combination with paclitaxel;paclitaxel,biological ni-1801;ni-1801 in combination with anti-pd1 (pembrolizumab),MSLN,Bispecific Antibody,Mesothelin;PR;biomarker;biomarker analysis,1,1,0,0,0,0,0,0,1,1,0,,metastatic · 1st-line · adenoca. · measurable (RECIST) · ECOG 0-1
NCT05417321,A Study Evaluating the Safety and Efficacy of HB0036 in Subjects With Advanced Solid Tumors,PHASE1;PHASE2,Phase 2,RECRUITING,80,"Shanghai Huaota Biopharmaceutical Co., Ltd.",Shanghai Huaota Biopharmaceutical,6,1,0,single_arm,1,hb0036,hb0036,PD-L1/TIGIT,Bispecific Antibody,ALK;PD-L1,1,1,0,1,0,0,0,1,0,0,1,"ALK+, PD-L1+",metastatic · adenoca. · measurable (RECIST)
NCT05430386,Study of HS-10241 in Combination With Almonertinib in Patients With Locally Advanced or Metastatic NSCLC,PHASE1,Phase 1,UNKNOWN,174,"Jiangsu Hansoh Pharmaceutical Co., Ltd.",Hansoh,82,1,0,single_arm,1,hs-10241,hs-10241,MET,Small Molecule,MET;MET:CEP7 signal ratio,0,1,1,0,0,0,0,0,0,0,1,EGFRm,metastatic · measurable (RECIST)
NCT05431270,"Dose Escalation/Expansion Study of Mavrostobart (PT199), an Anti-CD73 mAb, Administered Alone and in Combination With a PD-1 Inhibitor or Chemotherapy (the MORNINGSTAR Study)",PHASE1;PHASE2,Phase 2,RECRUITING,40,Phanes Therapeutics,Phanes Therapeutics,3,1,1,multi_experimental,4,mavrostobart (pt199),carboplatin + pemetrexed;docetaxel;gemcitabine;gemcitabine + nab-paclitaxel;mavrostobart (pt199);pembrolizumab + carboplatin + pemetrexed;pemetrexed;tislelizumab,PD-1,Monoclonal Antibody,ALK;PD-L1;biomarker;genomic,1,1,0,0,0,0,0,1,1,1,1,PD-L1+,metastatic · 1st-line · adenoca. · measurable (RECIST)
NCT05435248,Phase 1/2 Study of HS-10375 in Patients with Advanced or Metastatic Non-Small-Cell Lung Cancer(NSCLC),PHASE1;PHASE2,Phase 2,RECRUITING,354,"Jiangsu Hansoh Pharmaceutical Co., Ltd.",Hansoh,82,1,0,single_arm,1,hs-10375,hs-10375,EGFR,Small Molecule,EGFR,0,1,0,0,0,0,0,0,0,1,0,,metastatic · 2nd-line+ · measurable (RECIST)
NCT05441956,TGRX-326 Chinese Phase I for Advanced Non-small Cell Lung Cancer (NSCLC),PHASE1,Phase 1,ACTIVE_NOT_RECRUITING,198,"Shenzhen TargetRx Co., Ltd.",Shenzhen TargetRx,14,1,0,single_arm,1,tgrx-326,tgrx-326,ALK,Small Molecule,ALK;MET;ROS1;biomarker,0,1,0,1,1,0,0,0,0,1,1,"ALK+, ROS1+",metastatic · 2nd-line+ · measurable (RECIST)
NCT05442060,"To Evaluate OBI-833/OBI-821 in Combination With First-Line Erlotinib in Patients With EGFR-Mutated, Globo H-Positive, Locally Advanced or Metastatic Non-Small Cell Lung Cancer",PHASE2,Phase 2,RECRUITING,60,"OBI Pharma, Inc",OBI Pharma,9,1,0,active_comparator,2,erlotinib (,30 μg obi-833/100 μg obi-821;erlotinib (,EGFR,Cell Therapy,PR,1,1,1,0,0,0,0,0,1,0,1,EGFRm,metastatic · 1st-line · small-cell · measurable (RECIST)
NCT05443126,A Study of EP0031 (Lunbotinib) in Patients With Advanced RET-altered Malignancies,PHASE1;PHASE2,Phase 2,RECRUITING,265,Ellipses Pharma,Ellipses Pharma,6,1,0,multi_experimental,2,ep0031;pemetrexed;platinum,ep0031;pemetrexed;platinum,RET,Small Molecule,RET,0,1,0,0,0,0,0,0,1,0,0,,metastatic · 1st-line · measurable (RECIST)
NCT05445843,Study of Efficacy and Safety of JDQ443 Single-agent as First-line Treatment for Patients With Locally Advanced or Metastatic KRAS G12C- Mutated Non-small Cell Lung Cancer With a PD-L1 Expression < 1% or a PD-L1 Expression ≥ 1% and an STK11 Co-mutation.,PHASE2,Phase 2,ACTIVE_NOT_RECRUITING,95,Novartis Pharmaceuticals,Novartis,836,1,1,multi_experimental,2,jdq443,jdq443,KRAS,Small Molecule,ALK;KRAS;PD-L1;STK11,0,1,1,1,0,1,0,1,0,0,1,"EGFRm, ALK+, KRAS G12C, PD-L1+",metastatic · measurable (RECIST)
NCT05450692,A Phase III Study of Ceralasertib Plus Durvalumab Versus Docetaxel in Patients With Non Small Cell Lung Cancer (NSCLC) Whose Disease Progressed On or After Prior Anti PD (L)1 Therapy And Platinum Based Chemotherapy,PHASE3,Phase 3,ACTIVE_NOT_RECRUITING,594,AstraZeneca,AstraZeneca,780,1,1,active_comparator,2,docetaxel,ceralasertib;durvalumab,ATM,Small Molecule,ALK;BRCA1;BRCA2;HRR,0,1,0,1,0,0,0,0,0,1,1,ALK+,metastatic · 2nd-line+
NCT05450965,"Study of PLK1 Inhibitor, Onvansertib, in Relapsed Small Cell Lung Cancer",PHASE2,Phase 2,RECRUITING,37,"University of Maryland, Baltimore","University of Maryland, Baltimore",20,0,0,single_arm,1,onvansertib,onvansertib,PLK1,Small Molecule,KRAS;NRAS,0,1,0,0,0,0,0,0,0,1,0,,metastatic · 2nd-line+ · small-cell · measurable (RECIST)
NCT05456256,A Study of LP-300 With Carboplatin and Pemetrexed in Never Smokers With Advanced Lung Adenocarcinoma,PHASE2,Phase 2,RECRUITING,90,Lantern Pharma Inc.,Lantern Pharma,3,1,0,active_comparator,2,carboplatin;pemetrexed,carboplatin;lp-300;pemetrexed,,,ALK;MET;NTRK;genomic,0,1,0,1,0,0,0,0,0,0,1,ALK+,metastatic · adenoca. · measurable (RECIST)
NCT05460273,"A Study of Dato-DXd in Chinese Patients With Advanced Non-Small Cell Lung Cancer, Triple-negative Breast Cancer and Other Solid Tumors (TROPION-PanTumor02)",PHASE1;PHASE2,Phase 2,ACTIVE_NOT_RECRUITING,119,AstraZeneca,AstraZeneca,780,1,1,single_arm,1,datopotamab deruxtecan (dato-dxd),datopotamab deruxtecan (dato-dxd),TROP2,ADC,ALK;HER2;RET;ROS1;TROP-1;genomic,1,1,0,0,1,0,1,0,0,1,1,"ROS1+, MET+",metastatic · 2nd-line+ · measurable (RECIST)
NCT05462717,Dose Escalation and Dose Expansion Study of RMC-6291 Monotherapy in Subjects With Advanced KRASG12C Mutant Solid Tumors,PHASE1,Phase 1,ACTIVE_NOT_RECRUITING,222,"Revolution Medicines, Inc.",Revolution Medicines,19,1,0,single_arm,1,rmc-6291,rmc-6291,KRAS,Small Molecule,KRAS,0,1,0,0,0,1,0,0,0,0,1,KRAS G12C,metastatic
NCT05466149,Efficacy and Safety of Furmonertinib in Patients With Locally Advanced or Metastatic NSCLC With EGFR Exon 20 Insertion,PHASE2,Phase 2,ACTIVE_NOT_RECRUITING,100,"Allist Pharmaceuticals, Inc.",Allist Pharmaceuticals,19,1,0,single_arm,1,furmonertinib,furmonertinib,EGFR,Small Molecule,EGFR;PD-L1;PR,0,1,1,0,0,0,0,1,0,0,1,"EGFRm, PD-L1+",metastatic · measurable (RECIST)
NCT05468489,To Evaluate Efficacy and Safety of Serplulimab + Chemotherapy (Carboplatin- Etoposide) in US Patients With ES-SCLC,PHASE3,Phase 3,ACTIVE_NOT_RECRUITING,200,Shanghai Henlius Biotech,Shanghai Henlius,98,1,0,active_comparator,2,atezolizumab + chemotherapy (carboplatin-etoposide),serplulimab + chemotherapy (carboplatin-etoposide),PD-L1,Monoclonal Antibody,PD-L1,1,1,0,0,0,0,0,1,0,0,1,PD-L1+,metastatic · measurable (RECIST)
NCT05469022,Neoadjuvant Lazertinib Therapy in EGFR-Mutation Positive Lung Adenocarcinoma Detected by BALF Liquid Biopsy,PHASE2,Phase 2,RECRUITING,40,Konkuk University Medical Center,Konkuk University Medical Center,2,0,0,single_arm,1,neoadjuvant lazertinib,neoadjuvant lazertinib,EGFR,Small Molecule,EGFR,0,1,1,0,0,0,0,0,0,1,1,EGFRm,metastatic · 2nd-line+ · measurable (RECIST) · ECOG 0-1
NCT05470595,A Single-arm Trial of Atezolizumab/Platinum/Etoposide for the Treatment of Advanced Large-cell Neuroendocrine Cancer of the Lung,PHASE2,Phase 2,ACTIVE_NOT_RECRUITING,67,Technische Universität Dresden,Technische Universität Dresden,14,0,1,single_arm,1,atezolizumab,atezolizumab,PD-L1,Monoclonal Antibody,CMMRD;MSI-H;TMB,1,1,0,0,0,0,0,0,1,0,0,,metastatic · 1st-line · measurable (RECIST)
NCT05473156,"A Study to Investigate the Safety, Pharmacokinetics, and Clinical Activity of AP203 in Patients with Locally Advanced or Metastatic Solid Tumors, and Expansion to Selected Malignancies",PHASE1;PHASE2,Phase 2,RECRUITING,168,AP Biosciences Inc.,AP Biosciences,4,1,0,multi_experimental,4,ap203,ap203,,,ALK;BRAF;MET;NTRK;PD-L1;RET;ROS1;genomic,0,1,0,1,1,0,0,1,0,1,1,"ALK+, ROS1+, PD-L1+",metastatic · 2nd-line+ · squamous · measurable (RECIST)
NCT05482568,A Trial of Injectable SHR-A1811 in Combination With Pyrotinib or SHR-1316 in Subjects With Advanced Non-small Cell Lung Cancer,PHASE1;PHASE2,Phase 2,RECRUITING,324,"Jiangsu HengRui Medicine Co., Ltd.",Hengrui,312,1,0,single_arm,1,shr-a1811 & pyrotinib/shr-a1811 & shr-1316,shr-a1811 & pyrotinib/shr-a1811 & shr-1316,HER2,ADC,HER2,1,1,0,0,0,0,0,0,0,0,0,,metastatic · small-cell · ECOG 0
NCT05483491,"KK-LC-1 TCR-T Cell Therapy for Gastric, Breast, Cervical, and Lung Cancer",PHASE1,Phase 1,RECRUITING,30,Christian Hinrichs,Christian Hinrichs,3,0,0,single_arm,1,aldesleukin;kk-lc-1 tcr-t cells,aldesleukin;kk-lc-1 tcr-t cells,KK-LC-1,CAR-T,KK-LC-1;genomic,1,1,0,0,0,0,0,0,0,0,0,,metastatic · measurable (RECIST)
NCT05485974,A Dose Escalation Study of HBI-2438 in Patients With Solid Tumors Harboring KRAS G12C Mutation,PHASE1,Phase 1,ACTIVE_NOT_RECRUITING,44,"HUYABIO International, LLC.",HUYABIO International,9,1,0,single_arm,1,hbi-2438,hbi-2438,KRAS,Small Molecule,KRAS,0,1,0,0,0,1,0,0,0,0,1,KRAS G12C,metastatic · squamous · measurable (RECIST)
NCT05487391,A Study of QL1706 Combined With Platinum-containing Chemotherapy in Adjuvant Treatment of Stage II-IIIB Non-small Cell Lung Cancer After Complete Surgical Resection.,PHASE3,Phase 3,RECRUITING,632,"Qilu Pharmaceutical Co., Ltd.",Qilu Pharmaceutical,108,1,0,placebo_comparator,2,carboplatin;cisplatin;paclitaxel;pemetrexed;vinorelbine tartrate,carboplatin;cisplatin;paclitaxel;pemetrexed;ql1706 injection;vinorelbine tartrate,EGFR,Bispecific Antibody,ALK;PD-L1,1,1,1,1,0,0,0,0,0,0,1,"EGFRm, ALK+",neoadjuvant · squamous
NCT05488314,A Study of Amivantamab and Capmatinib Combination Therapy in Unresectable Metastatic Non-small Cell Lung Cancer,PHASE1;PHASE2,Phase 2,ACTIVE_NOT_RECRUITING,57,"Janssen Research & Development, LLC",Johnson & Johnson,363,1,1,multi_experimental,2,amivantamab;capmatinib,amivantamab;capmatinib,MET,Small Molecule,MET,0,1,0,0,0,0,0,0,0,0,0,,metastatic · small-cell
NCT05490472,JAB-2485 Activity in Adult Patients With Advanced Solid Tumors,PHASE1;PHASE2,Phase 2,RECRUITING,102,"Jacobio Pharmaceuticals Co., Ltd.",Jacobio Pharmaceuticals,13,1,0,multi_experimental,2,jab-2485 (aurora a inhibitor),jab-2485 (aurora a inhibitor),AURKA,Small Molecule,,0,1,0,0,0,0,0,0,0,1,0,,metastatic · 2nd-line+ · measurable (RECIST)
NCT05492682,START: Safety and Anti-Tumor Activity of PeptiCRAd-1 in Treatment of Cancer,PHASE1,Phase 1,RECRUITING,15,Valo Therapeutics Oy,Valo Therapeutics,1,1,0,multi_experimental,2,cyclophosphamide;pembrolizumab;pepticrad-1,cyclophosphamide;pembrolizumab;pepticrad-1,NY-ESO-1,Oncolytic Virus,MAGE-A3;NY-ESO-1,1,1,0,0,0,0,0,1,0,1,1,PD-L1+,metastatic · 2nd-line+ · squamous · measurable (RECIST)
NCT05496166,The Efficiency of Surgery and Radiotherapy After SHR-1316 (Adebrelimab) and Platinum-containing Doublet Induction Therapy for Limited-stage Small Cell Lung Cancer,PHASE3,Phase 3,NOT_YET_RECRUITING,348,"Shanghai Pulmonary Hospital, Shanghai, China","Shanghai Pulmonary Hospital, Shanghai, China",3,0,0,active_comparator,2,chemotherapy and shr-1316(adebrelimab) comnined with surgery or radiotherapy,chemotherapy and shr-1316(adebrelimab) comnined with surgery or radiotherapy,PD-1,Monoclonal Antibody,PD-L1,1,1,0,0,0,0,0,0,0,0,0,,metastatic · small-cell
NCT05498428,A Study of Amivantamab in Participants With Advanced or Metastatic Solid Tumors Including Epidermal Growth Factor Receptor (EGFR)-Mutated Non-Small Cell Lung Cancer,PHASE2,Phase 2,RECRUITING,520,"Janssen Research & Development, LLC",Johnson & Johnson,363,1,1,multi_experimental,8,amivantamab,amivantamab;carboplatin;direct oral anticoagulant (doac);lazertinib;low molecular weight heparin (lmwh);pemetrexed,EGFR,Monoclonal Antibody,EGFR,1,1,1,0,0,0,0,0,1,1,1,EGFRm,metastatic · 1st-line · squamous · measurable (RECIST) · ECOG 0
NCT05499390,AK112 in Advanced Non-Small Cell Lung Cancer,PHASE3,Phase 3,ACTIVE_NOT_RECRUITING,398,Akeso,Akeso,103,1,0,active_comparator,2,pembrolizumab,ak112,PD-1,Bispecific Antibody,ALK;PD-L1,1,1,1,0,0,0,0,1,0,0,1,"EGFRm, PD-L1+",metastatic · squamous · measurable (RECIST)
NCT05500092,"An Open Label, Randomized Study of Neoadjuvant Nivolumab and Chemotherapy, With or Without Sub-ablative Stereotactic Body Radiation Therapy, for Resectable Stage IIA to IIIB Non-small Cell Lung Cancer",PHASE2,Phase 2,ACTIVE_NOT_RECRUITING,17,Montefiore Medical Center,Montefiore Medical Center,18,0,1,active_comparator,2,nivolumab;platinum doublet,(8gy x 3);nivolumab;platinum doublet,PD-1,Monoclonal Antibody,CD30,1,1,0,0,0,0,0,0,0,0,0,,recurrent · small-cell · measurable (RECIST)
NCT05501665,Split Course Adaptive Radiation Therapy With Pembrolizumab With/Without Chemotherapy for Treating Stage IV Lung Cancer,PHASE1;PHASE2,Phase 2,RECRUITING,25,Vanderbilt-Ingram Cancer Center,Vanderbilt-Ingram Cancer Center,25,0,0,multi_experimental,11,[18-f] (fluoropropyl)-l-glutamate (fspg) pet scan;biospecimen collection;computed tomography;fludeoxyglucose f-18;positron emission tomography;radiation therapy,[18-f] (fluoropropyl)-l-glutamate (fspg) pet scan;atezolizumab;biospecimen collection;carboplatin;cemiplimab;computed tomography;fludeoxyglucose f-18;ipilimumab;nab-paclitaxel;nivolumab;pembrolizumab;pemetrexed;positron emission tomography;radiation therapy,PD-1,Monoclonal Antibody,ALK;KRAS;PD-L1;ROS1,1,1,0,0,1,1,0,1,0,0,1,"ROS1+, KRAS G12C, PD-L1+",metastatic · squamous · measurable (RECIST)
NCT05502237,Zimberelimab and Domvanalimab in Combination With Chemotherapy Versus Pembrolizumab With Chemotherapy in Patients With Untreated Metastatic Non-Small Cell Lung Cancer,PHASE3,Phase 3,ACTIVE_NOT_RECRUITING,1021,Gilead Sciences,Gilead Sciences,168,1,1,active_comparator,3,carboplatin;cisplatin;nab-paclitaxel;paclitaxel;pembrolizumab;pemetrexed,carboplatin;cisplatin;domvanalimab;nab-paclitaxel;paclitaxel;pemetrexed;zimberelimab,PD-1,Monoclonal Antibody,ALK;BRAF;NTRK;PD-L1;RET;ROS1;genomic,1,1,0,1,1,0,0,1,0,0,1,"ALK+, ROS1+, PD-L1+",metastatic · small-cell · measurable (RECIST)
NCT05502913,Fecal Microbiota Transplantation With Immune Checkpoint Inhibitors in Lung Cancer,PHASE2,Phase 2,RECRUITING,80,Soroka University Medical Center,Soroka University Medical Center,1,0,0,multi_experimental,2,antibiotics;fmt (fecal microbiota transplantation),antibiotics;fmt (fecal microbiota transplantation),,,biomarker;genomic,0,1,0,0,0,0,0,0,0,0,0,,
NCT05503888,Phase Ib/II Study of Almonertinib Combined With SHR-1701 in the Treatment of Relapsed or Advanced Non-small Cell Lung Cancer,PHASE1;PHASE2,Phase 2,NOT_YET_RECRUITING,160,"Suzhou Suncadia Biopharmaceuticals Co., Ltd.",Suzhou Suncadia Biopharmaceuticals,86,1,0,placebo_comparator,2,almonertinib,almonertinib combined with shr-1701,EGFR,Small Molecule,EGFR,0,1,0,0,0,0,0,0,0,0,0,,metastatic · measurable (RECIST) · ECOG 0-1
NCT05504278,Efficacy and Safety of IBI351 in Combination With Chemotherapy in Advanced Non-squamous Non-small Cell Lung Cancer Subjects With KRAS G12C Mutation,PHASE1,Phase 1,RECRUITING,144,Innovent Biologics (Suzhou) Co. Ltd.,Innovent,107,1,0,multi_experimental,5,ibi351,carboplatin;cetuximab;cis-platinum;ibi351;pemetrexed;sintilimab,KRAS,Small Molecule,KRAS,0,1,0,0,0,1,0,0,0,0,1,KRAS G12C,metastatic · squamous
NCT05513703,A Study to Assess Disease Activity of Intravenously (IV) Infused Telisotuzumab Vedotin in Adult Participants With Advanced/Metastatic Non-Squamous Non-Small Cell Lung Cancer (NSCLC),PHASE2,Phase 2,TERMINATED,9,AbbVie,AbbVie,274,1,1,single_arm,1,telisotuzumab vedotin,telisotuzumab vedotin,MET,ADC,MET,1,1,0,0,1,0,1,0,0,0,1,"ROS1+, MET+",metastatic · adenoca. · measurable (RECIST)
NCT05526755,A Study of 5 Years of Adjuvant Osimertinib in Completely Resected Epidermal Growth Factor Receptor Mutation (EGFRm) Non-small Cell Lung Carcinoma (NSCLC),PHASE2,Phase 2,ACTIVE_NOT_RECRUITING,188,AstraZeneca,AstraZeneca,780,1,1,single_arm,1,osimertinib,osimertinib,EGFR,Small Molecule,EGFR,0,1,1,0,0,0,0,0,0,1,1,EGFRm,neoadjuvant · 2nd-line+ · squamous
NCT05532696,Phase 1b/2 Study to Evaluate ABT-101 in Solid Tumor and NSCLC Patients,PHASE1;PHASE2,Phase 2,RECRUITING,61,"Anbogen Therapeutics, Inc.",Anbogen Therapeutics,2,1,0,single_arm,1,abt-101,abt-101,HER2,Small Molecule,HER2,0,1,0,0,0,0,0,0,0,1,0,,metastatic · 2nd-line+ · measurable (RECIST)
NCT05538130,A Study to Learn About the Study Medicine Called PF-07799544 as Monotherapy or in Combination in People With Advanced Solid Tumors,PHASE1,Phase 1,ACTIVE_NOT_RECRUITING,148,Pfizer,Pfizer,687,1,1,multi_experimental,3,pf-07799544,pf-07799544;pf-07799933,BRAF,Small Molecule,BRAF,0,1,0,0,0,0,0,0,0,0,0,,metastatic · measurable (RECIST)
NCT05543330,A Phase Ib/II Clinical Trial of M701 in the Treatment of Malignant Pleural Effusions Caused by NSCLC,PHASE1;PHASE2,Phase 2,RECRUITING,116,"Wuhan YZY Biopharma Co., Ltd.",Wuhan YZY Biopharma,8,1,0,multi_experimental,2,m701 pleural infusion;pleural drainage,m701 pleural infusion;pleural drainage,EPCAM,Bispecific Antibody,EPCAM;PD-L1,1,1,0,0,0,0,0,1,0,1,1,PD-L1+,metastatic · 2nd-line+ · squamous · ECOG 2
NCT05544240,Phase 1 Trial of SYNC-T - Immunotherapy for Patients With Advanced/Metastatic Solid Tumors,PHASE1,Phase 1,RECRUITING,20,Williams Cancer Foundation,Williams Cancer Foundation,2,0,0,single_arm,1,sv-101,sv-101,,,,0,1,0,0,0,0,0,0,0,0,0,,metastatic · squamous · measurable (RECIST)
NCT05544929,A Study of Safety and Efficacy of KFA115 Alone and in Combo With Pembrolizumab in Patients With Select Advanced Cancers,PHASE1,Phase 1,ACTIVE_NOT_RECRUITING,126,Novartis Pharmaceuticals,Novartis,836,1,1,multi_experimental,3,kfa115,kfa115;pembrolizumab,PD-1,,BRAF;MSI;MSI-H;PD-L1,0,1,0,0,0,0,0,1,0,1,1,PD-L1+,metastatic · 2nd-line+ · squamous
NCT05546268,Study of Oral MRT-2359 in Selected Cancer Patients,PHASE1;PHASE2,Phase 2,ACTIVE_NOT_RECRUITING,174,"Monte Rosa Therapeutics, Inc",Monte Rosa Therapeutics,2,1,0,multi_experimental,6,oral mrt-2359,oral mrt-2359,MYC,Small Molecule,HER2;MYC;biomarker,0,1,0,0,0,0,0,0,0,0,0,,metastatic · measurable (RECIST)
NCT05546866,Study to Assess the Efficacy and Safety of Adjuvant Osimertinib in NSCLC With Uncommon EGFRm,PHASE2,Phase 2,ACTIVE_NOT_RECRUITING,51,AstraZeneca,AstraZeneca,780,1,1,single_arm,1,osimertinib,osimertinib,EGFR,Small Molecule,EGFR,0,1,1,0,0,0,0,0,0,1,1,EGFRm,neoadjuvant · 2nd-line+ · squamous
NCT05553834,"PCSK9 Inhibitor and PD-1 Inhibitor in Patients With Metastatic, Refractory To Prior Anti PD-1 Non-small Cell Lung",PHASE2,Phase 2,ACTIVE_NOT_RECRUITING,60,Duke University,Duke University,91,0,1,single_arm,1,alirocumab and cemiplimab,alirocumab and cemiplimab,PD-1,Monoclonal Antibody,ALK;BRAF;MET;NTRK;PD-L1;RET;ROS1,1,1,0,0,1,0,1,0,0,1,1,"ROS1+, MET+",metastatic · 2nd-line+ · small-cell · measurable (RECIST)
NCT05555732,Datopotamab Deruxtecan (Dato-DXd) and Pembrolizumab With or Without Platinum Chemotherapy in 1L Non-Small Cell Lung Cancer (TROPION-Lung07),PHASE3,Phase 3,ACTIVE_NOT_RECRUITING,1170,Daiichi Sankyo,Daiichi Sankyo,178,1,1,active_comparator,3,carboplatin;cisplatin;pembrolizumab;pemetrexed,carboplatin;cisplatin;datopotamab deruxtecan;pembrolizumab,PD-1,Monoclonal Antibody,PD-L1;TROP2;biomarker,1,1,0,0,0,0,0,1,0,1,1,PD-L1+,metastatic · 2nd-line+ · squamous · measurable (RECIST)
NCT05557045,"A Study of JZP815 Oral Capsules in Adult Participants With Advanced or Metastatic Solid Tumors Harboring Mitogen Activated Protein Kinase (MAPK) Pathway Alterations to Investigate the Safety, Dosing, and Antitumor Activity of JZP815",PHASE1,Phase 1,ACTIVE_NOT_RECRUITING,98,Jazz Pharmaceuticals,Jazz Pharmaceuticals,59,1,0,multi_experimental,2,jzp815,jzp815,BRAF,Small Molecule,MAPK pathway,0,1,0,0,0,0,0,0,0,0,0,,metastatic · measurable (RECIST) · ECOG 0
NCT05557591,A Trial to Learn How the Cancer Vaccine BNT116 in Combination With Cemiplimab Works and How Safe the Combination is in Adults With Advanced Non-small Cell Lung Cancer (EMPOWERVAX Lung 1),PHASE2,Phase 2,ACTIVE_NOT_RECRUITING,51,Regeneron Pharmaceuticals,Regeneron,95,1,1,multi_experimental,2,cemiplimab,bnt116;cemiplimab,CLDN6,mRNA,ALK;PD-L1;ROS1;ctDNA,0,1,0,1,1,0,0,1,0,0,1,"ALK+, ROS1+, PD-L1+",metastatic · squamous · measurable (RECIST)
NCT05565378,"A Platform Study of Novel Immunotherapy Combinations in Participants With Previously Untreated, Advanced/Metastatic Non-Small-Cell Lung Cancer",PHASE2,Phase 2,ACTIVE_NOT_RECRUITING,351,GlaxoSmithKline,GSK,468,1,1,active_comparator,6,pembrolizumab,belrestotug;dostarlimab;nelistotug,PD-1,Monoclonal Antibody,ALK;PD-L1;genomic,1,1,0,1,0,0,0,1,1,0,1,"ALK+, PD-L1+",metastatic · 1st-line · squamous · measurable (RECIST)
NCT05565417,Study of the Monoclonal Antibody IMT-009 in Patients With Advanced Solid Tumors or Lymphomas,PHASE1;PHASE2,Phase 2,ACTIVE_NOT_RECRUITING,67,Immunitas Therapeutics,Immunitas Therapeutics,1,1,0,multi_experimental,3,imt-009,fruquintinib;imt-009,CD161,Monoclonal Antibody,ALK;BRAF;CD161;CLEC2D;CXCL13;HER2;KRAS;MET;MSI;MSI-H;PD-L1;RET;biomarker;dMMR,1,1,0,0,0,0,1,1,1,1,1,"MET+, PD-L1+",metastatic · 1st-line · squamous · measurable (RECIST)
NCT05566041,"A Phase 3, Controlled, Open-label, Global Randomized Study of RRx-001 With a Platinum Doublet or a Platinum Doublet in Small Cell Lung Cancer",PHASE3,Phase 3,ACTIVE_NOT_RECRUITING,292,"EpicentRx, Inc.",EpicentRx,13,1,0,active_comparator,2,cisplatin/carboplatin plus etoposide,rrx-001 + eloop device,NLRP3,Small Molecule,,0,1,0,0,0,0,0,0,0,0,0,,metastatic · small-cell · measurable (RECIST) · ECOG 0
NCT05570825,SX-682 With Pembrolizumab for the Treatment of Metastatic or Recurrent Stage IIIC or IV Non-Small Cell Lung Cancer,PHASE2,Phase 2,RECRUITING,30,University of Washington,University of Washington,74,0,0,single_arm,1,biopsy;biospecimen collection;computed tomography;cxcr1/2 inhibitor sx-682;magnetic resonance imaging;pembrolizumab;positron emission tomography,biopsy;biospecimen collection;computed tomography;cxcr1/2 inhibitor sx-682;magnetic resonance imaging;pembrolizumab;positron emission tomography,CXCR1/2,Small Molecule,ALK;EGFR;MET;MSS;PD-L1;RAS;RET;ROS1,0,1,1,1,1,0,1,1,0,1,1,"EGFRm, ALK+, ROS1+, MET+, PD-L1+",metastatic · 2nd-line+ · small-cell · measurable (RECIST) · ECOG 0
NCT05578326,Study of Trilaciclib and Lurbinectidin,PHASE2,Phase 2,RECRUITING,30,UNC Lineberger Comprehensive Cancer Center,UNC Lineberger Comprehensive Cancer Center,85,0,0,single_arm,1,lurbinectedin;trilaciclib,lurbinectedin;trilaciclib,CDK4/6,Small Molecule,,0,1,0,0,0,0,0,1,0,0,1,PD-L1+,measurable (RECIST)
NCT05579366,"Rinatabart Sesutecan (Rina-S, PRO1184, GEN1184) for Advanced Solid Tumors (GCT1184-01/ PRO1184-001)",PHASE1;PHASE2,Phase 2,RECRUITING,884,Genmab,Genmab,65,1,1,multi_experimental,4,rina-s,bevacizumab;carboplatin;pembrolizumab;rina-s,VEGF/VEGFR,Monoclonal Antibody,HER2,1,1,1,0,0,0,0,0,0,1,1,EGFRm,metastatic · 2nd-line+ · small-cell · measurable (RECIST)
NCT05581004,"A Study to Evaluate the Safety, Pharmacokinetics, and Activity of Enzelkitug as a Single Agent and in Combination With Checkpoint Inhibitor in Participants With Locally Advanced or Metastatic Solid Tumors",PHASE1,Phase 1,ACTIVE_NOT_RECRUITING,165,"Genentech, Inc.",Roche/Genentech,922,1,1,multi_experimental,4,enzelkitug,atezolizumab;enzelkitug;pembrolizumab,PD-L1,Monoclonal Antibody,CMMRD;MSI-H;TMB,1,1,0,0,0,0,0,0,0,0,0,,metastatic · measurable (RECIST)
NCT05585320,A Phase 1/2a Study of IMM-1-104 in Participants With Advanced or Metastatic Solid Tumors,PHASE1;PHASE2,Phase 2,ACTIVE_NOT_RECRUITING,209,Immuneering Corporation,Immuneering,3,1,0,multi_experimental,5,,imm-1-104 + dabrafenib (treatment group d);imm-1-104 + modified folfirinox (treatment group c);imm-1-104 + modified gemcitabine/nab-paclitaxel (treatment group b);imm-1-104 + pembrolizumab (treatment group e);imm-1-104 monotherapy (treatment group a),MEK,Small Molecule,BRAF;KRAS,0,1,0,0,0,0,0,0,1,1,0,,metastatic · 1st-line · adenoca. · measurable (RECIST)
NCT05588388,Study of Bevacizumab in Combination With Chemoimmunotherapy and Atezolizumab in Patients With Extensive Stage Small Cell Lung Cancer and Liver Metastases,PHASE2,Phase 2,RECRUITING,39,Kamya Sankar,Kamya Sankar,1,0,1,single_arm,1,bevacizumab,bevacizumab,VEGF/VEGFR,Monoclonal Antibody,MET,1,1,1,0,0,0,0,0,0,0,1,EGFRm,metastatic · small-cell · measurable (RECIST)
NCT05592626,"A Study of a Selective T Cell Receptor (TCR) Targeting, Bifunctional Antibody-fusion Molecule STAR0602 in Participants With Advanced Solid Tumors",PHASE1;PHASE2,Phase 2,RECRUITING,366,"Marengo Therapeutics, Inc.",Marengo Therapeutics,2,1,0,multi_experimental,2,star0602,docetaxel (taxotere);irinotecan (camptosar);star0602,TCR,Bispecific Antibody,MMR;MSI;MSI-H;PD-L1;TMB;dMMR,1,1,0,0,0,0,0,1,0,0,1,PD-L1+,metastatic
NCT05595460,Study of RYZ101 in Combination With SoC in Subjects With SSTR+ ES-SCLC,PHASE1,Phase 1,ACTIVE_NOT_RECRUITING,21,"RayzeBio, Inc.",RayzeBio,7,1,0,single_arm,1,atezolizumab;carboplatin;etoposide;ryz101 dose level -1;ryz101 dose level 1;ryz101 dose level 2;ryz101 dose level 3,atezolizumab;carboplatin;etoposide;ryz101 dose level -1;ryz101 dose level 1;ryz101 dose level 2;ryz101 dose level 3,PD-L1,,PD-L1,0,1,0,0,0,0,0,1,0,1,1,PD-L1+,metastatic · 2nd-line+ · measurable (RECIST)
NCT05599789,Pembrolizumab in Combination With Plinabulin and Docetaxel For Metastatic NSCLC After ICIs (KeyPemls-004),PHASE2,Phase 2,ACTIVE_NOT_RECRUITING,47,Peking Union Medical College Hospital,Peking Union Medical College Hospital,28,0,1,single_arm,1,pembrolizumab in combination with plinabulin and docetaxel,pembrolizumab in combination with plinabulin and docetaxel,PD-1,Monoclonal Antibody,ALK;PD-L1;ROS1,1,1,0,0,1,0,0,0,1,1,1,ROS1+,metastatic · 1st-line · squamous · measurable (RECIST)
NCT05601973,"Amivantamab, Lazertinib and Bevacizumab in Patients With EGFR-mutant Advanced Non-small Cell Lung Cancer With Progression on Previous Third-generation EGFR-TKI",PHASE2,Phase 2,ACTIVE_NOT_RECRUITING,60,ETOP IBCSG Partners Foundation,ETOP IBCSG Partners Foundation,20,0,1,single_arm,1,amivantamab;lazertinib;zirabev,amivantamab;lazertinib;zirabev,EGFR,Monoclonal Antibody,EGFR;MET;PR,1,1,1,0,0,0,0,0,0,1,1,EGFRm,metastatic · 2nd-line+ · squamous · measurable (RECIST)
NCT05607108,A Study of ZEN003694 in People With Squamous Cell Lung Cancer,PHASE2,Phase 2,RECRUITING,13,Memorial Sloan Kettering Cancer Center,Memorial Sloan Kettering Cancer Center,411,0,0,single_arm,1,zen003694,zen003694,BET,Small Molecule,,0,1,0,0,0,0,0,0,1,1,0,,metastatic · 1st-line · squamous · ECOG 0
NCT05607550,Study to Compare Furmonertinib to Platinum-Based Chemotherapy for Patients With Locally Advanced or Metastatic Non-Small Cell Lung Cancer (NSCLC) With Epidermal Growth Factor Receptor (EGFR) Exon 20 Insertion Mutations (FURVENT),PHASE3,Phase 3,ACTIVE_NOT_RECRUITING,398,"ArriVent BioPharma, Inc.",ArriVent BioPharma,5,1,0,active_comparator,3,platinum-based,daily;furmonertinib,EGFR,Small Molecule,EGFR,0,1,0,0,0,0,0,0,0,0,0,,metastatic · squamous
NCT05609578,Combination Therapies With Adagrasib in Patients With Advanced NSCLC With KRAS G12C Mutation,PHASE2,Phase 2,ACTIVE_NOT_RECRUITING,90,Mirati Therapeutics Inc.,Mirati,42,1,0,multi_experimental,3,adagrasib oral dose of,adagrasib oral dose of;chemotherapy: pemetrexed;cisplatin/carboplatin;pembrolizumab,PD-1,Monoclonal Antibody,KRAS;PD-L1,1,1,0,0,0,1,0,1,1,0,1,"KRAS G12C, PD-L1+",metastatic · 1st-line · squamous · measurable (RECIST)
NCT05609968,Study of Pembrolizumab (MK-3475) Monotherapy Versus Sacituzumab Govitecan in Combination With Pembrolizumab for Participants With Metastatic Non-small Cell Lung Cancer (NSCLC) With Programmed Cell Death Ligand 1 (PD-L1) Tumor Proportion Score (TPS) ≥50% (MK-3475-D46),PHASE3,Phase 3,ACTIVE_NOT_RECRUITING,614,Merck Sharp & Dohme LLC,Merck (MSD),649,1,1,multi_experimental,2,pembrolizumab,pembrolizumab;sacituzumab govitecan,PD-1,Monoclonal Antibody,ALK;PD-L1,1,1,0,1,0,0,0,1,0,0,1,"ALK+, PD-L1+",metastatic · small-cell
NCT05617963,Durvalumab Maintenance After Thoracic Chemoradiotherapy in Frail Small Cell Lung Cancer Patients Whose Disease is Limited to the Thorax,PHASE2,Phase 2,ACTIVE_NOT_RECRUITING,100,UNICANCER,UNICANCER,64,0,1,single_arm,1,durvalumab,,PD-L1,Monoclonal Antibody,EGFR;PR,1,0,0,0,0,0,0,0,0,1,0,,2nd-line+ · measurable (RECIST) · ECOG 2
NCT05620134,Study of JK08 in Patients with Unresectable Locally Advanced or Metastatic Cancer,PHASE1;PHASE2,Phase 2,ACTIVE_NOT_RECRUITING,263,Salubris Biotherapeutics Inc,Salubris Biotherapeutics,2,1,0,multi_experimental,4,jk08,jk08;lenvatinib pill;pembrolizumab,CTLA-4,Monoclonal Antibody,ER;HER2;PR;genomic,1,1,0,0,0,0,0,0,0,1,0,,metastatic · 2nd-line+ · adenoca. · measurable (RECIST)
NCT05620342,Autologous CAR T-Cells Targeting the GD2 Antigen for Lung Cancer,EARLY_PHASE1,Phase 1,RECRUITING,24,UNC Lineberger Comprehensive Cancer Center,UNC Lineberger Comprehensive Cancer Center,85,0,0,single_arm,1,ic9.gd2.car.il-15 t infusion,ic9.gd2.car.il-15 t infusion,GD2,CAR-T,GD2;PD-L1,1,1,0,0,0,0,0,1,0,1,1,PD-L1+,2nd-line+
NCT05623319,Pembrolizumab and Olaparib Treatment of Extensive Small Cell Lung Cancer (ES-SCLC),PHASE2,Phase 2,RECRUITING,60,Istituto Romagnolo per lo Studio dei Tumori Dino Amadori IRST S.r.l. IRCCS,Istituto Romagnolo per lo Studio dei Tumori Dino Amadori IRST S.r.l. IRCCS,4,0,1,single_arm,1,pembrolizumab/olaparib,pembrolizumab/olaparib,PD-1,Monoclonal Antibody,MET;PD-L1,1,1,0,0,0,0,0,0,0,1,0,,metastatic · 2nd-line+ · ductal · measurable (RECIST)
NCT05627960,First in Human Phase 1 Study of AG01 Anti-Progranulin/GP88 Antibody in Advanced Solid Tumor Malignancies,PHASE1,Phase 1,RECRUITING,77,A&G Pharmaceutical Inc.,A&G Pharmaceutical,1,1,0,multi_experimental,5,ag-01 compound,ag-01 compound,GRN,Monoclonal Antibody,ER;PR,1,1,0,0,0,0,0,0,0,1,0,,metastatic · 2nd-line+ · squamous · measurable (RECIST)
NCT05632809,REStoring lymphoCytes Using NKTR-255* After chemoradiothErapy in Solid Tumors (RESCUE),PHASE2,Phase 2,RECRUITING,39,M.D. Anderson Cancer Center,M.D. Anderson Cancer Center,697,0,0,single_arm,1,durvalumab;nktr-255,durvalumab;nktr-255,PD-L1,Small Molecule,ALK;PD-L1,0,1,0,0,0,0,0,1,0,0,1,PD-L1+,recurrent · small-cell · ECOG 0
NCT05633602,"Ramucirumab Plus Pembrolizumab vs Usual Care for Treatment of Stage IV or Recurrent Non-Small Cell Lung Cancer Following Immunotherapy, Pragmatica-Lung Study",PHASE3,Phase 3,ACTIVE_NOT_RECRUITING,838,SWOG Cancer Research Network,SWOG Cancer Research Network,15,0,1,active_comparator,2,,pembrolizumab;ramucirumab,PD-1,Monoclonal Antibody,ALK;BRAF;HER2;KRAS;MET;NTRK;PD-L1;RET;ROS1,1,1,0,0,1,0,0,1,0,0,1,"ROS1+, PD-L1+",recurrent · small-cell
NCT05633667,Study of Novel Treatment Combinations in Patients With Lung Cancer,PHASE2,Phase 2,ACTIVE_NOT_RECRUITING,192,Gilead Sciences,Gilead Sciences,168,1,1,active_comparator,10,carboplatin;cisplatin;docetaxel;nab-paclitaxel;nivolumab;paclitaxel;pemetrexed;sacituzumab govitecan-hziy (sg);zimberelimab (zim),carboplatin;domvanalimab (dom);etrumadenant (etruma);paclitaxel;pemetrexed;sacituzumab govitecan-hziy (sg);zimberelimab (zim),PD-1,Monoclonal Antibody,ALK;CD30;PD-L1;genomic,1,1,0,1,0,0,0,1,1,1,1,"ALK+, PD-L1−",metastatic · 1st-line · squamous · measurable (RECIST)
NCT05635708,A Study of Tislelizumab in Combination With Investigational Agents in Participants With Non-Small Cell Lung Cancer,PHASE2,Phase 2,ACTIVE_NOT_RECRUITING,400,BeiGene,BeiGene/BeOne,149,1,1,active_comparator,8,carboplatin;cisplatin;nab-paclitaxel;paclitaxel;pemetrexed;tislelizumab,bgb-15025;bgb-a445;carboplatin;cisplatin;lbl-007;nab-paclitaxel;paclitaxel;pemetrexed;tislelizumab,PD-1,Monoclonal Antibody,ALK;BRAF;EGFR;PD-L1;RET;ROS1;genomic,1,1,1,1,1,0,0,1,0,1,1,"EGFRm, ALK+, ROS1+, PD-L1+",metastatic · 2nd-line+ · squamous · measurable (RECIST)
NCT05647122,First in Human Study of AZD9592 in Solid Tumors,PHASE1,Phase 1,ACTIVE_NOT_RECRUITING,167,AstraZeneca,AstraZeneca,780,1,1,multi_experimental,3,azd9592,5-fluorouracil (5-fu);azd9592;bevacizumab;leucovorin;osimertinib,EGFR/cMET,ADC,MET,1,1,1,0,0,0,0,0,0,0,1,EGFRm,metastatic · measurable (RECIST)
NCT05650879,ELVN-002 in HER2 Mutant Non-Small Cell Lung Cancer,PHASE1,Phase 1,ACTIVE_NOT_RECRUITING,198,Enliven Therapeutics,Enliven Therapeutics,4,1,0,multi_experimental,5,elvn-002,elvn-002;fam-trastuzumab deruxtecan-nxki;trastuzumab emtansine,HER2,ADC,ALK;BRAF;HER2;ROS1,1,1,0,1,1,0,0,0,0,0,1,"ALK+, ROS1+",metastatic · squamous · measurable (RECIST)
NCT05651022,Study of DECOY20 With or Without Tislelizumab in Patients With Advanced Solid Tumors,PHASE1;PHASE2,Phase 2,ACTIVE_NOT_RECRUITING,120,"Indaptus Therapeutics, Inc",Indaptus Therapeutics,1,1,0,multi_experimental,3,decoy20,decoy20;tislelizumab,PD-1,Cell Therapy,ALK;BRAF;KRAS;MET;MSI;MSI-H;RET;dMMR,1,1,0,0,0,0,0,0,0,0,0,,metastatic · adenoca. · measurable (RECIST)
NCT05652686,A Study of Peluntamig (PT217) in Patients With Neuroendocrine Carcinomas Expressing DLL3 (the SKYBRIDGE Study),PHASE1;PHASE2,Phase 2,RECRUITING,203,Phanes Therapeutics,Phanes Therapeutics,3,1,1,multi_experimental,4,peluntamig (pt217),atezolizumab;carboplatin + etoposide;irinotecan (drug);lurbinectedin;paclitaxel.;peluntamig (pt217);topotecan,DLL3,ADC,DLL3;PR;biomarker,1,1,0,0,0,0,0,0,1,1,0,,metastatic · 1st-line · small-cell · measurable (RECIST)
NCT05653752,A Study of YL202 in Patients With Locally Advanced or Metastatic Non-small Cell Lung Cancer and Breast Cancer,PHASE1,Phase 1,ACTIVE_NOT_RECRUITING,80,"MediLink Therapeutics (Suzhou) Co., Ltd.",MediLink Therapeutics (Suzhou),23,1,0,single_arm,1,yl202,yl202,HER3,ADC,EGFR;HER2;HR,1,1,1,0,0,0,0,0,0,0,1,EGFRm,metastatic · measurable (RECIST) · ECOG 0
NCT05653882,A Study Evaluating AB248 Alone or in Combination With Pembrolizumab in Adult Patients With Solid Tumors,PHASE1,Phase 1,ACTIVE_NOT_RECRUITING,552,"Asher Biotherapeutics, Inc.",Asher Biotherapeutics,1,1,1,multi_experimental,4,etakafusp alfa (ab248),etakafusp alfa (ab248);pembrolizumab,IL-2,Peptide,EGFR,0,1,0,0,0,0,0,0,0,0,0,,metastatic · measurable (RECIST)
NCT05654454,"A Safety and Efficacy Study of Bevacizumab, Paclitaxel, Carboplatin Compared to Avastin® in Non-Small Cell Lung Cancer",PHASE3,Phase 3,RECRUITING,620,"Mabscale, LLC",Mabscale,1,1,0,active_comparator,2,bevacizumab;carboplatin;paclitaxel,bevacizumab;carboplatin;paclitaxel,VEGF/VEGFR,Monoclonal Antibody,ALK;EGFR,1,1,1,1,0,0,0,0,0,0,1,"EGFRm, ALK+",metastatic · squamous · measurable (RECIST)
NCT05660408,RNA Lipid Particles Targeting Pediatric Recurrent Intracranial Malignancies and Other systEmic Solid Tumors,PHASE1;PHASE2,Phase 2,ACTIVE_NOT_RECRUITING,36,University of Florida,University of Florida,28,0,0,multi_experimental,5,pp65 rna lp (dp1);pp65/tumor mrna rna-lp (dp2);surgical biopsy/resection,pp65 rna lp (dp1);pp65/tumor mrna rna-lp (dp2);surgical biopsy/resection,pp65,mRNA,MMR;PD-L1,0,1,0,0,0,0,0,0,0,1,0,,metastatic · 2nd-line+
NCT05663866,Premedication to Reduce Amivantamab Associated Infusion Related Reactions,PHASE2,Phase 2,ACTIVE_NOT_RECRUITING,68,"Janssen Research & Development, LLC",Johnson & Johnson,363,1,1,single_arm,1,amivantamab;lazertinib;methotrexate;montelukast,amivantamab;lazertinib;methotrexate;montelukast,EGFR,Monoclonal Antibody,EGFR;MET;PD-L1,1,1,1,0,0,0,0,1,0,1,1,"EGFRm, PD-L1+",metastatic · 2nd-line+ · small-cell
NCT05668988,A Study of DZD9008 Versus Platinum-Based Doublet Chemotherapy in Local Advanced or Metastatic Non-small Cell Lung Cancer (WU-KONG28),PHASE3,Phase 3,ACTIVE_NOT_RECRUITING,324,Dizal Pharmaceuticals,Dizal Pharmaceuticals,29,1,0,active_comparator,2,pemetrexed+carboplatin,sunvozertinib,EGFR,Small Molecule,EGFR;PACC,0,1,1,0,0,0,0,0,0,0,1,EGFRm,metastatic · squamous · measurable (RECIST)
NCT05669430,A Study of GV20-0251 Monotherapy and GV20-0251 in Combination With Pembrolizumab in Participants With Solid Tumor Malignancies,PHASE1;PHASE2,Phase 2,RECRUITING,365,GV20 Therapeutics,GV20 Therapeutics,3,1,1,multi_experimental,4,,gv20-0251;gv20-0251 and pembrolizumab [keytruda],IGSF8,Oncolytic Virus,IGSF8 RNA;IGSF8 membrane protein,1,1,0,0,0,0,0,0,0,1,0,,metastatic · 2nd-line+ · adenoca. · measurable (RECIST)
NCT05671510,ONC-392 Versus Docetaxel in Metastatic NSCLC That Progressed on PD-1/PD-L1 Inhibitors,PHASE3,Phase 3,ACTIVE_NOT_RECRUITING,630,"OncoC4, Inc.",OncoC4,10,1,0,active_comparator,2,docetaxel,gotistobart,PD-1,Monoclonal Antibody,ALK;BRAF;HER2;KRAS;MET;NTRK;PD-L1;RET;ROS1;genomic,1,1,0,0,1,0,0,1,0,0,1,"ROS1+, PD-L1+",metastatic · squamous · measurable (RECIST) · ECOG 0
NCT05673187,Adagrasib in Patients With KRASG12C-mutant NSCLC Who Are Elderly or Have Poor Performance Status,PHASE2,Phase 2,ACTIVE_NOT_RECRUITING,68,ETOP IBCSG Partners Foundation,ETOP IBCSG Partners Foundation,20,0,0,single_arm,1,adagrasib,adagrasib,KRAS,Small Molecule,KRAS,0,1,0,0,0,1,0,0,0,0,1,KRAS G12C,metastatic · measurable (RECIST) · ECOG 2
NCT05676931,Study With Various Immunotherapy Treatments in Participants With Lung Cancer,PHASE2,Phase 2,ACTIVE_NOT_RECRUITING,400,Gilead Sciences,Gilead Sciences,168,1,1,multi_experimental,10,zimberelimab,docetaxel;domvanalimab;platinum-based doublet;quemliclustat;zimberelimab,TIGIT,Monoclonal Antibody,PD-L1,1,1,0,0,0,0,0,0,0,0,0,,metastatic · measurable (RECIST) · ECOG 0-1
NCT05680922,DLL3-Directed Chimeric Antigen Receptor T-cells in Subjects With Extensive Stage Small Cell Lung Cancer,PHASE1,Phase 1,ACTIVE_NOT_RECRUITING,41,Legend Biotech USA Inc,Johnson & Johnson,363,1,0,single_arm,1,lb2102,lb2102,DLL3,CAR-T,DLL3;MET,1,1,0,0,0,0,0,0,0,0,0,,metastatic · small-cell · measurable (RECIST)
NCT05687266,"Phase III, Open-label, First-line Study of Dato-DXd in Combination With Durvalumab and Carboplatin for Advanced NSCLC Without Actionable Genomic Alterations",PHASE3,Phase 3,ACTIVE_NOT_RECRUITING,1350,AstraZeneca,AstraZeneca,780,1,1,active_comparator,2,carboplatin;cisplatin;paclitaxel;pembrolizumab;pemetrexed,carboplatin;datopotamab deruxtecan;durvalumab,PD-L1,Monoclonal Antibody,ALK;BRAF;EGFR;MET;NTRK;RET;ROS1;genomic,1,1,0,0,1,0,0,0,0,0,1,ROS1+,metastatic · squamous · ECOG 0
NCT05688280,"Intratumoral Injection of IP-001 Following Thermal Ablation in Patients With CRC, NSCLC, and STS",PHASE1;PHASE2,Phase 2,ACTIVE_NOT_RECRUITING,42,"Immunophotonics, Inc.",Immunophotonics,2,1,0,multi_experimental,3,1.0% ip-001 for injection,1.0% ip-001 for injection,,Oncolytic Virus,,1,1,0,0,0,0,0,0,1,0,0,,metastatic · 1st-line · measurable (RECIST)
NCT05690945,A Study of QL1706 in Combination With Chemotherapy in PD-L1-Negative Non-small Cell Lung Cancer,PHASE3,Phase 3,ACTIVE_NOT_RECRUITING,606,"Qilu Pharmaceutical Co., Ltd.",Qilu Pharmaceutical,108,1,0,active_comparator,2,tilesizumab,ql1706,PD-1,Monoclonal Antibody,ALK;PD-L1,1,1,1,0,0,0,0,1,0,0,1,"EGFRm, PD-L1+",metastatic
NCT05698238,Clinical Study to Evaluate Safety and Dosing of CA9hu-1 in Patients With Advanced Solid Tumours,PHASE1,Phase 1,NOT_YET_RECRUITING,50,"Mabpro, a.s.","Mabpro, a.s.",1,1,0,single_arm,1,ca9hu-1,ca9hu-1,CA9,Monoclonal Antibody,CA9;biomarker,1,1,0,0,0,0,0,0,0,1,0,,metastatic · 2nd-line+ · small-cell
NCT05703971,Quaratusugene Ozeplasmid (Reqorsa) and Atezolizumab Maintenance Therapy in ES-SCLC Patients,PHASE1;PHASE2,Phase 2,RECRUITING,62,"Genprex, Inc.",Genprex,4,1,0,multi_experimental,2,atezolizumab;quaratusugene ozeplasmid,atezolizumab;quaratusugene ozeplasmid,PD-L1,Monoclonal Antibody,CMMRD;MSI-H;PR;TMB,1,1,0,0,0,0,0,0,0,0,0,,metastatic
NCT05704166,PirfenidoneVsPlacebo as Prophylaxis Against Acute Radiation-induced Lung Injury Following HFRT in Breast Cancer Patients,PHASE2,Phase 2,RECRUITING,214,Fujian Medical University Union Hospital,Fujian Medical University Union Hospital,3,0,0,placebo_comparator,2,pirfenidone/placebo,pirfenidone/placebo,,,,0,1,0,0,0,0,0,0,0,0,0,,metastatic · ductal · ECOG 0
NCT05704634,A Phase Ib Study to Evaluate the Safety and Preliminary Efficacy of IL6-receptor Antibody Sarilumab in Combination With antiPD1 Antibody Cemiplimab for Patients With Non-small Cell Lung Cancer.,PHASE1,Phase 1,ACTIVE_NOT_RECRUITING,56,M.D. Anderson Cancer Center,M.D. Anderson Cancer Center,697,0,1,multi_experimental,2,cemiplimab;kevzara (sarilumab),cemiplimab;kevzara (sarilumab),PD-1,Monoclonal Antibody,EGFR;MET,1,1,1,0,0,0,0,0,0,0,1,EGFRm,metastatic · squamous · measurable (RECIST)
NCT05704985,Evaluating Safety and Biomarkers Using DK210 (EGFR) for Locally Advanced or Metastatic EGFR+ Tumors,PHASE1,Phase 1,ACTIVE_NOT_RECRUITING,39,DEKA Biosciences,DEKA Biosciences,1,1,0,multi_experimental,4,dk210 (egfr),dk210 (egfr);immune checkpoint blockers;radiation therapy,EGFR,Small Molecule,EGFR;biomarker,0,1,0,0,0,0,0,0,0,0,0,,metastatic · squamous · measurable (RECIST)
NCT05706129,"A Study to Assess Safety, Tolerability and Imaging Characteristics of [68Ga]Ga-DPI-4452 and to Assess Safety, Tolerability, and Efficacy of [177Lu]Lu-DPI-4452 in Participants With Unresectable Locally Advanced or Metastatic Solid Tumors",PHASE1;PHASE2,Phase 2,RECRUITING,270,Lumara Bio Oncologics GmbH,Lumara Bio Oncologics,1,1,0,multi_experimental,5,[68ga]ga-dpi-4452,[177lu]lu-dpi-4452;[68ga]ga-dpi-4452,CA IX,Radiopharmaceutical,CA IX,0,1,0,0,0,0,0,0,0,0,0,,metastatic · adenoca. · measurable (RECIST)
NCT05712902,Sunvozertinib (DZD9008) in Pretreated Lung Cancer Patients with EGFR Exon20 Insertion Mutation (WU-KONG6),PHASE2,Phase 2,ACTIVE_NOT_RECRUITING,104,Dizal Pharmaceuticals,Dizal Pharmaceuticals,29,1,0,single_arm,1,sunvozertinib,sunvozertinib,EGFR,Small Molecule,EGFR;HER2;PACC;PR,0,1,1,0,0,0,0,0,0,1,1,EGFRm,metastatic · 2nd-line+ · measurable (RECIST)
NCT05714891,Neoadjuvant Platform Trial in Non-Small Cell Lung Cancer,PHASE2,Phase 2,ACTIVE_NOT_RECRUITING,4,Canadian Cancer Trials Group,Canadian Cancer Trials Group,48,0,1,single_arm,1,jdq443,jdq443,KRAS,Small Molecule,KRAS;MET;PD-L1;STK11,0,1,0,0,0,0,0,0,0,0,0,,metastatic · measurable (RECIST)
NCT05718323,"Niraparib Added to Anti-PD-L1 Antibody Maintenance in SLFN11-positive, Extensive-disease SCLC",PHASE2,Phase 2,RECRUITING,44,ETOP IBCSG Partners Foundation,ETOP IBCSG Partners Foundation,20,0,1,single_arm,1,niraparib,niraparib,PARP,Small Molecule,BRCA1;BRCA2;HRD;PD-L1,0,1,0,0,0,0,0,1,1,0,1,PD-L1+,metastatic · 1st-line · ductal · measurable (RECIST) · ECOG 0
NCT05722015,A Study of Subcutaneous (SC) Pembrolizumab Coformulated With Berahyaluronidase Alfa (MK-3475A) vs Intravenous Pembrolizumab in Adult Participants With Metastatic Non-small Cell Lung Cancer (NSCLC) (MK-3475A-D77),PHASE3,Phase 3,ACTIVE_NOT_RECRUITING,377,Merck Sharp & Dohme LLC,Merck (MSD),649,1,1,active_comparator,2,carboplatin;cisplatin;filgrastim;nab-paclitaxel;paclitaxel;pegylated filgrastim;pembrolizumab;pemetrexed,carboplatin;cisplatin;filgrastim;nab-paclitaxel;paclitaxel;pegylated filgrastim;pembrolizumab formulated with berahyaluronidase alfa;pemetrexed,PD-1,Monoclonal Antibody,PD-L1,1,1,0,0,0,0,0,0,0,0,0,,metastatic · squamous
NCT05736731,"A Study to Evaluate the Safety and Efficacy of A2B530, a Logic-gated CAR T, in Participants With Solid Tumors That Express CEA and Have Lost HLA-A*02 Expression",PHASE1;PHASE2,Phase 2,ACTIVE_NOT_RECRUITING,160,A2 Biotherapeutics Inc.,A2 Biotherapeutics,3,1,0,single_arm,1,a2b530;diagnostic test: xt-onco with hla-loh assay,a2b530;diagnostic test: xt-onco with hla-loh assay,CEA,CAR-T,HLA-A*02,1,1,0,0,0,0,0,0,0,0,0,,metastatic · measurable (RECIST)
NCT05740566,Study Comparing Tarlatamab With Standard of Care Chemotherapy in Relapsed Small Cell Lung Cancer,PHASE3,Phase 3,ACTIVE_NOT_RECRUITING,509,Amgen,Amgen,323,1,1,active_comparator,2,amrubicin;lurbinectedin;topotecan,tarlatamab,DLL3,Bispecific Antibody,DLL3,1,1,0,0,0,0,0,0,0,0,0,,metastatic · small-cell · measurable (RECIST) · ECOG 0
NCT05742607,IPH5201 and Durvalumab in Patients With Resectable Non-Small Cell Lung Cancer (MATISSE),PHASE2,Phase 2,RECRUITING,70,Innate Pharma,Innate Pharma,16,1,0,single_arm,1,iph5201 + durvalumab + standard,iph5201 + durvalumab + standard,PD-L1,Monoclonal Antibody,ALK;EGFR;KRAS;PD-L1;biomarker,1,1,1,1,0,0,0,1,1,0,1,"EGFRm, ALK+, PD-L1+",recurrent · 1st-line · squamous
NCT05751798,Dose-finding and Dose Expansion Study of OSE-279 in Subjects With Advanced Solid Tumors or Lymphomas,PHASE1;PHASE2,Phase 2,RECRUITING,41,OSE Immunotherapeutics,OSE Immunotherapeutics,4,1,0,multi_experimental,7,,part a: ose-279;part b: ose-279;part c: ose-279,PD-1,Monoclonal Antibody,ALK;PD-L1;ROS1,1,1,1,0,1,0,0,1,1,1,1,"EGFRm, ROS1+, PD-L1+",metastatic · 1st-line · squamous · measurable (RECIST)
NCT05752552,Study to Determine the Safety and Pharmacokinetics of DO-2 in Patients With Advanced or Refractory Solid Tumours,PHASE1,Phase 1,RECRUITING,55,DeuterOncology,DeuterOncology,1,1,0,single_arm,1,do-2,do-2,MET,Small Molecule,MET;genomic,0,1,0,0,0,0,1,0,0,1,1,MET+,metastatic · 2nd-line+ · measurable (RECIST)
NCT05753722,A First-in-human Study of PRTH-101 Monotherapy +/- Pembrolizumab in Subjects With Advanced Malignancies,PHASE1,Phase 1,RECRUITING,270,Incendia Therapeutics,Incendia Therapeutics,1,1,0,multi_experimental,2,prth-101,pembrolizumab;prth-101,DDR1,Monoclonal Antibody,DDR1;PD-L1,1,1,0,0,0,0,0,0,0,1,0,,metastatic · 2nd-line+ · measurable (RECIST)
NCT05764928,Evaluate the Safety and Efficacy of BLEX 404 Oral Liquid Combined With Pemetrexed + Cisplatin Therapy,PHASE1;PHASE2,Phase 2,NOT_YET_RECRUITING,32,Rgene Corporation,Rgene,2,1,0,multi_experimental,4,blex 404,blex 404,,,,0,1,0,0,0,0,0,0,1,0,0,,metastatic · 1st-line · squamous · measurable (RECIST)
NCT05764954,A Study of Tumor-Treating Fields (TTFields) in People With Lung Adenocarcinoma,PHASE1,Phase 1,ACTIVE_NOT_RECRUITING,12,Memorial Sloan Kettering Cancer Center,Memorial Sloan Kettering Cancer Center,411,0,0,single_arm,1,device: novottf-200t system,device: novottf-200t system,,,,0,1,0,0,0,0,0,0,0,0,0,,
NCT05767892,YK-029A as First-Line Treatment Versus Platinum-Based Chemotherapy for Non-Small Cell Lung Cancer (NSCLC) With EGFR Exon 20 Insertion Mutations,PHASE3,Phase 3,NOT_YET_RECRUITING,350,"Suzhou Puhe Pharmaceutical Technology Co., LTD",Suzhou Puhe Pharmaceutical Technology,3,1,0,active_comparator,2,pemetrexed+carboplatin/cisplatin,yk-209a tablet,EGFR,Small Molecule,EGFR;HER2,0,1,1,0,0,0,0,0,0,0,1,EGFRm,metastatic · squamous · measurable (RECIST)
NCT05768178,DETERMINE Trial Treatment Arm 05: Vemurafenib in Combination With Cobimetinib in Adult Patients With BRAF Positive Cancers.,PHASE2;PHASE3,Phase 3,RECRUITING,30,Cancer Research UK,Cancer Research UK,16,0,1,single_arm,1,cobimetinib;vemurafenib,cobimetinib;vemurafenib,BRAF,Small Molecule,BRAF;MET,0,1,0,0,0,0,0,0,0,0,0,,metastatic
NCT05772455,A Study of XZB-0004 in Patients With Solid Tumors,PHASE1,Phase 1,RECRUITING,128,"Xuanzhu Biopharmaceutical Co., Ltd.",Xuanzhu Biopharmaceutical,11,1,0,single_arm,1,xzb-0004,xzb-0004,,Monoclonal Antibody,,1,1,0,0,0,0,0,0,0,0,0,,metastatic · measurable (RECIST)
NCT05773092,A Phase 2 Study of Osimertinib and S-1 in Treatment Resistant EGFR Mutant NSCLC,PHASE2,Phase 2,ACTIVE_NOT_RECRUITING,30,"National Cancer Centre, Singapore","National Cancer Centre, Singapore",19,0,0,single_arm,1,oral s-1 + oral osimertinib,oral s-1 + oral osimertinib,EGFR,Small Molecule,EGFR,0,1,1,0,0,0,0,0,0,0,1,EGFRm,metastatic · measurable (RECIST)
NCT05782361,POTENT - Tepotinib in Combination With Pembrolizumab in NSCLC,PHASE1,Phase 1,ACTIVE_NOT_RECRUITING,19,"Institute of Cancer Research, United Kingdom","Institute of Cancer Research, United Kingdom",24,0,1,multi_experimental,2,pembrolizumab;tepotinib,pembrolizumab;tepotinib,MET,Small Molecule,MET;PD-L1,0,1,0,0,0,0,0,1,0,0,1,PD-L1+,metastatic · squamous · measurable (RECIST)
NCT05783622,Study of JANX008 in Subjects With Advanced or Metastatic Solid Tumor Malignancies,PHASE1,Phase 1,ACTIVE_NOT_RECRUITING,130,Janux Therapeutics,Janux Therapeutics,4,1,0,multi_experimental,3,janx008,janx008,EGFR,,,0,1,0,0,0,0,0,0,0,0,0,,metastatic · measurable (RECIST)
NCT05785767,A Study to Learn if a Combination of Fianlimab and Cemiplimab Versus Cemiplimab Alone is More Effective for Adult Participants With Advanced Non-Small Cell Lung Cancer (NSCLC),PHASE2;PHASE3,Phase 3,ACTIVE_NOT_RECRUITING,149,Regeneron Pharmaceuticals,Regeneron,95,1,1,multi_experimental,3,cemiplimab,cemiplimab;fianlimab,LAG-3,Monoclonal Antibody,ALK;PD-L1;ROS1,1,1,0,1,1,0,0,1,0,0,1,"ALK+, ROS1+, PD-L1+",metastatic · squamous · measurable (RECIST)
NCT05786716,"DETERMINE Trial Treatment Arm 04: Trastuzumab in Combination With Pertuzumab in Adult, Paediatric and Teenage/Young Adult Patients With Cancers With HER2 Amplification or Activating Mutations",PHASE2;PHASE3,Phase 3,RECRUITING,30,Cancer Research UK,Cancer Research UK,16,0,1,single_arm,1,pertuzumab;trastuzumab,pertuzumab;trastuzumab,HER2,ADC,HER2;MET,1,1,0,0,0,0,0,0,0,0,0,,metastatic
NCT05787587,A Study of PARG Inhibitor IDE161 in Participants With Advanced Solid Tumors,PHASE1,Phase 1,ACTIVE_NOT_RECRUITING,216,IDEAYA Biosciences,IDEAYA Biosciences,11,1,1,multi_experimental,4,ide-161,ide-161;pembrolizumab,PARG,Small Molecule,MSI,0,1,0,0,0,0,0,0,0,0,0,,metastatic
NCT05787613,A Clinical Study to Evaluate the Efficacy and Safety of HLX26 (Anti-LAG-3 Monoclonal Antibody Injection) Combined With Serplulimab and Chemotherapy in Previously Untreated Advanced NSCLC Patients,PHASE2,Phase 2,ACTIVE_NOT_RECRUITING,132,Shanghai Henlius Biotech,Shanghai Henlius,98,1,0,placebo_comparator,3,chemotherapy drug;serplulimab,chemotherapy drug;hlx26;serplulimab,LAG-3,Monoclonal Antibody,ALK;PD-L1;ROS1,1,1,1,0,1,0,0,1,0,0,1,"EGFRm, ROS1+, PD-L1+",stage IV · small-cell · measurable (RECIST) · ECOG 0
NCT05789069,A Study of HFB200603 as a Single Agent and in Combination With Tislelizumab in Adult Patients With Advanced Solid Tumors,PHASE1,Phase 1,ACTIVE_NOT_RECRUITING,83,HiFiBiO Therapeutics,HiFiBiO Therapeutics,3,1,0,multi_experimental,4,hfb200603,hfb200603;tislelizumab,BTLA,Monoclonal Antibody,BRAF,1,1,0,0,0,0,0,0,0,0,0,,metastatic · small-cell · measurable (RECIST)
NCT05789082,"A Study Evaluating the Safety, Activity, and Pharmacokinetics of Divarasib as a Single Agent or in Combination With Other Anti-Cancer Therapies in Participants With Previously Untreated Advanced or Metastatic Non-Small Cell Lung Cancer With a KRAS G12C Mutation",PHASE1;PHASE2,Phase 2,RECRUITING,320,Hoffmann-La Roche,Roche/Genentech,922,1,1,multi_experimental,4,divarasib,carboplatin;cisplatin;divarasib;pembrolizumab;pemetrexed,PD-1,Monoclonal Antibody,KRAS;PD-L1;biomarker,1,1,0,0,0,1,0,0,0,0,1,KRAS G12C,metastatic · squamous · measurable (RECIST)
NCT05796089,Chemotherapy and Immunotherapy in Extensive-Stage Small-Cell Lung Cancer With Thoracic Radiotherapy,PHASE2,Phase 2,ACTIVE_NOT_RECRUITING,35,Trans Tasman Radiation Oncology Group,Trans Tasman Radiation Oncology,5,0,1,single_arm,1,durvalumab;etoposide with carboplatin or cisplatin;thoracic radiotherapy,durvalumab;etoposide with carboplatin or cisplatin;thoracic radiotherapy,PD-L1,Monoclonal Antibody,EGFR,1,1,0,0,0,0,0,0,1,0,0,,metastatic · 1st-line
NCT05797168,Phase I/IIa Study of AZD5335 as Monotherapy and Combination Therapy in Participants With Solid Tumors,PHASE1;PHASE2,Phase 2,RECRUITING,602,AstraZeneca,AstraZeneca,780,1,1,multi_experimental,6,torvutatug samrotecan,bevacizumab;carboplatin;palacaparib;pembrolizumab;saruparib;torvutatug samrotecan,PARP,Small Molecule,HRR;genomic,0,1,0,0,0,0,0,0,0,0,0,,metastatic · measurable (RECIST)
NCT05799274,Safety of RAD301 in Healthy Human Volunteers and Patients With Pancreatic Cancer or Other Solid Tumors,PHASE1,Phase 1,ACTIVE_NOT_RECRUITING,9,"Radiopharm Theranostics, Ltd",Radiopharm Theranostics,7,1,0,single_arm,1,rad301 ([68ga]-rad301),rad301 ([68ga]-rad301),,Radiopharmaceutical,PR,0,1,0,0,0,0,0,0,0,0,0,,metastatic · squamous
NCT05800015,A Trial to Learn How the Combination of Fianlimab With Cemiplimab and Chemotherapy Works Compared With Cemiplimab and Chemotherapy for Treating Adult Patients With Advanced Non-small Cell Lung Cancer,PHASE2;PHASE3,Phase 3,ACTIVE_NOT_RECRUITING,160,Regeneron Pharmaceuticals,Regeneron,95,1,1,multi_experimental,5,carboplatin;cemiplimab;cisplatin;paclitaxel;pemetrexed,carboplatin;cemiplimab;cisplatin;fianlimab;paclitaxel;pemetrexed,LAG-3,Monoclonal Antibody,ALK;PD-L1;ROS1,1,1,0,1,1,0,0,1,0,0,1,"ALK+, ROS1+, PD-L1+",metastatic · squamous · measurable (RECIST)
NCT05801029,A Study to Investigate Safety and Efficacy of Osimertinib and Amivantamab in Participants With Non-small Cell Lung Cancer With Common Epidermal Growth Factor Receptor Mutations,PHASE2,Phase 2,ACTIVE_NOT_RECRUITING,60,AstraZeneca,AstraZeneca,780,1,1,single_arm,1,amivantamab;osimertinib,amivantamab;osimertinib,EGFR,Small Molecule,EGFR,0,1,0,0,0,0,0,0,0,1,0,,metastatic · 2nd-line+ · squamous
NCT05816252,A Study of SKB264 (MK-2870; Sac-TMT) for the Treatment of Participants With Advanced or Metastatic Non-small Cell Lung Cancer (SKB264-II-04) (MK-2870-003),PHASE2,Phase 2,ACTIVE_NOT_RECRUITING,356,Klus Pharma Inc.,Klus Pharma,4,1,0,multi_experimental,8,skb264,carboplatin;osimertinib;pembrolizumab;skb264,TROP2,ADC,ALK;EGFR;HER2;TROP2,1,1,1,1,0,0,0,0,0,0,1,"EGFRm, ALK+",metastatic · measurable (RECIST)
NCT05825625,NeoTRACK - Dissection of IO Efficacy in NSCLC by Longitudinal tracKing,PHASE2,Phase 2,ACTIVE_NOT_RECRUITING,35,Institut für Klinische Krebsforschung IKF GmbH at Krankenhaus Nordwest,Institut für Klinische Krebsforschung IKF GmbH at Krankenhaus Nordwest,28,0,1,single_arm,1,atezolizumab;tiragolumab,atezolizumab;tiragolumab,PD-L1,Monoclonal Antibody,ALK;CMMRD;MSI-H;PD-L1;ROS1;TMB,1,1,1,1,1,0,0,1,0,0,1,"EGFRm, ALK+, ROS1+, PD-L1+",metastatic · squamous · measurable (RECIST)
NCT05840016,AK112 in Combination With Chemotherapy in Advanced Squamous Non-Small Cell Lung Cancer,PHASE3,Phase 3,ACTIVE_NOT_RECRUITING,532,Akeso,Akeso,103,1,0,active_comparator,2,carboplatin;paxlitaxel;tislelizumab,ak112;carboplatin;paxlitaxel,PD-L1,Monoclonal Antibody,ALK;MET;PD-L1;RET;ROS1,1,1,1,0,1,0,1,0,0,0,1,"EGFRm, ROS1+, MET+",metastatic · squamous · measurable (RECIST)
NCT05841472,Anti-PD-1 Antibody Therapies of Camrelizumab in Combination With Pemetrexed and Carboplatin as First-line Treatment in Patients With Advanced or Metastatic Non-Squamous Non-Small Cell Lung Cancer,PHASE2,Phase 2,RECRUITING,60,"CrystalGenomics, Inc.",CrystalGenomics,3,1,0,single_arm,1,and carboplatin;camrelizumab (shr-1210);pemetrexed,and carboplatin;camrelizumab (shr-1210);pemetrexed,PD-1,Monoclonal Antibody,ALK;EGFR;PD-L1;biomarker,1,1,1,1,0,0,0,0,0,1,1,"EGFRm, ALK+",metastatic · 2nd-line+ · squamous · measurable (RECIST) · ECOG 0-1
NCT05844150,A Study of PM8002 (Anti-PD-L1/VEGF) in Combination With Chemotherapy in Patients With ES-SCLC,PHASE2,Phase 2,ACTIVE_NOT_RECRUITING,50,Biotheus Inc.,Biotheus,16,1,0,single_arm,1,etoposide;platinum;pm8002,etoposide;platinum;pm8002,PD-L1,Bispecific Antibody,PD-L1,1,1,0,0,0,0,0,0,0,0,0,,measurable (RECIST)
NCT05845671,"Amivantamab With Tyrosine Kinase Inhibitors (TKI) for Advanced NSCLC With ALK, ROS1, or RET Alterations",PHASE1;PHASE2,Phase 2,ACTIVE_NOT_RECRUITING,12,"University of Colorado, Denver","University of Colorado, Denver",46,0,1,multi_experimental,4,,amivantamab;amivantamab (to be determined),EGFR,Monoclonal Antibody,ALK;EGFR;MET;RET;ROS1,1,1,0,1,1,0,0,0,0,0,1,"ALK+, ROS1+",metastatic · small-cell · measurable (RECIST) · ECOG 0
NCT05853575,Trial of Two Adagrasib Dosing Regimens in NSCLC With KRAS G12C Mutation (KRYSTAL 21),PHASE2,Phase 2,ACTIVE_NOT_RECRUITING,200,Mirati Therapeutics Inc.,Mirati,42,1,0,multi_experimental,2,adagrasib,adagrasib,KRAS,Small Molecule,KRAS,0,1,0,0,0,1,0,0,0,0,1,KRAS G12C,metastatic
NCT05856981,Phase 1 Study Evaluating the Safety and PK of ADU-1805 in Advanced Solid Tumors,PHASE1,Phase 1,RECRUITING,130,Sairopa B.V.,Sairopa,1,1,0,multi_experimental,3,adu-1805,adu-1805;pembrolizumab,PD-1,Monoclonal Antibody,,1,1,0,0,0,0,0,0,0,1,0,,metastatic · 2nd-line+ · adenoca. · measurable (RECIST)
NCT05858736,"Safety, PK and Efficacy of AI-061 in Advanced Solid Tumors",PHASE1,Phase 1,COMPLETED,18,"OncoC4, Inc.",OncoC4,10,1,0,multi_experimental,3,ai-061,ai-061,PD-1,Bispecific Antibody,PD-L1,1,1,0,0,0,0,0,0,0,0,0,,metastatic · measurable (RECIST)
NCT05859217,A Study of Combining Cabozantinib and Atezolizumab for Advanced/Metastatic NSCLC (Cabatezo-1),PHASE2,Phase 2,NOT_YET_RECRUITING,40,"Jun Zhang, MD, PhD","Jun Zhang, MD, PhD",1,0,1,single_arm,1,atezolizumab;cabozantinib,atezolizumab;cabozantinib,MET,Small Molecule,ALK;BRAF;MET;PD-L1,0,1,0,0,0,0,0,1,1,0,1,PD-L1+,metastatic · 1st-line · squamous · measurable (RECIST)
NCT05870319,A Phase III Study of SKB264 for EGFR Mutant NSCLC Patients,PHASE3,Phase 3,ACTIVE_NOT_RECRUITING,376,"Sichuan Kelun-Biotech Biopharmaceutical Co., Ltd.",Kelun,50,1,0,active_comparator,2,carboplatin;cisplatin;pemetrexed,skb264,TROP2,ADC,EGFR;HER2;TROP2,1,1,1,0,0,0,0,0,0,0,1,EGFRm,metastatic · squamous · measurable (RECIST)
NCT05873686,A Phase 1 Clinical Study of NXP900 in Subjects With Advanced Cancers,PHASE1,Phase 1,RECRUITING,140,"Nuvectis Pharma, Inc.",Nuvectis Pharma,4,1,0,multi_experimental,2,nxp900,nxp900,SRC,Small Molecule,BRAF;EGFR;HER2,0,1,1,0,0,0,0,0,0,0,1,EGFRm,metastatic · adenoca. · measurable (RECIST)
NCT05877430,"Safety, Tolerability, and Preliminary Efficacy of CJRB-101 With Pembrolizumab in Subjects With Selected Types of Advanced or Metastatic Cancer",PHASE1;PHASE2,Phase 2,RECRUITING,160,"CJ Bioscience, Inc.",CJ Bioscience,1,1,0,single_arm,1,cjrb-101;pembrolizumab injection,cjrb-101;pembrolizumab injection,PD-1,Oncolytic Virus,ALK;BRAF;PD-L1;biomarker;genomic,1,1,0,0,0,0,0,1,1,1,1,PD-L1+,metastatic · 1st-line · measurable (RECIST)
NCT05877599,A Study of NT-175 in Adult Participants With Advanced Malignancies That Are Positive for HLA-A*02:01 and the TP53 R175H Mutation,PHASE1,Phase 1,RECRUITING,45,AstraZeneca,AstraZeneca,780,1,1,single_arm,1,nt-175,nt-175,,Recombinant Protein,,0,1,0,0,0,0,0,0,0,0,0,,metastatic · adenoca.
NCT05879068,A Study of PM8002 in Combination With Chemotherapy in Patients With SCLC,PHASE2,Phase 2,ACTIVE_NOT_RECRUITING,99,Biotheus Inc.,Biotheus,16,1,0,single_arm,1,paclitaxel;pm8002,paclitaxel;pm8002,PD-L1,Bispecific Antibody,PD-L1,1,1,0,0,0,0,0,0,1,0,0,,advanced · 1st-line · measurable (RECIST)
NCT05879978,A Study to Test How Well Different Doses of Obrixtamig (BI 764532) in Combination With Ezabenlimab Are Tolerated by People With Small Cell Lung Cancer and Other Neuroendocrine Tumours That Are Positive for DLL3,PHASE1,Phase 1,ACTIVE_NOT_RECRUITING,45,Boehringer Ingelheim,Boehringer Ingelheim,237,1,1,single_arm,1,ezabenlimab;obrixtamig,ezabenlimab;obrixtamig,PD-1,Monoclonal Antibody,PD-L1,1,1,0,0,0,0,0,0,0,1,0,,metastatic · 2nd-line+ · small-cell · measurable (RECIST)
NCT05880706,A Study of BL-B01D1 and BL-B01D1 in Combination With Osimertinib Mesylate Tablets in Patients With Locally Advanced or Metastatic Non-small Cell Lung Cancer,PHASE2,Phase 2,ACTIVE_NOT_RECRUITING,198,"Sichuan Baili Pharmaceutical Co., Ltd.",Sichuan Baili Pharmaceutical,127,1,0,single_arm,1,bl-b01d1;osimertinib mesylate tablets,bl-b01d1;osimertinib mesylate tablets,EGFR,ADC,biomarker,1,1,0,0,0,0,0,0,0,1,0,,metastatic · 2nd-line+ · small-cell · measurable (RECIST) · ECOG 1
NCT05882058,DAREON™-5: A Study to Test Whether Different Doses of BI 764532 Help People With Small Cell Lung Cancer or Other Neuroendocrine Cancers,PHASE2,Phase 2,RECRUITING,204,Boehringer Ingelheim,Boehringer Ingelheim,237,1,1,multi_experimental,4,bi 764532,bi 764532;device: ventana dll3 rxdx assay;dose 1;dose 2,DLL3,Bispecific Antibody,DLL3;PD-L1,1,1,0,0,0,0,0,1,1,0,1,PD-L1+,metastatic · 1st-line · small-cell · measurable (RECIST) · ECOG 0
NCT05882734,Tuvusertib (M1774) in Combination With Cemiplimab in Participants With Non-Squamous NSCLC (DDRiver NSCLC 322),PHASE1;PHASE2,Phase 2,COMPLETED,61,"EMD Serono Research & Development Institute, Inc.",Merck KGaA,166,1,1,multi_experimental,5,cemiplimab;m1774,cemiplimab;m1774,ATR,Small Molecule,ALK;MSI-H;PD-L1;genomic,0,1,0,1,0,0,0,0,0,0,1,ALK+,metastatic · squamous · measurable (RECIST) · ECOG 0
NCT05887492,Study of TNG260 and an Anti-PD Antibody in STK11 Mutated Solid Tumors,PHASE1;PHASE2,Phase 2,ACTIVE_NOT_RECRUITING,126,"Tango Therapeutics, Inc.",Tango Therapeutics,6,1,0,multi_experimental,4,pembrolizumab;tng260,pembrolizumab;tng260,CoREST,Small Molecule,STK11,0,1,0,0,0,0,0,0,0,0,0,,metastatic · measurable (RECIST)
NCT05891171,Study of AB598 Monotherapy and Combination Therapy in Participants With Advanced Cancers,PHASE1,Phase 1,ACTIVE_NOT_RECRUITING,40,"Arcus Biosciences, Inc.",Arcus Biosciences,21,1,0,multi_experimental,8,ab598,ab598;fluorouracil;leucovorin;oxaliplatin;zimberelimab,CD39,Monoclonal Antibody,HER2,1,1,0,0,0,0,0,0,0,0,0,,metastatic · adenoca. · measurable (RECIST)
NCT05894889,Pembrolizumab and Chemotherapy Neoadjuvant/Adjuvant of NSCLC,PHASE2,Phase 2,ACTIVE_NOT_RECRUITING,70,Peking University,Peking University,29,0,1,single_arm,1,pembrolizumab,pembrolizumab,PD-1,Monoclonal Antibody,ALK;EGFR;PD-L1,1,1,1,0,0,0,0,1,0,0,1,"EGFRm, PD-L1+",metastatic · squamous · measurable (RECIST)
NCT05899608,Clinical Study of Ivonescimab for First-line Treatment of Metastatic NSCLC Patients,PHASE3,Phase 3,RECRUITING,1600,Summit Therapeutics,Summit Therapeutics,5,1,0,active_comparator,2,pembrolizumab injection,ivonescimab injection,PD-1,Monoclonal Antibody,ALK;BRAF;PD-L1;ROS1;genomic,1,1,0,0,1,0,0,1,1,0,1,"ROS1+, PD-L1+",metastatic · 1st-line · squamous · measurable (RECIST)
NCT05902520,Adoptive Cell Therapy Using Cancer Specific CD8+ Tumor Infiltrating Lymphocytes in Adult Patients With Solid Tumors,PHASE1,Phase 1,ACTIVE_NOT_RECRUITING,18,"AgonOx, Inc.",AgonOx,1,1,0,multi_experimental,2,low dose il-2,dp cd8 til;dp cd8 til kd;low dose il-2,PD-1,Cell Therapy,BRAF;CD103;CD39;CD8;PD-L1,1,1,0,0,0,0,0,1,0,0,1,PD-L1+,metastatic · squamous
NCT05902988,A Phase I/II Study of VLS-1488 in Subjects With Advanced Cancer,PHASE1;PHASE2,Phase 2,RECRUITING,200,"Volastra Therapeutics, Inc.",Volastra Therapeutics,3,1,0,multi_experimental,4,vls-1488,vls-1488,KIF18A,Small Molecule,MSI;MSI-H;dMMR,0,1,0,0,0,0,0,0,0,1,0,,metastatic · 2nd-line+ · adenoca. · measurable (RECIST)
NCT05903092,MOnaliZumab in Combination With durvAlumab (MEDI4736) for tRreatmenT of Small Cell Lung Cancer,PHASE2,Phase 2,RECRUITING,84,Hirva Mamdani,Hirva Mamdani,1,0,1,multi_experimental,2,durvalumab;monalizumab,carboplatin or cisplatin;durvalumab;etoposide;monalizumab,PD-L1,Monoclonal Antibody,EGFR,1,1,0,0,0,0,0,0,0,0,0,,metastatic · small-cell · measurable (RECIST)
NCT05904379,AK112 and AK104 With or Without Chemotherapy in Advanced Non-small Cell Lung Cancer,PHASE1;PHASE2,Phase 2,ACTIVE_NOT_RECRUITING,233,Akeso,Akeso,103,1,0,active_comparator,7,docetaxel,ak104;ak112;carboplatin;docetaxel;paclitaxel;pemetrexed,PD-1,Bispecific Antibody,ALK,1,1,1,0,0,0,0,0,0,0,1,EGFRm,metastatic · squamous · measurable (RECIST)
NCT05908734,A Study of Combination Therapy With Amivantamab and Cetrelimab in Participants With Metastatic Non-small Cell Lung Cancer,PHASE1;PHASE2,Phase 2,ACTIVE_NOT_RECRUITING,71,"Janssen Research & Development, LLC",Johnson & Johnson,363,1,1,multi_experimental,2,amivantamab;cetrelimab,amivantamab;cetrelimab,PD-1,Monoclonal Antibody,EGFR;PD-L1,1,1,1,0,0,0,0,1,1,0,1,"EGFRm, PD-L1+",metastatic · 1st-line · small-cell · measurable (RECIST)
NCT05910827,"A Phase Ib/II Study of an Anti-HER3 Antibody, HMBD-001, With Cetuximab +/- Docetaxel in Advanced Squamous Cell Cancers",PHASE1;PHASE2,Phase 2,RECRUITING,398,Hummingbird Bioscience,Hummingbird Bioscience,4,1,1,multi_experimental,3,hmbd-001,cetuximab;docetaxel;hmbd-001,HER3,Monoclonal Antibody,ALK;BRAF;HER3;KRAS;MET;RET,1,1,1,1,0,1,1,0,0,0,1,"EGFRm, ALK+, KRAS G12C, MET+",metastatic · squamous · ECOG 0-1
NCT05913089,A Clinical Study of TQB2450 Injection Combined With Chemotherapy or Anlotinib Hydrochloride Capsule in the Treatment of Non Small Cell Lung Cancer,PHASE2,Phase 2,RECRUITING,58,"Chia Tai Tianqing Pharmaceutical Group Co., Ltd.",Chia Tai Tianqing Pharmaceutical,213,1,0,multi_experimental,2,,tqb2450 injection +;tqb2450 injection + anlotinib hydrochloride capsule,VEGF/VEGFR,Monoclonal Antibody,PD-L1,1,1,0,0,0,0,0,1,0,0,1,PD-L1+,small-cell · measurable (RECIST) · ECOG 0
NCT05918302,Efficacy and Safety of Radiotherapy Compared to Everolimus in Somatostatin Receptor Positive Neuroendocrine Tumors of the Lung and Thymus.,PHASE3,Phase 3,RECRUITING,170,Grupo Espanol de Tumores Neuroendocrinos,Grupo Espanol de Tumores Neuroendocrinos,10,0,0,active_comparator,2,everolimus,177lu-edotreotide,SSTR2,Radiopharmaceutical,SSTR2,0,1,0,0,0,0,0,0,1,0,0,,metastatic · 1st-line · small-cell · measurable (RECIST)
NCT05918783,Padeliporfin VTP Using Robotic Assisted Bronchoscopy in Peripheral Lung Cancer,PHASE1,Phase 1,RECRUITING,36,Impact Biotech Ltd,Impact Biotech,1,1,0,multi_experimental,2,padeliporfin vascular targeted photodynamic (vtp) therapy,padeliporfin vascular targeted photodynamic (vtp) therapy,,,,0,1,0,0,0,0,0,0,0,0,0,,
NCT05919537,"Study of an Anti-HER3 Antibody, HMBD-001, With or Without Chemotherapy in Patients With Solid Tumors Harboring an NRG1 Fusion or HER3 Mutation",PHASE1,Phase 1,ACTIVE_NOT_RECRUITING,68,Hummingbird Bioscience,Hummingbird Bioscience,4,1,0,multi_experimental,4,hmbd-001,docetaxel;gemcitabine;hmbd-001;nab-paclitaxel,HER3,Monoclonal Antibody,HER3,1,1,0,0,0,0,0,0,0,1,0,,metastatic · 2nd-line+ · adenoca. · ECOG 0-1
NCT05920135,First-in-Human Study of BBT-207 in Advanced Non-Small Cell Lung Cancer Harboring EGFR Mutation After Treatment With EGFR TKI,PHASE1;PHASE2,Phase 2,ACTIVE_NOT_RECRUITING,24,"Bridge Biotherapeutics, Inc.",Bridge Biotherapeutics,2,1,0,multi_experimental,3,bbt-207,bbt-207,EGFR,Small Molecule,EGFR,0,1,1,0,0,0,0,0,0,0,1,EGFRm,metastatic · measurable (RECIST)
NCT05920356,A Study Evaluating Sotorasib Platinum Doublet Combination Versus Pembrolizumab Platinum Doublet Combination as a Front-Line Therapy in Participants With Stage IV or Advanced Stage IIIB/C Nonsquamous Non-Small Cell Lung Cancers (CodeBreaK 202),PHASE3,Phase 3,RECRUITING,750,Amgen,Amgen,323,1,1,active_comparator,2,pembrolizumab,sotorasib,PD-1,Monoclonal Antibody,KRAS;PD-L1,1,1,0,0,0,1,0,1,0,0,1,"KRAS G12C, PD-L1−",metastatic · squamous · ECOG 1
NCT05924841,"A Study of BL-B01D1, SI-B003 and BL-B01D1+SI-B003 in Patients With Extensive Stage Small Cell Lung Cancer",PHASE2,Phase 2,RECRUITING,100,"Sichuan Baili Pharmaceutical Co., Ltd.",Sichuan Baili Pharmaceutical,127,1,0,single_arm,1,bl-b01d1;si-b003,bl-b01d1;si-b003,EGFR,ADC,,1,1,0,0,0,0,0,0,0,1,0,,metastatic · 2nd-line+ · squamous · measurable (RECIST) · ECOG 0-1
NCT05925530,"Study to Assess Neoadjuvant Durvalumab (D) and Platinum-Based Chemotherapy (CT), Followed by Either Surgery and Adjuvant D or CRT and Consolidation D, in Resectable or Borderline Resectable Stage IIB-IIIB NSCLC (MDT-BRIDGE)",PHASE2,Phase 2,ACTIVE_NOT_RECRUITING,142,AstraZeneca,AstraZeneca,780,1,1,single_arm,1,durvalumab,durvalumab,PD-L1,Monoclonal Antibody,ALK;EGFR,1,1,1,1,0,0,0,0,1,0,1,"EGFRm, ALK+",unresectable · 1st-line
NCT05933265,Study of LP-184 in Patients With Advanced Solid Tumors,PHASE1;PHASE2,Phase 2,ACTIVE_NOT_RECRUITING,64,Lantern Pharma Inc.,Lantern Pharma,3,1,0,multi_experimental,4,lp-184,lp-184;nivolumab & ipilimumab;olaparib,PTGR1,Small Molecule,ATM;ATR;BRCA1;BRCA2;ERCC3;ERCC4;PR;genomic,0,1,0,0,0,0,0,0,0,1,0,,metastatic · 2nd-line+ · measurable (RECIST)
NCT05940116,A Phase I Clinical Study of HS-20117 in Participants With Advanced Solid Tumors,PHASE1,Phase 1,NOT_YET_RECRUITING,322,Hansoh BioMedical R&D Company,Hansoh,82,1,0,single_arm,1,hs-20117,hs-20117,EGFR,Cell Therapy,MET,1,1,1,0,0,0,0,0,0,0,1,EGFRm,metastatic · measurable (RECIST)
NCT05941897,A Study to Investigate Efficacy and Safety of Ceralasertib Plus Durvalumab in Participants Aged ≥ 18 Years With Advanced or Metastatic Non-small Cell Lung Cancer Whose Disease Progressed on or After Prior Anti-PD-(L)1 Therapy and Platinum-based Chemotherapy,PHASE2,Phase 2,ACTIVE_NOT_RECRUITING,39,AstraZeneca,AstraZeneca,780,1,1,single_arm,1,ceralasertib;durvalumab,ceralasertib;durvalumab,ATM,Small Molecule,ALK;BRCA1;BRCA2;HRR,0,1,0,1,0,0,0,0,0,1,1,ALK+,metastatic · 2nd-line+
NCT05943795,A Clinical Study of SI-B001 Combined With Docetaxel in the Treatment of Non-small Cell Lung Adenocarcinoma and Lung Squamous Cell Carcinoma,PHASE3,Phase 3,ACTIVE_NOT_RECRUITING,589,"Sichuan Baili Pharmaceutical Co., Ltd.",Sichuan Baili Pharmaceutical,127,1,0,multi_experimental,2,,docetaxel;si-b001,EGFR/HER3,Bispecific Antibody,,1,1,0,0,0,0,0,0,0,0,0,,metastatic · adenoca. · measurable (RECIST) · ECOG 0
NCT05944237,HTL0039732 in Participants With Advanced Solid Tumours,PHASE1;PHASE2,Phase 2,RECRUITING,150,Cancer Research UK,Cancer Research UK,16,0,0,multi_experimental,3,,htl0039732 capsules;htl0039732 capsules and atezolizumab infusion,PD-L1,,HER2;PD-L1;genomic,0,1,0,0,0,0,0,1,0,1,1,PD-L1+,metastatic · 2nd-line+ · adenoca. · measurable (RECIST)
NCT05948813,TY-9591 in the Patients With EGFR Mutations in Advanced NSCLC With Brain Metastases,PHASE2,Phase 2,RECRUITING,420,"TYK Medicines, Inc",TYK Medicines,14,1,0,active_comparator,2,osimertinib,ty-9591,EGFR,Small Molecule,EGFR-SENSITIVE,0,1,1,0,0,0,0,0,0,0,1,EGFRm,metastatic · squamous · measurable (RECIST) · ECOG 0-1
NCT05948865,A Phase 1 Study of CPO301 in Adult Patients With Advanced or Metastatic Solid Tumors,PHASE1,Phase 1,RECRUITING,132,"Conjupro Biotherapeutics, Inc.",Conjupro Biotherapeutics,8,1,0,multi_experimental,2,cpo301,cpo301,EGFR,ADC,EGFR;KRAS;biomarker,1,1,1,0,0,0,0,0,0,0,1,EGFRm,metastatic · adenoca. · measurable (RECIST)
NCT05949606,A Study of SI-B001+SI-B003± Chemotherapy in the Treatment of Locally Advanced or Metastatic Non-small Cell Lung Cancer,PHASE1;PHASE2,Phase 2,ACTIVE_NOT_RECRUITING,95,"Sichuan Baili Pharmaceutical Co., Ltd.",Sichuan Baili Pharmaceutical,127,1,0,single_arm,1,si-b001;si-b003,si-b001;si-b003,EGFR/HER3,Bispecific Antibody,,1,1,0,0,0,0,0,0,0,0,0,,metastatic · small-cell · measurable (RECIST) · ECOG 1
NCT05949619,A Study of BL-M02D1 in Patients With Locally Advanced or Metastatic Non-small Cell Lung Cancer or Other Solid Tumors,PHASE1;PHASE2,Phase 2,ACTIVE_NOT_RECRUITING,14,"Sichuan Baili Pharmaceutical Co., Ltd.",Sichuan Baili Pharmaceutical,127,1,0,single_arm,1,bl-m02d1,bl-m02d1,TROP2,ADC,TROP2,1,1,0,0,0,0,0,0,0,0,0,,metastatic · squamous · measurable (RECIST) · ECOG 0
NCT05950139,Peptide Vaccine To Prevent Acquired Resistance In Patients With Advanced ALK+ NSCLC,PHASE1;PHASE2,Phase 2,RECRUITING,12,Sidney Kimmel Comprehensive Cancer Center at Johns Hopkins,Sidney Kimmel Comprehensive Cancer Center at Johns Hopkins,160,0,0,single_arm,1,peptide vaccine,peptide vaccine,ALK,Vaccine,ALK,1,1,0,1,0,0,0,0,0,0,1,ALK+,metastatic
NCT05955391,TGRX-326 Chinese Phase II for Advanced Non-small Cell Lung Cancer (NSCLC),PHASE2,Phase 2,ACTIVE_NOT_RECRUITING,164,"Shenzhen TargetRx Co., Ltd.",Shenzhen TargetRx,14,1,0,single_arm,1,tgrx-326,tgrx-326,ALK,Small Molecule,ALK,0,1,0,1,0,0,0,0,0,1,1,ALK+,metastatic · 2nd-line+
NCT05956587,"A Study of SI-B003 and BL-B01D1+SI-B003 in Patients With Locally Advanced or Metastatic Non-small Cell Lung Cancer, Nasopharyngeal Carcinoma and Other Solid Tumors",PHASE2,Phase 2,RECRUITING,121,"Sichuan Baili Pharmaceutical Co., Ltd.",Sichuan Baili Pharmaceutical,127,1,0,single_arm,1,bl-b01d1;si-b003,bl-b01d1;si-b003,EGFR,ADC,,1,1,0,0,0,0,0,0,0,0,0,,metastatic · small-cell · measurable (RECIST) · ECOG 0
NCT05963867,A Study to Test How BI 764532 is Taken up by Tumours in People With Small-cell Lung Cancer or Neuroendocrine Cancer,PHASE1,Phase 1,RECRUITING,12,Boehringer Ingelheim,Boehringer Ingelheim,237,1,1,multi_experimental,2,[89zr]zr-bi 764532;bi 764532,[89zr]zr-bi 764532;bi 764532,,,PD-L1,0,1,0,0,0,0,0,1,0,0,1,PD-L1+,metastatic · ductal · measurable (RECIST)
NCT05967689,A Study of Zipalertinib in Patients With Advanced Non-Small Cell Lung Cancer With Epidermal Growth Factor Receptor (EGFR) Exon 20 Insertions or Other Uncommon Mutation.,PHASE2,Phase 2,RECRUITING,220,"Taiho Oncology, Inc.",Taiho,86,1,0,multi_experimental,8,tas6417,cyp cocktail;tas6417;transporter cocktail,EGFR,Small Molecule,EGFR;MET;biomarker,0,1,1,0,0,0,0,0,1,1,1,EGFRm,metastatic · 1st-line · squamous · measurable (RECIST) · ECOG 0
NCT05973487,A Basket Study of Customized Autologous TCR-T Cell Therapies in Patients With Locally Advanced (Unresectable) or Metastatic Solid Tumors,PHASE1,Phase 1,ACTIVE_NOT_RECRUITING,840,"TScan Therapeutics, Inc.",TScan Therapeutics,1,1,0,multi_experimental,28,,tsc-200-a0201;tsc-200-a0201 + tsc-201-b0702;tsc-200-a0201 + tsc-202-a0201;tsc-200-a0201 + tsc-203-a0201;tsc-200-a0201 + tsc-204-a0101;tsc-201-b0702;tsc-201-b0702 + tsc-202-a0201;tsc-202-a0201;tsc-203-a0201;tsc-203-a0201 + tsc-201-b0702;tsc-203-a0201 + tsc-202-a0201;tsc-203-a0201 + tsc-204-a0101;tsc-204-a0101;tsc-204-a0101 + tsc-202-a0201;tsc-204-a0201;tsc-204-a0201 + tsc-200-a0201;tsc-204-a0201 + tsc-201-b0702;tsc-204-a0201 + tsc-202-a0201;tsc-204-a0201 + tsc-203-a0201;tsc-204-a0201 + tsc-204-a0101;tsc-204-a0201 + tsc-204-c0702;tsc-204-c0702;tsc-204-c0702 + tsc-200-a0201;tsc-204-c0702 + tsc-201-b0702;tsc-204-c0702 + tsc-202-a0201;tsc-204-c0702 + tsc-203-a0201;tsc-204-c0702 + tsc-204-a0101,,Cell Therapy,genomic,1,1,0,0,0,0,0,0,0,0,0,,metastatic · small-cell · measurable (RECIST)
NCT05978284,Study of ZG006 in Participants With Small Cell Lung Cancer or Neuroendocrine Carcinoma,PHASE1;PHASE2,Phase 2,RECRUITING,54,"Suzhou Zelgen Biopharmaceuticals Co.,Ltd",Suzhou Zelgen Biopharmaceuticals,49,1,0,multi_experimental,2,zg006,zg006,DLL3,Bispecific Antibody,DLL3,1,1,0,0,0,0,0,0,0,0,0,,metastatic · squamous
NCT05979818,Propranolol Hydrochloride in Combination With Sintilimab and Platinum-based Chemotherapy for Treatment of Advanced Non-small Cell Lung Cancer,PHASE1,Phase 1,RECRUITING,6,Second Xiangya Hospital of Central South University,Second Xiangya Hospital of Central South University,2,0,0,single_arm,1,propranolol hydrochloride;sintilimab,propranolol hydrochloride;sintilimab,PD-1,Monoclonal Antibody,ALK;PD-L1;PR;ROS1,1,1,0,0,1,0,0,1,0,1,1,"ROS1+, PD-L1+",metastatic · 2nd-line+ · squamous · measurable (RECIST)
NCT05983432,Evaluate BL-B01D1 in Patients With Metastatic or Unresectable Non-Small Cell Lung Cancer (NSCLC) and Other Solid Tumors,PHASE1,Phase 1,RECRUITING,470,SystImmune Inc.,SystImmune,7,1,0,multi_experimental,2,bl-b01d1,bl-b01d1,EGFR/HER3,ADC,ALK;EGFR;HER2;MET;PD-L1;ROS1;genomic,1,1,1,1,1,0,0,1,0,1,1,"EGFRm, ALK+, ROS1+, PD-L1+",metastatic · 2nd-line+ · adenoca. · measurable (RECIST) · ECOG 0-1
NCT05984277,A Global Study of Volrustomig (MEDI5752) Plus Chemotherapy Versus Pembrolizumab Plus Chemotherapy for Participants With Metastatic Non-small Cell Lung Cancer.,PHASE3,Phase 3,ACTIVE_NOT_RECRUITING,895,AstraZeneca,AstraZeneca,780,1,1,active_comparator,2,carboplatin;paclitaxel;pembrolizumab;pemetrexed,carboplatin;paclitaxel;pemetrexed;volrustomig,PD-1,Monoclonal Antibody,ALK;EGFR;PD-L1;ROS1;genomic,1,1,1,0,1,0,0,0,1,0,1,"EGFRm, ROS1+",metastatic · 1st-line · squamous
NCT05985655,Study to Assess GTAEXS617 in Participants With Advanced Solid Tumors,PHASE1;PHASE2,Phase 2,RECRUITING,230,"Exscientia AI Ltd., a wholly owned subsidiary of Recursion Pharmaceuticals, Inc.","Exscientia AI Ltd., a wholly owned subsidiary of Recursion Pharmaceuticals",3,1,0,multi_experimental,4,gtaexs617,gtaexs617;soc,CDK7,Small Molecule,HER2,0,1,0,0,0,0,0,0,0,1,0,,metastatic · 2nd-line+ · adenoca.
NCT05987644,Delayed or Upfront Brain RAdiotherapy in Treatment naïve Lung Cancer Patients With Asymptomatic or Minimally Symptomatic Brain Metastases and ALK rEarrangements,PHASE1;PHASE2,Phase 2,RECRUITING,56,Joshua Palmer,Joshua Palmer,2,0,1,multi_experimental,3,alectinib,alectinib;stereotactic radiosurgery,ALK,Small Molecule,ALK;PD-L1,0,1,0,1,0,0,0,1,0,0,1,"ALK+, PD-L1+",metastatic · small-cell
NCT05987956,Pharmacogenomics IND SNP Clinical Trial - Alectinib and Single Nucleotide Polymorphisms,PHASE2;PHASE3,Phase 3,ACTIVE_NOT_RECRUITING,600,"Han Xu, M.D., Ph.D., FAPCR, Medical Director,, IRB Chair","Han Xu, M.D., Ph.D., FAPCR, Medical Director,, IRB Chair",3,1,0,single_arm,1,alecensa - alectinib hydrochloride capsule,alecensa - alectinib hydrochloride capsule,ALK,Small Molecule,ALK,0,1,0,1,0,0,0,0,0,0,1,ALK+,metastatic · small-cell · measurable (RECIST)
NCT05989542,A Confirmatory Clinical Study in NSCLC Patients With MET Exon 14 Mutation (KUNPENG-2),PHASE3,Phase 3,RECRUITING,136,Beijing Pearl Biotechnology Limited Liability Company,Beijing Pearl Biotechnology Limited Liability,8,1,0,single_arm,1,plb1001,plb1001,MET,Small Molecule,ALK;KRAS;MET;ROS1;biomarker;companion diagnostic,0,1,0,1,1,0,1,0,0,0,1,"ALK+, ROS1+, MET+",metastatic · squamous · measurable (RECIST)
NCT05990127,A Study of AK104/Tislelizumab With Chemotherapy as First-line Treatment in PD-L1 TPS < 1% Non-small Cell Lung Cancer,PHASE3,Phase 3,NOT_YET_RECRUITING,642,Akeso,Akeso,103,1,0,active_comparator,2,carboplatin;paclitaxel;pemetrexed;tislelizumab,ak104;carboplatin;paclitaxel;pemetrexed,PD-1,Bispecific Antibody,ALK;PD-L1,1,1,1,0,0,0,0,1,0,0,1,"EGFRm, PD-L1+",metastatic · small-cell
NCT05990738,DAREON™-9: A Study to Test How Well Different Doses of BI 764532 Are Tolerated by People With Small Cell Lung Cancer When Taken Together With a Single Agent Chemotherapy,PHASE1,Phase 1,ACTIVE_NOT_RECRUITING,69,Boehringer Ingelheim,Boehringer Ingelheim,237,1,1,multi_experimental,4,bi 764532;topotecan,bi 764532;single agent;topotecan,DLL3,Bispecific Antibody,PD-1;PD-L1,1,1,0,0,0,0,0,1,0,0,1,PD-L1+,metastatic · small-cell
NCT05994131,IN10018 Combination Therapy in Advanced EGFR Mutation-positive NSCLC,PHASE1;PHASE2,Phase 2,RECRUITING,110,"InxMed (Shanghai) Co., Ltd.",InxMed (Shanghai),13,1,0,active_comparator,2,furmonertinib,furmonertinib;in10018,EGFR,Small Molecule,ALK;EGFR;HER2;KRAS;MET,0,1,1,0,0,0,1,0,1,0,1,"EGFRm, MET+",metastatic · 1st-line · measurable (RECIST)
NCT06003231,A Study of Disitamab Vedotin in Previously Treated Solid Tumors That Express HER2,PHASE2,Phase 2,ACTIVE_NOT_RECRUITING,120,"Seagen, a wholly owned subsidiary of Pfizer",Pfizer,687,1,1,multi_experimental,4,disitamab vedotin,disitamab vedotin,HER2,ADC,HER2,1,1,0,0,0,0,0,0,0,1,0,,metastatic · 2nd-line+ · adenoca. · measurable (RECIST)
NCT06007937,A Study of Lorlatinib in Combination With Ramucirumab in People With Lung Cancer,PHASE1;PHASE2,Phase 2,ACTIVE_NOT_RECRUITING,9,Memorial Sloan Kettering Cancer Center,Memorial Sloan Kettering Cancer Center,411,0,1,single_arm,1,lorlatinib;ramucirumab,lorlatinib;ramucirumab,ALK,Small Molecule,ALK;ROS1,0,1,0,1,0,0,0,0,1,1,1,ALK+,metastatic · 1st-line · small-cell · measurable (RECIST)
NCT06008093,"A Study to Investigate the Efficacy of Durvalumab Plus Tremelimumab in Combination With Chemotherapy Compared With Pembrolizumab in Combination With Chemotherapy in Metastatic NSCLC Patients With Non-squamous Histology Who Have Mutations and/or Co-mutations in STK11, KEAP1, or KRAS",PHASE2,Phase 2,ACTIVE_NOT_RECRUITING,103,AstraZeneca,AstraZeneca,780,1,1,multi_experimental,2,carboplatin;cisplatin;pemetrexed,carboplatin;cisplatin;durvalumab;pembrolizumab;pemetrexed;tremelimumab,PD-L1,Monoclonal Antibody,ALK;EGFR;KRAS,1,1,0,1,0,0,0,0,0,0,1,ALK+,metastatic · squamous · measurable (RECIST)
NCT06010329,A Study to Evaluate the Efficacy and Safety of Sutetinib Maleate Capsule in Locally Advanced or Metastatic NSCLC,PHASE2,Phase 2,RECRUITING,66,Teligene US,Teligene US,3,1,0,single_arm,1,sutetinib maleate capsule,sutetinib maleate capsule,EGFR,Small Molecule,EGFR,0,1,0,0,0,0,0,0,0,0,0,,metastatic · ECOG 0-1
NCT06010862,Clinical Study of CEA-targeted CAR-T Therapy for CEA-positive Advanced/Metastatic Malignant Solid Tumors,PHASE1,Phase 1,RECRUITING,36,"Chongqing Precision Biotech Co., Ltd",Chongqing Precision Biotech,41,1,0,multi_experimental,2,cea car-t cells,cea car-t cells,CEA,CAR-T,CEA,1,1,0,0,0,0,0,0,0,1,0,,metastatic · 2nd-line+ · measurable (RECIST) · ECOG 0
NCT06012435,A Study of SGN-B6A Versus Docetaxel in Previously Treated Non-small Cell Lung Cancer,PHASE3,Phase 3,ACTIVE_NOT_RECRUITING,762,"Seagen, a wholly owned subsidiary of Pfizer",Pfizer,687,1,1,active_comparator,2,docetaxel,sigvotatug vedotin,ITGB6,ADC,EGFR;genomic,1,1,0,0,0,0,0,0,0,1,0,,metastatic · 2nd-line+ · squamous · measurable (RECIST)
NCT06015503,A Phase Ⅱ Study Assessing the Safety and Efficacy of PLB1004 in EGFR ex20ins Mutation Patients With Advanced and Metastatic Non-small Cell Lung Cancer(NSCLC),PHASE2,Phase 2,ACTIVE_NOT_RECRUITING,139,"Avistone Biotechnology Co., Ltd.",Avistone Biotechnology,12,1,0,single_arm,1,plb1004,plb1004,EGFR,Small Molecule,EGFR,0,1,0,0,0,0,0,0,0,0,0,,metastatic · squamous · measurable (RECIST)
NCT06015568,Study of MCLA-129 Combined With Befotertinib in the Treatment of Advanced Non-small Cell Lung Cancer With EGFR Sensitive Mutation,PHASE1,Phase 1,NOT_YET_RECRUITING,172,"Betta Pharmaceuticals Co., Ltd.",Betta Pharmaceuticals,66,1,0,single_arm,1,befotertinib:;mcla-129:,befotertinib:;mcla-129:,EGFR,Bispecific Antibody,EGFR;EGFR Sensitive;MET;PR,1,1,1,0,0,0,0,0,0,0,1,EGFRm,metastatic · squamous · measurable (RECIST)
NCT06015724,Anti-CD38 Antibody With KRAS Vaccine and Anti-PD-1 Antibody in Subjects With Pancreatic Ductal Adenocarcinoma and Refractory Non-Small Cell Lung Cancer,PHASE2,Phase 2,ACTIVE_NOT_RECRUITING,19,Georgetown University,Georgetown University,55,0,1,multi_experimental,2,daratumumab;kras vaccine;nivolumab,daratumumab;kras vaccine;nivolumab,CD38,Monoclonal Antibody,KRAS;MET;PD-L1,1,1,0,0,0,1,0,1,0,1,1,"KRAS G12C, PD-L1+",metastatic · 2nd-line+ · squamous · measurable (RECIST)
NCT06026410,KO-2806 Monotherapy and Combination Therapies in Advanced Solid Tumors,PHASE1,Phase 1,RECRUITING,300,"Kura Oncology, Inc.",Kura Oncology,14,1,0,multi_experimental,7,,adagrasib;cabozantinib;darlifarnib,HRAS,Small Molecule,HRAS;KRAS,0,1,0,0,0,1,0,0,1,1,1,KRAS G12C,metastatic · 1st-line · measurable (RECIST)
NCT06028633,Efficacy and Safety of Nab-paclitaxel-Lenvatinib-Pembrolizumab as Second-line Treatment in Advanced NSCLC Patients,PHASE2,Phase 2,NOT_YET_RECRUITING,28,Peking University First Hospital,Peking University First Hospital,4,0,1,single_arm,1,albumin-bound paclitaxel;lenvatinib;pembrolizumab,albumin-bound paclitaxel;lenvatinib;pembrolizumab,PD-1,Monoclonal Antibody,ALK;PD-L1;ROS1,1,1,0,0,1,0,0,1,1,1,1,"ROS1+, PD-L1+",metastatic · 1st-line · squamous · measurable (RECIST)
NCT06030258,IN10018 Combination Therapy in Treatment-naïve ES-SCLC,PHASE1;PHASE2,Phase 2,RECRUITING,120,"InxMed (Shanghai) Co., Ltd.",InxMed (Shanghai),13,1,0,active_comparator,2,carboplatin;etoposide;tislelizumab,carboplatin;etoposide;in10018;tislelizumab,PD-1,Small Molecule,KRAS,0,1,0,0,0,0,0,0,0,0,0,,metastatic · measurable (RECIST)
NCT06040541,Study of RMC-9805 in Participants With KRAS G12D-Mutant Solid Tumors,PHASE1,Phase 1,RECRUITING,604,"Revolution Medicines, Inc.",Revolution Medicines,19,1,0,multi_experimental,2,rmc-9805,rmc-6236;rmc-9805,KRAS,Small Molecule,KRAS,0,1,0,0,0,0,0,0,0,1,0,,metastatic · 2nd-line+
NCT06041776,Adjuvant Befotertinib in Stage IB-IIIB Non-small Cell Lung Cancer With Positive EGFR Sensitive Mutations,PHASE3,Phase 3,RECRUITING,570,"Betta Pharmaceuticals Co., Ltd.",Betta Pharmaceuticals,66,1,0,active_comparator,2,icotinib + befotertinib placebo,befotertinib + icotinib placebo,EGFR,Small Molecule,EGFR;EGFR Sensitive;PR,0,1,1,0,0,0,0,0,0,0,1,EGFRm,metastatic · adenoca.
NCT06043466,A Clinical Trial Targeting CEA Chimeric Antigen Receptor T (CAR-T) for CEA Positive Advanced Malignant Solid Tumors,PHASE1,Phase 1,RECRUITING,30,"Chongqing Precision Biotech Co., Ltd",Chongqing Precision Biotech,41,1,0,single_arm,1,cea-targeted car-t cells,cea-targeted car-t cells,CEA,CAR-T,ALK;BRAF;CEA;MET;NTRK;PD-L1;RET;ROS1,1,1,1,1,1,0,0,1,1,1,1,"EGFRm, ALK+, ROS1+, PD-L1+",metastatic · 1st-line · squamous · measurable (RECIST) · ECOG 0
NCT06043817,First-In-Human Study of STX-721/PFL-721 in Participants With Locally Advanced or Metastatic Non-Small Cell Lung Cancer Harboring EGFR or HER2 Exon 20 Insertion Mutations,PHASE1;PHASE2,Phase 2,RECRUITING,345,Pierre Fabre Medicament,Pierre Fabre Medicament,27,1,0,multi_experimental,3,,stx-721/pfl-721 (3 dose levels);stx-721/pfl-721 (escalated);stx-721/pfl-721 (rp2d),EGFR,Small Molecule,EGFR;HER2;genomic,0,1,1,0,0,0,0,0,0,0,1,EGFRm,metastatic · measurable (RECIST)
NCT06045767,T-Cell Repertoire Sequencing: Assessing Pembrolizumab Efficacy in Advanced Non-small Lung Cancer,PHASE2,Phase 2,NOT_YET_RECRUITING,30,Ari Raphael,Ari Raphael,1,0,1,single_arm,1,pembrolizumab,pembrolizumab,PD-1,Monoclonal Antibody,PD-L1,1,1,0,0,0,0,0,1,0,1,1,PD-L1+,metastatic · 2nd-line+ · measurable (RECIST)
NCT06046495,A Study of the Oral EGFR Inhibitor PLB1004 in Non-Small Cell Lung Cancer,PHASE1,Phase 1,RECRUITING,81,"Avistone Biotechnology Co., Ltd.",Avistone Biotechnology,12,1,0,single_arm,1,plb1004,plb1004,EGFR,Small Molecule,EGFR,0,1,1,0,0,0,0,0,0,0,1,EGFRm,measurable (RECIST)
NCT06047379,"Safety and Efficacy of NEO212 in Patients With Astrocytoma IDH-mutant, Glioblastoma IDH-wildtype or Brain Metastasis",PHASE1;PHASE2,Phase 2,RECRUITING,134,"Neonc Technologies, Inc.",Neonc Technologies,4,1,0,multi_experimental,8,neo212 oral capsule,bevacizumab;carboplatin;folfiri protocol;ipilimumab;neo212 oral capsule;nivolumab;paclitaxel;pembrolizumab;regorafenib,,Small Molecule,,0,1,0,0,0,0,0,0,0,0,0,,metastatic · squamous · measurable (RECIST)
NCT06049212,Sacituzumab Tirumotecan (MK-2870) as Monotherapy and in Combination With Pembrolizumab in Participants With Advanced Solid Tumors (MK-2870-008),PHASE1,Phase 1,ACTIVE_NOT_RECRUITING,30,Merck Sharp & Dohme LLC,Merck (MSD),649,1,1,multi_experimental,2,sacituzumab tirumotecan;supportive care measures,pembrolizumab;sacituzumab tirumotecan;supportive care measures,PD-1,Monoclonal Antibody,ALK;PD-L1;ROS1;TROP2,1,1,0,0,1,0,0,1,0,0,1,"ROS1+, PD-L1+",metastatic · measurable (RECIST)
NCT06051695,"A Study to Evaluate the Safety and Efficacy of Mesothelin-Targeting Logic-gated CAR T, in Participants With Solid Tumors That Express MSLN and Have Lost HLA-A*02 Expression",PHASE1;PHASE2,Phase 2,RECRUITING,474,A2 Biotherapeutics Inc.,A2 Biotherapeutics,3,1,0,multi_experimental,2,diagnostic test: xt cdx with hla-loh assay,a2b543;a2b694;diagnostic test: xt cdx with hla-loh assay,MSLN,CAR-T,MSLN,1,1,0,0,0,0,0,0,0,0,0,,metastatic · measurable (RECIST)
NCT06060613,Safety and Efficacy of OBX-115 in Advanced Solid Tumors,PHASE1;PHASE2,Phase 2,RECRUITING,208,"Obsidian Therapeutics, Inc.",Obsidian Therapeutics,1,1,0,single_arm,1,obx-115,obx-115,IL15,Cell Therapy,BRAF;PD-L1,1,1,0,0,0,0,0,1,1,1,1,PD-L1+,metastatic · 1st-line · small-cell · measurable (RECIST)
NCT06069570,Safety Study for a Gamma Delta T Cell Product Used With Low Dose Radiotherapy in Patients With Locally Advanced or Metastatic NSCLC or Solid Tumors With Bone Metastases,PHASE1,Phase 1,RECRUITING,48,Kiromic BioPharma Inc.,Kiromic BioPharma,5,1,0,single_arm,1,kb-gdt-01,kb-gdt-01,,Cell Therapy,ALK;BRAF;KRAS;MET;RET;genomic,1,1,0,0,0,0,0,0,0,0,0,,metastatic · measurable (RECIST)
NCT06074588,Sacituzumab Tirumotecan (MK-2870) Versus Chemotherapy in Previously Treated Advanced or Metastatic Nonsquamous Non-small Cell Lung Cancer (NSCLC) With EGFR Mutations or Other Genomic Alterations (MK-2870-004),PHASE3,Phase 3,ACTIVE_NOT_RECRUITING,556,Merck Sharp & Dohme LLC,Merck (MSD),649,1,1,active_comparator,2,docetaxel;pemetrexed,sacituzumab tirumotecan,TROP2,ADC,ALK;BRAF;EGFR;MET;NTRK;RET;ROS1;TROP-1;TROP2;genomic,1,1,1,0,0,0,0,0,0,1,1,EGFRm,metastatic · 2nd-line+ · squamous · measurable (RECIST)
NCT06077500,DAREONᵀᴹ-8: A Study to Test How Well Different Doses of BI 764532 in Addition to Standard of Care Are Tolerated by People With Advanced Small Cell Lung Cancer,PHASE1,Phase 1,ACTIVE_NOT_RECRUITING,46,Boehringer Ingelheim,Boehringer Ingelheim,237,1,1,multi_experimental,5,atezolizumab;bi 764532;carboplatin;etoposide,atezolizumab;bi 764532;carboplatin;etoposide,PD-L1,Monoclonal Antibody,CMMRD;MSI-H;PD-L1;TMB,1,1,0,0,0,0,0,1,1,0,1,PD-L1+,1st-line · small-cell
NCT06077760,A Study of Intismeran Autogene (V940) Plus Pembrolizumab (MK-3475) Versus Placebo Plus Pembrolizumab in Participants With Non-small Cell Lung Cancer (V940-002),PHASE3,Phase 3,RECRUITING,868,Merck Sharp & Dohme LLC,Merck (MSD),649,1,1,active_comparator,2,pembrolizumab,intismeran autogene;pembrolizumab,PD-1,Monoclonal Antibody,PD-L1,1,1,0,0,0,0,0,0,0,0,0,,metastatic · squamous
NCT06080776,SH-1028 Tablets Versus Placebo as Adjuvant Therapy in Resected Stage II-IIIB NSCLC With Sensitizing EGFR Mutations,PHASE3,Phase 3,RECRUITING,242,"Nanjing Sanhome Pharmaceutical, Co., Ltd.",Nanjing Sanhome Pharmaceutical,16,1,0,placebo_comparator,2,placebo sh-1028 tablets,sh-1028 tablets,EGFR,Small Molecule,EGFR;PR,0,1,1,0,0,0,0,0,0,1,1,EGFRm,metastatic · 2nd-line+ · squamous
NCT06082635,TGRX-326 Chinese Phase III for Advanced Non-small Cell Lung Cancer (NSCLC),PHASE3,Phase 3,ACTIVE_NOT_RECRUITING,321,"Shenzhen TargetRx Co., Ltd.",Shenzhen TargetRx,14,1,0,active_comparator,2,crizotinib,tgrx-326,ALK,Small Molecule,ALK,0,1,0,1,0,0,0,0,1,0,1,ALK+,metastatic · 1st-line
NCT06084806,Test-retest Evaluation of [18F]F-AraG PET,PHASE2,Phase 2,RECRUITING,10,"CellSight Technologies, Inc.",CellSight Technologies,7,1,0,single_arm,1,[18f]f-arag pet,[18f]f-arag pet,,Radiopharmaceutical,,0,1,0,0,0,0,0,0,0,0,0,,metastatic · measurable (RECIST)
NCT06090266,"A Study of OR502, a Monoclonal Antibody Targeting LILRB2, Alone and in Combination With Anticancer Agents",PHASE1;PHASE2,Phase 2,RECRUITING,168,"OncoResponse, Inc.",OncoResponse,2,1,0,multi_experimental,2,cemiplimab;or502,cemiplimab;or502,LILRB2,Monoclonal Antibody,biomarker;biomarker analysis,1,1,0,0,0,0,0,0,0,1,0,,metastatic · 2nd-line+ · squamous · measurable (RECIST)
NCT06095505,A Study of Alisertib in Patients With Extensive Stage Small Cell Lung Cancer,PHASE2,Phase 2,RECRUITING,120,"Puma Biotechnology, Inc.",Puma Biotechnology,26,1,0,single_arm,1,alisertib,alisertib,AURKA,Small Molecule,PD-L1;biomarker,0,1,0,0,0,0,0,1,0,0,1,PD-L1+,
NCT06097962,Safety and Efficacy of NK510 to Treat NSCLC,EARLY_PHASE1,Phase 1,RECRUITING,12,"Base Therapeutics (Shanghai) Co., Ltd.",Base Therapeutics (Shanghai),8,1,0,multi_experimental,5,nk510,nk510;systemic therapy as selected by the investigator;tislelizumab，atezolizumab or sugemalimab,EGFR,Cell Therapy,ALK;EGFR;ROS1,1,1,1,0,1,0,0,0,0,0,1,"EGFRm, ROS1+",metastatic · measurable (RECIST)
NCT06099782,A Study of Participant Reported Preference for Subcutaneous Pembrolizumab Coformulated With Berahyaluronidase Alfa (MK-3475A) Over Intravenous Pembrolizumab (MK-3475) Formulation in Multiple Tumor Types (MK-3475A-F11),PHASE2,Phase 2,ACTIVE_NOT_RECRUITING,147,Merck Sharp & Dohme LLC,Merck (MSD),649,1,1,active_comparator,2,pembrolizumab;pembrolizumab (+) berahyaluronidase alfa,pembrolizumab;pembrolizumab (+) berahyaluronidase alfa,PD-1,Monoclonal Antibody,ALK;PD-L1;ROS1,1,1,0,1,1,0,0,1,0,0,1,"ALK+, ROS1+, PD-L1+",metastatic · small-cell
NCT06102057,PACCELIO - FDG-PET Based Small Volume Accelerated Immuno Chemoradiotherapy in Locally Advanced NSCLC,PHASE2,Phase 2,RECRUITING,110,TheraOp,TheraOp,1,0,1,active_comparator,2,immunotherapy;standard radiotherapy,experimental radiotherapy;immunotherapy,PD-L1,,PD-L1,0,1,0,0,0,0,0,1,0,0,1,PD-L1+,metastatic · small-cell
NCT06105021,Phase I Study of Autologous CD8+ and CD4+ Engineered T Cell Receptor T Cells in Subjects With Advanced or Metastatic Solid Tumor,PHASE1;PHASE2,Phase 2,ACTIVE_NOT_RECRUITING,100,"Affini-T Therapeutics, Inc.",Affini-T Therapeutics,1,1,0,multi_experimental,5,afnt-211,afnt-211,KRAS,Cell Therapy,HLA-A*11:01;KRAS,1,1,0,0,0,0,0,0,0,0,0,,metastatic · measurable (RECIST)
NCT06107374,Imaging Advanced NSCLC Patients Undergoing PD-1/PD-L1 Directed Therapy Using [18F]-FARAG,PHASE2,Phase 2,RECRUITING,20,"CellSight Technologies, Inc.",CellSight Technologies,7,1,0,single_arm,1,[18f]f-arag,[18f]f-arag,,Radiopharmaceutical,,0,1,0,0,0,0,0,0,0,0,0,,metastatic · measurable (RECIST)
NCT06107686,A Study of YL202 in Selected Patients With Advanced Solid Tumors,PHASE2,Phase 2,RECRUITING,200,"MediLink Therapeutics (Suzhou) Co., Ltd.",MediLink Therapeutics (Suzhou),23,1,0,multi_experimental,4,yl202 should be intravenously infused,yl202 should be intravenously infused,HER3,ADC,HER2,1,1,0,0,0,0,0,0,0,0,0,,metastatic · measurable (RECIST)
NCT06110572,Phase I/II Trial in ES-SCLC to Enhance Response to Atezolizumab Plus Chemotherapy With Total Body Irradiation,PHASE1;PHASE2,Phase 2,RECRUITING,18,Vanderbilt-Ingram Cancer Center,Vanderbilt-Ingram Cancer Center,25,0,1,single_arm,1,atezolizumab;carboplatin;etoposide;hypofractionated radiation therapy;magnetic resonance imaging;total body irradiation,atezolizumab;carboplatin;etoposide;hypofractionated radiation therapy;magnetic resonance imaging;total body irradiation,PD-L1,Monoclonal Antibody,CMMRD;MET;MSI-H;PD-L1;TMB,1,1,0,0,0,0,0,1,1,0,1,PD-L1+,metastatic · 1st-line · squamous · measurable (RECIST)
NCT06114511,"A Study of BL-M07D1 in Patients With HER2-mutated, Locally Advanced or Metastatic Non-small-cell Lung Cancer",PHASE1;PHASE2,Phase 2,ACTIVE_NOT_RECRUITING,78,"Sichuan Baili Pharmaceutical Co., Ltd.",Sichuan Baili Pharmaceutical,127,1,0,single_arm,1,bl-m07d1,bl-m07d1,HER2,ADC,HER2;MET;biomarker,1,1,0,0,0,0,0,0,0,0,0,,metastatic · small-cell · measurable (RECIST) · ECOG 0
NCT06116786,A Study of JNJ-86974680 in Participants With Advanced Non-small Cell Lung Cancer,PHASE1,Phase 1,ACTIVE_NOT_RECRUITING,67,Johnson & Johnson Enterprise Innovation Inc.,Johnson & Johnson,363,1,1,multi_experimental,2,cetrelimab;jnj-86974680,cetrelimab;jnj-86974680;radiation therapy,ADORA2A,Small Molecule,ALK;BRAF;PD-L1;ROS1,0,1,0,1,1,0,0,1,1,1,1,"ALK+, ROS1+, PD-L1+",metastatic · 1st-line · small-cell
NCT06117774,Study Evaluating Tarlatamab After Chemoradiotherapy in Limited-Stage Small-Cell Lung Cancer (LS-SCLC),PHASE3,Phase 3,ACTIVE_NOT_RECRUITING,404,Amgen,Amgen,323,1,1,placebo_comparator,2,,tarlatamab,DLL3,Bispecific Antibody,DLL3;PR,1,0,0,0,0,0,0,0,0,0,0,,adjuvant · small-cell · measurable (RECIST)
NCT06119581,A Study of First-Line Olomorasib (LY3537982) and Pembrolizumab With or Without Chemotherapy in Patients With Advanced KRAS G12C-Mutant Non-small Cell Lung Cancer,PHASE3,Phase 3,RECRUITING,1264,Eli Lilly and Company,Eli Lilly,535,1,1,placebo_comparator,8,carboplatin;cisplatin;pembrolizumab;pemetrexed,carboplatin;cisplatin;ly3537982;pembrolizumab;pemetrexed,KRAS,Small Molecule,ALK;BRAF;HER2;KRAS;MET;NTRK;PD-L1;RET;ROS1,0,1,0,1,1,1,0,1,0,0,1,"ALK+, ROS1+, KRAS G12C, PD-L1+",metastatic · squamous · measurable (RECIST)
NCT06120140,Enhanced Dermatological Care to Reduce Rash and Paronychia in Epidermal Growth Factor Receptor (EGRF)-Mutated Non-Small Cell Lung Cancer (NSCLC) Treated First-line With Amivantamab Plus Lazertinib,PHASE2,Phase 2,ACTIVE_NOT_RECRUITING,305,"Janssen Research & Development, LLC",Johnson & Johnson,363,1,1,active_comparator,6,amivantamab iv;chlorhexidine;lazertinib;noncomedogenic skin moisturizer,amivantamab iv;amivantamab sc;chlorhexidine;clindamycin;clobetasol;doxycycline;lazertinib;minocycline;noncomedogenic skin moisturizer;propranolol;ruxolitinib;tacrolimus;timolol;zinc gluconate,EGFR,Monoclonal Antibody,EGFR,1,1,1,0,0,0,0,0,1,1,1,EGFRm,metastatic · 1st-line · small-cell
NCT06121505,Phase II Trial: Low-Dose Radiation + SBRT + Sintilimab + Chemotherapy vs. Sintilimab + Chemotherapy in Locally Advanced or Metastatic Squamous Cell Lung Cancer,PHASE2,Phase 2,RECRUITING,114,Sichuan University,Sichuan University,9,0,0,active_comparator,2,sintilimab,low-dose radiation therapy and stereotactic body radiation therapy;sintilimab,PD-1,Monoclonal Antibody,ALK;PD-L1;ROS1,1,1,0,1,1,0,0,1,0,0,1,"ALK+, ROS1+, PD-L1+",metastatic · adenoca. · measurable (RECIST)
NCT06123754,Phase III Study of Envafolimab Versus Placebo Plus Chemotherapy in Resectable Stage III NSCLC,PHASE3,Phase 3,RECRUITING,390,"3D Medicines (Sichuan) Co., Ltd.",3D Medicines (Sichuan),10,1,0,active_comparator,2,placebo subcutaneously injected +platinum-based doublet chemotherapy intravenous injection,envalfolimab subcutaneously injected+platinum-based doublet chemotherapy intravenous injection,PD-1,Monoclonal Antibody,ALK;EGFR;PD-L1,1,1,1,1,0,0,0,1,0,0,1,"EGFRm, ALK+, PD-L1+",metastatic · squamous · measurable (RECIST)
NCT06125197,Oncolytic Adenovirus TILT-123 With Pembrolizumab as Treatment for Refractory Non-Small Cell Lung Cancer,PHASE1,Phase 1,ACTIVE_NOT_RECRUITING,22,TILT Biotherapeutics Ltd.,TILT Biotherapeutics,6,1,1,single_arm,1,pembrolizumab;tilt-123,pembrolizumab;tilt-123,TNF-α and IL-2,Oncolytic Virus,MET;PD-L1,1,1,0,0,0,0,0,1,0,1,1,PD-L1+,metastatic · 2nd-line+ · squamous · measurable (RECIST)
NCT06126406,Clinical Study of CEA Targeting Chimeric Antigen Receptor T Lymphocytes（CAR-T） for CEA Positive Advanced Malignant Solid Tumors,PHASE1,Phase 1,RECRUITING,60,"Chongqing Precision Biotech Co., Ltd",Chongqing Precision Biotech,41,1,0,multi_experimental,2,cea-targeted car-t cells,cea-targeted car-t cells,CEA,CAR-T,CEA,1,1,0,0,0,0,0,0,0,1,0,,metastatic · 2nd-line+ · measurable (RECIST) · ECOG 0
NCT06128148,Phase I Study of JYP0322 in ROS1 Fusion-Positive Solid Tumors,PHASE1,Phase 1,RECRUITING,101,"Guangzhou JOYO Pharma Co., Ltd",Guangzhou JOYO Pharma,4,1,0,multi_experimental,7,jyp0322,jyp0322,ROS1,Cell Therapy,G2032R;ROS1,1,1,0,0,1,0,0,0,0,0,1,ROS1+,metastatic · measurable (RECIST)
NCT06128551,Study of Elironrasib and Daraxonrasib as Monotherapies and Combination Therapy in Participants With Advanced KRAS G12C Mutant Solid Tumors,PHASE1;PHASE2,Phase 2,RECRUITING,534,"Revolution Medicines, Inc.",Revolution Medicines,19,1,0,multi_experimental,3,,daraxonrasib;elironrasib,KRAS,Small Molecule,KRAS,0,1,0,0,0,1,0,0,0,1,1,KRAS G12C,metastatic · 2nd-line+
NCT06128837,Study of LY01610 in Patients With Recurrent Small Cell Lung Cancer,PHASE3,Phase 3,RECRUITING,686,Luye Pharma Group Ltd.,Luye Pharma,17,1,0,active_comparator,2,topotecan,irinotecan hydrochloride liposome injection,TOP1,Small Molecule,,0,1,0,0,0,0,0,0,1,0,0,,metastatic · 1st-line · small-cell · measurable (RECIST) · ECOG 2
NCT06131840,A Study of SGN-CEACAM5C in Adults With Advanced Solid Tumors,PHASE1,Phase 1,RECRUITING,914,"Seagen, a wholly owned subsidiary of Pfizer",Pfizer,687,1,1,multi_experimental,6,pf-08046050,5-fluorouracil (5-fu);bevacizumab;leucovorin (lv);oxaliplatin;pf-08046050,CEA,ADC,CEACAM5;PD-L1;genomic,1,1,0,0,0,0,0,1,0,1,1,PD-L1+,metastatic · 2nd-line+ · adenoca. · measurable (RECIST)
NCT06140836,A Study of Repotrectinib Versus Crizotinib in Participants With Locally Advanced or Metastatic Tyrosine Kinase Inhibitor (TKI)-naïve ROS1-positive Non-Small Cell Lung Cancer (NSCLC) (TRIDENT-3),PHASE3,Phase 3,ACTIVE_NOT_RECRUITING,190,Bristol-Myers Squibb,Bristol Myers Squibb,764,1,1,active_comparator,2,crizotinib,repotrectinib,ROS1,Small Molecule,ROS1,0,1,0,0,1,0,0,0,0,0,1,ROS1+,metastatic · squamous · measurable (RECIST)
NCT06147037,"A Phase 1, Dose-escalation Study of [225Ac]-FPI-2068 in Adult Patients With Advanced Solid Tumours",PHASE1,Phase 1,ACTIVE_NOT_RECRUITING,13,AstraZeneca,AstraZeneca,780,1,1,single_arm,1,[111in]-fpi-2107;[225ac]-fpi-2068;fpi-2053,[111in]-fpi-2107;[225ac]-fpi-2068;fpi-2053,,Bispecific Antibody,,1,1,0,0,0,0,0,0,0,0,0,,metastatic · measurable (RECIST)
NCT06147570,A Study of HS-10365 in Patients With Advanced or Metastatic RET Fusion-Positive Non-Small Cell Lung Cancer,PHASE2,Phase 2,RECRUITING,62,"Jiangsu Hansoh Pharmaceutical Co., Ltd.",Hansoh,82,1,0,single_arm,1,hs-10365 capsules,hs-10365 capsules,RET,Small Molecule,RET,0,1,0,0,0,0,0,0,0,1,0,,metastatic · 2nd-line+ · measurable (RECIST)
NCT06148636,A Safety Study of 212Pb-VMT-alpha-NET in Patients With Neuroendocrine Tumors,EARLY_PHASE1,Phase 1,ACTIVE_NOT_RECRUITING,24,David Bushnell,David Bushnell,2,0,0,multi_experimental,5,[212pb] vmt-α-net;diagnostic test: [203pb] vmt-α-net spect/ct,[212pb] vmt-α-net;diagnostic test: [203pb] vmt-α-net spect/ct,SSTR2,Radiopharmaceutical,SSTR2,0,1,0,0,0,0,0,0,0,0,0,,measurable (RECIST) · ECOG 0
NCT06150664,A Phase 1 of CTX-8371 in Patients With Advanced Malignancies,PHASE1,Phase 1,RECRUITING,85,Compass Therapeutics,Compass Therapeutics,6,1,0,multi_experimental,2,ctx-8371,ctx-8371,PD-1,Bispecific Antibody,BRAF;ER;HER2;MET;PD-L1;PR,1,1,0,0,0,0,0,1,0,1,1,PD-L1+,metastatic · 2nd-line+ · squamous · measurable (RECIST)
NCT06151574,Beamion LUNG-2: A Study to Test Whether Zongertinib (BI 1810631) Helps People With Advanced Non-small Cell Lung Cancer With HER2 Mutations Compared With Standard Treatment,PHASE3,Phase 3,ACTIVE_NOT_RECRUITING,428,Boehringer Ingelheim,Boehringer Ingelheim,237,1,1,active_comparator,2,carboplatin;cisplatin;pembrolizumab;pemetrexed,zongertinib,HER2,Small Molecule,HER2,0,1,0,0,0,0,0,0,0,0,0,,metastatic · squamous · measurable (RECIST)
NCT06161441,"A Trial to Learn if the Combination of Fianlimab, Cemiplimab, and Chemotherapy is Safe and Works Better Than the Combination of Cemiplimab and Chemotherapy in Adult Patients With Non-Small Cell Lung Cancer That Can be Treated With Surgery",PHASE2,Phase 2,ACTIVE_NOT_RECRUITING,195,Regeneron Pharmaceuticals,Regeneron,95,1,1,multi_experimental,3,carboplatin;cemiplimab;cisplatin;paclitaxel;pemetrexed,carboplatin;cemiplimab;cisplatin;fianlimab;paclitaxel;pemetrexed,LAG-3,Monoclonal Antibody,ALK;PD-L1,1,1,0,1,0,0,0,1,0,0,1,"ALK+, PD-L1+",metastatic
NCT06162221,Study of RAS(ON) Inhibitors in Patients With Advanced RAS-mutated NSCLC,PHASE1;PHASE2,Phase 2,RECRUITING,616,"Revolution Medicines, Inc.",Revolution Medicines,19,1,0,multi_experimental,4,,carboplatin;cisplatin;pembrolizumab;pemetrexed;rmc-6236;rmc-6291;rmc-9805,KRAS,Small Molecule,KRAS,0,1,0,0,0,1,0,0,0,0,1,KRAS G12C,metastatic · ECOG 0-1
NCT06162572,Phase 1b/2 Platform Study of Select Immunotherapy Combinations in Participants With Advanced Non-small Cell Lung Cancer (NSCLC),PHASE1;PHASE2,Phase 2,ACTIVE_NOT_RECRUITING,102,Servier Bio-Innovation LLC,Servier,42,1,1,active_comparator,7,cemiplimab,cemiplimab;s095018;s095018 recommended dose expansion (rde);s095024;s095024 rde;s095029;s095029 rde,PD-L1,Monoclonal Antibody,ALK;EGFR;PD-L1;ROS1,1,1,1,1,1,0,0,1,0,0,1,"EGFRm, ALK+, ROS1+, PD-L1+",metastatic · squamous · measurable (RECIST)
NCT06170788,Sacituzumab Tirumotecan (MK-2870) in Combination With Pembrolizumab Versus Pembrolizumab Alone in Metastatic Non-small Cell Lung Cancer (NSCLC) With Programmed Cell Death Ligand 1 (PD-L1) Tumor Proportion Score (TPS) ≥ 50% (MK-2870-007),PHASE3,Phase 3,RECRUITING,614,Merck Sharp & Dohme LLC,Merck (MSD),649,1,1,active_comparator,2,pembrolizumab;supportive care measures,pembrolizumab;sacituzumab tirumotecan;supportive care measures,PD-1,Monoclonal Antibody,ALK;PD-L1;ROS1,1,1,0,1,1,0,0,1,0,0,1,"ALK+, ROS1+, PD-L1+",metastatic · squamous
NCT06171750,Phase I Study of Tolododekin Alfa (ANK-101) in Advanced Solid Tumors,PHASE1,Phase 1,RECRUITING,97,"Ankyra Therapeutics, Inc",Ankyra Therapeutics,3,1,0,multi_experimental,3,tolododekin alfa,cemiplimab;tolododekin alfa,PD-1,Monoclonal Antibody,PD-L1,1,1,0,0,0,0,0,1,0,1,1,PD-L1+,metastatic · 2nd-line+ · measurable (RECIST)
NCT06172478,A Study of HER3-DXd in Subjects With Locally Advanced or Metastatic Solid Tumors,PHASE2,Phase 2,RECRUITING,740,Daiichi Sankyo,Daiichi Sankyo,178,1,1,single_arm,1,her3-dxd,her3-dxd,HER3,ADC,ALK;BRAF;CLDN18.2;ER;HER2;HER3;KRAS;MET;MMR;MSI;NTRK;PD-L1;RET;ROS1;genomic,1,1,1,1,1,1,1,1,1,1,1,"EGFRm, ALK+, ROS1+, KRAS G12C, MET+, PD-L1+",metastatic · 1st-line · adenoca. · measurable (RECIST) · ECOG 0
NCT06177925,A Phase Ⅱ Clinical Study of Adebrelimab Combined With Chemotherapy and Concurrent Radiotherapy for Extensive-Stage Oligometastatic SCLC,PHASE2,Phase 2,RECRUITING,62,"Nanfang Hospital, Southern Medical University","Nanfang Hospital, Southern Medical University",6,0,0,single_arm,1,adebrelimab;carboplatin/cisplatin;etoposide;radiation therapy,adebrelimab;carboplatin/cisplatin;etoposide;radiation therapy,PD-1,Monoclonal Antibody,PD-L1,1,1,0,0,0,0,0,0,0,0,0,,metastatic
NCT06179069,A Study of ZL-1310 in Subjects With Small Cell Lung Cancer,PHASE1,Phase 1,RECRUITING,339,"Zai Lab (Shanghai) Co., Ltd.",Zai Lab,22,1,0,multi_experimental,13,zl-1310,atezolizumab;carboplatin;zl-1310,PD-L1,ADC,DLL3 expression (H-score);PD-L1;PR,1,1,0,0,0,0,0,1,1,0,1,PD-L1+,metastatic · 1st-line · squamous · measurable (RECIST)
NCT06194448,"To Evaluate the Efficacy/Safety of Osimertinib Prior to CRT and Maintenance of it With Stage III, Unresectable NSCLC With EGFR Mutations",PHASE2,Phase 2,ACTIVE_NOT_RECRUITING,76,AstraZeneca,AstraZeneca,780,1,1,single_arm,1,cisplatin or carboplatin; pemetrexed or paclitaxel;osimertinib;radiation,cisplatin or carboplatin; pemetrexed or paclitaxel;osimertinib;radiation,EGFR,Small Molecule,EGFR;genomic,0,1,1,0,0,0,0,0,0,1,1,EGFRm,unresectable · 2nd-line+ · squamous
NCT06198907,Golidocitinib in Combination With Sintilimab for PD-L1 Selected Treatment Locally Advanced or Metastatic Non-Small Cell Lung Cancer(NSCLC),PHASE2,Phase 2,NOT_YET_RECRUITING,69,"Cancer Institute and Hospital, Chinese Academy of Medical Sciences","Cancer Institute and Hospital, Chinese Academy of Medical Sciences",24,0,0,multi_experimental,3,golidocitinib;sintilimab,golidocitinib;platinum doublet;sintilimab,JAK1,Small Molecule,ALK;PD-L1,0,1,0,0,0,0,0,1,0,1,1,PD-L1+,metastatic · 2nd-line+ · small-cell · measurable (RECIST)
NCT06203210,A Study of Ifinatamab Deruxtecan Versus Treatment of Physician's Choice in Subjects With Relapsed Small Cell Lung Cancer,PHASE3,Phase 3,RECRUITING,540,Daiichi Sankyo,Daiichi Sankyo,178,1,1,active_comparator,2,amrubicin;lurbinectedin;topotecan,ifinatamab deruxtecan,B7-H3,ADC,MET,1,1,0,0,0,0,0,0,0,0,0,,metastatic · small-cell · measurable (RECIST)
NCT06205706,BI-1910 as a Single Agent and in Combination With Pembrolizumab for the Treatment of Advanced Solid Tumors,PHASE1;PHASE2,Phase 2,ACTIVE_NOT_RECRUITING,35,BioInvent International AB,BioInvent International,10,1,1,multi_experimental,4,bi-1910,bi-1910;pembrolizumab,TNFR2,Monoclonal Antibody,PD-L1,1,1,0,0,0,0,0,1,0,0,1,PD-L1+,metastatic · squamous · measurable (RECIST)
NCT06210815,A Study of HLX42 in Advanced/Metastatic Solid Tumors,PHASE1,Phase 1,RECRUITING,102,Shanghai Henlius Biotech,Shanghai Henlius,98,1,0,single_arm,1,hlx42,hlx42,EGFR,ADC,,1,1,0,0,0,0,0,0,0,1,0,,metastatic · 2nd-line+ · squamous · measurable (RECIST)
NCT06211036,"Study Comparing Tarlatamab and Durvalumab Versus Durvalumab Alone in First-Line Extensive-Stage Small-Cell Lung Cancer (ES-SCLC) Following Platinum, Etoposide and Durvalumab",PHASE3,Phase 3,ACTIVE_NOT_RECRUITING,563,Amgen,Amgen,323,1,1,active_comparator,2,durvalumab,durvalumab;tarlatamab,DLL3,Bispecific Antibody,DLL3,1,1,0,0,0,0,0,0,1,0,0,,metastatic · 1st-line · small-cell · measurable (RECIST)
NCT06212752,A Study of Subcutaneous (SC) Pembrolizumab Coformulated With Berahyaluronidase Alfa (MK-3475A) vs Intravenous Pembrolizumab in Adult Participants With Metastatic Non-small Cell Lung Cancer (NSCLC) (MK-3475A-D77)-Japan Extension,PHASE3,Phase 3,ACTIVE_NOT_RECRUITING,39,Merck Sharp & Dohme LLC,Merck (MSD),649,1,1,active_comparator,2,carboplatin;cisplatin;filgrastim;nab-paclitaxel;paclitaxel;pegylated filgrastim;pembrolizumab;pemetrexed,carboplatin;cisplatin;filgrastim;nab-paclitaxel;paclitaxel;pegylated filgrastim;pembrolizumab formulated with berahyaluronidase alfa;pemetrexed,PD-1,Monoclonal Antibody,PD-L1,1,1,0,0,0,0,0,0,0,0,0,,metastatic · squamous
NCT06216301,LUNAR-2: TTFields With Pembrolizumab + Platinum-based Chemotherapy for Metastatic NSCLC,PHASE3,Phase 3,RECRUITING,734,NovoCure GmbH,NovoCure,23,1,0,active_comparator,2,pembrolizumab;platinum based,device: novottf-200t;pembrolizumab;platinum based,PD-1,Monoclonal Antibody,ALK;BRAF;NTRK;PD-L1;RET;ROS1,1,1,1,1,1,0,1,1,0,1,1,"EGFRm, ALK+, ROS1+, MET+, PD-L1+",metastatic · 2nd-line+ · squamous · measurable (RECIST)
NCT06218914,"Phase 1 Study to Investigate TCRTs KRAS Mutation in Unresectable, Advanced, and/or Metastatic Solid Tumors",PHASE1,Phase 1,RECRUITING,108,AstraZeneca,AstraZeneca,780,1,1,multi_experimental,2,engineered t cells targeting kras g12d,azd0240: autologous;engineered t cells targeting kras g12d;nt-112: autologous,KRAS,CAR-T,KRAS,1,1,0,0,0,0,0,0,0,0,0,,metastatic · adenoca. · measurable (RECIST)
NCT06218940,HY1272 in Patients With Locally Advanced or Metastatic Solid Tumors or Locally Advanced or Metastatic EGFRm+ NSCLC,PHASE1,Phase 1,NOT_YET_RECRUITING,40,"Newsoara Biopharma Co., Ltd.",Newsoara Biopharma,1,1,0,single_arm,1,hy1272,hy1272,EGFR,Small Molecule,EGFR;PR,0,1,0,0,0,0,0,0,1,0,0,,metastatic · 1st-line
NCT06222489,Whole Body HER3 Quantification With Radiolabelled Patritumab Deruxtecan (HER3-DXd) PET/CT,PHASE2,Phase 2,RECRUITING,16,The Netherlands Cancer Institute,The Netherlands Cancer Institute,72,0,1,single_arm,1,89zr-patritumab deruxtecan,,HER3,ADC,EGFR;HER2;HER3,1,0,1,0,0,0,0,0,0,0,1,EGFRm,metastatic · measurable (RECIST) · ECOG 0
NCT06225804,"A Study to Assess Safety, Tolerability, and Pharmacokinetics of ABSK112 in Patients With Non-Small Cell Lung Cancer",PHASE1,Phase 1,RECRUITING,164,"Abbisko Therapeutics Co, Ltd",AbbVie,274,1,0,single_arm,1,absk112,absk112,EGFR,Small Molecule,EGFR,0,1,0,0,0,0,0,0,0,1,0,,metastatic · 2nd-line+ · measurable (RECIST)
NCT06227546,MGC018 in Patients With Relapsed or Refractory Extensive-Stage Small-Cell Lung Cancer,PHASE2,Phase 2,ACTIVE_NOT_RECRUITING,9,Georgetown University,Georgetown University,55,0,0,single_arm,1,mgc018,mgc018,B7-H3,ADC,biomarker;biomarker analysis,1,1,0,0,0,0,0,0,0,1,0,,metastatic · 2nd-line+ · small-cell · measurable (RECIST)
NCT06228326,A Study Assessing KB707 for the Treatment of Advanced Solid Tumor Malignancies Affecting the Lungs,PHASE1;PHASE2,Phase 2,RECRUITING,250,"Krystal Biotech, Inc.",Krystal Biotech,2,1,0,multi_experimental,4,kb707,docetaxel;kb707;pembrolizumab (keytruda),IL-12,Oncolytic Virus,ALK;KRAS;PD-L1;ROS1;genomic,1,1,0,0,1,0,0,1,0,0,1,"ROS1+, PD-L1+",metastatic · measurable (RECIST)
NCT06235125,Safety and Feasibility of Intraoperative Visualization With Cytalux in Children,PHASE1,Phase 1,RECRUITING,10,Ann & Robert H Lurie Children's Hospital of Chicago,Ann & Robert H Lurie Children's Hospital of Chicago,3,0,0,single_arm,1,cytalux,cytalux,,ADC,,1,1,0,0,0,0,0,0,0,0,0,,metastatic
NCT06236438,"Study to Evaluate Adverse Events, Optimal Dose, and Change in Disease Activity, With Livmoniplimab in Combination With Budigalimab Plus Chemotherapy Versus IV Infused Pembrolizumab Plus Chemotherapy in Adult Participants With Untreated Metastatic Non-Squamous Non-Small Cell Lung Cancer (NSCLC)",PHASE2;PHASE3,Phase 3,RECRUITING,840,AbbVie,AbbVie,274,1,1,multi_experimental,6,carboplatin;cisplatin;pemetrexed,budigalimab;carboplatin;cisplatin;livmoniplimab;pembrolizumab;pemetrexed,PD-1,Monoclonal Antibody,ALK;PD-L1;genomic,1,1,0,1,0,0,0,0,0,0,1,ALK+,metastatic · squamous · measurable (RECIST)
NCT06237881,"A Phase 1/2 Study of KSQ-001EX, Autologous Tumor Infiltrating Lymphocytes Engineered to Inactivate the SOCS1 Gene, in Patients With Select Advanced Solid Tumors",PHASE1;PHASE2,Phase 2,ACTIVE_NOT_RECRUITING,15,M.D. Anderson Cancer Center,M.D. Anderson Cancer Center,697,0,0,multi_experimental,3,cyclophosphamide;fludarabine;ksq-001ex,cyclophosphamide;fludarabine;interleukin-2;ksq-001ex,SOCS1,Cell Therapy,ALK;BRAF;KRAS;MET;PD-L1;RET,1,1,0,0,0,0,0,1,0,1,1,PD-L1+,metastatic · 2nd-line+ · squamous · measurable (RECIST)
NCT06238479,"A Study of LY4101174 in Participants With Recurrent, Advanced or Metastatic Solid Tumors",PHASE1,Phase 1,ACTIVE_NOT_RECRUITING,490,Eli Lilly and Company,Eli Lilly,535,1,1,multi_experimental,3,ly4101174,ly4101174,NECTIN4,ADC,NECTIN-4,1,1,0,0,0,0,0,0,0,0,0,,metastatic · squamous · measurable (RECIST)
NCT06239194,Dose Escalation and Dose Expansion Study of MDX2001 in Patients With Advanced Solid Tumors,PHASE1;PHASE2,Phase 2,RECRUITING,285,"ModeX Therapeutics, An OPKO Health Company","ModeX Therapeutics, An OPKO Health",3,1,0,multi_experimental,4,mdx2001,mdx2001,CD3,Bispecific Antibody,MET;TROP2,1,1,0,0,0,0,0,0,0,0,0,,metastatic · measurable (RECIST)
NCT06242470,A Study of MGC026 in Participants With Advanced Solid Tumors,PHASE1,Phase 1,RECRUITING,250,MacroGenics,MacroGenics,29,1,0,multi_experimental,12,,mgc026 dose escalation;mgc026 dose for expansion,,,,0,1,0,0,0,0,0,0,0,0,0,,metastatic · squamous · measurable (RECIST)
NCT06244771,A Study Evaluating FMC-376 in Participants With KRAS G12C Mutated Solid Tumors,PHASE1;PHASE2,Phase 2,RECRUITING,403,Frontier Medicines Corporation,Frontier Medicines,1,1,0,single_arm,1,fmc-376,fmc-376,KRAS,Small Molecule,KRAS,0,1,0,0,0,1,0,0,0,0,1,KRAS G12C,metastatic
NCT06246110,A Phase 2 Study of EIK1001 in Combo With Pembrolizumab and Chemotherapy in Patients With Stage 4 NSCLC,PHASE2,Phase 2,ACTIVE_NOT_RECRUITING,70,Eikon Therapeutics,Eikon Therapeutics,10,1,0,multi_experimental,2,carboplatin;eik1001;pembrolizumab,carboplatin;eik1001;paclitaxel;pembrolizumab;pemetrexed,TLR7/8,Small Molecule,BRAF;PD-L1,0,1,0,0,0,0,0,0,1,0,0,,metastatic · 1st-line · squamous · measurable (RECIST)
NCT06247605,A Phase IIII Study of AL8326 in Small Cell Lung Cancer,PHASE3,Phase 3,RECRUITING,243,Advenchen Laboratories Nanjing Ltd.,Advenchen Laboratories Nanjing,5,1,0,placebo_comparator,2,,al8326 tablets,,,,0,0,0,0,0,0,0,0,1,1,0,,metastatic · 1st-line · small-cell · measurable (RECIST)
NCT06248606,Adagrasib + SRS for Patients With Metastatic KRAS G12C-mutated NSCLC With Untreated Brain Metastases,PHASE2,Phase 2,RECRUITING,30,"Ryan Gentzler, MD","Ryan Gentzler, MD",1,0,0,single_arm,1,adagrasib;stereotactic radiosurgery,adagrasib;stereotactic radiosurgery,KRAS,Small Molecule,KRAS;MET;PD-L1,0,1,0,0,0,1,0,1,1,0,1,"KRAS G12C, PD-L1+",metastatic · 1st-line · small-cell · measurable (RECIST)
NCT06253871,A Phase 1/1b Study of IAM1363 in HER2 Cancers,PHASE1,Phase 1,RECRUITING,383,"Iambic Therapeutics, Inc",Iambic Therapeutics,1,1,0,single_arm,1,iam1363,iam1363,HER2,Small Molecule,HER2,0,1,0,0,0,0,0,0,0,1,0,,metastatic · 2nd-line+ · measurable (RECIST)
NCT06257264,A Study to Examine the Safety of Different Doses of BG-68501 Given to Participants With Advanced-Stage Tumors,PHASE1,Phase 1,ACTIVE_NOT_RECRUITING,103,BeiGene,BeiGene/BeOne,149,1,1,multi_experimental,5,bg-68501,bg-68501;bgb-43395;fulvestrant,CDK2,Small Molecule,HER2,0,1,0,0,0,0,0,0,0,1,0,,metastatic · 2nd-line+ · adenoca. · measurable (RECIST)
NCT06266299,A Study of KK2269 in Adult Participants With Solid Tumors,PHASE1,Phase 1,RECRUITING,101,"Kyowa Kirin Co., Ltd.",Kyowa Kirin,63,1,0,multi_experimental,2,kk2269,docetaxel;kk2269,CD40,Bispecific Antibody,EPCAM,1,1,0,0,0,0,0,0,0,0,0,,metastatic · adenoca. · measurable (RECIST) · ECOG 0
NCT06268613,"A Study to Compare the Pharmacokinetics, Efficacy, Safety, and Immunogenicity of Pembrolizumab (SB27, EU Sourced Keytruda, and US Sourced Keytruda) in Subjects With Stage II-IIIA NSCLC Following Complete Resection and Adjuvant Platinum-based Chemotherapy",PHASE1,Phase 1,ACTIVE_NOT_RECRUITING,163,"Samsung Bioepis Co., Ltd.",Samsung Bioepis,5,1,0,active_comparator,3,eu sourced keytruda;us sourced keytruda,sb27,PD-1,Monoclonal Antibody,PD-L1,1,1,0,0,0,0,0,0,0,0,0,,
NCT06276283,DZD9008 In Combination With Bevacizumab in Locally Advanced or Metastatic NSCLC Patients With EGFR Mutation (WU-KONG29),PHASE2,Phase 2,RECRUITING,60,Dizal Pharmaceuticals,Dizal Pharmaceuticals,29,1,0,single_arm,1,dzd9008 plus bevacizumab,dzd9008 plus bevacizumab,VEGF/VEGFR,Monoclonal Antibody,EGFR;HER2;MET;PR,1,1,1,0,0,0,0,0,1,1,1,EGFRm,metastatic · 1st-line · squamous · measurable (RECIST) · ECOG 1
NCT06281964,Efficacy and Safety Evaluation of PLB1004 in Patients With Non-squamous NSCLC Harboring EGFR Exon 20 Insertion.,PHASE3,Phase 3,ENROLLING_BY_INVITATION,327,"Avistone Biotechnology Co., Ltd.",Avistone Biotechnology,12,1,0,active_comparator,2,pemetrexed+（carboplatin or cisplatin）with or without sintilimab,plb1004,EGFR,Small Molecule,EGFR,0,1,0,0,0,0,0,0,0,1,0,,metastatic · 2nd-line+ · squamous · measurable (RECIST)
NCT06283719,"Dose Escalation Study of ZG006 in Participants With Advanced Small Cell Lung Cancer or Neuroendocrine Carcinoma, Followed by Dose Expansion Study in Participants With Advanced Small Cell Lung Cancer",PHASE1;PHASE2,Phase 2,RECRUITING,265,"Suzhou Zelgen Biopharmaceuticals Co.,Ltd",Suzhou Zelgen Biopharmaceuticals,49,1,0,multi_experimental,2,zg006,zg006,DLL3,Bispecific Antibody,DLL3,1,1,0,0,0,0,0,0,0,1,0,,advanced · 2nd-line+ · small-cell
NCT06284317,"A Study to Evaluate the Benefit of Adding Durvalumab After Chemotherapy, Durvalumab and Surgery in Patients With Early-stage, Operable, Non-small Cell Lung Cancer.",PHASE3,Phase 3,RECRUITING,290,ETOP IBCSG Partners Foundation,ETOP IBCSG Partners Foundation,20,0,1,multi_experimental,2,adjuvant durvalumab,adjuvant durvalumab,PD-L1,Monoclonal Antibody,ALK;EGFR;PD-L1,1,1,1,1,0,0,0,1,0,0,1,"EGFRm, ALK+, PD-L1+",metastatic
NCT06293898,Open Label Study to Evaluate BL-M07D1 in HER2 Expressing Malignant Solid Tumors,PHASE1,Phase 1,RECRUITING,280,SystImmune Inc.,SystImmune,7,1,0,multi_experimental,3,bl-m07d1,bl-m07d1,HER2,ADC,HER2;MET;PD-L1,1,1,0,0,0,0,0,1,0,1,1,PD-L1+,metastatic · 2nd-line+ · squamous · measurable (RECIST) · ECOG 0-1
NCT06295432,A Phase II Clinical Trial of DZD9008 in Combination With AZD4205 in Standard Treatment Failed NSCLC Patients With EGFR Mutations (WU-KONG21),PHASE2,Phase 2,RECRUITING,90,Dizal Pharmaceuticals,Dizal Pharmaceuticals,29,1,0,single_arm,1,dzd9008+azd4205,dzd9008+azd4205,EGFR,Small Molecule,EGFR;PR,0,1,1,0,0,0,0,0,0,1,1,EGFRm,metastatic · 2nd-line+ · measurable (RECIST)
NCT06300177,D-1553 Tablet Versus Docetaxel Injection for KRAS G12C Mutation-positive Locally Advanced or Metastatic Non-small Cell Lung Cancer After Prior Standard Therapy Failure,PHASE3,Phase 3,RECRUITING,522,"Chia Tai Tianqing Pharmaceutical Group Co., Ltd.",Chia Tai Tianqing Pharmaceutical,213,1,0,active_comparator,2,docetaxel injection,d-1553 tablet,KRAS,Small Molecule,KRAS;PD-L1,0,1,0,0,0,1,0,1,1,1,1,"KRAS G12C, PD-L1+",metastatic · 1st-line · small-cell · measurable (RECIST) · ECOG 0-1
NCT06303505,"FiH Study to Investigate Safety, PK and Efficacy of the NaPi2b ADC TUB-040 in Patients With PROC or r/r Adenocarcinoma NSCLC",PHASE1;PHASE2,Phase 2,RECRUITING,250,Tubulis GmbH,Tubulis,5,1,0,multi_experimental,3,tub-040,tub-040,NaPi2b,ADC,NAPI2B;biomarker,1,1,0,0,0,0,0,0,0,0,0,,recurrent · measurable (RECIST) · ECOG 0-1
NCT06305754,"Sacituzumab Tirumotecan (MK-2870) Versus Pemetrexed and Carboplatin Combination Therapy in Participants With Epidermal Growth Factor (EGFR)-Mutated, Advanced Nonsquamous Non-small Cell Lung Cancer (NSCLC) Who Have Progressed on Prior EGFR Tyrosine Kinase Inhibitors (MK-2870-009)",PHASE3,Phase 3,ACTIVE_NOT_RECRUITING,550,Merck Sharp & Dohme LLC,Merck (MSD),649,1,1,active_comparator,2,carboplatin;pemetrexed,acetaminophen (or equivalent);dexamethasone (or equivalent);h1 receptor antagonist;h2 receptor antagonist;sacituzumab tirumotecan;steroid mouthwash (dexamethasone or equivalent),EGFR,Small Molecule,,0,1,0,0,0,0,0,0,0,0,0,,metastatic · squamous
NCT06305962,177Lu-anti-PD-L1 sdAb in Metastatic Solid Tumors,EARLY_PHASE1,Phase 1,RECRUITING,30,"Radiopharm Theranostics, Ltd",Radiopharm Theranostics,7,1,0,single_arm,1,177lu-rad204,177lu-rad204,PD-L1,Radiopharmaceutical,MSI;PD-L1,0,1,0,0,0,0,0,1,0,1,1,PD-L1+,metastatic · 2nd-line+ · measurable (RECIST)
NCT06311721,A Study to Compare ABP 234 and Keytruda® (Pembrolizumab) in Participants With Advanced or Metastatic Non-squamous Non-Small Cell Lung Cancer,PHASE3,Phase 3,ACTIVE_NOT_RECRUITING,315,Amgen,Amgen,323,1,1,multi_experimental,3,,abp 234;pembrolizumab (eu);pembrolizumab (us),PD-1,Monoclonal Antibody,ALK;PD-L1;biomarker,1,1,0,1,0,0,0,1,0,1,1,"ALK+, PD-L1+",metastatic · 2nd-line+ · squamous · measurable (RECIST)
NCT06312137,A Study to Assess Efficacy and Safety of Pembrolizumab With or Without Sacituzumab Tirumotecan (MK- 2870) in Adult Participants With Resectable Non Small Cell Lung Cancer (NSCLC) Not Achieving Pathological Complete Response (pCR) (MK-2870-019),PHASE3,Phase 3,RECRUITING,780,Merck Sharp & Dohme LLC,Merck (MSD),649,1,1,active_comparator,2,carboplatin;cisplatin;gemcitabine;paclitaxel;pembrolizumab;pemetrexed,pembrolizumab;rescue medication;sacituzumab tirumotecan,PD-1,Monoclonal Antibody,ALK;PD-L1;TROP2,1,1,0,1,0,0,0,1,0,0,1,"ALK+, PD-L1+",neoadjuvant · squamous
NCT06319313,Efficacy and Safety of JMT101 Combined Wth Docetaxel / HB1801 in Patients With Squamous Cell Non-Small Cell Lung Cancer,PHASE2;PHASE3,Phase 3,NOT_YET_RECRUITING,534,Shanghai JMT-Bio Inc.,Shanghai JMT-Bio,33,1,0,multi_experimental,3,,docetaxel;hb1801;jmt101,EGFR,Monoclonal Antibody,EGFR;PD-L1,1,1,0,0,0,0,0,1,0,0,1,PD-L1+,metastatic · squamous · measurable (RECIST) · ECOG 0-1
NCT06322108,Assessment of the Safety and Efficacy of Balstilimab in Combination With Botensilimab for the Treatment of Non-Small Cell Lung Cancer (IMMONC0008),PHASE2,Phase 2,ACTIVE_NOT_RECRUITING,45,Immune Oncology Research Institute,Immune Oncology Research Institute,2,0,0,single_arm,1,botensilimab + balstilimab,botensilimab + balstilimab,PD-1,Monoclonal Antibody,ALK;EGFR;PD-L1,1,1,1,1,0,0,0,0,0,0,1,"EGFRm, ALK+",metastatic · squamous · measurable (RECIST)
NCT06326411,A Study to Investigate the Safety and Efficacy of NST-628 Oral Tablets in Subjects With Solid Tumors,PHASE1,Phase 1,RECRUITING,230,"Nested Therapeutics, Inc",Nested Therapeutics,1,1,0,single_arm,1,nst-628,nst-628,RAF/MEK,Small Molecule,BRAF;KRAS;MAPK pathway,0,1,0,0,0,0,0,0,0,0,0,,metastatic · measurable (RECIST) · ECOG 0
NCT06332274,tislelizUMaB in canceR Patients With molEcuLar residuaL Disease,PHASE3,Phase 3,RECRUITING,717,"Gustave Roussy, Cancer Campus, Grand Paris","Gustave Roussy, Cancer Campus, Grand Paris",31,0,1,placebo_comparator,4,blood sampling,blood sampling;tislelizumab,PD-1,Monoclonal Antibody,PD-L1,1,1,1,0,0,0,0,1,0,0,1,"EGFRm, PD-L1+",neoadjuvant · small-cell · measurable (RECIST)
NCT06332755,"Study to Evaluate LB-LR1109, Administered Alone for the Treatment of Solid Tumor and in Combination With Atezolizumab for the Treatment of NSCLC",PHASE1,Phase 1,RECRUITING,76,LG Chem,LG Chem,2,1,0,multi_experimental,2,,phase 1a: lb-lr1109;phase 1b: lb-lr1109 and atezolizumab,PD-L1,Monoclonal Antibody,genomic,1,1,0,0,0,0,0,0,0,0,0,,metastatic · measurable (RECIST)
NCT06333951,Anvumetostat Alone or in Combination With Other Therapies in Subjects With Advanced Thoracic Tumors With Homozygous MTAP-deletion (Master Protocol) (MTAPESTRY 104).,PHASE1,Phase 1,ACTIVE_NOT_RECRUITING,49,Amgen,Amgen,323,1,1,multi_experimental,5,anvumetostat,anvumetostat;carboplatin;paclitaxel;pembrolizumab;pemetrexed;sotorasib,PD-1,Monoclonal Antibody,KRAS;PD-L1,1,1,0,0,0,0,0,1,0,0,1,PD-L1+,metastatic · squamous · measurable (RECIST)
NCT06335355,A Phase II/III Study of Adebrelimab in Combination With SHR-8068 and Chemotherapy in Advanced or Metastatic NSCLC Patients,PHASE2;PHASE3,Phase 3,NOT_YET_RECRUITING,401,"Shanghai Shengdi Pharmaceutical Co., Ltd",Shanghai Shengdi Pharmaceutical,5,1,0,active_comparator,3,adebrelimab + pemetrexed + carboplatin;camrelizumab + pemetrexed + carboplatin,adebrelimab + shr-8068 + pemetrexed + carboplatin,PD-1,Monoclonal Antibody,KEAP1;KRAS;STK11,1,1,0,0,0,0,0,0,0,0,0,,metastatic · squamous · measurable (RECIST)
NCT06337084,Diagnostic Efficacy and Dosimetry of MNPR-101-DFO*-89Zr in Patients With Solid Tumors,PHASE1,Phase 1,ACTIVE_NOT_RECRUITING,12,Monopar Therapeutics,Monopar Therapeutics,3,1,0,single_arm,1,diagnostic test: pet/ct diagnostic imaging;mnpr-101-dfo*-89zr,diagnostic test: pet/ct diagnostic imaging;mnpr-101-dfo*-89zr,,Radiopharmaceutical,,0,1,0,0,0,0,0,0,0,0,0,,metastatic · measurable (RECIST)
NCT06343064,"Vebreltinib Plus PLB1004 in EGFR-mutated, Advanced NSCLC With MET Amplification or MET Overexpression Following EGFR-TKI",PHASE1;PHASE2,Phase 2,RECRUITING,156,"Avistone Biotechnology Co., Ltd.",Avistone Biotechnology,12,1,0,multi_experimental,4,plb1004;vebreltinib,plb1004;vebreltinib,MET,Small Molecule,ALK;EGFR;MET;ROS1,0,1,1,0,1,0,1,0,0,0,1,"EGFRm, ROS1+, MET+",metastatic · measurable (RECIST)
NCT06343402,Open-label Study of BBO-8520 in Adult Subjects With KRASG12C Non-small Cell Lung Cancer,PHASE1,Phase 1,RECRUITING,350,"TheRas, Inc., d/b/a BBOT (BridgeBio Oncology Therapeutics)","TheRas, Inc., d/b/a BBOT (BridgeBio Oncology Therapeutics)",3,1,0,multi_experimental,8,bbo-8520,bbo-10203;bbo-8520;pembrolizumab,KRAS,Small Molecule,KRAS,0,1,0,0,0,1,0,0,0,0,1,KRAS G12C,metastatic · small-cell · measurable (RECIST)
NCT06345729,A Study of Calderasib (MK-1084) Plus Pembrolizumab (MK-3475) in Participants With KRAS G12C Mutant Non-small Cell Lung Cancer (NSCLC) With Programmed Cell Death Ligand 1 (PD-L1) Tumor Proportion Score (TPS) ≥50% (MK-1084-004/KANDLELIT-004),PHASE3,Phase 3,RECRUITING,600,Merck Sharp & Dohme LLC,Merck (MSD),649,1,1,active_comparator,2,pembrolizumab,calderasib;pembrolizumab,PD-1,Monoclonal Antibody,KRAS;PD-L1;biomarker,1,1,0,0,0,0,0,1,0,0,1,PD-L1+,metastatic · small-cell
NCT06348199,"A Study to Compare the Efficacy, Safety, Pharmacokinetics, and Immunogenicity Between SB27 and Keytruda in Subjects With Metastatic Non-squamous Non-small Cell Lung Cancer",PHASE3,Phase 3,ACTIVE_NOT_RECRUITING,555,"Samsung Bioepis Co., Ltd.",Samsung Bioepis,5,1,0,active_comparator,2,pembrolizumab,sb27,PD-1,Monoclonal Antibody,PD-L1,1,1,0,0,0,0,0,0,0,0,0,,metastatic · squamous
NCT06348797,Phase I Clinical Study of α-PD-L1/DLL3 CAR-T in Patients With R/R SCLC,PHASE1,Phase 1,RECRUITING,30,Sichuan University,Sichuan University,9,0,0,single_arm,1,α-pd-l1/4-1bb dll3 car-t (bhp01),α-pd-l1/4-1bb dll3 car-t (bhp01),DLL3,CAR-T,DLL3;PD-L1,1,1,0,0,0,0,0,0,0,1,0,,metastatic · 2nd-line+ · small-cell · measurable (RECIST)
NCT06350097,"Phase III, Open-label Study of First-line Osimertinib With or Without Datopotamab Deruxtecan for EGFRm Locally Advanced or Metastatic Non-small Cell Lung Cancer",PHASE3,Phase 3,RECRUITING,582,AstraZeneca,AstraZeneca,780,1,1,active_comparator,2,osimertinib,datopotamab deruxtecan;osimertinib,EGFR,Small Molecule,EGFR;MET;genomic,0,1,1,0,0,0,0,0,0,1,1,EGFRm,metastatic · 2nd-line+ · adenoca. · measurable (RECIST)
NCT06357533,"Phase III, Open-label, Study of First-line Dato-DXd in Combination With Rilvegostomig for Advanced Non-squamous NSCLC With High PD-L1 Expression (TC ≥ 50%) and Without Actionable Genomic Alterations",PHASE3,Phase 3,RECRUITING,675,AstraZeneca,AstraZeneca,780,1,1,active_comparator,3,pembrolizumab,datopotamab deruxtecan;rilvegostomig,PD-1,Monoclonal Antibody,ALK;EGFR;PD-L1;ROS1;TROP2;biomarker;genomic,1,1,1,0,1,0,0,1,1,0,1,"EGFRm, ROS1+, PD-L1+",metastatic · 1st-line · squamous · measurable (RECIST)
NCT06362252,A Study of I-DXd in Combination With Atezolizumab With or Without Carboplatin as First-Line Induction or Maintenance in Subjects With Extensive Stage-Small Cell Lung Cancer (IDeate-Lung03),PHASE1;PHASE2,Phase 2,RECRUITING,123,Daiichi Sankyo,Daiichi Sankyo,178,1,1,multi_experimental,7,atezolizumab;ifinatamab deruxtecan,atezolizumab;carboplatin;ifinatamab deruxtecan,PD-L1,Monoclonal Antibody,CMMRD;MET;MSI-H;PD-L1;PR;TMB,1,1,0,0,0,0,0,1,1,0,1,PD-L1+,metastatic · 1st-line · measurable (RECIST) · ECOG 1
NCT06362369,A Study of Oral 7HP349 (Alintegimod) in Combination With Ipilimumab Followed by Nivolumab Monotherapy,PHASE1;PHASE2,Phase 2,RECRUITING,126,"7 Hills Pharma, LLC",7 Hills Pharma,2,1,0,single_arm,1,alintegimod;ipilimumab;nivolumab,alintegimod;ipilimumab;nivolumab,CTLA-4,Monoclonal Antibody,ALK;MMR;MSI;MSI-H;PD-L1;genomic,1,1,0,1,0,0,0,1,0,1,1,"ALK+, PD-L1+",metastatic · 2nd-line+ · squamous · measurable (RECIST)
NCT06370416,the Prevention of Bone Marrow Suppression Caused by Chemotherapy in Advanced NSCLC With Trilaciclib,PHASE2,Phase 2,ENROLLING_BY_INVITATION,41,Henan Cancer Hospital,Henan Cancer Hospital,27,0,0,single_arm,1,trilaciclib,trilaciclib,CDK4/6,Small Molecule,MET,0,1,0,0,0,0,0,0,1,1,0,,metastatic · 1st-line · squamous · measurable (RECIST) · ECOG 0-1
NCT06375187,A Study of GC203 TIL in Advanced Malignant Solid Tumors,PHASE1,Phase 1,RECRUITING,18,Shanghai Juncell Therapeutics,Shanghai Juncell Therapeutics,19,1,0,single_arm,1,engineering tumor infiltrating lymphocytes,engineering tumor infiltrating lymphocytes,,Cell Therapy,,1,1,0,0,0,0,0,0,0,0,0,,metastatic · measurable (RECIST)
NCT06380348,"JMT101 in Combination With Osimertinib, Versus Cisplatin-pemetrexed in Participants With Locally Advanced or Metastatic Non-small Cell Lung Cancer (NSCLC) Characterized by Epithermal Growth Factor Receptor (EGFR) Exon 20ins Mutations",PHASE3,Phase 3,NOT_YET_RECRUITING,398,Shanghai JMT-Bio Inc.,Shanghai JMT-Bio,33,1,0,active_comparator,2,cisplatin injection;pemetrexed injection,jmt101 injection;osimertinib tablet,EGFR,Monoclonal Antibody,EGFR;EGFR Exon 20ins,1,1,1,0,0,0,0,0,0,0,1,EGFRm,metastatic · measurable (RECIST)
NCT06380816,A Phase I/II Trial of UCB4594 in Participants With Advanced Cancer,PHASE1;PHASE2,Phase 2,RECRUITING,167,Cancer Research UK,Cancer Research UK,16,0,0,multi_experimental,2,ucb4594,ucb4594,,,,0,1,0,0,0,0,0,0,0,1,0,,metastatic · 2nd-line+ · squamous · measurable (RECIST)
NCT06382116,A Study Comparing BL-B01D1 With Platinum Based Chemotherapy in Patients With Locally Advanced or Metastatic Non-small Cell Lung Cancer(PANKU-Lung01),PHASE3,Phase 3,ACTIVE_NOT_RECRUITING,432,"Sichuan Baili Pharmaceutical Co., Ltd.",Sichuan Baili Pharmaceutical,127,1,0,multi_experimental,2,,bl-b01d1;pemetrexed+cisplatin or carboplatin,EGFR,ADC,EGFR,1,1,1,0,0,0,0,0,0,0,1,EGFRm,metastatic · squamous · measurable (RECIST) · ECOG 0
NCT06382129,A Study Comparing BL-B01D1 With Docetaxel in Patients With Unresectable Locally Advanced or Metastatic EGFR Wild-type Non-small Cell Lung Cancer(PANKU-Lung02),PHASE3,Phase 3,ACTIVE_NOT_RECRUITING,698,"Sichuan Baili Pharmaceutical Co., Ltd.",Sichuan Baili Pharmaceutical,127,1,0,multi_experimental,2,,bl-b01d1;docetaxel,PD-1,ADC,PD-L1,1,1,1,0,0,0,0,0,0,0,1,EGFRm,metastatic · small-cell · measurable (RECIST) · ECOG 0
NCT06391944,JMT101 Combined With Osimertinib in Patients With Stage Ⅲb-Ⅳ Non-small Cell Lung Cancer (NSCLC) Characterized by Epithermal Growth Factor Receptor (EGFR) Common Mutations,PHASE2,Phase 2,ACTIVE_NOT_RECRUITING,161,Shanghai JMT-Bio Inc.,Shanghai JMT-Bio,33,1,0,single_arm,1,jmt101 injection;osimertinib tablet,jmt101 injection;osimertinib tablet,EGFR,Monoclonal Antibody,EGFR Exon 20ins,1,1,0,0,0,0,0,0,0,0,0,,metastatic · measurable (RECIST)
NCT06396065,Phase III Study of AK112 for NSCLC Patients,PHASE3,Phase 3,ACTIVE_NOT_RECRUITING,420,Summit Therapeutics,Summit Therapeutics,5,1,0,active_comparator,2,placebo injection,ak112 injection,PD-L1,Monoclonal Antibody,EGFR,1,1,1,0,0,0,0,0,0,0,1,EGFRm,metastatic · squamous · measurable (RECIST)
NCT06400160,Clinical Trial of TB511 in Advanced Solid Tumors,PHASE1;PHASE2,Phase 2,NOT_YET_RECRUITING,12,"Twinpig Biolab, Inc.",Twinpig Biolab,1,1,0,multi_experimental,2,tb511,tb511,CD18,Peptide,MSI;MSI-H;PD-L1;biomarker,0,1,0,0,0,0,0,1,0,1,1,PD-L1+,metastatic · 2nd-line+ · small-cell · measurable (RECIST) · ECOG 0
NCT06400472,A Study of Sofe-M in Participants With Selected Advanced Solid Tumors,PHASE1,Phase 1,RECRUITING,575,Eli Lilly and Company,Eli Lilly,535,1,1,multi_experimental,11,sofe-m,bevacizumab;carboplatin;itraconazole;pembrolizumab;sofe-m,VEGF/VEGFR,Monoclonal Antibody,,1,1,0,0,0,0,0,0,0,0,0,,metastatic · small-cell
NCT06401824,Sacituzumab Govitecan and Bevacizumab for NSCLC Brain Metastases,PHASE2,Phase 2,RECRUITING,25,Maastricht University Medical Center,Maastricht University Medical Center,6,0,1,single_arm,1,sacituzumab govitecan-hziy,sacituzumab govitecan-hziy,TROP2,ADC,MET;PD-L1;TROP2,1,1,0,0,0,0,0,0,0,0,0,,metastatic · squamous
NCT06403735,A Phase I Clinical Study of QLC1101 in Patients With Advanced Solid Tumors,PHASE1,Phase 1,RECRUITING,250,"Qilu Pharmaceutical Co., Ltd.",Qilu Pharmaceutical,108,1,0,single_arm,1,qlc1101,qlc1101,KRAS,Small Molecule,KRAS,0,1,0,0,0,0,0,0,0,1,0,,metastatic · 2nd-line+ · measurable (RECIST) · ECOG 0
NCT06416410,JAB-21822 Combined With JAB-3312 Compared SOC in the First Line for Treatment of Advanced Non-small Cell Lung Cancer With KRAS p.G12C Mutation,PHASE3,Phase 3,RECRUITING,392,"Allist Pharmaceuticals, Inc.",Allist Pharmaceuticals,19,1,0,active_comparator,2,carboplatin;pemetrexed;tislelizumab,jab-21822;jab-3312,KRAS,Small Molecule,KRAS,0,1,0,0,0,0,0,0,0,0,0,,metastatic · squamous · measurable (RECIST) · ECOG 1
NCT06416852,Clinical Study of 18F-Alfatide Injection PET/CT,PHASE3,Phase 3,NOT_YET_RECRUITING,428,Yantai LNC Biotechnology Singapore PTE. LTD.,Yantai LNC Biotechnology Singapore PTE.,5,1,0,single_arm,1,18f-alfatide injection;18f-fdg injection,18f-alfatide injection;18f-fdg injection,,Radiopharmaceutical,,0,1,0,0,0,0,0,0,0,0,0,,metastatic · squamous
NCT06417008,A Study of HS-20117 Combined With Aumolertinib in Participants With Advanced Non-Squamous Non-Small Cell Lung Cancer,PHASE2;PHASE3,Phase 3,RECRUITING,1080,Hansoh BioMedical R&D Company,Hansoh,82,1,0,active_comparator,3,aumolertinib,aumolertinib;hs-20117,EGFR,,MET,0,1,1,0,0,0,0,0,1,0,1,EGFRm,metastatic · 1st-line · measurable (RECIST)
NCT06417814,A Study to Investigate the Efficacy and Safety of Dato-DXd With or Without Osimertinib Compared With Platinum Based Doublet Chemotherapy in Participants With EGFR-Mutated Locally Advanced or Metastatic Non-Small Cell Lung Cancer,PHASE3,Phase 3,RECRUITING,744,AstraZeneca,AstraZeneca,780,1,1,multi_experimental,3,,carboplatin;cisplatin;dato-dxd;osimertinib;pemetrexed,TROP1,ADC,EGFR;TROP1,1,1,1,0,0,0,0,0,0,0,1,EGFRm,metastatic · squamous · measurable (RECIST)
NCT06419179,"Maintenance Durvalumab (MEDI4736) and Olaparib (AZD2281) After Standard 1st Line Treatment (Carboplatin/Cisplatin, Etoposide, Durvalumab) in HRD Positive Extensive Disease (ED) Small-cell Lung Cancer (SCLC)",PHASE2,Phase 2,ENROLLING_BY_INVITATION,29,University of Cologne,University of Cologne,14,0,1,single_arm,1,durvalumab;olaparib,durvalumab;olaparib,PD-L1,Monoclonal Antibody,EGFR,1,1,0,0,0,0,0,0,1,0,0,,metastatic · 1st-line · small-cell · measurable (RECIST)
NCT06422143,Pembrolizumab With or Without Maintenance Sacituzumab Tirumotecan (Sac-TMT; MK-2870) in Metastatic Squamous Non-small Cell Lung Cancer (NSCLC) [MK-2870-023],PHASE3,Phase 3,RECRUITING,851,Merck Sharp & Dohme LLC,Merck (MSD),649,1,1,active_comparator,2,carboplatin;nab-paclitaxel;paclitaxel;pembrolizumab,carboplatin;nab-paclitaxel;paclitaxel;pembrolizumab;sac-tmt,PD-1,Monoclonal Antibody,PD-L1;TROP2,1,1,0,0,0,0,0,1,0,0,1,PD-L1+,metastatic · squamous · measurable (RECIST) · ECOG 0
NCT06424665,A Study of FZ-AD005 in Patients With Advanced Solid Tumors,PHASE1,Phase 1,RECRUITING,162,"Shanghai Fudan-Zhangjiang Bio-Pharmaceutical Co., Ltd.",Shanghai Fudan-Zhangjiang Bio-Pharmaceutical,13,1,0,single_arm,1,fz-ad005,fz-ad005,,Cell Therapy,,1,1,0,0,0,0,0,0,0,0,0,,metastatic · measurable (RECIST)
NCT06427941,"A Phase 1/2 Study of BGB-B2033, Alone or in Combination With Tislelizumab With or Without Bevacizumab, in Participants With Advanced or Metastatic Solid Tumors",PHASE1;PHASE2,Phase 2,RECRUITING,630,BeOne Medicines,BeiGene/BeOne,149,1,0,multi_experimental,7,bgb-b2033,bevacizumab;bgb-b2033;tislelizumab,4-1BB/GPC3,Bispecific Antibody,GPC3,1,1,0,0,0,0,0,0,0,1,0,,metastatic · 2nd-line+ · squamous · measurable (RECIST)
NCT06430437,A Study of SHR-A1811 in First-line Treatment of Patients With Advanced or Metastatic Non-small Cell Lung Cancer With HER2 Mutations,PHASE3,Phase 3,RECRUITING,300,"Jiangsu HengRui Medicine Co., Ltd.",Hengrui,312,1,0,active_comparator,2,pd-1/pd-l1 inhibitors、pemetrexed/ paclitaxel、carboplatin/ cisplatin,shr-a1811,HER2,ADC,HER2,1,1,0,0,0,0,0,0,0,0,0,,metastatic · small-cell · measurable (RECIST) · ECOG 0
NCT06430866,Pharmacokinetic Similarity Between ABP 234 and Keytruda® (Pembrolizumab),PHASE3,Phase 3,ACTIVE_NOT_RECRUITING,163,Amgen,Amgen,323,1,1,active_comparator,2,pembrolizumab,abp 234,PD-1,Monoclonal Antibody,ALK;PD-L1;biomarker,1,1,0,1,0,0,0,1,0,0,1,"ALK+, PD-L1+",adjuvant · squamous
NCT06437509,A Study of BL-B01D1+PD-1 Monoclonal Antibody in Patients With Extensive-stage Small Cell Lung Cancer,PHASE2,Phase 2,RECRUITING,66,"Sichuan Baili Pharmaceutical Co., Ltd.",Sichuan Baili Pharmaceutical,127,1,0,single_arm,1,bl-b01d1;pd-1 monoclonal antibody,bl-b01d1;pd-1 monoclonal antibody,PD-1,ADC,,1,1,0,0,0,0,0,0,0,0,0,,metastatic · small-cell · measurable (RECIST) · ECOG 0-1
NCT06444815,A Study of VET3-TGI in Patients With Solid Tumors,PHASE1,Phase 1,RECRUITING,60,KaliVir Immunotherapeutics,KaliVir Immunotherapeutics,1,1,0,multi_experimental,4,vet3-tgi,atezolizumab;vet3-tgi,TGF-β,Oncolytic Virus,,1,1,0,0,0,0,0,1,0,0,1,PD-L1+,metastatic · squamous · measurable (RECIST)
NCT06447662,A Study to Learn About the Study Medicine PF-07934040 When Given Alone or With Other Anti-cancer Therapies in People With Advanced Solid Tumors That Have a Genetic Mutation.,PHASE1,Phase 1,ACTIVE_NOT_RECRUITING,64,Pfizer,Pfizer,687,1,1,multi_experimental,11,pf-07934040,bevacizumab;carboplatin;cetuximab;cisplatin;fluorouracil;gemcitabine;leucovorin;nab-paclitaxel;oxaliplatin;paclitaxel;pembrolizumab;pemetrexed;pf-07934040;sasanlimab,KRAS,Small Molecule,ALK;KRAS;ROS1;genomic,0,1,0,1,1,0,0,1,0,1,1,"ALK+, ROS1+, PD-L1+",metastatic · 2nd-line+ · adenoca. · measurable (RECIST) · ECOG 0
NCT06448312,A Study of SKB264 in Combination With Pembrolizumab Versus Pembrolizumab in Patients With Locally Advanced or Metastatic Non-Small Cell Lung Cancer,PHASE3,Phase 3,ACTIVE_NOT_RECRUITING,406,"Sichuan Kelun-Biotech Biopharmaceutical Co., Ltd.",Kelun,50,1,0,active_comparator,2,pembrolizumab,pembrolizumab;skb264,TROP2,ADC,HER2;PD-L1;TROP2,1,1,0,0,0,0,0,1,0,0,1,PD-L1+,metastatic · measurable (RECIST)
NCT06448572,EXL01 in Combination With Nivolumab for Advanced NSCLC Refractory to Immunotherapy.,PHASE1;PHASE2,Phase 2,RECRUITING,21,"University Hospital, Lille","University Hospital, Lille",15,0,0,single_arm,1,exl01,exl01,PD-1,,ALK;BRAF;HER2;KRAS;MET;RET;ROS1,0,1,0,0,1,0,1,0,0,0,1,"ROS1+, MET+",metastatic · small-cell · measurable (RECIST)
NCT06448754,Volrustomig Priming Regimens Exploratory Phase II Platform Study,PHASE2,Phase 2,ACTIVE_NOT_RECRUITING,194,AstraZeneca,AstraZeneca,780,1,1,multi_experimental,3,carboplatin;pemetrexed;volrustomig,carboplatin;paclitaxel;pemetrexed;ramucirumab;volrustomig,VEGF/VEGFR,Monoclonal Antibody,BRAF;KRAS;MSI-H;genomic,1,1,0,0,0,0,0,0,0,0,0,,metastatic · small-cell
NCT06449209,"Safety, Preliminary Effectiveness of BNT327, an Investigational Therapy for Patients With Small-cell Lung Cancer in Combination With Chemotherapy",PHASE2,Phase 2,ACTIVE_NOT_RECRUITING,110,BioNTech SE,BioNTech,45,1,0,multi_experimental,6,,bnt327 dose level 1 (dl1);bnt327 dose level 2 (dl2);carboplatin;etoposide;paclitaxel;topotecan,HER2,mRNA,HER2,0,1,0,0,0,0,0,0,1,1,0,,metastatic · 1st-line · squamous · measurable (RECIST)
NCT06449313,Neoadjuvant Chemo-Immunotherapy and Surgical Resection in Locally Advanced Non-small Cell Lung Cancer With N3 Lymph Node or Other High Risk Features,PHASE2,Phase 2,RECRUITING,21,Georgetown University,Georgetown University,55,0,1,single_arm,1,cemiplimab-rwlc,cemiplimab-rwlc,PD-1,Monoclonal Antibody,ALK;MET;PD-L1,1,1,0,0,0,0,0,1,0,0,1,PD-L1+,metastatic · squamous
NCT06451497,"This is a Phase 1 Trial of ZM008, an Anti-LLT1 Antibody, Used as Single Agent Followed by Combination Treatment With Toripalimab in Patients With Advanced Solid Tumors",PHASE1,Phase 1,RECRUITING,100,Zumutor Biologics Inc.,Zumutor Biologics,1,1,0,single_arm,1,zm008,zm008,LLT1,Monoclonal Antibody,,1,1,0,0,0,0,0,0,0,1,0,,metastatic · 2nd-line+ · adenoca. · measurable (RECIST)
NCT06452277,"A Study to Learn More About How Well Sevabertinib Works and How Safe it is Compared With Standard Treatment, in Participants Who Have Advanced Non-small Cell Lung Cancer (NSCLC) With Mutations of the Human Epidermal Growth Factor Receptor 2 (HER2)",PHASE3,Phase 3,RECRUITING,444,Bayer,Bayer,283,1,1,active_comparator,2,carboplatin;cisplatin;pembrolizumab;pemetrexed,sevabertinib,HER2,Small Molecule,HER2,0,1,0,0,0,0,0,0,0,0,0,,metastatic · squamous
NCT06456138,Trametinib Plus Anlotinib Combined With Tislelizumab in KRAS-mutant NSCLC,PHASE1;PHASE2,Phase 2,NOT_YET_RECRUITING,60,Shanghai Chest Hospital,Shanghai Chest Hospital,12,0,1,single_arm,1,anlotinib;tislelizumab;trametinib,anlotinib;tislelizumab;trametinib,MEK,Small Molecule,BRAF;KRAS;MET;PR,0,1,0,0,0,0,0,0,1,0,0,,metastatic · 1st-line · small-cell · measurable (RECIST) · ECOG 0
NCT06461156,A Study of HS-10504 in Patients With Advanced or Metastatic Non-Small-Cell Lung Cancer(NSCLC),PHASE1,Phase 1,RECRUITING,230,"Jiangsu Hansoh Pharmaceutical Co., Ltd.",Hansoh,82,1,0,single_arm,1,hs-10504,hs-10504,EGFR,Small Molecule,EGFR,0,1,0,0,0,0,0,0,0,0,0,,metastatic · measurable (RECIST) · ECOG 0-1
NCT06463665,Efficacy & Safety of Olvimulogene Nanivacirepvec & Platinum-doublet + Physician's Choice of Immune Checkpoint Inhibitor Compared to Docetaxel in NSCL Cancer,PHASE2,Phase 2,RECRUITING,142,Genelux Corporation,Genelux,6,1,0,active_comparator,4,docetaxel,atezolizumab;cemiplimab;durvalumab;nivolumab;non-platinum chemotherapy: paclitaxel or nab-paclitaxel for squamous cell nsclc or pemetrexed for nonsquamous cell nsclc;olvimulogene nanivacirepvec;physician's choice of immune checkpoint inhibitor: pembrolizumab;platinum chemotherapy: carboplatin or cisplatin,PD-1,Monoclonal Antibody,PD-L1,1,1,0,0,0,0,0,1,0,0,1,PD-L1+,metastatic · squamous · measurable (RECIST)
NCT06465069,A Study of LY4052031 in Participants With Advanced or Metastatic Urothelial Cancer or Other Solid Tumors,PHASE1,Phase 1,RECRUITING,420,Eli Lilly and Company,Eli Lilly,535,1,1,multi_experimental,3,ly4052031,ly4052031,NECTIN4,ADC,NECTIN-4,1,1,0,0,0,0,0,0,0,0,0,,metastatic · squamous · measurable (RECIST)
NCT06465329,A Study of Cemiplimab Plus Chemotherapy Versus Cemiplimab Plus Chemotherapy Plus Other Cancer Treatments for Adult Patients With Operable Non-Small Cell Lung Cancer (NSCLC),PHASE2,Phase 2,ACTIVE_NOT_RECRUITING,120,Regeneron Pharmaceuticals,Regeneron,95,1,1,active_comparator,2,cemiplimab;platinum-based,cemiplimab;platinum-based;regn7075,PD-1,Monoclonal Antibody,ALK,1,1,0,1,0,0,0,0,0,0,1,ALK+,resectable · measurable (RECIST) · ECOG 0-1
NCT06469879,A Clinical Study of TQB2450 Combined With Anlotinib in Limited-Stage Small Cell Lung Cancer Patients,PHASE3,Phase 3,NOT_YET_RECRUITING,358,"Chia Tai Tianqing Pharmaceutical Group Co., Ltd.",Chia Tai Tianqing Pharmaceutical,213,1,0,placebo_comparator,2,tqb2450 placebo + anlotinib placebo,tqb2450+anlotinib,PD-L1,Small Molecule,PD-L1,0,1,0,0,0,0,0,1,0,0,1,PD-L1+,metastatic · small-cell · measurable (RECIST)
NCT06472076,A Study of Belrestotug Plus Dostarlimab Compared With Placebo Plus Pembrolizumab in Previously Untreated Participants With Programmed Death Ligand 1 (PD-L1) High Non-small-cell Lung Cancer (NSCLC),PHASE3,Phase 3,ACTIVE_NOT_RECRUITING,88,GlaxoSmithKline,GSK,468,1,1,active_comparator,2,pembrolizumab,belrestotug;dostarlimab,PD-1,Monoclonal Antibody,ALK;MSI-H;PD-L1;dMMR;genomic,1,1,0,1,0,0,0,1,1,0,1,"ALK+, PD-L1+",metastatic · 1st-line · measurable (RECIST)
NCT06472245,Trial of Therapeutic Cancer Vaccine OSE2101 in Patients With Non-Small Cell Lung Cancer and Secondary Resistance to Immune Checkpoint Inhibitor,PHASE3,Phase 3,RECRUITING,363,OSE Immunotherapeutics,OSE Immunotherapeutics,4,1,0,active_comparator,3,device: ngs hlaa2 assay;docetaxel,device: ngs hlaa2 assay;ose2101,,Vaccine,ALK;BRAF;KRAS;ROS1,1,1,0,0,1,1,0,0,0,0,1,"ROS1+, KRAS G12C",metastatic · squamous
NCT06473961,A Phase Ib Study of GC101 in NSCLC,PHASE1,Phase 1,RECRUITING,20,Shanghai Juncell Therapeutics,Shanghai Juncell Therapeutics,19,1,0,single_arm,1,autologous tumor infiltrating lymphocytes,autologous tumor infiltrating lymphocytes,,Cell Therapy,,1,1,0,0,0,0,0,0,0,0,0,,metastatic · small-cell · measurable (RECIST)
NCT06475209,Adebrelimab + Apatinib in SCLC Maintenance Therapy,PHASE2,Phase 2,RECRUITING,60,Tang-Du Hospital,Tang-Du Hospital,5,0,0,single_arm,1,adebrelimab combined with apatinib,adebrelimab combined with apatinib,PD-1,Monoclonal Antibody,PD-L1,1,1,0,0,0,0,0,0,0,0,0,,metastatic · small-cell · measurable (RECIST)
NCT06475300,"A Study of BL-B01D1+PD-1 Monoclonal Antibody in Patients With Locally Advanced or Metastatic Non-small Cell Lung Cancer, Nasopharyngeal Carcinoma and Other Solid Tumors",PHASE2,Phase 2,RECRUITING,570,"Sichuan Baili Pharmaceutical Co., Ltd.",Sichuan Baili Pharmaceutical,127,1,0,single_arm,1,bl-b01d1;pd-1 monoclonal antibody;pemetrexed disodium,bl-b01d1;pd-1 monoclonal antibody;pemetrexed disodium,PD-1,ADC,ALK,1,1,1,1,0,0,0,0,0,0,1,"EGFRm, ALK+",metastatic · small-cell · measurable (RECIST) · ECOG 0
NCT06475937,A Study of DM001 in Patients With Advanced Solid Tumors,PHASE1,Phase 1,ACTIVE_NOT_RECRUITING,128,"Xadcera Biopharmaceutical (Suzhou) Co., Ltd.",Xadcera Biopharmaceutical (Suzhou),2,1,0,single_arm,1,dm001,dm001,TROP2,Cell Therapy,,1,1,1,0,0,0,0,0,0,0,1,EGFRm,metastatic · measurable (RECIST)
NCT06476808,"A Study to Evaluate the Safety, Tolerability, and Efficacy of Escalating Doses of BMS-986463 in Participants With Select Advanced Malignant Tumors.",PHASE1,Phase 1,RECRUITING,240,Bristol-Myers Squibb,Bristol Myers Squibb,764,1,1,multi_experimental,2,bms-986463,bms-986463,PD-1,Monoclonal Antibody,PD-L1,1,1,0,0,0,0,0,0,0,0,0,,metastatic
NCT06484816,TGRX-1942 Chinese Phase I for Advanced Solid Tumor And/or Relapsed/Refractory Hematologic Malignancies,PHASE1,Phase 1,RECRUITING,90,"Shenzhen TargetRx Co., Ltd.",Shenzhen TargetRx,14,1,0,single_arm,1,tgrx-1942,tgrx-1942,,,,0,1,0,0,0,0,0,0,0,1,0,,metastatic · 2nd-line+
NCT06492954,Atezolizumab in Combination With Stereotactic Body Radiation Therapy (SBRT) and Surgery for Relapsed Osteosarcoma,PHASE1,Phase 1,RECRUITING,12,Emory University,Emory University,116,0,1,single_arm,1,atezolizumab;stereotactic body radiation therapy (sbrt);surgical resection,atezolizumab;stereotactic body radiation therapy (sbrt);surgical resection,PD-L1,Monoclonal Antibody,CMMRD;MSI-H;TMB,1,1,0,0,0,0,0,0,0,0,0,,metastatic
NCT06496048,Lurbinectedin or in Combination with Irinotecan Versus Topotecan in Patients with Relapsed SCLC,PHASE3,Phase 3,RECRUITING,180,Luye Pharma Group Ltd.,Luye Pharma,17,1,0,active_comparator,3,topotecan,irinotecan;lurbinectedin,RNA Pol II,Small Molecule,EZH2;PD-L1;SLFN11,0,1,0,0,0,0,0,1,1,0,1,PD-L1+,metastatic · 1st-line · squamous · measurable (RECIST) · ECOG 2
NCT06496490,A Clinical Trial of TQB2102 for Injection in Non-small Cell Lung Cancer With HER2 Gene Abnormality,PHASE2,Phase 2,RECRUITING,270,"Chia Tai Tianqing Pharmaceutical Group Nanjing Shunxin Pharmaceutical Co., Ltd.",Chia Tai Tianqing Pharmaceutical Group Nanjing Shunxin Pharmaceutical,36,1,0,multi_experimental,2,,tqb2102 for injection;tqb2102 for injection combined with benmelstobart injection,HER2,Monoclonal Antibody,HER2,1,1,0,0,0,0,0,0,0,0,0,,metastatic · small-cell · ECOG 0-1
NCT06497556,A Study Evaluating the Efficacy and Safety of Divarasib Versus Sotorasib or Adagrasib in Participants With Previously Treated KRAS G12C-positive Advanced or Metastatic Non-Small Cell Lung Cancer,PHASE3,Phase 3,ACTIVE_NOT_RECRUITING,338,Hoffmann-La Roche,Roche/Genentech,922,1,1,active_comparator,2,adagrasib;sotorasib,divarasib,KRAS,Small Molecule,KRAS,0,1,0,0,0,1,0,0,0,0,1,KRAS G12C,metastatic · small-cell · measurable (RECIST)
NCT06498479,ARTEMIS-008：HS-20093 Compared With Topotecan in Subjects With Relapsed Small Cell Lung Cancer,PHASE3,Phase 3,RECRUITING,460,Hansoh BioMedical R&D Company,Hansoh,82,1,0,active_comparator,2,topotecan,hs-20093,B7-H3,ADC,PD-L1,1,1,0,0,0,0,0,0,1,0,0,,metastatic · 1st-line · measurable (RECIST)
NCT06498986,A Study of BL-B01D1 in Combination With Osimertinib Mesylate Tablets in Patients With Locally Advanced or Metastatic Non-small Cell Lung Cancer,PHASE2,Phase 2,RECRUITING,40,"Sichuan Baili Pharmaceutical Co., Ltd.",Sichuan Baili Pharmaceutical,127,1,0,single_arm,1,bl-b01d1;osimertinib mesylate tablets,bl-b01d1;osimertinib mesylate tablets,EGFR,ADC,biomarker,1,1,1,0,0,0,0,0,0,0,1,EGFRm,metastatic · small-cell · measurable (RECIST) · ECOG 1
NCT06500026,A Study Comparing BL-B01D1 With Topotecan in Patients With Recurrent Small Cell Lung Cancer(PANKU-Lung03),PHASE3,Phase 3,ACTIVE_NOT_RECRUITING,722,"Sichuan Baili Pharmaceutical Co., Ltd.",Sichuan Baili Pharmaceutical,127,1,0,multi_experimental,2,,bl-b01d1;topotecan,PD-1,ADC,PD-L1,1,1,0,0,0,0,0,1,0,0,1,PD-L1+,metastatic · small-cell · measurable (RECIST) · ECOG 0
NCT06502977,Study Evaluating Tarlatamab in Chinese Participants With Advanced Small Cell Lung Cancer After Two or More Prior Lines of Treatment,PHASE2,Phase 2,ACTIVE_NOT_RECRUITING,32,Amgen,Amgen,323,1,1,single_arm,1,tarlatamab,tarlatamab,DLL3,Bispecific Antibody,DLL3,1,1,0,0,0,0,0,0,0,0,0,,metastatic · small-cell · measurable (RECIST)
NCT06505824,"A Study of BL-M14D1 in Patients With Locally Advanced or Metastatic Small Cell Lung Cancer, Neuroendocrine Tumors and Other Solid Tumors",PHASE1,Phase 1,RECRUITING,22,"Sichuan Baili Pharmaceutical Co., Ltd.",Sichuan Baili Pharmaceutical,127,1,0,single_arm,1,bl-m14d1,bl-m14d1,DLL3,ADC,,1,1,0,0,0,0,0,0,0,0,0,,metastatic · measurable (RECIST) · ECOG 0
NCT06512051,A Trial of SHR-A2102 With Adebrelimab With or Without Other Antitumor Therapy in Advanced or Metastatic Non-small Cell Lung Cancer,PHASE1;PHASE2,Phase 2,RECRUITING,248,"Shanghai Hengrui Pharmaceutical Co., Ltd.",Hengrui,312,1,0,multi_experimental,2,adebrelimab injection;shr-a2102 for injection,adebrelimab injection;bevacizumab injection;carboplatin injection;cisplatin injection;shr-a2102 for injection,TROP-1,ADC,TROP-1,1,1,0,0,0,0,0,0,0,0,0,,metastatic · squamous · measurable (RECIST) · ECOG 0
NCT06514027,Study of BEBT-109 in Subjects With Non-Small Cell Lung Cancer Carrying EGFR Exon 20 Insertion Mutations,PHASE2,Phase 2,RECRUITING,30,BeBetter Med Inc,BeBetter Med,13,1,0,multi_experimental,4,bebt-109 capsules,bebt-109 capsules;carboplatin injection;cisplatin injection;pemetrexed disodium for injection,EGFR,Small Molecule,EGFR;HER2,0,1,1,0,0,0,0,0,0,1,1,EGFRm,metastatic · 2nd-line+ · squamous · measurable (RECIST)
NCT06515990,A Study of DM005 in Patients With Advanced Solid Tumors,PHASE1;PHASE2,Phase 2,RECRUITING,208,"Doma Biopharmaceutical（Suzhou）Co., Ltd.",Doma Biopharmaceutical（Suzhou）,1,1,0,multi_experimental,9,dm005,dm005,EGFR,ADC,,1,1,0,0,0,0,0,0,0,0,0,,metastatic · squamous · measurable (RECIST) · ECOG 0
NCT06525350,A Study to Evaluate the Efficacy and Safety of the Combination of Glumetinib and Docetaxel（Albumin Bound）Verse Docetaxel for the Treatment of MET-overexpressed Non-small Cell Lung Cancer,PHASE2,Phase 2,NOT_YET_RECRUITING,256,"CSPC ZhongQi Pharmaceutical Technology Co., Ltd.",CSPC ZhongQi Pharmaceutical Technology,92,1,0,active_comparator,3,docetaxel,albumin-bound）;glumetinib tablets;hb1801 (docetaxel,MET,Small Molecule,ALK;BRAF;EGFR;HER2;KRAS;MET;NTRK;PD-L1;RET;ROS1,0,1,1,1,1,0,0,1,0,0,1,"EGFRm, ALK+, ROS1+, PD-L1+",metastatic · squamous · measurable (RECIST)
NCT06526624,A Study of HS-20093 vs Active Surveillance in Limited-Stage Small Cell Lung Cancer,PHASE3,Phase 3,NOT_YET_RECRUITING,406,Hansoh BioMedical R&D Company,Hansoh,82,1,0,multi_experimental,2,hs-20093,hs-20093,B7-H3,ADC,PD-L1,1,1,0,0,0,0,0,0,0,0,0,,
NCT06529822,Personalized Cancer Vaccine (PCV) Strategy in Patients With Solid Tumors and Molecular Residual Disease,PHASE1,Phase 1,RECRUITING,64,Washington University School of Medicine,Washington University School of Medicine,178,0,0,multi_experimental,4,device: signatera assay;poly iclc;synthetic long peptide personalized cancer vaccine,device: signatera assay;poly iclc;synthetic long peptide personalized cancer vaccine,,Vaccine,ALK;RET;ROS1,1,1,1,0,1,0,0,0,0,0,1,"EGFRm, ROS1+",metastatic · adenoca.
NCT06542731,"An Open-label, Uncontrolled Study of ONO-4578 and ONO-4538 in Combination With Standard-of-care Docetaxel and Ramucirumab as Second-line Therapy in Patients With Advanced or Recurrent Non-small Cell Lung Cancer",PHASE1,Phase 1,ACTIVE_NOT_RECRUITING,42,"Ono Pharmaceutical Co., Ltd.",Ono Pharmaceutical,44,1,0,single_arm,1,docetaxel;ono-4538;ono-4578;ramucirumab,docetaxel;ono-4538;ono-4578;ramucirumab,PD-1,Monoclonal Antibody,PD-L1,1,1,0,0,0,0,0,0,0,0,0,,recurrent · small-cell
NCT06545331,Study of XB010 in Subjects With Solid Tumors,PHASE1,Phase 1,RECRUITING,396,Exelixis,Exelixis,52,1,0,multi_experimental,3,xb010,pembrolizumab;xb010,PD-1,,,0,1,0,0,0,0,0,0,0,0,0,,metastatic · squamous
NCT06561386,A Study to Compare the Efficacy of Nivolumab and Relatlimab Plus Chemotherapy vs Pembrolizumab Plus Chemotherapy for Stage IV/Recurrent Non-squamous Non-small Cell Lung Cancer With PD-L1 Expression ≥ 1%,PHASE3,Phase 3,RECRUITING,1000,Bristol-Myers Squibb,Bristol Myers Squibb,764,1,1,active_comparator,2,carboplatin;cisplatin;pembrolizumab;pemetrexed,carboplatin;cisplatin;nivolumab;pemetrexed;relatlimab,PD-1,Monoclonal Antibody,ALK;BRAF;CD30;CDX;NTRK;PD-L1;RET,1,1,0,1,0,0,0,1,0,0,1,"ALK+, PD-L1+",metastatic · squamous · measurable (RECIST)
NCT06561685,A Study of LY4050784 in Participants With Advanced or Metastatic Solid Tumors,PHASE1,Phase 1,RECRUITING,340,Eli Lilly and Company,Eli Lilly,535,1,1,multi_experimental,6,ly4050784,carboplatin;cisplatin;ly4050784;nab-paclitaxel;paclitaxel;pembrolizumab;pemetrexed,SMARCA2,Small Molecule,BRG1;SMARCA4,0,1,0,0,0,0,0,0,1,0,0,,metastatic · 1st-line · small-cell · measurable (RECIST)
NCT06562192,"Phase I Study of [177Lu]Lu-NNS309 in Patients With Pancreatic, Lung, Breast and Colorectal Cancers",PHASE1,Phase 1,RECRUITING,162,Novartis Pharmaceuticals,Novartis,836,1,1,single_arm,1,[177lu]lu-nns309;[68ga]ga-nns309,[177lu]lu-nns309;[68ga]ga-nns309,FAP,Radiopharmaceutical,HER2;MMR;MSI;MSI-H;[68Ga]Ga-NNS309 uptake;dMMR;genomic,0,1,0,0,0,0,0,0,0,0,0,,metastatic · ductal
NCT06564324,A Phase III Study Comparing Taletrectinib With Standard Therapy in ROS1 Positive Locally Advanced or Metastatic Non-small Cell Lung Cancer Patients,PHASE3,Phase 3,RECRUITING,194,Nuvation Bio Inc.,Nuvation,16,1,0,active_comparator,2,crizotinib,taletrectinib,ROS1,Small Molecule,MET;ROS1,0,1,0,0,1,0,0,0,0,0,1,ROS1+,metastatic · measurable (RECIST)
NCT06564844,"A Phase III, Randomised Study of Adjuvant Dato-DXd in Combination With Rilvegostomig or Rilvegostomig Monotherapy Versus Standard of Care, Following Complete Tumour Resection, in Participants With Stage I Adenocarcinoma NSCLC Who Are ctDNA-positive or Have High-risk Pathological Features",PHASE3,Phase 3,ACTIVE_NOT_RECRUITING,25,AstraZeneca,AstraZeneca,780,1,1,active_comparator,3,carboplatin;cisplatin;etoposide;pemetrexed;uft;vinorelbine,datopotamab deruxtecan;rilvegostomig,TROP2,ADC,ALK;EGFR;ctDNA;high-risk pathological features,1,1,1,0,0,0,0,0,1,0,1,EGFRm,1st-line · adenoca. · ECOG 0
NCT06567015,Study of FIH of STX-241 in Locally Advanced or Metastatic NSCLC Resistant to EGFR TKIs,PHASE1;PHASE2,Phase 2,RECRUITING,171,Pierre Fabre Medicament,Pierre Fabre Medicament,27,1,0,single_arm,1,stx-241,stx-241,EGFR,Small Molecule,ALK;BRAF;EGFR;EGFR TKI resistance;HER2;MET;NTRK;ROS1,0,1,1,0,1,0,0,0,0,1,1,"EGFRm, ROS1+",metastatic · 2nd-line+ · squamous · measurable (RECIST)
NCT06568939,A Study to Assess Adverse Events and How Intravenously (IV) Infused Telisotuzumab Vedotin (ABBV-399) Moves Through the Body as a Monotherapy in Adult Participants With Previously Treated Non-Squamous Non-Small Cell Lung Cancer (NSCLC),PHASE2,Phase 2,RECRUITING,150,AbbVie,AbbVie,274,1,1,multi_experimental,3,telisotuzumab vedotin,telisotuzumab vedotin,MET,ADC,MET,1,1,1,0,0,0,0,0,0,0,1,EGFRm,metastatic · squamous · measurable (RECIST)
NCT06569420,Study Of Comparing SAF-189s With Crizotinib In First Line ALK-Positive Advanced and Metastatic NSCLC,PHASE3,Phase 3,ACTIVE_NOT_RECRUITING,275,Shanghai Fosun Pharmaceutical Industrial Development Co. Ltd.,Shanghai Fosun Pharmaceutical Industrial Development,14,1,0,active_comparator,2,drug: crizotinib,drug: foritinib succinate,ALK,Small Molecule,ALK,0,1,0,1,0,0,0,0,0,0,1,ALK+,metastatic · measurable (RECIST) · ECOG 0
NCT06574347,Vebreltinib Plus PLB1004 as the First-line Therapy for Patients With EGFRm+/MET+ Locally Advanced or Metastatic NSCLC.,PHASE2,Phase 2,RECRUITING,120,"Avistone Biotechnology Co., Ltd.",Avistone Biotechnology,12,1,0,active_comparator,2,osimertinib,plb1004;vebreltinib,MET,Small Molecule,ALK;EGFR;MET;ROS1,0,1,1,0,1,0,0,0,1,0,1,"EGFRm, ROS1+",metastatic · 1st-line · measurable (RECIST)
NCT06577987,Safety/Efficacy Study of CID-078 in Patients With Advanced Solid Tumor Malignancies,PHASE1,Phase 1,ACTIVE_NOT_RECRUITING,220,Circle Pharma,Circle Pharma,1,1,0,single_arm,1,cid-078 monotherapy,cid-078 monotherapy,CDK2,Small Molecule,genomic,0,1,0,0,0,0,0,0,0,1,0,,metastatic · 2nd-line+ · squamous · measurable (RECIST)
NCT06581380,JK-1201I Compared with Topotecan in Patients with Relapsed Extensive Stage Small Cell Lung Cancer,PHASE3,Phase 3,NOT_YET_RECRUITING,394,"JenKem Technology Co., Ltd.",JenKem Technology,5,1,0,active_comparator,2,topotecan,jk-1201i,,,,0,1,0,0,0,0,0,0,1,0,0,,metastatic · 1st-line · measurable (RECIST) · ECOG 1
NCT06581419,A Clinical Trial to Evaluate Effect of IAP0971 in Patients With Advanced Malignant Tumors,PHASE1;PHASE2,Phase 2,RECRUITING,78,"SUNHO（China）BioPharmaceutical CO., Ltd.",SUNHO（China）BioPharmaceutical,14,1,0,multi_experimental,2,iap0971,iap0971,PD-L1,,ALK;PD-L1,0,1,0,1,0,0,0,1,0,0,1,"ALK+, PD-L1+",metastatic · squamous · measurable (RECIST)
NCT06582017,"Safety, PK and Efficacy of QXL138AM in Patients With Solid Tumors and Multiple Myeloma",PHASE1,Phase 1,RECRUITING,100,Nammi Therapeutics Inc,Nammi Therapeutics,1,1,0,multi_experimental,4,qxl138am injection every 2 weeks by iv infusion,qxl138am injection every 2 weeks by iv infusion,,Recombinant Protein,,0,1,0,0,0,0,0,0,0,0,0,,metastatic · measurable (RECIST)
NCT06585059,Clinical Trial of TQB2928 in Combination With a Third-Generation Epidermal Growth Factor Receptor (EGFR) Tyrosine Kinase Inhibitor (TKI) in Patients With Advanced Non-Small Cell Lung Cancers,PHASE1,Phase 1,NOT_YET_RECRUITING,20,"Chia Tai Tianqing Pharmaceutical Group Nanjing Shunxin Pharmaceutical Co., Ltd.",Chia Tai Tianqing Pharmaceutical Group Nanjing Shunxin Pharmaceutical,36,1,0,single_arm,1,tqb2928 injection + almonertinib mesilate tablets,tqb2928 injection + almonertinib mesilate tablets,EGFR,Small Molecule,EGFR,0,1,0,0,0,0,0,0,0,0,0,,metastatic · ECOG 0-1
NCT06586515,"MOONRAY-01, A Study of LY3962673 in Participants With KRAS G12D-Mutant Solid Tumors",PHASE1,Phase 1,RECRUITING,630,Eli Lilly and Company,Eli Lilly,535,1,1,multi_experimental,3,ly3962673,cetuximab;fluorouracil;gemcitabine;irinotecan;leucovorin;ly3962673;nab-paclitaxel;oxaliplatin,KRAS,Small Molecule,KRAS,0,1,0,0,0,0,0,0,0,0,0,,metastatic · measurable (RECIST)
NCT06586957,A Study With NKT3964 for Adults With Advanced/Metastatic Solid Tumors,PHASE1,Phase 1,RECRUITING,150,"NiKang Therapeutics, Inc.",NiKang Therapeutics,5,1,0,multi_experimental,2,nkt3964,nkt3964,CDK2,Small Molecule,HER2,0,1,0,0,0,0,0,0,0,1,0,,metastatic · 2nd-line+ · adenoca.
NCT06589778,A Study of SHR-A2102 in Combination With Adebrelimab and SHR-8068 in Subjects With Locally Advanced or Metastatic Non-Small Cell Lung Cancer,PHASE1;PHASE2,Phase 2,RECRUITING,124,"Shanghai Hengrui Pharmaceutical Co., Ltd.",Hengrui,312,1,0,single_arm,1,adebelimab (shr-1316);shr-8068;shr-a2102,adebelimab (shr-1316);shr-8068;shr-a2102,Nectin-4,ADC,EGFR,1,1,0,0,0,0,0,0,0,0,0,,metastatic · small-cell · measurable (RECIST) · ECOG 0-1
NCT06592638,A Phase 1 Dose Escalation Study of ZG006 in Patients With Small Cell Lung Cancer,PHASE1,Phase 1,RECRUITING,30,"Suzhou Zelgen Biopharmaceuticals Co.,Ltd",Suzhou Zelgen Biopharmaceuticals,49,1,0,single_arm,1,zg006,zg006,DLL3,Bispecific Antibody,DLL3,1,1,0,0,0,0,0,0,0,0,0,,small-cell
NCT06593522,A Phase 2 Study of Anvumetostat in Participants With MTAP-deleted Advanced NSCLC (MTAPESTRY 201),PHASE2,Phase 2,ACTIVE_NOT_RECRUITING,61,Amgen,Amgen,323,1,1,multi_experimental,2,anvumetostat,anvumetostat,MTAP,Small Molecule,ALK;BRAF;HER2;KRAS;MET;MTAP;NTRK;RET;ROS1,0,1,0,0,1,1,0,0,0,0,1,"ROS1+, KRAS G12C",metastatic
NCT06594874,A Phase Ib Study of HS-10370 in Addition to Other Anti-cancer Therapies in Participants with KRAS G12C Mutation Advanced Solid Tumors,PHASE1,Phase 1,NOT_YET_RECRUITING,350,"Jiangsu Hansoh Pharmaceutical Co., Ltd.",Hansoh,82,1,0,multi_experimental,5,hs-10370,adebrelimab;carboplatin;cisplatin;hs-10370;pemetrexed,KRAS,Small Molecule,KRAS,0,1,0,0,0,1,0,0,0,1,1,KRAS G12C,metastatic · 2nd-line+ · measurable (RECIST)
NCT06596915,Safety and Efficacy of BA1302 in Patients With Advanced Solid Tumors,PHASE1,Phase 1,RECRUITING,167,"Shandong Boan Biotechnology Co., Ltd",Shandong Boan Biotechnology,6,1,0,single_arm,1,ba1302,ba1302,,,biomarker;biomarker analysis,0,1,0,0,0,0,0,0,0,0,0,,metastatic · adenoca. · measurable (RECIST)
NCT06598306,Subcutaneous Tarlatamab in Participants With Extensive Stage Small Cell Lung Cancer (DeLLphi-308),PHASE1,Phase 1,RECRUITING,220,Amgen,Amgen,323,1,1,multi_experimental,3,tarlatamab,tarlatamab,DLL3,Bispecific Antibody,DLL3,1,1,0,0,0,0,0,0,0,0,0,,metastatic · measurable (RECIST)
NCT06602661,Reinforced and Non-Reinforced Staple Lines in Fissureless Lobectomy,PHASE1,Phase 1,NOT_YET_RECRUITING,65,Surrey Thoracic Surgery Group,Surrey Thoracic Surgery Group,1,0,1,active_comparator,2,fissureless lobectomy with non-reinforced staple lines,fissureless lobectomy with reinforced staple lines,,Cell Therapy,,1,1,0,0,0,0,0,0,0,0,0,,
NCT06606847,A Study to Investigate the Effects of Durvalumab With Oleclumab Following Chemoradiation in Participants With Locally Advanced Unresectable Non-Small Cell Lung Cancer (LADOGA),PHASE2,Phase 2,ACTIVE_NOT_RECRUITING,30,AstraZeneca,AstraZeneca,780,1,1,single_arm,1,durvalumab;oleclumab,durvalumab;oleclumab,CD73,Monoclonal Antibody,ALK;CD73;PD-L1,1,1,0,0,0,0,0,1,0,0,1,PD-L1+,unresectable · small-cell
NCT06607185,A Study of the Pan-KRAS Inhibitor LY4066434 in Participants With KRAS Mutant Solid Tumors,PHASE1,Phase 1,ACTIVE_NOT_RECRUITING,750,Eli Lilly and Company,Eli Lilly,535,1,1,multi_experimental,2,ly4066434.,5fluorouracil;carboplatin;cetuximab;cisplatin;gemcitabine;irinotecan;leucovorin;ly4066434.;nab-paclitaxel;oxaliplatin;pembrolizumab;pemetrexed,KRAS,Small Molecule,KRAS,0,1,0,0,0,1,0,0,0,0,1,KRAS G12C,metastatic · measurable (RECIST)
NCT06610734,"Multicenter, Phase II Randomized Controlled Study of Adebrelimab Combined With Chemotherapy and Concurrent Low-Dose Radiotherapy (LDRT) for the Treatment of Extensive-Stage Small Cell Lung Cancer (SCLC)",PHASE2,Phase 2,RECRUITING,202,Sichuan University,Sichuan University,9,0,0,active_comparator,2,adebrelimab,adebrelimab;low dose radiotherapy,PD-1,Monoclonal Antibody,PD-L1,1,1,0,0,0,0,0,0,0,0,0,,small-cell
NCT06612151,A Phase III Study of YL201 in Relapsed Small Cell Lung Cancer (TAISHAN-302),PHASE3,Phase 3,ACTIVE_NOT_RECRUITING,438,"MediLink Therapeutics (Suzhou) Co., Ltd.",MediLink Therapeutics (Suzhou),23,1,0,active_comparator,2,topotecan hydrochloride for injection,yl201,B7-H3,ADC,,1,1,0,0,0,0,0,0,1,0,0,,metastatic · 1st-line · squamous · measurable (RECIST) · ECOG 0
NCT06612840,A Study of GNC-077 in Patients With Locally Advanced or Metastatic Non-small-cell Lung Cancer and Other Solid Tumors,PHASE1,Phase 1,RECRUITING,20,"Sichuan Baili Pharmaceutical Co., Ltd.",Sichuan Baili Pharmaceutical,127,1,0,single_arm,1,gnc-077,gnc-077,,,,0,1,0,0,0,0,0,0,0,0,0,,metastatic · small-cell · measurable (RECIST) · ECOG 1
NCT06613009,"Study of IBI3009 in Participants with Unresectable, Metastatic or Extensive-Stage Small Cell Lung Cancer",PHASE1,Phase 1,RECRUITING,190,Innovent Biologics (Suzhou) Co. Ltd.,Innovent,107,1,0,single_arm,1,ibi3009,ibi3009,PD-L1,Monoclonal Antibody,PD-L1,1,1,0,0,0,0,0,0,0,0,0,,metastatic · small-cell
NCT06616532,PM8002 in Combination With Paclitaxel Compared With Chemotherapy as Second-line Treatment in Small Cell Lung Cancer,PHASE3,Phase 3,ACTIVE_NOT_RECRUITING,404,Biotheus Inc.,Biotheus,16,1,0,active_comparator,2,paclitaxel;topotecan,paclitaxel;pm8002,PD-L1,Bispecific Antibody,PD-L1,1,1,0,0,0,0,0,0,1,0,0,,advanced · 1st-line · measurable (RECIST)
NCT06616584,Adding the Immunotherapy Drug Cemiplimab to Usual Treatment for People With Advanced Non-Small Cell Lung Cancer Who Had Previous Treatment With Platinum Chemotherapy and Immunotherapy (An Expanded Lung-MAP Treatment Trial),PHASE2;PHASE3,Phase 3,RECRUITING,378,SWOG Cancer Research Network,SWOG Cancer Research Network,15,0,1,active_comparator,2,biospecimen collection;computed tomography;docetaxel;magnetic resonance imaging;ramucirumab,biospecimen collection;cemiplimab;computed tomography;docetaxel;magnetic resonance imaging;ramucirumab,PD-1,Monoclonal Antibody,ALK;BRAF;HER2;KRAS;MET;NTRK;PD-L1;RET;ROS1,1,1,0,0,1,0,0,1,0,0,1,"ROS1+, PD-L1+",metastatic · measurable (RECIST)
NCT06616623,Vismodegib and Atezolizumab for the Treatment of Recurrent or Metastatic Non-Small Cell Lung Cancer,PHASE1,Phase 1,RECRUITING,24,Dwight Owen,Dwight Owen,3,0,1,single_arm,1,atezolizumab;biospecimen collection;computed tomography;magnetic resonance imaging;vismodegib,atezolizumab;biospecimen collection;computed tomography;magnetic resonance imaging;vismodegib,PD-L1,Monoclonal Antibody,ALK;CMMRD;MET;MSI-H;PD-L1;TMB,1,1,0,1,0,0,0,1,0,1,1,"ALK+, PD-L1+",metastatic · 2nd-line+ · adenoca. · measurable (RECIST)
NCT06616766,"A Phase 1/2, Open-label, Multicenter, FIH Study to Evaluate Safety, Tolerability, PK and Anti-tumor Activity of YH42946",PHASE1;PHASE2,Phase 2,RECRUITING,201,Yuhan Corporation,Yuhan,7,1,0,single_arm,1,yh42946,yh42946,EGFR,Small Molecule,EGFR;HER2;MET,0,1,1,0,0,0,0,0,0,0,1,EGFRm,metastatic
NCT06617169,Dose-Escalation of MNPR-101-PCTA-177Lu in Solid Tumors,PHASE1,Phase 1,ACTIVE_NOT_RECRUITING,12,Monopar Therapeutics,Monopar Therapeutics,3,1,0,multi_experimental,5,mnpr-101-pcta-177lu,mnpr-101-pcta-177lu,,Radiopharmaceutical,,0,1,0,0,0,0,0,0,0,0,0,,metastatic
NCT06617416,A Study of AK104 in Subjects With Unresectable Locally Advanced NSCLC,PHASE3,Phase 3,RECRUITING,560,Akeso,Akeso,103,1,0,active_comparator,2,sugemalimab,cadonilimab (ak104),PD-1,Bispecific Antibody,ALK;PD-L1;ROS1,1,1,1,0,1,0,0,0,0,0,1,"EGFRm, ROS1+",unresectable · small-cell
NCT06618287,"A Study to Evaluate the Safety, Tolerability, Drug Levels, and Preliminary Efficacy of BMS-986507 Combinations in Adult Participants With Advanced Solid Tumors",PHASE1;PHASE2,Phase 2,RECRUITING,416,Bristol-Myers Squibb,Bristol Myers Squibb,764,1,1,multi_experimental,5,bms-986507,bms-986507;nivolumab;osimertinib;pembrolizumab;pumitamig,,,EGFR;ER;HER2,0,1,1,0,0,0,0,0,0,0,1,EGFRm,metastatic · small-cell
NCT06621563,Phase Ib Trial of HS-20117 in Combination With Other Drugs in Advanced Solid Tumors,PHASE1,Phase 1,RECRUITING,780,Hansoh BioMedical R&D Company,Hansoh,82,1,0,multi_experimental,6,,hs-20117 combined hs-20093;hs-20117 combined hs-20093 and 5-fu;hs-20117 combined platinum-containing;hs-20117+capeox;hs-20117+folfiri;hs-20117+mfolfox6,EGFR,,MET,0,1,0,0,0,0,0,0,0,0,0,,metastatic · measurable (RECIST)
NCT06622174,Pulse Radiotherapy to Overcome Metastatic Immune System Evasion in Lung Cancer,PHASE1,Phase 1,RECRUITING,32,Centre hospitalier de l'Université de Montréal (CHUM),Centre hospitalier de l'Université de Montréal (CHUM),14,0,0,single_arm,1,pulse radiotherapy,pulse radiotherapy,,Small Molecule,,0,1,0,0,0,0,0,0,0,0,0,,metastatic · measurable (RECIST)
NCT06623136,A Study of ES102 in Combination With Toripalimab in Subjects With Advanced Non-small Cell Lung Cancer,PHASE2,Phase 2,RECRUITING,40,"Elpiscience (Suzhou) Biopharma, Ltd.",Elpiscience (Suzhou) Biopharma,4,1,0,single_arm,1,es102;toripalimab,es102;toripalimab,,,ALK;EGFR;PD-L1;ROS1,0,1,1,1,1,0,0,1,0,0,1,"EGFRm, ALK+, ROS1+, PD-L1+",metastatic · small-cell · measurable (RECIST) · ECOG 0
NCT06623422,A Study of Pembrolizumab (MK-3475) With or Without Intismeran Autogene (V940) in Participants With Non-small Cell Lung Cancer (V940-009/INTerpath-009),PHASE3,Phase 3,RECRUITING,680,Merck Sharp & Dohme LLC,Merck (MSD),649,1,1,active_comparator,2,carboplatin;cisplatin;gemcitabine;paclitaxel;pembrolizumab;pemetrexed,carboplatin;cisplatin;gemcitabine;intismeran autogene;paclitaxel;pembrolizumab;pemetrexed,PD-1,Monoclonal Antibody,ALK;EGFR;PD-L1,1,1,1,1,0,0,0,1,1,0,1,"EGFRm, ALK+, PD-L1+",neoadjuvant · 1st-line · small-cell
NCT06623656,Preoperative Radioimmunotherapy Versus Chemoimmunotherapy in NSCLC,PHASE2,Phase 2,RECRUITING,112,Weill Medical College of Cornell University,Weill Medical College of Cornell University,90,0,1,multi_experimental,2,cemiplimab,cemiplimab;platinum based;stereotactic body radiation therapy,PD-1,Monoclonal Antibody,ALK;EGFR;PD-L1,1,1,1,1,0,0,0,1,0,0,1,"EGFRm, ALK+, PD-L1+",neoadjuvant · ductal · measurable (RECIST)
NCT06625775,Open-Label Study of BBO-10203 in Subjects With Advanced Solid Tumors,PHASE1,Phase 1,RECRUITING,392,"TheRas, Inc., d/b/a BBOT (BridgeBio Oncology Therapeutics)","TheRas, Inc., d/b/a BBOT (BridgeBio Oncology Therapeutics)",3,1,0,multi_experimental,5,bbo-10203,FOLFOX;bbo-10203;bevacizumab;fulvestrant;ribociclib;trastuzumab,PIK3CA,Small Molecule,BRAF;HER2;KRAS;MET;MSI;MSI-H;NTRK;RET;ROS1;dMMR,0,1,1,1,1,0,0,0,0,0,1,"EGFRm, ALK+, ROS1+",metastatic · small-cell · measurable (RECIST)
NCT06627647,A Global Phase III Study of Rilvegostomig or Pembrolizumab Plus Chemotherapy for First-Line Treatment of Locally Advanced or Metastatic Non-Squamous NSCLC,PHASE3,Phase 3,RECRUITING,1160,AstraZeneca,AstraZeneca,780,1,1,active_comparator,2,carboplatin;cisplatin;pembrolizumab;pemetrexed,carboplatin;cisplatin;pemetrexed;rilvegostomig,PD-1,Monoclonal Antibody,ALK;EGFR;PD-L1;ROS1;genomic,1,1,1,0,1,0,0,1,0,0,1,"EGFRm, ROS1+, PD-L1+",metastatic · squamous · measurable (RECIST)
NCT06631989,A Study to Assess the Efficacy and Safety of WSD0922-FU in Patients With EGFRm+ Advanced Non-small Cell Lung Cancer,PHASE1;PHASE2,Phase 2,RECRUITING,100,"Wayshine Biopharm, Inc.",Wayshine Biopharm,3,1,0,multi_experimental,3,wsd0922-fu,wsd0922-fu,EGFR,Small Molecule,EGFR,0,1,1,0,0,0,0,0,0,0,1,EGFRm,metastatic · measurable (RECIST)
NCT06632262,A Phase 2 Clinical Study of ABSK061 and ABSK043,PHASE2,Phase 2,RECRUITING,202,"Abbisko Therapeutics Co, Ltd",AbbVie,274,1,0,multi_experimental,4,,absk061 + absk043;absk061+absk043 in combination with capox,FGFR,Small Molecule,ALK;BRAF;EGFR;FGFR2;FGFR2/3;FGFR2B;HER2;KRAS;MET;NTRK;RET;ROS1,0,1,1,1,1,1,1,0,0,0,1,"EGFRm, ALK+, ROS1+, KRAS G12C, MET+",metastatic · squamous · measurable (RECIST)
NCT06634056,Pneumonitis Prevention Protocol Using Pentoxifylline and α-tocopherol In Stage III Non-Small Cell Lung Cancer Patients Undergoing Chemoradiation,PHASE2,Phase 2,RECRUITING,150,"University Health Network, Toronto","University Health Network, Toronto",91,0,1,placebo_comparator,2,,pentoxifylline;α-tocopherol,NF-κB,Small Molecule,,0,1,0,0,0,0,0,0,0,0,0,,
NCT06635824,Trial to Evaluate Acasunlimab and Pembrolizumab Combination Superiority Over Standard of Care Docetaxel in Non-Small Cell Lung Cancer (ABBIL1TY NSCLC-06),PHASE3,Phase 3,ACTIVE_NOT_RECRUITING,191,Genmab,Genmab,65,1,1,active_comparator,2,docetaxel,acasunlimab;pembrolizumab,PD-L1,Monoclonal Antibody,ALK;BRAF;KRAS;MET;PD-L1;RET;ROS1,1,1,0,1,1,0,1,1,0,0,1,"ALK+, ROS1+, MET+, PD-L1+",metastatic · measurable (RECIST)
NCT06641609,A Phase I Study of CFT8919 in Patients With Advanced NSCLC,PHASE1,Phase 1,RECRUITING,166,"Betta Pharmaceuticals Co., Ltd.",Betta Pharmaceuticals,66,1,0,multi_experimental,3,,cohort-expansion (phase ic) cft8919 capsule;dose-escalation (phase ia) cft8919 capsule;dose-expansion (phase ib) cft8919 capsule,EGFR,Small Molecule,EGFR;MET;biomarker,0,1,1,0,0,0,0,0,0,0,1,EGFRm,metastatic · small-cell · measurable (RECIST)
NCT06644768,A Study of Valemetostat Tosylate Plus Pembrolizumab Versus Pembrolizumab Alone in First-Line NSCLC Without Actionable Genomic Alterations,PHASE1;PHASE2,Phase 2,ACTIVE_NOT_RECRUITING,137,Daiichi Sankyo,Daiichi Sankyo,178,1,1,active_comparator,3,pembrolizumab,pembrolizumab;valemetostat tosylate,PD-1,Monoclonal Antibody,ALK;BRAF;KRAS;MET;NTRK;PD-L1;RET;ROS1;biomarker;genomic,1,1,0,0,1,0,0,1,0,1,1,"ROS1+, PD-L1+",metastatic · 2nd-line+ · squamous · measurable (RECIST) · ECOG 0
NCT06645808,PET-imaging of Two Vartumabs in Patients With Solid Tumors,EARLY_PHASE1,Phase 1,RECRUITING,32,Var2 Pharmaceuticals,Var2 Pharmaceuticals,1,1,0,multi_experimental,2,pet/ct scan,89zr-dfo-n-suc-c9scfv;89zr-dfo-n-suc-f8scfv;pet/ct scan,oncofetal chondroitin sulfate,Radiopharmaceutical,,0,1,0,0,0,0,0,0,0,0,0,,adjuvant · squamous
NCT06646276,A Study to Compare the Efficacy and Safety of BMS-986489 (Atigotatug+ Nivolumab Fixed Dose Combination) in Combination With Carboplatin Plus Etoposide to That of Atezolizumab With Carboplatin Plus Etoposide as First-Line Therapy in Participants With Extensive-Stage Small Cell Lung Cancer (TIGOS).,PHASE3,Phase 3,RECRUITING,530,Bristol-Myers Squibb,Bristol Myers Squibb,764,1,1,active_comparator,2,atezolizumab;carboplatin;etoposide,bms-986489 (atigotatug+nivolumab);carboplatin;etoposide,PD-1,Monoclonal Antibody,,1,1,0,0,0,0,0,0,0,0,0,,small-cell
NCT06652529,Phase 1 Dose Escalation and Expansion to Evaluate AROG4-01 in Patients With Advanced Solid Tumors,PHASE1,Phase 1,NOT_YET_RECRUITING,35,Aromics Therapeutics,Aromics Therapeutics,1,1,0,single_arm,1,arog4-01,arog4-01,G-quadruplexes,Small Molecule,,0,1,0,0,0,0,0,0,0,0,0,,metastatic · measurable (RECIST)
NCT06657222,First in Human Study of TUB-030 in Patients With Advanced Solid Tumors,PHASE1;PHASE2,Phase 2,RECRUITING,250,Tubulis GmbH,Tubulis,5,1,0,multi_experimental,2,tub-030,tub-030,5T4,ADC,,1,1,0,0,0,0,0,0,0,0,0,,metastatic · measurable (RECIST) · ECOG 0-1
NCT06663098,Atezolizumab and Rechallenge Chemotherapy in Relapsed Patients With Extensive-stage Small Cell Lung Cancer (ES-SCLC).,PHASE2,Phase 2,RECRUITING,142,Gruppo Oncologico Italiano di Ricerca Clinica,Gruppo Oncologico Italiano di Ricerca Clinica,6,0,1,single_arm,1,atezolizumab;carboplatin;etoposide,atezolizumab;carboplatin;etoposide,PD-L1,Monoclonal Antibody,CMMRD;MET;MSI-H;PD-L1;TMB,1,1,0,0,0,0,0,1,1,1,1,PD-L1+,metastatic · 1st-line · small-cell · ECOG 2
NCT06663306,Intrathecal Injection Pemetrexed And Bevacizumab in Patients With Leptomeningeal Metastases in NSCLC,PHASE1,Phase 1,RECRUITING,19,Shanghai Chest Hospital,Shanghai Chest Hospital,12,0,0,multi_experimental,2,pemetrexed,bevacizumab;pemetrexed,VEGF/VEGFR,Monoclonal Antibody,,1,1,0,0,0,0,0,0,0,0,0,,metastatic · small-cell · ECOG 0
NCT06667076,"A Study of Amivantamab in Combination With Lazertinib, or Amivantamab in Combination With Platinum-Based Chemotherapy, for Common Epidermal Growth Factor Receptor (EGFR)-Mutated Locally Advanced or Metastatic Non-Small Cell Lung Cancer (NSCLC)",PHASE2,Phase 2,RECRUITING,480,"Janssen Research & Development, LLC",Johnson & Johnson,363,1,1,multi_experimental,2,amivantamab,amivantamab;chemotherapy: carboplatin;chemotherapy: pemetrexed;lazertinib,EGFR,Monoclonal Antibody,EGFR,1,1,1,0,0,0,0,0,0,0,1,EGFRm,metastatic · small-cell · measurable (RECIST)
NCT06667908,A Study of JNJ-90301900 in Combination With Chemoradiation Followed by Consolidation Immunotherapy for Non-Small Cell Lung Cancer (NSCLC),PHASE2,Phase 2,RECRUITING,130,Johnson & Johnson Enterprise Innovation Inc.,Johnson & Johnson,363,1,1,active_comparator,3,concurrent chemo/radiation therapy (ccrt);concurrent chemo/radiation therapy (ccrt): carboplatin;concurrent chemo/radiation therapy (ccrt): paclitaxel;durvalumab,concurrent chemo/radiation therapy (ccrt);concurrent chemo/radiation therapy (ccrt): carboplatin;concurrent chemo/radiation therapy (ccrt): paclitaxel;durvalumab;jnj-90301900,PD-L1,Monoclonal Antibody,PD-L1,1,1,0,0,0,0,0,0,0,0,0,,unresectable · small-cell · measurable (RECIST)
NCT06668103,A Phase 2 Clinical Study of Combination Therapy With ABSK043 and Firmonertinib,PHASE2,Phase 2,RECRUITING,54,"Abbisko Therapeutics Co, Ltd",AbbVie,274,1,0,single_arm,1,absk043 in combination with firmonertinib,absk043 in combination with firmonertinib,EGFR,Small Molecule,EGFR,0,1,1,0,0,0,0,1,0,0,1,"EGFRm, PD-L1+",metastatic · squamous · measurable (RECIST)
NCT06670196,"A Study of SKB264 in Combination With Osimertinib Versus Osimertinib in Patients With Epidermal Growth Factor Receptor (EGFR) Mutations, Locally Advanced or Metastatic Non-Squamous Non-Small Cell Lung Cancer",PHASE3,Phase 3,ACTIVE_NOT_RECRUITING,420,"Sichuan Kelun-Biotech Biopharmaceutical Co., Ltd.",Kelun,50,1,0,active_comparator,2,osimertinib,osimertinib;skb264,TROP2,ADC,HER2;TROP2,1,1,1,0,0,0,0,0,0,0,1,EGFRm,metastatic · squamous · measurable (RECIST)
NCT06671379,"A Study of SHR-A2009 Versus Platinum-based Chemotherapy in EGFR-mutated, Advanced or Metastatic NSCLC",PHASE3,Phase 3,ACTIVE_NOT_RECRUITING,498,"Suzhou Suncadia Biopharmaceuticals Co., Ltd.",Suzhou Suncadia Biopharmaceuticals,86,1,0,active_comparator,2,platinum-based dual-agent,shr-a2009 monotherapy,EGFR,Monoclonal Antibody,EGFR,1,1,0,0,0,0,0,0,0,1,0,,metastatic · 2nd-line+ · squamous · measurable (RECIST)
NCT06672068,A Study of TY-9591 With Chemotherapy as 1st Line Treatment in Patients With Mutated Epidermal Growth Factor Receptor NSCLC,PHASE2,Phase 2,NOT_YET_RECRUITING,60,"TYK Medicines, Inc",TYK Medicines,14,1,0,multi_experimental,2,ty-9591,ty-9591,EGFR,Small Molecule,EGFR;EGFR-SENSITIVE;MET,0,1,1,0,0,0,0,0,0,0,1,EGFRm,metastatic · squamous · measurable (RECIST) · ECOG 0-1
NCT06673329,Brodalumab in the Treatment of Immune-Related Adverse Events,PHASE1,Phase 1,RECRUITING,11,"Brian Henick, MD","Brian Henick, MD",1,0,0,single_arm,1,brodalumab;ct scan,brodalumab;ct scan,IL-17RA,Monoclonal Antibody,,1,1,0,0,0,0,0,0,0,0,0,,metastatic
NCT06682793,"A Study to Evaluate the Safety and Efficacy of A2B395, an Allogeneic Logic-gated CAR T, in Participants With Solid Tumors That Express EGFR and Have Lost HLA-A*02 Expression",PHASE1;PHASE2,Phase 2,RECRUITING,240,A2 Biotherapeutics Inc.,A2 Biotherapeutics,3,1,0,single_arm,1,a2b395;diagnostic test: xt cdx with hla-loh assay,a2b395;diagnostic test: xt cdx with hla-loh assay,EGFR,CAR-T,HLA-A*02,1,1,0,0,0,0,0,0,0,0,0,,metastatic · measurable (RECIST)
NCT06683703,Utidelone Injection Combined with Bevacizumab Injection for Non-small Cell Lung Cancer Patients with Brain Metastases,PHASE2,Phase 2,NOT_YET_RECRUITING,118,"Beijing Biostar Pharmaceuticals Co., Ltd.",Beijing Biostar Pharmaceuticals,12,1,0,multi_experimental,4,,utidelone;utidelone combined with bevacizumab,Tubulin,Small Molecule,ALK;MET;NTRK;ROS1,0,1,0,0,1,0,0,0,1,1,1,ROS1+,metastatic · 1st-line · adenoca. · measurable (RECIST) · ECOG 0-1
NCT06687369,"A Study to Compare Pharmacokinetics, Efficacy, Safety, and Immunogenicity of MB12 (Proposed Pembrolizumab Biosimilar) to Keytruda® in Non-small Cell Lung Cancer (BENITO Study)",PHASE3,Phase 3,ACTIVE_NOT_RECRUITING,726,mAbxience Research S.L.,mAbxience Research S.L.,5,1,0,active_comparator,3,carboplatin;cisplatin;eu-sourced keytruda;pemetrexed;us-sourced keytruda,carboplatin;cisplatin;mb12 (proposed pembrolizumab biosimilar);pemetrexed,PD-1,Monoclonal Antibody,ALK;PD-L1,1,1,1,1,0,0,0,1,0,0,1,"EGFRm, ALK+, PD-L1+",metastatic · squamous · measurable (RECIST)
NCT06687941,"A Study to Evaluate the Tolerability, Safety, and PK of AST-201 in Patients With GPC3-positive Advanced Solid Tumors",PHASE1,Phase 1,RECRUITING,70,"Aptamer Sciences, Inc.",Aptamer Sciences,1,1,0,single_arm,1,ast-201,ast-201,IGFBP2,mRNA,GPC3,0,1,0,0,0,0,0,0,0,0,0,,recurrent · measurable (RECIST)
NCT06692738,A Global Phase III Study of Rilvegostomig or Pembrolizumab Plus Chemotherapy for First-Line Treatment of Locally Advanced or Metastatic Squamous Non-small Cell Lung Cancer (NSCLC),PHASE3,Phase 3,RECRUITING,1160,AstraZeneca,AstraZeneca,780,1,1,active_comparator,2,carboplatin;nab-paclitaxel;paclitaxel;pembrolizumab,carboplatin;nab-paclitaxel;paclitaxel;rilvegostomig,PD-1,Monoclonal Antibody,PD-L1;genomic,1,1,0,0,0,0,0,1,0,0,1,PD-L1+,metastatic · squamous · measurable (RECIST)
NCT06693336,An Adjuvant Study to Evaluate SMS001 (Paclitaxel) in Non-Small Cell Lung Cancer,PHASE2,Phase 2,RECRUITING,42,ToLymph Inc.,ToLymph,1,1,1,single_arm,1,sms001,sms001,,,,0,1,0,0,0,0,0,0,0,0,0,,metastatic
NCT06695845,A Phase 2 Study of Zanidatamab in Patients With HER2-expressing Tumors,PHASE2,Phase 2,RECRUITING,200,Jazz Pharmaceuticals,Jazz Pharmaceuticals,59,1,0,single_arm,1,zanidatamab,zanidatamab,HER2,Bispecific Antibody,ALK;BRAF;EGFR;HER2;KRAS;MET;ROS1,1,1,1,0,1,0,0,0,0,0,1,"EGFRm, ROS1+",metastatic · small-cell · measurable (RECIST)
NCT06698042,A Clinical Study of Pembrolizumab (+) Berahyaluronidase Alfa (MK-3475A) to Treat Newly-diagnosed Metastatic Non-small Cell Lung Cancer (MK-3475A-F84),PHASE3,Phase 3,ACTIVE_NOT_RECRUITING,67,Merck Sharp & Dohme LLC,Merck (MSD),649,1,1,active_comparator,2,pembrolizumab,pembrolizumab (+) berahyaluronidase alfa,PD-1,Monoclonal Antibody,PD-L1,1,1,0,0,0,0,0,0,0,0,0,,metastatic · squamous · measurable (RECIST)
NCT06698965,"Efficacy and Safety of First-line Treatment for Extensive-stage Small Cell Lung Cancer Using a Combination Therapy of Trilaciclib, Envafolimab, Etoposide, and Carboplatin",PHASE2,Phase 2,RECRUITING,52,Shanghai Chest Hospital,Shanghai Chest Hospital,12,0,0,active_comparator,2,chemotherapy （etoposide and carboplatin）;immunotherapy （envafolimab）,chemotherapy （etoposide and carboplatin）;immunotherapy （envafolimab）;trilaciclib,CDK4/6,Small Molecule,PD-L1,0,1,0,0,0,0,0,1,0,0,1,PD-L1+,metastatic · squamous · measurable (RECIST) · ECOG 0
NCT06706076,A Study of BH-30643 in Subjects With Locally Advanced or Metastatic NSCLC Harboring EGFR and/or HER2 Mutations,PHASE1;PHASE2,Phase 2,RECRUITING,675,BlossomHill Therapeutics,BlossomHill Therapeutics,2,1,0,multi_experimental,3,,bh-30643;bh-30643 combo therapy with carboplatin/pemetrexed,EGFR,Small Molecule,EGFR;HER2;MET,0,1,0,0,0,0,1,0,0,0,1,MET+,metastatic · small-cell · measurable (RECIST)
NCT06706713,Study of BEBT-109 in Subjects With EGFR Exon 20 Insertion Mutations Non-Small Cell Lung Cancer,PHASE2,Phase 2,RECRUITING,200,BeBetter Med Inc,BeBetter Med,13,1,0,single_arm,1,bebt-109 capsule,bebt-109 capsule,EGFR,Small Molecule,EGFR;PR,0,1,1,0,0,0,0,0,0,0,1,EGFRm,metastatic · measurable (RECIST) · ECOG 0
NCT06710132,Study of Anti-CEACAM5 ADC M9140 in Participants With Advanced Solid Tumors (PROCEADE PanTumor),PHASE1;PHASE2,Phase 2,ACTIVE_NOT_RECRUITING,184,"EMD Serono Research & Development Institute, Inc.",Merck KGaA,166,1,1,multi_experimental,5,m9140,m9140,CEA,ADC,CEACAM5;EGFR;HER2;MSI;MSI-H;PD-L1;genomic,1,1,1,0,0,0,0,1,0,1,1,"EGFRm, PD-L1+",metastatic · 2nd-line+ · adenoca. · measurable (RECIST)
NCT06711900,A Study of SKB264 in Combination With Pembrolizumab Versus Chemotherapy in Combination With Pembrolizumab as First-Line Treatment for PD-L1 Negative Patients With Locally Advanced or Metastatic Non-Squamous Non-Small Cell Lung Cancer,PHASE3,Phase 3,ACTIVE_NOT_RECRUITING,432,"Sichuan Kelun-Biotech Biopharmaceutical Co., Ltd.",Kelun,50,1,0,active_comparator,2,carboplatin or cisplatin;pembrolizumab;pemetrexed,pembrolizumab;skb264,HER2,ADC,ALK;BRAF;HER2;NTRK;PD-L1;ROS1,1,1,1,1,1,0,0,1,0,0,1,"EGFRm, ALK+, ROS1+, PD-L1+",metastatic · squamous · measurable (RECIST)
NCT06712316,"Safety, Efficacy, and Pharmacokinetics of BNT327 in Combination With Chemotherapy and Other Investigational Agents for Lung Cancer",PHASE2;PHASE3,Phase 3,RECRUITING,1580,BioNTech SE,BioNTech,45,1,1,active_comparator,10,carboplatin;paclitaxel;pembrolizumab;pemetrexed,carboplatin;paclitaxel;pemetrexed;pumitamig,PD-1,Monoclonal Antibody,PD-L1,1,1,0,0,0,0,0,0,1,0,0,,metastatic · 1st-line · small-cell · measurable (RECIST)
NCT06712355,"Safety and Efficacy of BNT327, an Investigational Therapy in Combination With Chemotherapy for Patients With Untreated Small-cell Lung Cancer",PHASE3,Phase 3,RECRUITING,621,BioNTech SE,BioNTech,45,1,1,active_comparator,5,atezolizumab;carboplatin (or cisplatin if carboplatin is not tolerated);etoposide,carboplatin (or cisplatin if carboplatin is not tolerated);etoposide;pumitamig,PD-L1,Monoclonal Antibody,CMMRD;MSI-H;TMB,1,1,0,0,0,0,0,0,0,0,0,,metastatic · measurable (RECIST)
NCT06712745,Feasibility Study of Personalized Ultra-fractionated Stereotactic Ablative Radiotherapy (PULSAR) for Cancers of the Central Lung,EARLY_PHASE1,Phase 1,RECRUITING,30,University of Texas Southwestern Medical Center,University of Texas Southwestern Medical Center,48,0,0,single_arm,1,personalized ultra-fractionated stereotactic ablative radiotherapy (pulsar),personalized ultra-fractionated stereotactic ablative radiotherapy (pulsar),,,,0,1,0,0,0,0,0,0,0,0,0,,
NCT06714617,Evaluate BL-M17D1 in Patients w/HER2-Expressing/Mutant Advanced or Metastatic Solid Tumors,PHASE1,Phase 1,ACTIVE_NOT_RECRUITING,120,SystImmune Inc.,SystImmune,7,1,0,multi_experimental,3,bl-m17d1,bl-m17d1,HER2,ADC,HER2;MET,1,1,0,0,0,0,0,0,0,1,0,,metastatic · 2nd-line+ · squamous · measurable (RECIST) · ECOG 0-1
NCT06723236,A Study of MGC028 in Participants With Advanced Solid Tumors,PHASE1,Phase 1,RECRUITING,124,MacroGenics,MacroGenics,29,1,0,multi_experimental,9,mgc028,mgc028,ADAM9,ADC,ALK;BRAF;KRAS;MSI;PD-L1;dMMR,1,1,0,0,0,0,0,1,0,1,1,PD-L1+,metastatic · 2nd-line+ · adenoca. · measurable (RECIST)
NCT06724263,"A Multicenter, Open-label Phase IIa Clinical Study to Evaluate the Efficacy and Safety of B1962 Injection in the Treatment of Advanced Malignant Solid Tumors",PHASE2,Phase 2,NOT_YET_RECRUITING,120,"Tasly Biopharmaceuticals Co., Ltd.",Tasly Biopharmaceuticals,3,1,0,single_arm,1,b1962,b1962,,,ER;PD-L1;PR,0,1,0,0,0,0,0,1,1,0,1,PD-L1+,metastatic · 1st-line · squamous · measurable (RECIST)
NCT06726148,Study of ECI830 Single Agent or in Combination in Patients With Advanced HR+/HER2- Breast Cancer and in Patients With Other Advanced Solid Tumors,PHASE1;PHASE2,Phase 2,RECRUITING,280,Novartis Pharmaceuticals,Novartis,836,1,1,multi_experimental,6,,eci830;fulvestrant;ribociclib,CDK2,Small Molecule,CCNE1;HER2;HR,0,1,0,0,0,0,0,0,0,0,0,,metastatic · measurable (RECIST)
NCT06726265,Study of Eftilagimod Alfa (Efti) in Combination With Pembrolizumab and Chemotherapy Versus Placebo in Combination With Pembrolizumab and Chemotherapy in Participants With Metastatic Non-Small Cell Lung Cancer (NSCLC) (TACTI-004),PHASE3,Phase 3,ACTIVE_NOT_RECRUITING,756,Immutep S.A.S.,Immutep,8,1,1,placebo_comparator,2,carboplatin plus paclitaxel;cisplatin or carboplatin + pemetrexed;pembrolizumab (keytruda),carboplatin plus paclitaxel;cisplatin or carboplatin + pemetrexed;eftilagimod alfa;pembrolizumab (keytruda),CD40,Fusion Protein,ALK;PD-L1;ROS1;biomarker,0,1,0,1,1,0,0,1,1,1,1,"ALK+, ROS1+, PD-L1+",metastatic · 1st-line · small-cell · measurable (RECIST)
NCT06731907,A Study of Pembrolizumab With or Without Chemotherapy in Combination With Additional Treatments for Advanced Non-Small Cell Lung Cancer (NSCLC) (MK-3475-01G/KEYMAKER U01),PHASE2,Phase 2,RECRUITING,90,Merck Sharp & Dohme LLC,Merck (MSD),649,1,1,active_comparator,2,carboplatin;nab-paclitaxel;paclitaxel;pembrolizumab;pemetrexed,her3-dxd;pembrolizumab,PD-1,Monoclonal Antibody,ALK;PD-L1;ROS1,1,1,0,1,1,0,0,1,0,0,1,"ALK+, ROS1+, PD-L1+",metastatic · squamous
NCT06735391,A Clinical Study of JMT101 in Combination With Osimertinib Versus Osimertinib Alone as First-Line Treatment for Patients With Locally Advanced or Metastatic Non-Squamous Non-Small Cell Lung Cancer (NSCLC) Harboring Epidermal Growth Factor Receptor (EGFR) Sensitive Mutations,PHASE3,Phase 3,RECRUITING,516,Shanghai JMT-Bio Inc.,Shanghai JMT-Bio,33,1,0,multi_experimental,2,,jmt101;osimertinib,EGFR,Monoclonal Antibody,ALK;BRAF;EGFR;HER2;KRAS;MET;NTRK;RET;ROS1,1,1,0,0,1,0,0,0,0,0,1,ROS1+,metastatic · squamous · measurable (RECIST)
NCT06735508,MRNA Neoantigen Vaccine in Non-Small Cell Lung Cancer,EARLY_PHASE1,Phase 1,NOT_YET_RECRUITING,40,Guangdong Provincial People's Hospital,Guangdong Provincial People's Hospital,5,0,0,single_arm,1,adebrelimab;mrna neoantigen vaccine,adebrelimab;mrna neoantigen vaccine,PD-1,Monoclonal Antibody,ALK;PD-L1;biomarker,1,1,0,0,0,0,0,0,0,0,0,,metastatic · squamous
NCT06736418,Study of 225Ac-ABD147 to Establish Optimal Dose in Patients With SCLC and LCNEC of the Lung That Previously Received Platinum-based Chemotherapy,PHASE1,Phase 1,ACTIVE_NOT_RECRUITING,17,Abdera Therapeutics Inc.,Abdera Therapeutics,1,1,0,multi_experimental,2,225ac-abd147,225ac-abd147,DLL3,ADC,,1,1,0,0,0,0,0,0,0,1,0,,metastatic · 2nd-line+ · squamous · measurable (RECIST)
NCT06745323,"A Phase 2, Open-label, Randomized, Multicenter Study of Tarlatamab Dosing Regimens in Subjects With SCLC",PHASE2,Phase 2,ACTIVE_NOT_RECRUITING,252,Amgen,Amgen,323,1,1,multi_experimental,3,tarlatamab,tarlatamab,DLL3,Bispecific Antibody,DLL3,1,1,0,0,0,0,0,0,0,0,0,,metastatic · small-cell · measurable (RECIST) · ECOG 0
NCT06745882,Prospective Trial Assessing Real World Outcomes Response to Pembro in Black Patients w/ NSCLC,PHASE2,Phase 2,RECRUITING,318,H. Lee Moffitt Cancer Center and Research Institute,H. Lee Moffitt Cancer Center and Research Institute,228,0,1,multi_experimental,3,pembrolizumab,carboplatin;cisplatin;nab-paclitaxel;paclitaxel;pembrolizumab;pemetrexed,PD-1,Monoclonal Antibody,ALK;PD-L1;ROS1,1,1,0,0,1,0,0,1,1,1,1,"ROS1+, PD-L1+",metastatic · 1st-line
NCT06745908,Clinical Trial of N-803 Plus Tislelizumab or Prior Failed Immune Checkpoint Inhibitor and Docetaxel Versus Docetaxel Monotherapy in Participants With Advanced or Metastatic Non-Small Cell Lung Cancer Who Have Acquired Resistance to Immune Checkpoint In,PHASE3,Phase 3,RECRUITING,507,"ImmunityBio, Inc.",ImmunityBio,63,1,0,active_comparator,4,docetaxel,docetaxel;n-803;prior failed checkpoint inhibitor;tislelizumab,IL-15,Small Molecule,ALK;BRAF;HER2;KRAS;MET;NTRK;PD-L1;RET;ROS1;genomic,0,1,1,0,1,0,0,1,1,1,1,"EGFRm, ROS1+, PD-L1+",metastatic · 1st-line · measurable (RECIST)
NCT06747585,A Study to Investigate ALE.P02 as Monotherapy in Adult Patients With Selected CLDN1+ Solid Tumors,PHASE1;PHASE2,Phase 2,RECRUITING,170,Alentis Therapeutics AG,Alentis Therapeutics,3,1,0,multi_experimental,3,ale.p02,ale.p02,CLDN1,ADC,CLDN1,1,1,0,0,0,0,0,0,0,1,0,,metastatic · 2nd-line+ · adenoca. · measurable (RECIST)
NCT06747832,INK Cells As Maintenance Therapy After Chemoradiotherapy for Small Cell Lung Cancer,EARLY_PHASE1,Phase 1,ENROLLING_BY_INVITATION,10,"Guangzhou Ruixin Biotechnological Co., LTD",Guangzhou Ruixin Biotechnological,2,1,0,single_arm,1,ink cells,ink cells,,Cell Therapy,,1,1,0,0,0,0,0,0,0,0,0,,metastatic · small-cell · measurable (RECIST)
NCT06754644,"A Study to Evaluate Efficacy, and Safety of QL2107 Plus Chemo and Compare With Keytruda in Participants With IV nqNSCLC",PHASE3,Phase 3,RECRUITING,808,"Qilu Pharmaceutical Co., Ltd.",Qilu Pharmaceutical,108,1,0,active_comparator,2,carboplatin;pembrolizumab;pemetrexed,carboplatin;pemetrexed;ql2107,PD-1,Monoclonal Antibody,ALK;PD-L1,1,1,1,0,0,0,0,0,0,0,1,EGFRm,metastatic · squamous
NCT06754930,A Study of SHR-1826 for Injection in Combination With Other Antitumor Therapies in Subjects With NSCLC,PHASE1;PHASE2,Phase 2,RECRUITING,400,"Suzhou Suncadia Biopharmaceuticals Co., Ltd.",Suzhou Suncadia Biopharmaceuticals,86,1,0,single_arm,1,ametinib mesylate;bp-102;carboplatin;shr-1316;shr-1826;shr-8068;shr-9839,ametinib mesylate;bp-102;carboplatin;shr-1316;shr-1826;shr-8068;shr-9839,MET,ADC,MET;PD-L1,1,1,0,0,0,0,0,0,0,0,0,,metastatic · measurable (RECIST) · ECOG 0-1
NCT06756035,CT-95 in Advanced Cancers Associated With Mesothelin Expression,PHASE1,Phase 1,RECRUITING,70,Context Therapeutics Inc.,Context Therapeutics,5,1,0,single_arm,1,ct-95,ct-95,,Bispecific Antibody,,1,1,0,0,0,0,0,0,0,0,0,,advanced · measurable (RECIST) · ECOG 0
NCT06758401,This is a Study to Learn About How the Combination of the Study Medicines Sigvotatug Vedotin Plus Pembrolizumab Works in People With Non-small Cell Lung Cancer With High Levels of PD-L1.,PHASE3,Phase 3,RECRUITING,714,Pfizer,Pfizer,687,1,1,active_comparator,2,pembrolizumab,pembrolizumab;sigvotatug vedotin,PD-1,Monoclonal Antibody,ALK;BRAF;MET;NTRK;PD-L1;RET;ROS1,1,1,0,0,1,0,0,1,0,0,1,"ROS1+, PD-L1+",metastatic · squamous · measurable (RECIST)
NCT06758557,A Study to Evaluate the Safety and Efficacy of HB0025 Injection in Patients With Advanced Solid Tumor,PHASE1;PHASE2,Phase 2,RECRUITING,282,"Huabo Biopharm Co., Ltd.",Huabo Biopharm,8,1,0,multi_experimental,6,hb0025,carboplatin;hb0025;paclitaxel;pemetrexed,PD-L1,Bispecific Antibody,ALK;BRAF;MET;NTRK;PD-L1;RET;ROS1;genomic,1,1,0,1,1,0,0,0,0,1,1,"ALK+, ROS1+",metastatic · 2nd-line+ · squamous · measurable (RECIST) · ECOG 0
NCT06759857,FHND9041 Versus Afatinib for Non-small Cell Lung Cancer,PHASE3,Phase 3,ENROLLING_BY_INVITATION,350,"Jiangsu Chia Tai Fenghai Pharmaceutical Co., Ltd.",Jiangsu Chia Tai Fenghai Pharmaceutical,3,1,0,active_comparator,2,afatinib,fhnd9041,EGFR,Small Molecule,EGFR;MET;PR,0,1,1,0,0,0,0,0,0,0,1,EGFRm,metastatic · squamous
NCT06760676,"A Multiple Tumor Species, Open and Multi-center Clinical Study of Alpaloritovorelli Antibodies (QL-1706) Combined with Pulsed Low Dose Rate External Irradiation (PLDR) for Disease Progression After Previous Anti-tumor Therapy",PHASE1,Phase 1,NOT_YET_RECRUITING,90,Anhui Provincial Hospital,Anhui Provincial Hospital,6,0,0,single_arm,1,alpaloritovorelli antibodies;pulsed low dose rate radiotherapy (pldr),alpaloritovorelli antibodies;pulsed low dose rate radiotherapy (pldr),PD-1,,,0,1,0,0,0,0,0,0,1,0,0,,metastatic · 1st-line · squamous · measurable (RECIST) · ECOG 0
NCT06765109,Neladalkib (NVL-655) for TKI-naive Patients With Advanced ALK-Positive NSCLC,PHASE3,Phase 3,RECRUITING,450,Nuvalent Inc.,Nuvalent,4,1,0,active_comparator,2,alectinib,neladalkib (nvl-655),ALK,Small Molecule,ALK,0,1,0,1,0,0,0,0,0,0,1,ALK+,metastatic · small-cell · measurable (RECIST)
NCT06767046,KRAS-Specific Autologous TCR-T Cell Therapy for KRAS Mutation in Advanced Solid Tumors,PHASE1,Phase 1,ACTIVE_NOT_RECRUITING,8,"Corregene Biotechnology Co., Ltd",Corregene Biotechnology,4,1,0,single_arm,1,kras-specific autologous tcr-t cell injection,kras-specific autologous tcr-t cell injection,KRAS,Cell Therapy,HLA-A*11:01;KRAS,1,1,0,0,0,0,0,0,0,0,0,,metastatic · measurable (RECIST)
NCT06767514,Clinical Study of Ivonescimab for First-line Treatment of Metastatic NSCLC Patients With High PD-L1,PHASE3,Phase 3,RECRUITING,780,Summit Therapeutics,Summit Therapeutics,5,1,0,active_comparator,2,pembrolizumab injection,ivonescimab injection,PD-1,Monoclonal Antibody,ALK;BRAF;PD-L1;ROS1;genomic,1,1,0,0,0,0,0,1,1,1,1,PD-L1+,metastatic · 1st-line · squamous · measurable (RECIST)
NCT06768151,A Clinical Trial of CEA Targeting CAR-T for CEA Positive Advanced Lung Cancer,PHASE1,Phase 1,RECRUITING,48,"Chongqing Precision Biotech Co., Ltd",Chongqing Precision Biotech,41,1,0,multi_experimental,2,targeted cea car-t,targeted cea car-t,CEA,CAR-T,CEA,1,1,0,0,0,0,0,0,0,1,0,,metastatic · 2nd-line+ · small-cell · measurable (RECIST) · ECOG 0
NCT06772623,"Study to Evaluate Adverse Events and Efficacy of Intravenous (IV) Telisotuzumab Adizutecan in Combination With a PD-1 Immune Checkpoint Inhibitor in Adult Participants With Advanced or Metastatic Non-Squamous NSCLC With No Prior Treatment for Advanced Disease, and No Actionable Genomic Alterations",PHASE1;PHASE2,Phase 2,RECRUITING,252,AbbVie,AbbVie,274,1,1,multi_experimental,4,,budigalimab;carboplatin;cisplatin;pembrolizumab;pemetrexed;telisotuzumab adizutecan,PD-1,Monoclonal Antibody,MET;PD-L1;genomic,1,1,0,0,0,0,0,1,0,0,1,PD-L1+,metastatic · squamous · measurable (RECIST)
NCT06773507,Phase I Study of BC008-1A Injection in Patients With Advanced Solid Tumors,PHASE1,Phase 1,RECRUITING,80,"Sichuan Luzhou Buchang Biopharmaceutical Co., Ltd.",Sichuan Luzhou Buchang Biopharmaceutical,3,1,0,multi_experimental,2,bc008-1a,bc008-1a,,Cell Therapy,PD-L1,1,1,0,0,0,0,0,1,0,0,1,PD-L1+,metastatic · adenoca. · measurable (RECIST)
NCT06773910,BMS-986489 (Atigotatug + Nivolumab) vs Durvalumab in Limited-stage Small-cell Lung Cancer (TIGOS-LS),PHASE2,Phase 2,RECRUITING,250,"SCRI Development Innovations, LLC",SCRI Development Innovations,163,0,1,active_comparator,2,durvalumab,bms-986489,PD-1,Monoclonal Antibody,PD-L1,1,1,1,0,0,0,0,1,0,1,1,"EGFRm, PD-L1+",2nd-line+ · small-cell · measurable (RECIST)
NCT06774963,A Phase 1 Study of LNCB74 in Advanced Solid Tumors,PHASE1,Phase 1,RECRUITING,145,"NextCure, Inc.",NextCure,8,1,0,multi_experimental,2,lncb74,lncb74,B7-H4,ADC,,1,1,0,0,0,0,0,0,0,1,0,,metastatic · 2nd-line+ · measurable (RECIST)
NCT06775483,Evaluation of JSKN016 in the Treatment of Advanced Non-small Cell Lung Cance： a Phase II Clinical Study,PHASE2,Phase 2,NOT_YET_RECRUITING,220,"Jiangsu Alphamab Biopharmaceuticals Co., Ltd",Jiangsu Alphamab Biopharmaceuticals,35,1,0,active_comparator,5,docetaxel,jskn016,TROP2,ADC,TROP2,1,1,1,0,0,0,0,0,0,0,1,EGFRm,metastatic · squamous · measurable (RECIST)
NCT06778863,A Study of CLSP-1025 in Adult Patients With Solid Tumors That Harbor the p53 R175H Mutation,PHASE1,Phase 1,RECRUITING,90,"Clasp Therapeutics, Inc.",Clasp Therapeutics,2,1,0,multi_experimental,2,clsp-1025,clsp-1025,p53,Bispecific Antibody,HLA-A*02:01;P53,1,1,0,0,0,0,0,0,0,0,0,,metastatic
NCT06780085,A Study of Investigational Agents in Participants With Previously Treated Stage IV Nonsquamous Non-small Cell Lung Cancer (NSCLC) (MK-3475-01H/KEYMAKER-U01),PHASE2,Phase 2,RECRUITING,96,Merck Sharp & Dohme LLC,Merck (MSD),649,1,1,active_comparator,3,corticosteroid;docetetaxel,5-hydroxytryptamine subtype 3 receptor antagonist;corticosteroid;ifinatamab deruxtecan;neurokinin-1 receptor antagonist;raludotatug deruxtecan,NK1R,Small Molecule,ALK;PD-L1;ROS1,0,1,0,1,1,0,0,1,0,0,1,"ALK+, ROS1+, PD-L1+",metastatic · squamous · measurable (RECIST)
NCT06780098,Substudy 01I: A Study of Investigational Agents in Participants With Previously Treated Stage IV Squamous Non-small Cell Lung Cancer (NSCLC) (MK-3475-01I/KEYMAKER-U01I),PHASE2,Phase 2,RECRUITING,144,Merck Sharp & Dohme LLC,Merck (MSD),649,1,1,active_comparator,4,docetaxel;rescue medication,i-dxd;r-dxd;rescue medications,CDH6,ADC,PD-L1,1,1,0,0,0,0,0,1,0,0,1,PD-L1+,metastatic · squamous · measurable (RECIST)
NCT06780137,A Study to Evaluate the Safety and Efficacy of Gocatamig (MK-6070) and Ifinatamab Deruxtecan (I-DXd) in Participants With Relapsed/Refractory Extensive-Stage Small Cell Lung Cancer (MK-6070-002),PHASE1;PHASE2,Phase 2,RECRUITING,327,Merck Sharp & Dohme LLC,Merck (MSD),649,1,1,multi_experimental,9,,durvalumab;gocatamig;ifinatamab deruxtecan (i-dxd),PD-L1,Monoclonal Antibody,EGFR,1,1,0,0,0,0,0,0,0,0,0,,metastatic
NCT06780839,Adjuvant Treatment of ALK-positive Non-small Cell Lung Cancer with Ensartinib Guided by MRD,PHASE2,Phase 2,NOT_YET_RECRUITING,70,Peking University Cancer Hospital & Institute,Peking University Cancer Hospital & Institute,11,0,0,single_arm,1,ensartinib,ensartinib,ALK,Small Molecule,ALK,0,1,0,0,0,0,0,0,0,0,0,,metastatic · squamous
NCT06784193,Phase 1 Study of OP-3136 in Advanced or Metastatic Solid Tumors,PHASE1,Phase 1,RECRUITING,180,"Olema Pharmaceuticals, Inc.",Olema Pharmaceuticals,6,1,0,multi_experimental,7,op-3136,fulvestrant;op-3136;palazestrant,KAT6A,Small Molecule,ER;HER2,0,1,0,0,0,0,0,0,0,0,0,,metastatic
NCT06788912,Pembrolizumab (MK-3475) Plus Investigational Agents in Resectable Non-small Cell Lung Cancer (NSCLC) (MK-3475-01E/KEYMAKER-U01),PHASE2,Phase 2,RECRUITING,60,Merck Sharp & Dohme LLC,Merck (MSD),649,1,1,active_comparator,2,carboplatin;cisplatin;gemcitabine;paclitaxel;pembrolizumab (adjuvant);pembrolizumab (neoadjuvant);pemetrexed,acetaminophen (or equivalent);carboplatin;cisplatin;dexamethasone (or equivalent);gemcitabine;h1 receptor antagonist;h2 receptor antagonist;paclitaxel;pembrolizumab (adjuvant);pembrolizumab (neoadjuvant);pemetrexed;sacituzumab tirumotecan;steroid mouthwash (dexamethasone or equivalent),H1,Monoclonal Antibody,,1,1,0,0,0,0,0,0,1,0,0,,metastatic · 1st-line · small-cell
NCT06789172,"A Phase 1, First-in-human Study of OKN4395 and Pembrolizumab in Patients With Solid Tumors",PHASE1,Phase 1,RECRUITING,146,Epkin,Epkin,1,1,0,multi_experimental,7,okn4395,fasting;fed;h2 receptor antagonist;okn4395;pembrolizumab,EP2,Small Molecule,ALK;HER2;MSI;PD-L1,0,1,0,0,0,0,0,1,1,1,1,PD-L1+,metastatic · 1st-line · adenoca. · measurable (RECIST)
NCT06789796,a Study of QL1706 or QL1604 in Patients With Limited-stage Small Cell Lung Cancer After Chemoradiotherapy.,PHASE3,Phase 3,NOT_YET_RECRUITING,636,"Qilu Pharmaceutical Co., Ltd.",Qilu Pharmaceutical,108,1,0,active_comparator,2,placebo for iparomlimab and tuvonralimab (ql1706);ql1604,iparomlimab and tuvonralimab (ql1706);placebo for ql1604,PD-1,Monoclonal Antibody,PD-L1;PR,1,1,0,0,0,0,0,0,0,0,0,,small-cell
NCT06792435,XNW27011 Study of Advanced Solid Tumor Subjects Who Failed Standard Therapies.,PHASE1;PHASE2,Phase 2,ACTIVE_NOT_RECRUITING,240,"Astellas Pharma Global Development, Inc.",Astellas,171,1,1,multi_experimental,2,xnw27011,xnw27011,CLDN18.2,ADC,CLDN18.2,1,1,0,0,0,0,0,0,0,0,0,,metastatic · adenoca. · measurable (RECIST)
NCT06792552,A Phase I Study of SIM0505 in Participants With Advanced Solid Tumors,PHASE1,Phase 1,RECRUITING,738,"NextCure, Inc.",NextCure,8,1,0,multi_experimental,5,sim0505 for injection,sim0505 for injection,CDH6,ADC,PD-L1;PR;biomarker,1,1,0,0,0,0,0,1,1,1,1,PD-L1+,metastatic · 1st-line · adenoca. · measurable (RECIST)
NCT06793215,"A Study Evaluating the Efficacy and Safety of Divarasib and Pembrolizumab Versus Pembrolizumab and Pemetrexed and Carboplatin or Cisplatin in Participants With Previously Untreated, KRAS G12C-Mutated, Advanced or Metastatic Non-Squamous Non-Small Cell Lung Cancer",PHASE3,Phase 3,RECRUITING,600,Hoffmann-La Roche,Roche/Genentech,922,1,1,active_comparator,2,carboplatin;cisplatin;pembrolizumab;pemetrexed,divarasib;pembrolizumab,PD-1,Monoclonal Antibody,KRAS;PD-L1,1,1,0,0,0,1,0,1,0,0,1,"KRAS G12C, PD-L1+",metastatic · squamous · measurable (RECIST)
NCT06794957,A Study of AL8326 in Non-Small Cell Lung Cancer,PHASE1,Phase 1,ACTIVE_NOT_RECRUITING,158,"Advenchen Laboratories, LLC",Advenchen Laboratories,5,1,0,single_arm,1,al8326 tablets,al8326 tablets,,,,0,1,0,0,0,0,0,0,0,0,0,,metastatic · small-cell · measurable (RECIST) · ECOG 0 -1
NCT06799286,"A Study to Evaluate the Safety, Tolerability, Pharmacokinetics, and Preliminary Efficacy of BMS-986489 in Chinese Participants With Relapsed/Refractory Small Cell Lung Cancer",PHASE1,Phase 1,ACTIVE_NOT_RECRUITING,10,Bristol-Myers Squibb,Bristol Myers Squibb,764,1,1,single_arm,1,bms-986489,bms-986489,PD-1,Monoclonal Antibody,PD-L1,1,1,0,0,0,0,0,0,0,1,0,,metastatic · 2nd-line+ · small-cell · measurable (RECIST)
NCT06801834,Study of Sacituzumab Govitecan Versus Standard of Care in Participants With Previously Treated Extensive Stage Small Cell Lung Cancer,PHASE3,Phase 3,RECRUITING,695,Gilead Sciences,Gilead Sciences,168,1,1,multi_experimental,2,,amrubicin (japan only);lurbinectedin (regions/countries where approved and available);sacituzumab govitecan (sg);topotecan,TROP-1,ADC,PD-L1;TROP-1,1,1,0,0,0,0,0,1,1,1,1,PD-L1+,metastatic · 1st-line · small-cell · measurable (RECIST)
NCT06805825,A Study of the c-Kit Specific Antibody-Drug Conjugate NN3201 for Advanced and/or Metastatic Solid Tumors Known to Express c-Kit,PHASE1,Phase 1,RECRUITING,67,"Novelty Nobility, Inc.",Novelty Nobility,1,1,0,multi_experimental,4,nn3201,nn3201,KIT,ADC,C-KIT;MET,1,1,0,0,0,0,0,0,0,1,0,,metastatic · 2nd-line+
NCT06807632,A Study of Valemetostat in Combination With Atezolizumab in People With Lung Cancer,PHASE1,Phase 1,RECRUITING,24,Memorial Sloan Kettering Cancer Center,Memorial Sloan Kettering Cancer Center,411,0,1,single_arm,1,atezolizumab;valemetostat,atezolizumab;valemetostat,PD-L1,Monoclonal Antibody,CMMRD;MSI-H;TMB,1,1,0,0,0,0,0,0,0,1,0,,metastatic · 2nd-line+ · squamous · measurable (RECIST)
NCT06810544,Safety and Tolerability of TNG456 Alone and in Combination With Abemaciclib in Patients With Solid Tumors With MTAP Loss,PHASE1;PHASE2,Phase 2,RECRUITING,191,"Tango Therapeutics, Inc.",Tango Therapeutics,6,1,1,multi_experimental,7,tng456,abemaciclib;tng456,MTAP,Small Molecule,MTAP,0,1,0,0,0,0,0,0,0,0,0,,measurable (RECIST)
NCT06812260,"A Single-arm, Open-label, Phase II Study to Evaluate Efficacy, Safety and Pharmacokinetics of HLX10 + Chemotherapy in Patients With ES-SCLC",PHASE2,Phase 2,ACTIVE_NOT_RECRUITING,26,Shanghai Henlius Biotech,Shanghai Henlius,98,1,0,single_arm,1,hlx10+chemo,hlx10+chemo,PD-1,Monoclonal Antibody,PD-L1,1,1,0,0,0,0,0,0,0,0,0,,metastatic · squamous · measurable (RECIST)
NCT06813365,"Assessing an Oral EGFR Inhibitor, DZD6008 in Patients Who Have Advanced NSCLC With EGFR Mutations (TIAN-SHAN2)",PHASE1,Phase 1,RECRUITING,300,Dizal Pharmaceuticals,Dizal Pharmaceuticals,29,1,0,multi_experimental,10,dzd6008,dzd6008,EGFR,Small Molecule,EGFR,0,1,1,0,0,0,0,0,1,0,1,EGFRm,metastatic · 1st-line · small-cell · measurable (RECIST) · ECOG 0
NCT06814496,Radiation Combined With BIspecific T-Cell Engager in DLL3 Expressing Tumors,PHASE1;PHASE2,Phase 2,RECRUITING,30,University of Arizona,University of Arizona,8,0,1,multi_experimental,4,tarlatamab,concurrent radiation therapy;sequential radiation therapy;tarlatamab,DLL3,Bispecific Antibody,DLL3;MET,1,1,0,0,0,0,0,0,1,1,0,,metastatic · 1st-line · small-cell · measurable (RECIST)
NCT06816108,A Study of ONO-7428 in Participants With Unresectable Advanced or Recurrent Solid Tumors,PHASE1,Phase 1,ACTIVE_NOT_RECRUITING,35,"Ono Pharmaceutical Co., Ltd.",Ono Pharmaceutical,44,1,0,single_arm,1,ono-7428,ono-7428,,,biomarker,0,1,0,0,0,0,0,0,0,1,0,,unresectable · 2nd-line+
NCT06816992,ORIC-114 in Combination With Subcutaneous Amivantamab in Patients With EGFR Exon20 Insertion Mutant NSCLC,PHASE1,Phase 1,RECRUITING,76,ORIC Pharmaceuticals,ORIC Pharmaceuticals,7,1,1,multi_experimental,4,,oric-114 dose 1 + amivantamab;oric-114 dose 2 + amivantamab;oric-114 dose 3 + amivantamab,EGFR,Small Molecule,EGFR,0,1,1,0,0,0,0,0,1,0,1,EGFRm,metastatic · 1st-line · small-cell · measurable (RECIST)
NCT06822543,"A Single Arm, Phase 2 Study of Datopotamab Deruxtecan, Carboplatin, and Pembrolizumab for Treatment-naive Brain Metastases From NSCLC (Non-small Cell Lung Cancer)",PHASE2,Phase 2,RECRUITING,46,Latin American Cooperative Oncology Group,Latin American Cooperative Oncology,12,0,1,single_arm,1,carboplatin;datopotamab deruxtecan;pembrolizumab,carboplatin;datopotamab deruxtecan;pembrolizumab,PD-1,Monoclonal Antibody,ALK;HER2;MET;NTRK;PD-L1;RET;ROS1;genomic,1,1,0,0,1,0,0,1,0,0,1,"ROS1+, PD-L1+",metastatic · squamous · measurable (RECIST)
NCT06823245,Pharmacokinetic Study of HS-10241 Tablets in Subjects with Hepatic Impairment and Normal Hepatic Function,PHASE1,Phase 1,NOT_YET_RECRUITING,32,"Jiangsu Hansoh Pharmaceutical Co., Ltd.",Hansoh,82,1,0,multi_experimental,2,hs-10241,hs-10241,MET,Small Molecule,MET;MET:CEP7 signal ratio,0,1,0,0,0,0,0,0,0,0,0,,squamous
NCT06823258,Pharmacokinetic Study of HS-10365 Capsule in Subjects with Hepatic Impairment and Normal Hepatic Function,PHASE1,Phase 1,NOT_YET_RECRUITING,32,"Jiangsu Hansoh Pharmaceutical Co., Ltd.",Hansoh,82,1,0,multi_experimental,2,hs-10365,hs-10365,RET,Small Molecule,MET;RET,0,1,0,0,0,0,0,0,0,1,0,,2nd-line+ · squamous
NCT06827145,Combination of Vebreltinib and Osimertinib in Patients with EGFR 21 L858R Mutation Advanced NSCLC,PHASE2,Phase 2,ACTIVE_NOT_RECRUITING,30,"National Cancer Center, China","National Cancer Center, China",2,0,0,single_arm,1,osimertinib;vebreltinib,osimertinib;vebreltinib,MET,Small Molecule,ALK;EGFR;MET;ROS1,0,1,1,0,1,0,0,0,0,0,1,"EGFRm, ROS1+",metastatic · squamous · measurable (RECIST) · ECOG 0-1
NCT06829459,A Study to Evaluate the Efficacy and Safety of Glumetinib Combined With Osimertinib Mesylate Versus Platinum-based Doublet Chemotherapy in Non-Small Cell Lung Cancer Patients After Resistance to EGFR-TKIs,PHASE3,Phase 3,RECRUITING,350,Shanghai JMT-Bio Inc.,Shanghai JMT-Bio,33,1,0,active_comparator,2,cisplatin or carboplatin;pemetrexed,glumetinib;osimertinib mesylate,MET,Small Molecule,ALK;MET;ROS1,0,1,1,0,1,0,1,0,1,0,1,"EGFRm, ROS1+, MET+",metastatic · 1st-line · small-cell · measurable (RECIST)
NCT06835569,A Study to Learn About Study Medicine ALTA3263 in Adults With Advanced Solid Tumors With KRAS Mutations,PHASE1,Phase 1,RECRUITING,448,"Alterome Therapeutics, Inc.",Alterome Therapeutics,2,1,0,multi_experimental,10,alta3263,FOLFIRINOX;FOLFOX;alta3263;cetuximab;gnp;midazolam;pembrolizumab;pemetrexed + cisplatin /carboplatin,KRAS,Monoclonal Antibody,KRAS,1,1,0,0,0,0,0,0,0,0,0,,metastatic
NCT06838273,A Study of BL-B01D1 in Combination With Osimertinib Versus Osimertinib as First-Line Treatment in Patients With EGFR-Mutated Locally Advanced or Metastatic Non-Small Cell Lung Cancer(PANKU-Lung04),PHASE3,Phase 3,RECRUITING,720,"Sichuan Baili Pharmaceutical Co., Ltd.",Sichuan Baili Pharmaceutical,127,1,0,active_comparator,2,osimertinib,bl-b01d1;osimertinib,EGFR,ADC,,1,1,1,0,0,0,0,0,0,0,1,EGFRm,metastatic · small-cell · measurable (RECIST) · ECOG 0
NCT06841055,"Safety and Preliminary Efficacy of Pumitamig (BNT327), an Investigational Therapy for Patients With Non-small Cell Lung Cancer in Combination With Chemotherapy as First-line or Second-line Treatment",PHASE2,Phase 2,RECRUITING,60,BioNTech SE,BioNTech,45,1,0,multi_experimental,3,docetaxel;pumitamig,docetaxel;pumitamig,PD-L1,Bispecific Antibody,PD-L1,1,1,0,0,0,0,0,1,1,0,1,PD-L1+,metastatic · 1st-line · measurable (RECIST)
NCT06847334,"A Study to Compare the Efficacy, Safety, Immunogenicity, and Pharmacokinetic Profile of HLX17 Vs. Keytruda® in the First-Line Treatment of Advanced Non-squamous Non-small Cell Lung Cancer",PHASE3,Phase 3,NOT_YET_RECRUITING,772,Shanghai Henlius Biotech,Shanghai Henlius,98,1,0,active_comparator,3,eu-sourced keytruda;us-sourced keytruda,hlx17,PD-1,Monoclonal Antibody,ALK;EGFR;PD-L1;ROS1,1,1,1,0,1,0,0,1,0,0,1,"EGFRm, ROS1+, PD-L1+",metastatic · squamous · measurable (RECIST)
NCT06848699,A Phase Ib/II Clinical Study to Evaluate HLX43 in Combination With Serplulimab in Patients With Advanced/Metastatic Solid Tumors,PHASE1;PHASE2,Phase 2,RECRUITING,105,Shanghai Henlius Biotech,Shanghai Henlius,98,1,0,multi_experimental,5,serplulimab,hlx43 dose 1;hlx43 dose 2;hlx43 dose 3;hlx43 dose 4;hlx43 dose 5;serplulimab,PD-L1,ADC,EGFR;PD-L1,1,1,1,0,0,0,0,1,0,0,1,"EGFRm, PD-L1+",metastatic · ductal · measurable (RECIST)
NCT06855771,A Study of Navlimetostat (BMS-986504) in Participants With Pre-treated Advanced or Metastatic Non-small Cell Lung Cancer (NSCLC) With Homozygous MTAP Deletion (MountainTAP-9),PHASE2,Phase 2,RECRUITING,130,Bristol-Myers Squibb,Bristol Myers Squibb,764,1,1,multi_experimental,2,bms-986504,bms-986504,MTAP,Small Molecule,MTAP-DEFICIENT,0,1,0,0,0,0,0,0,0,0,0,,metastatic · measurable (RECIST)
NCT06858813,A Study to Assess Adverse Events and Change in Disease Activity of Intravenously (IV) Infused ABBV-324 in Adult Participants With Hepatocellular Cancer (HCC) or Squamous-Cell Non-Small Cell Lung Cancer (LUSC),PHASE1,Phase 1,RECRUITING,232,AbbVie,AbbVie,274,1,1,active_comparator,5,lenvatinib,abbv-324,VEGF/VEGFR,Small Molecule,PD-L1,0,1,0,0,0,0,0,0,0,0,0,,metastatic · squamous · measurable (RECIST)
NCT06864624,Perioperative Treatment of Sunvozertinib in Stage II-IIIB NSCLC,PHASE2,Phase 2,RECRUITING,27,Tang-Du Hospital,Tang-Du Hospital,5,0,0,single_arm,1,sunvozertinib,sunvozertinib,EGFR,Small Molecule,EGFR;PACC;PR,0,1,1,0,0,0,0,0,0,1,1,EGFRm,2nd-line+ · small-cell · measurable (RECIST)
NCT06865339,Thoracic Radiotherapy and Inhibition of PD-1 and LAG-3 for Locally Advanced Non-Small Cell Lung Cancer,PHASE2,Phase 2,RECRUITING,76,Montefiore Medical Center,Montefiore Medical Center,18,0,1,multi_experimental,2,cemiplimab;fianlimab;radiotherapy,cemiplimab;fianlimab;platinum doublet chemotherapy (pdc);radiotherapy,PD-1,Monoclonal Antibody,ALK;PD-L1,1,1,0,1,0,0,0,1,1,0,1,"ALK+, PD-L1+",unresectable · 1st-line · squamous · measurable (RECIST)
NCT06868277,A Global Phase III Study of Rilvegostomig or Pembrolizumab Monotherapy for First-Line Treatment of PD-L1-high Metastatic Non-small Cell Lung Cancer,PHASE3,Phase 3,RECRUITING,830,AstraZeneca,AstraZeneca,780,1,1,active_comparator,2,pembrolizumab,rilvegostomig,PD-1,Monoclonal Antibody,ALK;PD-L1;ROS1;genomic,1,1,0,1,1,0,0,1,1,0,1,"ALK+, ROS1+, PD-L1+",metastatic · 1st-line · squamous · measurable (RECIST)
NCT06868485,A Study to Assess the Efficacy of WSD0922-FU in Patients With C797S+ Advanced Non-small Cell Lung Cancer,PHASE2,Phase 2,RECRUITING,40,"Wayshine Biopharm, Inc.",Wayshine Biopharm,3,1,0,multi_experimental,2,wsd0922-fu tablets,dose level a;dose level b;wsd0922-fu tablets,EGFR,,EGFR,0,1,1,0,0,0,0,0,1,1,1,EGFRm,metastatic · 1st-line · ECOG 0-1
NCT06868732,Evaluation of JSKN016 Combination Therapy in Subjects With NSCLC,PHASE1,Phase 1,RECRUITING,288,"Jiangsu Alphamab Biopharmaceuticals Co., Ltd",Jiangsu Alphamab Biopharmaceuticals,35,1,0,multi_experimental,8,jskn016,carboplatin;docetaxel;furmonertinib mesylate;ivonescimab;jskn016;pembrolizumab;tislelizumab,TROP2,ADC,TROP2,1,1,0,0,0,0,0,0,0,0,0,,metastatic · squamous · measurable (RECIST)
NCT06868849,A Study of JMT203 in Patients With Cancer Cachexia,PHASE1;PHASE2,Phase 2,RECRUITING,307,Shanghai JMT-Bio Inc.,Shanghai JMT-Bio,33,1,0,placebo_comparator,4,jmt203 injection,jmt203 injection,,Monoclonal Antibody,,1,1,0,0,0,0,0,0,1,1,0,,metastatic · 1st-line · squamous · ECOG 2
NCT06873555,A Study of DC05F01 in Chinese Patients With Recurrent/Refractory Ovarian Cancer and Other Advanced Solid Tumors,PHASE1;PHASE2,Phase 2,RECRUITING,60,Heronova Pharmaceuticals,Heronova Pharmaceuticals,3,1,0,multi_experimental,4,dc05f01,dc05f01,,,,0,1,0,0,0,0,0,0,0,1,0,,metastatic · 2nd-line+ · small-cell · measurable (RECIST)
NCT06875310,A Study of Adagrasib Plus Pembrolizumab Plus Chemotherapy vs. Placebo Plus Pembrolizumab Plus Chemotherapy in Participants With Previously Untreated Non-squamous Non-small Cell Lung Cancer With KRAS G12C Mutation (KRYSTAL-4),PHASE3,Phase 3,RECRUITING,630,Mirati Therapeutics Inc.,Mirati,42,1,0,placebo_comparator,2,carboplatin;cisplatin;pembrolizumab;pemetrexed,adagrasib;carboplatin;cisplatin;pembrolizumab;pemetrexed,PD-1,Monoclonal Antibody,KRAS;PD-L1,1,1,0,0,0,1,0,1,0,0,1,"KRAS G12C, PD-L1+",metastatic · squamous · measurable (RECIST)
NCT06879717,A Study of Roginolisib (IOA-244) in Combination With Dostarlimab With or Without Docetaxel in Metastatic Non Small-cell Lung Cancer (NSCLC) Patients,PHASE1;PHASE2,Phase 2,ACTIVE_NOT_RECRUITING,45,iOnctura,iOnctura,4,1,0,active_comparator,3,docetaxel;dostarlimab,docetaxel;dostarlimab;roginolisib,PI3K,Small Molecule,PIK3CA;PTEN,0,1,0,0,0,0,0,0,0,1,0,,metastatic · 2nd-line+ · squamous · measurable (RECIST)
NCT06881784,Study of Daraxonrasib (RMC-6236) in Patients With RAS Mutated NSCLC (RASolve 301),PHASE3,Phase 3,RECRUITING,590,"Revolution Medicines, Inc.",Revolution Medicines,19,1,0,active_comparator,2,docetaxel,daraxonrasib,KRAS,Small Molecule,KRAS,0,1,0,0,0,0,0,0,0,0,0,,metastatic · measurable (RECIST)
NCT06883630,A Phase Ib Study of RC148 as Monotherapy or Combination for Locally Advanced or Metastatic NSCLC,PHASE1,Phase 1,ACTIVE_NOT_RECRUITING,121,"RemeGen Co., Ltd.",RemeGen,51,1,0,multi_experimental,3,,rc148;rc148 plus carboplatin and paclitaxel/pemetrexed,,,PD-L1,0,1,0,0,0,0,0,1,0,0,1,PD-L1+,metastatic · small-cell · ECOG 0
NCT06885840,Study of MCLA-129 in the Treatment of Advanced Non-small Cell Lung Cancer with AGA and MET Amplification.,PHASE2,Phase 2,NOT_YET_RECRUITING,100,"Betta Pharmaceuticals Co., Ltd.",Betta Pharmaceuticals,66,1,0,multi_experimental,4,mcla-129,mcla-129,EGFR,Bispecific Antibody,MET;PR,1,1,1,0,0,0,1,0,0,0,1,"EGFRm, MET+",metastatic · squamous · measurable (RECIST)
NCT06890598,Study of Olomorasib (LY3537982) in Combination With Standard of Care in Participants With Resected or Unresectable KRAS G12C-mutant Non-Small Cell Lung Cancer,PHASE3,Phase 3,RECRUITING,700,Eli Lilly and Company,Eli Lilly,535,1,1,placebo_comparator,4,durvalumab;pembrolizumab,durvalumab;olomorasib;pembrolizumab,PD-1,Monoclonal Antibody,ALK;KRAS;PD-L1,1,1,0,0,0,1,0,1,0,0,1,"KRAS G12C, PD-L1+",unresectable
NCT06892548,A Clinical Study to Investigate the Efficacy and Safety of an Investigational Combination Therapy With BNT324 and BNT327 in Patients With Advanced Lung Cancer,PHASE1;PHASE2,Phase 2,RECRUITING,594,BioNTech SE,BioNTech,45,1,0,multi_experimental,8,bnt324;bnt327,bnt324;bnt327,PD-L1,,PD-L1,0,1,0,0,0,0,0,1,1,1,1,PD-L1+,metastatic · 1st-line · measurable (RECIST)
NCT06895031,Study of JYP0015 in Patients With Advanced Solid Tumors Harboring Specific Mutations in RAS,PHASE2,Phase 2,RECRUITING,210,"Guangzhou JOYO Pharma Co., Ltd",Guangzhou JOYO Pharma,4,1,0,single_arm,1,jyp0015,jyp0015,KRAS,Small Molecule,RAS,0,1,0,0,0,0,0,0,0,1,0,,metastatic · 2nd-line+
NCT06896890,Cisplatin (CIS) Administered As Dry Powder for Inhalation (DPI) in Patients with Stage IV Non-Small Cell Lung Cancer,PHASE1;PHASE2,Phase 2,RECRUITING,32,Inhatarget Therapeutics,Inhatarget Therapeutics,1,1,0,single_arm,1,cis-dpi,cis-dpi,,Small Molecule,ALK,0,1,1,1,0,0,0,0,1,0,1,"EGFRm, ALK+",metastatic · 1st-line · squamous · measurable (RECIST)
NCT06898957,Study of Tarlatamab in Combination With YL201 With or Without Anti-programmed Death Ligand 1 (PD-L1) in Participants With Extensive Stage (ES) Small Cell Lung Cancer (SCLC),PHASE1,Phase 1,ACTIVE_NOT_RECRUITING,29,Amgen,Amgen,323,1,1,multi_experimental,3,tarlatamab;yl201,durvalumab;tarlatamab;yl201,PD-L1,ADC,PD-L1,1,1,0,0,0,0,0,0,1,0,0,,metastatic · 1st-line · measurable (RECIST)
NCT06899126,"Study of Trastuzumab Deruxtecan, Pembrolizumab, and Platinum-based Chemotherapy in First-line HER2 Overexpressing Non-small Cell Lung Cancer",PHASE3,Phase 3,RECRUITING,686,Daiichi Sankyo,Daiichi Sankyo,178,1,1,active_comparator,2,pembrolizumab;pemetrexed;platinum,pembrolizumab;trastuzumab deruxtecan,PD-1,Monoclonal Antibody,HER2;PD-L1,1,1,0,0,0,0,0,1,1,0,1,PD-L1+,metastatic · 1st-line · squamous
NCT06902350,"Safety, Pharmacokinetics and Preliminary Efficacy of CS231295 in Advanced Solid Tumors",PHASE1,Phase 1,RECRUITING,102,"Chipscreen Biosciences, Ltd.",Chipscreen Biosciences,25,1,0,single_arm,1,cs231295,cs231295,AURKB,Cell Therapy,RB1,1,1,0,0,0,0,0,0,0,0,0,,metastatic · small-cell · measurable (RECIST)
NCT06903117,Anti-CEA CAR-T for Advanced CEA-Positive Lung Carcinoma,PHASE1,Phase 1,RECRUITING,60,"Chongqing Precision Biotech Co., Ltd",Chongqing Precision Biotech,41,1,0,multi_experimental,2,targeted cea car-t,targeted cea car-t,CEA,CAR-T,CEA,1,1,0,0,0,0,0,0,0,1,0,,metastatic · 2nd-line+ · small-cell · measurable (RECIST) · ECOG 0
NCT06903377,Study of ZG005 Combined With Gecacitinib in Patients With Advanced Non-Small Cell Lung Cancer,PHASE1;PHASE2,Phase 2,RECRUITING,50,"Suzhou Zelgen Biopharmaceuticals Co.,Ltd",Suzhou Zelgen Biopharmaceuticals,49,1,0,multi_experimental,2,gecacitinib hydrochloride tablets;zg005 for injection,gecacitinib hydrochloride tablets;zg005 for injection,PD-1,Monoclonal Antibody,PD-L1,1,1,0,0,0,0,0,0,0,0,0,,metastatic · squamous
NCT06905197,"A Multinational Study Assessing an Oral EGFR Inhibitor, DZD6008 in Patients Who Have Advanced NSCLC With EGFR Mutations (TIAN-SHAN1)",PHASE1,Phase 1,RECRUITING,140,Dizal Pharmaceuticals,Dizal Pharmaceuticals,29,1,0,multi_experimental,13,dzd6008,dzd6008;sunvozertinib,EGFR,Small Molecule,EGFR,0,1,1,0,0,0,0,0,1,1,1,EGFRm,metastatic · 1st-line · small-cell · measurable (RECIST) · ECOG 0
NCT06907615,A Phase II Clinical Study to Evaluate HLX43 in Subjects With Advanced Non-small Cell Lung Cancer (NSCLC),PHASE2,Phase 2,RECRUITING,243,Shanghai Henlius Biotech,Shanghai Henlius,98,1,0,multi_experimental,2,,hlx43 dose 1 (2.;hlx43 dose 2 (2.,PD-L1,ADC,ALK;BRAF;EGFR;MET;NTRK;PD-L1;RET;ROS1;genomic,1,1,1,0,1,0,1,1,0,1,1,"EGFRm, ROS1+, MET+, PD-L1+",metastatic · 2nd-line+ · squamous · measurable (RECIST)
NCT06908304,A Phase III Study With THIO + Cemiplimab vs Chemotherapy as 3rd Line Treatment in Advanced/Metastatic NSCLC,PHASE3,Phase 3,RECRUITING,300,Maia Biotechnology,Maia Biotechnology,2,1,0,active_comparator,2,docetaxel;gemcitabine alone;vinorelbine,6-thio-2'-deoxyguanosine;cemiplimab,telomerase,Small Molecule,PD-L1;PR;genomic,0,1,0,0,0,0,0,1,1,1,1,PD-L1+,metastatic · 1st-line · measurable (RECIST)
NCT06908772,Glumetinib Combined With Osimertinib Treatment for Non-Small Cell Lung Cancer Patients,PHASE2;PHASE3,Phase 3,NOT_YET_RECRUITING,390,Shanghai JMT-Bio Inc.,Shanghai JMT-Bio,33,1,0,multi_experimental,3,osimertinib mesylate tablets,glumetinib tablets;glumetinib tablets placebo;osimertinib mesylate tablets,MET,Small Molecule,MET,0,1,0,0,0,0,0,0,0,1,0,,metastatic · 2nd-line+ · measurable (RECIST)
NCT06910657,IDOV-Immune for Advanced Solid Tumors,PHASE1,Phase 1,RECRUITING,78,"ViroMissile, Inc.",ViroMissile,1,1,0,single_arm,1,idov-immune (oncolytic vaccinia virus),idov-immune (oncolytic vaccinia virus),,Oncolytic Virus,,1,1,0,0,0,0,0,0,0,0,0,,metastatic · measurable (RECIST)
NCT06917079,BBO-11818 in Adult Subjects With KRAS Mutant Cancer,PHASE1,Phase 1,RECRUITING,665,"TheRas, Inc., d/b/a BBOT (BridgeBio Oncology Therapeutics)","TheRas, Inc., d/b/a BBOT (BridgeBio Oncology Therapeutics)",3,1,0,multi_experimental,20,bbo-11818,FOLFIRINOX;FOLFOX;bbo-10203;bbo-11818;cetuximab;gemcitabine;nab-paclitaxel;pembrolizumab;pemetrexed;platinum chemotherapy (cisplatin or carboplatin),KRAS,Small Molecule,KRAS,0,1,0,0,0,0,0,0,0,0,0,,metastatic · measurable (RECIST)
NCT06922539,Phase 1 Trial of ST-001 nanoFenretinide in Relapsed/ Refractory Small Cell Lung Cancer,PHASE1,Phase 1,RECRUITING,44,"SciTech Development, Inc.",SciTech Development,2,1,0,multi_experimental,2,fenretinide,fenretinide,,Small Molecule,,0,1,0,0,0,0,0,0,0,1,0,,metastatic · 2nd-line+ · squamous · measurable (RECIST)
NCT06922591,"Study to Evaluate the Safety, Tolerability & Efficacy of TNG462 in Combination in PDAC & NSCLC Patients",PHASE1;PHASE2,Phase 2,RECRUITING,183,"Tango Therapeutics, Inc.",Tango Therapeutics,6,1,0,multi_experimental,8,tng462,FOLFIRINOX;gemcitabine/nab-paclitaxel;rmc-6236;rmc-9805;tng462,MTAP,Small Molecule,MET;MTAP;RAS,0,1,0,0,0,0,0,0,0,0,0,,metastatic · measurable (RECIST) · ECOG 0
NCT06926075,Early Phase Study of KESONOTIDE™in Participants With Solid Tumours,PHASE1;PHASE2,Phase 2,RECRUITING,80,Filamon LTD,Filamon,1,1,0,multi_experimental,2,a novel hgiia-vimentin inhibitor;dose expansion,a novel hgiia-vimentin inhibitor;dose expansion,VIMENTIN,Small Molecule,biomarker,0,1,0,0,0,0,0,0,0,0,0,,metastatic · measurable (RECIST)
NCT06926413,A Study Evaluating the Effect of Aumolertinib on the Pharmacokinetics of Midazolam in Patients With NSCLC,PHASE1,Phase 1,RECRUITING,20,"Jiangsu Hansoh Pharmaceutical Co., Ltd.",Hansoh,82,1,0,single_arm,1,aumolertinib；midazolam,aumolertinib；midazolam,EGFR,Small Molecule,EGFR,0,1,1,0,0,0,0,0,0,1,1,EGFRm,metastatic · 2nd-line+
NCT06927986,Phase III Trial of SYS6010 Versus Platinum-based Chemotherapy for EGFR-mutated NSCLC（SYNSTAR01）,PHASE3,Phase 3,RECRUITING,380,"CSPC Megalith Biopharmaceutical Co.,Ltd.",CSPC Megalith Biopharmaceutical,29,1,0,active_comparator,2,carboplatin;cisplatin;pemetrexed,sys6010,EGFR,ADC,EGFR;MET,1,1,1,0,0,0,0,0,0,0,1,EGFRm,metastatic · squamous · measurable (RECIST)
NCT06928389,Ivonescimab in Combination With Docetaxel in Advanced Non-Small Cell Lung Cancer,PHASE3,Phase 3,RECRUITING,536,Akeso,Akeso,103,1,0,active_comparator,2,docetaxel,docetaxel;ivonescimab,PD-L1,Monoclonal Antibody,PD-L1;genomic,1,1,0,0,0,0,0,1,0,0,1,PD-L1+,metastatic · small-cell · measurable (RECIST)
NCT06930794,A Study of Vebreltinib and Platinum-Containing Double Agents in Subjects With MET-Positive,PHASE3,Phase 3,RECRUITING,300,Beijing Pearl Biotechnology Limited Liability Company,Beijing Pearl Biotechnology Limited Liability,8,1,0,active_comparator,2,platinum-based doublet chemotherapy.,vebreltinib combined with platinum-based doublet chemotherapy.,MET,Small Molecule,ALK;BRAF;EGFR;KRAS;MET;NTRK;RET;ROS1,0,1,1,1,1,0,1,0,0,1,1,"EGFRm, ALK+, ROS1+, MET+",metastatic · 2nd-line+ · squamous · measurable (RECIST) · ECOG 1
NCT06931626,Study of NMS-03305293 in Adult Patient With Relapsed Small Cell Lung Cancer,PHASE1,Phase 1,RECRUITING,10,Nerviano Medical Sciences,Nerviano Medical Sciences,15,1,0,single_arm,1,nms-03305293;temozolomide,nms-03305293;temozolomide,,,,0,1,0,0,0,0,0,0,0,0,0,,recurrent · adenoca. · measurable (RECIST)
NCT06931717,A Clinical Study to Assess the Efficacy of Adjuvant Immunotherapy With Cemiplimab in Patients With Surgically Removed Non-small Cell Lung Cancer Who Have Not Received Prior Chemotherapy,PHASE3,Phase 3,RECRUITING,390,ETOP IBCSG Partners Foundation,ETOP IBCSG Partners Foundation,20,0,1,multi_experimental,2,cemiplimab,cemiplimab,PD-1,Monoclonal Antibody,ALK;PD-L1,1,1,1,1,0,0,0,1,0,0,1,"EGFRm, ALK+, PD-L1+",metastatic · small-cell · ECOG 2
NCT06933329,Zelenectide Pevedotin in NECTIN4 Amplified Advanced or Metastatic Non-small Cell Lung Cancer,PHASE2,Phase 2,ACTIVE_NOT_RECRUITING,73,BicycleTx Limited,BicycleTx,8,1,0,multi_experimental,2,zelenectide pevedotin,zelenectide pevedotin,NECTIN4,ADC,ALK;BRAF;MET;NECTIN4;NTRK;RET;ROS1;genomic,1,1,0,0,1,0,0,0,0,0,1,ROS1+,metastatic · squamous · measurable (RECIST)
NCT06934590,Evaluate Safety and Tolerability of RX001 in Patients With KRAS Mutant Advanced NSCLC,PHASE1,Phase 1,NOT_YET_RECRUITING,18,GeneCraft Inc.,GeneCraft,1,1,0,single_arm,1,rx001,rx001,RUNX3,Cell Therapy,KRAS,1,1,0,0,0,0,0,0,0,0,0,,unresectable · measurable (RECIST)
NCT06936644,"A Multicenter, Single-arm Phase II Study to Evaluate the Efficacy and Safety of Fulzerasib (IBI351) in Combination With Ivonescimab (AK-112) in First-line Treatment of Advanced or Metastatic Non-small Cell Lung Cancer Patients With KRAS G12C Mutation",PHASE2,Phase 2,NOT_YET_RECRUITING,39,Shanghai Chest Hospital,Shanghai Chest Hospital,12,0,0,single_arm,1,ibi351+ak112,ibi351+ak112,PD-1,Bispecific Antibody,ALK;KRAS,1,1,0,1,0,1,0,0,1,1,1,"ALK+, KRAS G12C",metastatic · 1st-line · squamous · measurable (RECIST)
NCT06939595,A Study to Compare Effects and Safety of CT-P51 and Keytruda in Patients With Previously Untreated Metastatic Lung Cancer,PHASE3,Phase 3,ACTIVE_NOT_RECRUITING,225,Celltrion,Celltrion,9,1,0,active_comparator,2,eu-approved keytruda,ct-p51,PD-L1,Monoclonal Antibody,PD-L1,1,1,0,0,0,0,0,0,0,0,0,,metastatic · squamous · measurable (RECIST)
NCT06940401,JS111 in Patients With Advanced NSCLC Harboring EGFR Mutations,PHASE1;PHASE2,Phase 2,ACTIVE_NOT_RECRUITING,44,"Suzhou Junjing BioSciences Co., Ltd.",Suzhou Junjing BioSciences,6,1,0,single_arm,1,js111 capsules (ap-l1898),js111 capsules (ap-l1898),EGFR,Small Molecule,EGFR;PR,0,1,1,0,0,0,0,0,0,1,1,EGFRm,metastatic · 2nd-line+ · squamous · measurable (RECIST)
NCT06942143,"An Open-label, Phase I Clinical Trial of Super1 TCR-T in NY-ESO-1-positive Patients With Advanced Solid Tumors",PHASE1,Phase 1,RECRUITING,15,"Guangzhou FineImmune Biotechnology Co., LTD.",Guangzhou FineImmune Biotechnology,5,1,0,single_arm,1,super1 tcr-t,super1 tcr-t,NY-ESO-1,CAR-T,MET;NY-ESO-1,1,1,0,0,0,0,0,0,1,0,0,,1st-line · measurable (RECIST) · ECOG 0-1
NCT06943521,A Study of MT-4561 in Patients With Various Advanced Solid Tumors,PHASE1;PHASE2,Phase 2,RECRUITING,27,"Tanabe Pharma America, Inc.",Tanabe Pharma America,3,1,0,single_arm,1,mt-4561,mt-4561,BRD4,Small Molecule,,0,1,0,0,0,0,0,0,0,0,0,,metastatic · adenoca. · measurable (RECIST)
NCT06943664,"Photoimmunotherapy With ASP-1929 and Cemiplimab for the Treatment of Refractory, Inoperable, and Metastatic Stage IIIB-IV Non-small Cell Lung Cancer",PHASE2,Phase 2,WITHDRAWN,0,Roswell Park Cancer Institute,Roswell Park Cancer Institute,73,0,0,single_arm,1,biospecimen collection;cemiplimab;cetuximab sarotalocan sodium;computed tomography;electronic health record review;endobronchial ultrasound bronchoscopy;magnetic resonance imaging;photoimmunotherapy;positron emission tomography;robotic bronchoscopy;video-assisted thoracic surgery,biospecimen collection;cemiplimab;cetuximab sarotalocan sodium;computed tomography;electronic health record review;endobronchial ultrasound bronchoscopy;magnetic resonance imaging;photoimmunotherapy;positron emission tomography;robotic bronchoscopy;video-assisted thoracic surgery,PD-1,Monoclonal Antibody,ALK;BRAF;PD-L1;PR;ROS1;genomic,1,1,0,0,1,0,0,1,0,1,1,"ROS1+, PD-L1+",metastatic · 2nd-line+ · measurable (RECIST)
NCT06943820,AK129 Combination Therapy for Advanced Solid Tumors,PHASE1;PHASE2,Phase 2,RECRUITING,230,Akeso,Akeso,103,1,0,active_comparator,9,carboplatin;paclitaxel;pemetrexed;penpulimab,5-fu (5-fluorouracil);ak129(dose 1);ak129(dose 2);ak129(rp2d);carboplatin;cetuximab;cis-platinum;docetaxel;paclitaxel;pemetrexed,PD-1/LAG-3,Bispecific Antibody,ALK;BRAF;MET;MMR;MSI;MSI-H;NTRK;PD-L1;RET;ROS1;dMMR,1,1,1,1,1,0,1,0,0,0,1,"EGFRm, ALK+, ROS1+, MET+",metastatic · adenoca. · measurable (RECIST)
NCT06945523,Clinical Study on Chimeric Antigen Receptor T Lymphocyte (CAR-T) Targeting CEA for the Treatment of CEA - Positive Advanced Lung Cancer,PHASE1,Phase 1,RECRUITING,60,"Chongqing Precision Biotech Co., Ltd",Chongqing Precision Biotech,41,1,0,multi_experimental,2,targeted cea car-t,targeted cea car-t,CEA,CAR-T,CEA,1,1,0,0,0,0,0,0,0,0,0,,metastatic · small-cell · measurable (RECIST)
NCT06946797,A Study to Evaluate Two Dosing Regimens of Subcutaneous Nivolumab in Combination With Intravenous Ipilimumab and Chemotherapy in Participants With Previously Untreated Metastatic or Recurrent Non-Small Cell Lung Cancer (NSCLC),PHASE2,Phase 2,ACTIVE_NOT_RECRUITING,76,Bristol-Myers Squibb,Bristol Myers Squibb,764,1,1,multi_experimental,2,carboplatin;cisplatin;ipilimumab;nivolumab;paclitaxel;pemetrexed,carboplatin;cisplatin;ipilimumab;nivolumab;paclitaxel;pemetrexed,PD-1,Monoclonal Antibody,ALK;BRAF;CD30;EGFR;NTRK;PD-L1;RET,1,1,1,1,0,0,0,1,0,0,1,"EGFRm, ALK+, PD-L1+",metastatic · squamous · measurable (RECIST)
NCT06946927,A Phase Ib Study of JMKX001899 in Combination With Other Therapies in Advanced NSCLC Harboring KRAS G12C Mutation,PHASE1,Phase 1,RECRUITING,72,Jemincare,Jemincare,10,1,0,multi_experimental,3,jmkx001899,carboplatin;chemotherapy: pemetrexed;in10018;jmkx001899,KRAS,Small Molecule,KRAS,0,1,0,0,0,1,0,0,0,0,1,KRAS G12C,metastatic · measurable (RECIST)
NCT06948539,To Evaluate the Tolerability and Pharmacokinetics of TQB2101 for Injection in Patients With Advanced Malignant Tumors,PHASE1,Phase 1,NOT_YET_RECRUITING,66,"Chia Tai Tianqing Pharmaceutical Group Nanjing Shunxin Pharmaceutical Co., Ltd.",Chia Tai Tianqing Pharmaceutical Group Nanjing Shunxin Pharmaceutical,36,1,0,single_arm,1,tqb2101 for injection,tqb2101 for injection,,ADC,,1,1,0,0,0,0,0,0,0,0,0,,metastatic · measurable (RECIST) · ECOG 0
NCT06951399,Tracking T-Cell Responses to Evaluate Pembrolizumab Effectiveness in Advanced Non-Small Cell Lung Cancer,PHASE2,Phase 2,NOT_YET_RECRUITING,30,Rabin Medical Center,Rabin Medical Center,5,0,1,single_arm,1,pembrolizumab (keytruda),pembrolizumab (keytruda),PD-1,Monoclonal Antibody,PD-L1;biomarker,1,1,0,0,0,0,0,0,0,0,0,,metastatic · adenoca. · measurable (RECIST)
NCT06951646,ctDNA-MRD Guided Escalation of Ivonescimab and Docetaxel in Advanced NSCLC With Long-Term Responses to First-line Immunotherapy (CR1STAL-Adaptive),PHASE2,Phase 2,RECRUITING,70,Second Xiangya Hospital of Central South University,Second Xiangya Hospital of Central South University,2,0,0,multi_experimental,2,docetaxel;ivonescimab,docetaxel;ivonescimab,PD-1,Bispecific Antibody,ALK;BRAF;MSS;PD-L1;ROS1;VEGF;pMMR,1,1,0,0,1,0,0,0,1,1,1,ROS1+,metastatic · 1st-line · squamous · measurable (RECIST) · ECOG 0-1
NCT06954246,A Study of MHB088C Injection Versus Treatment of Physician's Choice in Subjects With Relapsed Small Cell Lung Cancer,PHASE3,Phase 3,RECRUITING,450,"Qilu Pharmaceutical Co., Ltd.",Qilu Pharmaceutical,108,1,0,active_comparator,2,irinotecan;paclitaxel;topotecan,mhb088c for injection,,,biomarker,0,1,0,0,0,0,0,0,0,0,0,,metastatic · small-cell · measurable (RECIST)
NCT06955988,"A Study to Evaluate the Safety, Tolerability, Pharmacokinetics, and Efficacy of AST2303 Tablets (ABK3376 Tablets) in Patients With Advanced or Metastatic Non-Small Cell Lung Cancer",PHASE1,Phase 1,RECRUITING,120,"Allist Pharmaceuticals, Inc.",Allist Pharmaceuticals,19,1,0,multi_experimental,5,ast2303 tablets(abk3376 tablets) ，,ast2303 tablets(abk3376 tablets) ，,,,,0,1,0,0,0,0,0,0,0,0,0,,metastatic · small-cell · measurable (RECIST)
NCT06956001,Firmonertinib Versus Platinum Based Chemotherapy as First-line Treatment for NSCLC With EGFR PACC or EGFR l861q Mutation,PHASE3,Phase 3,RECRUITING,300,"Allist Pharmaceuticals, Inc.",Allist Pharmaceuticals,19,1,0,active_comparator,2,carboplatin injection;cisplatin for injection;pemetrexed disodium for injection,firmonertinib mesilate tablets,EGFR,Small Molecule,ALK;BRAF;EGFR;EGFR PACC;MET;NTRK;RET;ROS1,0,1,0,1,1,0,1,0,0,0,1,"ALK+, ROS1+, MET+",metastatic · squamous · measurable (RECIST)
NCT06956690,"A Phase 1/2 Clinical Trial to Assess the Safety, Tolerability, Pharmacokinetics and Preliminary Efficacy of HMBD-501 in Patients With HER3-Expressing Solid Tumors",PHASE1;PHASE2,Phase 2,RECRUITING,180,Hummingbird Bioscience,Hummingbird Bioscience,4,1,0,single_arm,1,env-501,env-501,EGFR,ADC,,1,1,0,0,0,0,0,0,0,1,0,,metastatic · 2nd-line+ · adenoca.
NCT06961188,Clinical Study on Nanocrystalline Megestrol Acetate for Appetite Improvement and Weight Gain in Pre-Cachexia and Cachexia Stages Key Terminology Analysis,PHASE3,Phase 3,NOT_YET_RECRUITING,174,"Changchun GeneScience Pharmaceutical Co., Ltd.",Changchun GeneScience Pharmaceutical,23,1,0,active_comparator,2,standard therapy,nano-crystalline megestrol acetate oral suspension;standard therapy,,Cell Therapy,,1,1,0,0,0,0,0,0,0,0,0,,metastatic · squamous
NCT06961201,Nano-crystalline Megestrol Acetate Combined With Standard Treatment Versus Standard Treatment for First-line Extensive-stage Small Cell Lung Cancer in the Cachexia Phase,PHASE3,Phase 3,NOT_YET_RECRUITING,94,"Changchun GeneScience Pharmaceutical Co., Ltd.",Changchun GeneScience Pharmaceutical,23,1,0,active_comparator,2,standard treatment,nano-crystalline megestrol acetate oral suspension;standard treatment,,,,0,1,0,0,0,0,0,0,0,0,0,,metastatic · small-cell · measurable (RECIST)
NCT06962865,A Phase Ⅱ Study of RC108 in Combination With Furmonertinib for the First-line Treatment of EGFR-Mutated Combined MET-Positive Unresectable Locally Advanced or Recurrent Metastatic NSCLC,PHASE2,Phase 2,RECRUITING,80,"RemeGen Co., Ltd.",RemeGen,51,1,0,active_comparator,2,furmonertinib mesilate tablets monotherapy,furmonertinib mesilate tablets monotherapy;rc108,MET,ADC,EGFR;MET,1,1,1,0,0,0,0,0,0,1,1,EGFRm,metastatic · 2nd-line+ · measurable (RECIST) · ECOG 0
NCT06963502,A Phase Ib Study of HS-10370 in Addition to Other Anti-cancer Therapies in Patients With Advanced Solid Tumors,PHASE1,Phase 1,NOT_YET_RECRUITING,762,"Jiangsu Hansoh Pharmaceutical Co., Ltd.",Hansoh,82,1,0,multi_experimental,7,hs-10370,adebrelimab;capecitabine;fluorouracil and oxaliplatin/irinotecan;hs-10370;hs-20093;hs-20117;leucovorin;oxaliplatin;platinum (cisplatin or carboplatin),KRAS,Small Molecule,KRAS,0,1,0,0,0,1,0,0,0,1,1,KRAS G12C,metastatic · 2nd-line+ · measurable (RECIST)
NCT06968221,"Bovine Reinforcement in Stomach, Colorectal and Lung Operation",PHASE3,Phase 3,RECRUITING,172,Shanghai Cingularbio Co. Ltd,Shanghai Cingularbio,1,1,0,active_comparator,2,device: bioabsorbable staple line reinforcemen,device: bioabsorbable staple line reinforcemen,,,,0,1,0,0,0,0,0,0,0,0,0,,
NCT06970639,A Study Evaluating Furmonertinib Plus Platinum-based Doublet Chemotherapy Versus Osimertinib in Patients With Epidermal Growth Factor Receptor (EGFR) Sensitizing Mutation-Positive Non-squamous Non-Small Cell Lung Cancer (NSCLC) and Brain Metastases,PHASE3,Phase 3,RECRUITING,380,"Allist Pharmaceuticals, Inc.",Allist Pharmaceuticals,19,1,0,active_comparator,2,osimertinib mesylate tablets,carboplatin injection;cisplatin for injection;furmonertinib mesilate tablets;pemetrexed disodium for injection,EGFR,Small Molecule,ALK;BRAF;EGFR Sensitizing;MET;NTRK;RET;ROS1,0,1,1,1,1,0,1,0,0,0,1,"EGFRm, ALK+, ROS1+, MET+",metastatic · squamous · measurable (RECIST) · ECOG 0-1
NCT06970782,"Vebreltinib Plus PLB1004 Versus Platinum-based Doublet Chemotherapy in Patients With EGFRm, MET+, Locally Advanced or Metastatic NSCLC Following EGFR-TKI Failure",PHASE3,Phase 3,NOT_YET_RECRUITING,278,"Avistone Biotechnology Co., Ltd.",Avistone Biotechnology,12,1,0,active_comparator,2,pemetrexed plus carboplatin or cisplatin,plb1004;vebreltinib,MET,Small Molecule,ALK;EGFR;MET;ROS1,0,1,0,0,1,0,0,0,0,0,1,ROS1+,metastatic · measurable (RECIST)
NCT06970795,A Study of SYS6040 for Injection in Patients With Advanced Solid Tumors,PHASE1,Phase 1,RECRUITING,180,"CSPC Megalith Biopharmaceutical Co.,Ltd.",CSPC Megalith Biopharmaceutical,29,1,0,single_arm,1,sys6040 for injection,sys6040 for injection,,Cell Therapy,,1,1,0,0,0,0,0,0,0,0,0,,metastatic · squamous · measurable (RECIST) · ECOG 0
NCT06980272,SSGJ-707 in Advanced Non-Small Cell Lung Cancer,PHASE3,Phase 3,RECRUITING,420,"Shenyang Sunshine Pharmaceutical Co., LTD.",Shenyang Sunshine Pharmaceutical,14,1,0,active_comparator,2,pembrolizumab,ssgj-707,PD-1,Bispecific Antibody,ALK;BRAF;MET;NTRK;PD-L1;RET;ROS1,1,1,1,1,1,0,1,0,0,0,1,"EGFRm, ALK+, ROS1+, MET+",metastatic · small-cell · measurable (RECIST)
NCT06982924,A Clinical Study on the Efficacy and Safety of the Combination of Limertinib and Bevacizumab Versus Limertinib as First-line Treatment for NSCLC.,PHASE2,Phase 2,NOT_YET_RECRUITING,136,Shanghai Chest Hospital,Shanghai Chest Hospital,12,0,0,placebo_comparator,2,limertinib,limertinib+bevacizumab,EGFR,Small Molecule,EGFR;MET;PD-L1,0,1,1,0,0,0,0,0,0,0,1,EGFRm,metastatic · squamous · measurable (RECIST)
NCT06984588,"A Study to Compare Uliledlimab Combined With Toripalimab, Toripalimab Monotherapy, and Pembrolizumab Monotherapy in Patients With Previously Untreated Locally Advanced Unresectable or Metastatic PD-L1- and CD73- Selected Non-Small Cell Lung Cancer",PHASE2;PHASE3,Phase 3,ACTIVE_NOT_RECRUITING,450,"TJ Biopharma Co., Ltd.",TJ Biopharma,11,1,0,active_comparator,3,pembrolizumab,toripalimab;uliledlimab,PD-1,Monoclonal Antibody,ALK;BRAF;CD73;NTRK;PD-L1;RET;ROS1,1,1,1,1,0,0,0,1,0,1,1,"EGFRm, ALK+, PD-L1+",metastatic · 2nd-line+ · squamous · measurable (RECIST)
NCT06987734,Neoadjuvant Sugemalimab + Chemotherapy Followed by Adjuvant Sugemalimab for Patients With Resectable Stage II-IIIA Non-small-cell Lung Cancer Patients,PHASE2,Phase 2,RECRUITING,25,"Shanghai Pulmonary Hospital, Shanghai, China","Shanghai Pulmonary Hospital, Shanghai, China",3,0,1,single_arm,1,neoadjuvant sugemalimab + chemotherapy followed by adjuvant sugemalimab,neoadjuvant sugemalimab + chemotherapy followed by adjuvant sugemalimab,PD-L1,Monoclonal Antibody,ALK;PD-L1,1,1,0,0,0,0,0,0,1,0,0,,resectable · 1st-line · squamous · measurable (RECIST)
NCT06992583,Targeted Anti-CEA CAR-T Immunotherapy for Advanced Lung Cancer,PHASE1,Phase 1,RECRUITING,60,"Chongqing Precision Biotech Co., Ltd",Chongqing Precision Biotech,41,1,0,multi_experimental,2,targeted cea car-t,targeted cea car-t,CEA,CAR-T,CEA,1,1,0,0,0,0,0,0,1,1,0,,metastatic · 1st-line · small-cell · measurable (RECIST)
NCT06992609,Durvalumab After Chemoradiotherapy in Limited Stage Small Cell Lung Cancer.,PHASE3,Phase 3,ACTIVE_NOT_RECRUITING,68,AstraZeneca,AstraZeneca,780,1,1,single_arm,1,durvalumab,durvalumab,PD-L1,Monoclonal Antibody,EGFR;PR;biomarker,1,1,0,0,0,0,0,0,1,0,0,,metastatic · 1st-line · ECOG 0-1
NCT06996782,A Platform Study in Non-Small Cell Lung Cancer (NSCLC),PHASE1;PHASE2,Phase 2,RECRUITING,152,AstraZeneca,AstraZeneca,780,1,1,multi_experimental,2,carboplatin;cisplatin;nab-paclitaxel;paclitaxel;pemetrexed;ramucirumab;rilvegostomig,carboplatin;cisplatin;nab-paclitaxel;paclitaxel;pemetrexed;ramucirumab;rilvegostomig,VEGF/VEGFR,Monoclonal Antibody,BRAF;KRAS;MSI-H;PD-L1;genomic,1,1,0,0,0,0,0,1,1,0,1,PD-L1+,metastatic · 1st-line · squamous · measurable (RECIST)
NCT06999187,"A Study of DR-0202 in Patients With Locally Advanced or Metastatic, Relapsed or Refractory Carcinomas",PHASE1,Phase 1,RECRUITING,96,Dren Bio,Dren Bio,2,1,0,multi_experimental,8,dr-0202,dr-0202,,Bispecific Antibody,HER2,1,1,0,0,0,0,0,0,0,1,0,,metastatic · 2nd-line+ · measurable (RECIST)
NCT07001618,Oral Pooled Fecal Microbiotherapy (MaaT033) Concomitant to Cemiplimab Versus Best Investigator's Choice in Patients With Resistance to Treatment Due to Antibiotics Uptake With Advanced Non-small Cell Lung Cancer,PHASE2,Phase 2,RECRUITING,162,"Gustave Roussy, Cancer Campus, Grand Paris","Gustave Roussy, Cancer Campus, Grand Paris",31,0,1,active_comparator,2,bevacizumab;carboplatine;cisplatin;docetaxel;gemcitabine;paclitaxel;pemetrexed (alimta);vinorelbine i.v.;vinorelbine oral,cemiplimab;maat033 capsule,PD-1,Monoclonal Antibody,,1,1,0,0,0,0,0,0,0,1,0,,metastatic · 2nd-line+ · adenoca. · measurable (RECIST) · ECOG 0
NCT07005102,"A Study to Assess Adverse Events, Change in Disease Activity of Intravenous Telisotuzumab Adizutecan in Combination With Osimertinib as First-Line Treatment in Adult Participants With Locally Advanced Unresectable or Metastatic EGFR-Mutated Non-Squamous Non-Small Cell Lung Cancer",PHASE2;PHASE3,Phase 3,RECRUITING,854,AbbVie,AbbVie,274,1,1,multi_experimental,7,osimertinib (osi),carboplatin;cisplatin;osimertinib (osi);pemetrexed;standard of care;telisotuzumab adizutecan,PSMA,Radiopharmaceutical,EGFR;MET;PSMA,0,1,1,0,0,0,0,0,0,0,1,EGFRm,metastatic · squamous · measurable (RECIST)
NCT07005128,"A Study Comparing Tarlatamab, Durvalumab, Carboplatin, and Etoposide Versus Durvalumab, Carboplatin, and Etoposide in First-line Extensive Stage Small-Cell Lung Cancer (ES-SCLC)",PHASE3,Phase 3,ACTIVE_NOT_RECRUITING,350,Amgen,Amgen,323,1,1,active_comparator,2,carboplatin;durvalumab;etoposide,carboplatin;durvalumab;etoposide;tarlatamab,DLL3,Bispecific Antibody,DLL3,1,1,0,0,0,0,0,0,1,0,0,,metastatic · 1st-line · measurable (RECIST)
NCT07005336,A Study to Compare Uliledlimab Combined With Sintilimab and Chemotherapy Versus Sintilimab Combined With Chemotherapy in Patients With Previously Untreated Locally Advanced Unresectable or Metastatic Non-small Cell Lung Cancer,PHASE2,Phase 2,ACTIVE_NOT_RECRUITING,150,"TJ Biopharma Co., Ltd.",TJ Biopharma,11,1,0,multi_experimental,2,cisplatin or carboplatin;gemcitabine;pemetrexed;sintilimab,cisplatin or carboplatin;gemcitabine;pemetrexed;sintilimab;uliledlimab,PD-1,Monoclonal Antibody,ALK;CD73;PD-L1,1,1,1,1,0,0,0,1,0,1,1,"EGFRm, ALK+, PD-L1+",metastatic · 2nd-line+ · squamous · measurable (RECIST)
NCT07006727,Phase I Study of [225Ac]Ac-ETN029 in Patients With Advanced DLL3-expressing Solid Tumors,PHASE1,Phase 1,RECRUITING,123,Novartis Pharmaceuticals,Novartis,836,1,1,single_arm,1,111in-etn029;225ac-etn029,111in-etn029;225ac-etn029,DLL3,Radiopharmaceutical,DLL3;PD-L1,0,1,0,0,0,0,0,1,0,0,1,PD-L1+,metastatic · measurable (RECIST)
NCT07009457,A Clinical Study of SHR-1316 (SC) Combined With Carboplatin and Etoposide as First-line Treatment for Extensive Stage Small Cell Lung Cancer,PHASE1,Phase 1,ACTIVE_NOT_RECRUITING,24,"Suzhou Suncadia Biopharmaceuticals Co., Ltd.",Suzhou Suncadia Biopharmaceuticals,86,1,0,multi_experimental,3,carboplatin injection;etoposide injection;shr-1316 (sc) injection;shr-1316 injection,carboplatin injection;etoposide injection;shr-1316 (sc) injection;shr-1316 injection,PD-L1,Monoclonal Antibody,PD-L1,1,1,0,0,0,0,0,0,1,0,0,,metastatic · 1st-line · small-cell · measurable (RECIST)
NCT07010263,A Study of AK112 as Consolidation Treatment for Patients With Limited Stage Small-cell Lung Cancer Who Have Not Progressed Following Concurrent Chemoradiation Therapy,PHASE3,Phase 3,RECRUITING,560,Akeso,Akeso,103,1,0,placebo_comparator,2,,ak112,PD-1,Bispecific Antibody,,1,0,0,0,0,0,0,0,0,0,0,,recurrent · small-cell
NCT07016230,"Study Investigating Tarlatamab (AMG 757) in Patients With Metastatic/Locally Advanced Small-Cell Lung Cancer (SCLC) and Other Poorly Differentiated Neuroendocrine Carcinomas (NECs), With Biomarker Analysis to Characterize Response/Resistance (UNLOCK TARLATAMAB)",PHASE2,Phase 2,RECRUITING,40,"Gustave Roussy, Cancer Campus, Grand Paris","Gustave Roussy, Cancer Campus, Grand Paris",31,0,1,multi_experimental,2,tarlatamab,tarlatamab,DLL3,Bispecific Antibody,DLL3;biomarker,1,1,0,0,0,0,0,0,0,0,0,,metastatic · small-cell · measurable (RECIST)
NCT07019675,A Study of SKB518 in Patients With Lung Cancer,PHASE2,Phase 2,RECRUITING,192,"Sichuan Kelun-Biotech Biopharmaceutical Co., Ltd.",Kelun,50,1,0,multi_experimental,3,skb518,carboplatin;skb518;tislelizumab,,Cell Therapy,,1,1,0,0,0,0,0,0,0,0,0,,small-cell · measurable (RECIST)
NCT07020117,A Study of [225Ac]Ac-AKY-1189 in Patients With Solid Tumors,PHASE1,Phase 1,RECRUITING,150,"Aktis Oncology, Inc.",Aktis Oncology,2,1,0,single_arm,1,[225ac]ac-aky-1189 (therapeutic);[64cu]cu-aky-1189 (imaging),[225ac]ac-aky-1189 (therapeutic);[64cu]cu-aky-1189 (imaging),NECTIN4,Radiopharmaceutical,NECTIN4,0,1,0,0,0,0,0,0,0,0,0,,metastatic · measurable (RECIST)
NCT07020221,A Phase 1/2 Study of VS-7375 in Patients With KRAS G12D-Mutated Solid Tumors,PHASE1;PHASE2,Phase 2,RECRUITING,295,"Verastem, Inc.",Verastem,25,1,0,multi_experimental,10,vs-7375,carboplatin + pemetrexed + pembrolizumab;cetuximab;gemcitabine;gemcitabine + nab-paclitaxel;vs-7375,KRAS,Small Molecule,KRAS,0,1,0,0,0,0,0,0,0,0,0,,metastatic · measurable (RECIST)
NCT07027514,A Study of Tolododekin Alfa (ANK-101) in Combination With an Anti-PD-1/PD-L1 Antibody in Participants With Advanced Non-Small Cell Lung Cancer,PHASE1,Phase 1,RECRUITING,60,"Ankyra Therapeutics, Inc",Ankyra Therapeutics,3,1,0,multi_experimental,2,tolododekin alfa,cetrelimab;tolododekin alfa,PD-1,Monoclonal Antibody,ALK;PD-L1,1,1,0,0,0,0,0,1,0,0,1,PD-L1+,metastatic · measurable (RECIST) · ECOG 0-1
NCT07030257,Study of CP-383 in Patients With Advanced or Metastatic Solid Tumors,PHASE1;PHASE2,Phase 2,RECRUITING,150,Tasca Therapeutics,Tasca Therapeutics,1,1,0,multi_experimental,10,cp-383,cp-383,,,,0,1,0,0,0,0,0,0,0,0,0,,metastatic · small-cell
NCT07036185,A Clinical Trail of KJ015 in Patients With HER2-Expressing Solid Tumors,PHASE1,Phase 1,NOT_YET_RECRUITING,66,"Shanghai Bao Pharmaceuticals Co., Ltd.",Shanghai Bao Pharmaceuticals,1,1,0,single_arm,1,kj015 injection (subcutaneous injection),kj015 injection (subcutaneous injection),HER2,Monoclonal Antibody,HER2,1,1,0,0,0,0,0,0,0,0,0,,metastatic
NCT07037758,A Study of Tarlatamab in Combination With AB248 in Participants With Extensive Stage Small Cell Lung Cancer (DeLLphi-311),PHASE1,Phase 1,RECRUITING,380,Amgen,Amgen,323,1,1,multi_experimental,2,ab248;tarlatamab,ab248;tarlatamab,DLL3,Bispecific Antibody,DLL3;MET,1,1,0,0,0,0,0,0,0,0,0,,metastatic · measurable (RECIST)
NCT07038096,ZG006 and ZG005 in Participants With Small Cell Lung Cancer or Neuroendocrine Carcinoma,PHASE1;PHASE2,Phase 2,RECRUITING,350,"Suzhou Zelgen Biopharmaceuticals Co.,Ltd",Suzhou Zelgen Biopharmaceuticals,49,1,0,multi_experimental,3,zg005;zg006,zg005;zg006,DLL3,Bispecific Antibody,DLL3,1,1,0,0,0,0,0,0,0,0,0,,advanced · small-cell · ECOG 0-1
NCT07038343,AVENTINE-1: Study of AVZO-1418 as a Single Agent and in Combination Therapy in Patients With Locally Advanced or Metastatic Solid Tumors (AVZO-1418-1001),PHASE1;PHASE2,Phase 2,RECRUITING,480,"Avenzo Therapeutics, Inc.",Avenzo Therapeutics,4,1,0,multi_experimental,4,avzo-1418,avzo-1418;combination agent 1;combination agent 2,,,,0,1,0,0,0,0,0,0,0,0,0,,metastatic · measurable (RECIST)
NCT07043907,PANK-003 Cell Injection Combined With Standard Adjuvant Chemotherapy After Surgery in Patients With Stage IIIA NSCLC,PHASE2,Phase 2,NOT_YET_RECRUITING,115,"Shenzhen Celconta Life Science Co., Ltd.",Shenzhen Celconta Life Science,4,1,0,single_arm,1,pank-003 cell injection combined with standard postoperative adjuvant,pank-003 cell injection combined with standard postoperative adjuvant,,Cell Therapy,ALK,1,1,1,1,0,0,0,0,0,0,1,"EGFRm, ALK+",neoadjuvant
NCT07046923,A Study of LY4175408 in Participants With Advanced Cancer,PHASE1,Phase 1,RECRUITING,240,Eli Lilly and Company,Eli Lilly,535,1,1,multi_experimental,5,ly4175408,carboplatin;cisplatin;ly4175408;pembrolizumab,PTK7,ADC,HER2;genomic,1,1,0,0,0,0,0,0,1,0,0,,metastatic · 1st-line · small-cell · measurable (RECIST)
NCT07056556,A Study of BL-M09D1 in Patients With Locally Advanced or Metastatic Non-Small Cell Lung Cancer and Other Solid Tumors,PHASE1,Phase 1,RECRUITING,31,"Sichuan Baili Pharmaceutical Co., Ltd.",Sichuan Baili Pharmaceutical,127,1,0,single_arm,1,bl-m09d1,bl-m09d1,,,,0,1,0,0,0,0,0,0,0,0,0,,metastatic · squamous · measurable (RECIST)
NCT07057791,Phase II Study of Platinum/Etoposide Plus Ivonescimab for Extensive-Stage Small Cell Lung Cancer,PHASE2,Phase 2,RECRUITING,60,"PrECOG, LLC.",PrECOG,18,0,0,multi_experimental,2,ivonescimab,ivonescimab,PD-1,Bispecific Antibody,BRAF;MSS;PD-L1;pMMR,1,1,0,0,0,0,0,0,0,0,0,,metastatic · small-cell · measurable (RECIST)
NCT07058519,A Study of Osimertinib-based Adaptive Treatment Guided by ctDNA EGFRm+ Monitoring in NSCLC,PHASE2,Phase 2,RECRUITING,250,Shanghai Chest Hospital,Shanghai Chest Hospital,12,0,1,multi_experimental,2,,osimertinib;osimertinib-based adaptive treatment,EGFR,Small Molecule,EGFR,0,1,1,0,0,0,0,0,1,1,1,EGFRm,metastatic · 1st-line · squamous · ECOG 0-1
NCT07063329,Phase I/II Study of PLB1004 Combined With Platinum-based Doublet Chemotherapy in Patients With EGFR Mutation-positive,PHASE1;PHASE2,Phase 2,NOT_YET_RECRUITING,108,"Avistone Pharmaceutical（Ningbo）Co., LTD.",Avistone Pharmaceutical（Ningbo）,1,1,0,multi_experimental,4,,plb1004;rp2d of plb1004 oral once daily combined with platinum-based,EGFR,Small Molecule,EGFR,0,1,1,0,0,0,0,0,0,0,1,EGFRm,metastatic · squamous · measurable (RECIST)
NCT07063407,Phase 1 Study of HS-20093 Combinations in Patients With Extensive Stage Small Cell Lung Cancer,PHASE1,Phase 1,NOT_YET_RECRUITING,50,"Shanghai Hansoh Biomedical Co., Ltd",Hansoh,82,1,0,single_arm,1,hs-20093 in combination with adebrelimab,hs-20093 in combination with adebrelimab,,Monoclonal Antibody,,1,1,0,0,0,0,0,0,1,0,0,,metastatic · 1st-line
NCT07063745,A Study to Compare the Combination of Navlimetostat (BMS-986504) With Pembrolizumab and Chemotherapy Versus Placebo Plus Pembrolizumab and Chemotherapy in First-line Metastatic Non-small Cell Lung Cancer Participants With Homozygous MTAP Deletion,PHASE2;PHASE3,Phase 3,RECRUITING,590,Bristol-Myers Squibb,Bristol Myers Squibb,764,1,1,active_comparator,6,bms-986504;carboplatin;cisplatin;nab-paclitaxel;paclitaxel;pembrolizumab;pemetrexed,,MTAP,Small Molecule,MTAP-DEFICIENT,0,1,0,0,0,0,0,0,1,0,0,,metastatic · 1st-line · squamous · measurable (RECIST)
NCT07064018,"Trial of Single Protein Encapsulated Doxorubicin, SPEDOX-6 in Advanced Malignancies",PHASE1;PHASE2,Phase 2,RECRUITING,67,"University of California, Irvine","University of California, Irvine",22,0,0,multi_experimental,8,spedox-6,filgrastim;pegfilgrastim;spedox-6,KRAS,Small Molecule,FCRN;KRAS,0,1,0,0,0,0,0,0,0,1,0,,metastatic · 2nd-line+ · adenoca. · measurable (RECIST)
NCT07070440,DZD6008 Combination Therapy in Patients With Locally Advanced or Metastatic NSCLC With EGFR Mutation (TIAN-SHAN7),PHASE1;PHASE2,Phase 2,RECRUITING,180,Dizal Pharmaceuticals,Dizal Pharmaceuticals,29,1,0,multi_experimental,2,dzd6008,carboplatin;docetaxel;dzd6008;pemetrexed,EGFR,Small Molecule,EGFR;PR,0,1,1,0,0,0,0,0,1,1,1,EGFRm,metastatic · 1st-line · squamous · measurable (RECIST)
NCT07070518,Study of GV20-0251 in Participants With Solid Tumor Malignancies,PHASE1;PHASE2,Phase 2,RECRUITING,350,GV20 Therapeutics,GV20 Therapeutics,3,1,0,single_arm,1,gv20-0251,gv20-0251,IGSF8,Oncolytic Virus,IGSF8 RNA;IGSF8 membrane protein;PD-L1,1,1,0,0,0,0,0,0,0,1,0,,metastatic · 2nd-line+ · measurable (RECIST)
NCT07076095,A Phase II/III Study of IBB0979 in Combination With Topotecan Versus Topotecan in Relapsed Small Cell Lung Cancer,PHASE2,Phase 2,NOT_YET_RECRUITING,200,"SUNHO（China）BioPharmaceutical CO., Ltd.",SUNHO（China）BioPharmaceutical,14,1,0,multi_experimental,2,ibb0979,ibb0979;topotecan hydrochloride for injection,B7-H3,Fusion Protein,,0,1,0,0,0,0,0,0,1,1,0,,metastatic · 1st-line · small-cell · measurable (RECIST) · ECOG 0
NCT07079475,Study of Oral EGFR Inhibitor DZD6008 Combined With Sunvozertinib in Patients Who Have Advanced NSCLC With EGFR Mutations (TIAN-SHAN8),PHASE1;PHASE2,Phase 2,RECRUITING,220,Dizal Pharmaceuticals,Dizal Pharmaceuticals,29,1,0,active_comparator,2,osimertinib,dzd6008;sunvozertinib,EGFR,Small Molecule,EGFR,0,1,1,0,0,0,0,0,0,0,1,EGFRm,metastatic · squamous · measurable (RECIST) · ECOG 0
NCT07080242,Evaluating BL-M14D1 in Subjects With Locally Advanced or Metastatic Small Cell Lung Cancer and Neuroendocrine Tumors,PHASE1,Phase 1,RECRUITING,120,SystImmune Inc.,SystImmune,7,1,0,single_arm,1,bl-m14d1,bl-m14d1,DLL3,ADC,,1,1,0,0,0,0,0,0,0,1,0,,metastatic · 2nd-line+ · squamous · measurable (RECIST) · ECOG 0-1
NCT07085091,A First in Human Study of ALX2004 With Advanced or Metastatic Selected Solid Tumors,PHASE1,Phase 1,RECRUITING,170,ALX Oncology Inc.,ALX Oncology,8,1,0,multi_experimental,3,alx2004,alx2004,EGFR,ADC,MSI;MSI-H;dMMR,1,1,0,0,0,0,0,0,0,1,0,,metastatic · 2nd-line+
NCT07090499,A Study to Learn About the Study Medicine Called PF-08046876 in People With Advanced Solid Tumors,PHASE1,Phase 1,RECRUITING,540,Pfizer,Pfizer,687,1,1,multi_experimental,3,pf-08046876,pf-08046876,ITGB6,ADC,,1,1,0,0,0,0,0,0,0,0,0,,advanced · measurable (RECIST)
NCT07094204,A Study to Find a Suitable Dose of ASP5834 in Adults With Solid Tumors,PHASE1,Phase 1,RECRUITING,364,Astellas Pharma Inc,Astellas,171,1,1,multi_experimental,6,asp5834,asp5834;panitumumab,KRAS,Small Molecule,KRAS;MMR;MSI;MSI-H;dMMR;genomic,0,1,0,0,0,1,0,0,0,0,1,KRAS G12C,metastatic · adenoca. · measurable (RECIST)
NCT07096882,SDTM001 Injection as Adjuvant Therapy for NSCLC Patients After Radical Surgical Resection,PHASE1,Phase 1,RECRUITING,22,"Cytocraft Biopharmaceutical Co., Ltd.",Cytocraft Biopharmaceutical,1,1,0,single_arm,1,sdt-m001 injection,sdt-m001 injection,PD-L1,,ALK;PD-L1,0,1,0,0,0,0,0,1,0,0,1,PD-L1−,squamous
NCT07098338,A Study of Novel Combinations in Non-Small Cell Lung Cancer (NSCLC),PHASE2,Phase 2,RECRUITING,278,AstraZeneca,AstraZeneca,780,1,1,multi_experimental,3,ramucirumab;rilvegostomig,dato-dxd;ramucirumab;rilvegostomig,VEGF/VEGFR,Monoclonal Antibody,ALK;BRAF;EGFR;KRAS;MSI-H;PD-L1;genomic,1,1,1,1,0,0,0,1,0,0,1,"EGFRm, ALK+, PD-L1+",metastatic · squamous · measurable (RECIST)
NCT07098988,Trial Investigating Visugromab in Combination With Immunochemotherapy in 1L Treatment of Participants With Metastatic NSCLC,PHASE2,Phase 2,RECRUITING,107,CatalYm GmbH,CatalYm,6,1,0,active_comparator,2,carboplatin auc 5;matching placebo for visugromab;pembrolizumab;pemetrexed,carboplatin auc 5;pembrolizumab;pemetrexed;visugromab,GDF15,Monoclonal Antibody,ALK;PD-L1,1,1,0,0,0,0,0,1,0,0,1,PD-L1+,metastatic · squamous · measurable (RECIST)
NCT07099898,A Study of GSK5764227 in Participants With Relapsed Small Cell Lung Cancer (SCLC),PHASE3,Phase 3,RECRUITING,420,GlaxoSmithKline,GSK,468,1,1,active_comparator,2,topotecan,ris-rez,B7-H3,ADC,,1,1,0,0,0,0,0,0,0,1,0,,metastatic · 2nd-line+ · small-cell · measurable (RECIST)
NCT07100080,Study of Izalontamab Brengitecan (BMS-986507) Versus Platinum-Pemetrexed for EGFR-mutated Non-small Cell Lung Cancer After Failure of EGFR TKI Therapy (IZABRIGHT-Lung01),PHASE2;PHASE3,Phase 3,RECRUITING,500,Bristol-Myers Squibb,Bristol Myers Squibb,764,1,1,active_comparator,5,carboplatin;cisplatin;pemetrexed,iza-bren,EGFR,ADC,EGFR;ER;HER2;TNBC,1,1,1,0,0,0,0,0,0,0,1,EGFRm,metastatic · squamous
NCT07101627,"A Prospective, Multicenter Clinical Study of Hetrombopag in the Prevention of Thrombocytopenia Caused by Lung Cancer Therapy",PHASE2,Phase 2,NOT_YET_RECRUITING,149,"Shanghai Pulmonary Hospital, Shanghai, China","Shanghai Pulmonary Hospital, Shanghai, China",3,0,0,placebo_comparator,2,hetrombopag tablets,hetrombopag tablets,,,,0,1,0,0,0,0,0,0,0,0,0,,metastatic · ECOG 0
NCT07105176,HS-IT101 Injection for Advanced NSCLC,PHASE1,Phase 1,NOT_YET_RECRUITING,12,"Qingdao Sino-Cell Biomedicine Co., Ltd.",Qingdao Sino-Cell Biomedicine,6,1,0,single_arm,1,cyclophosphamide;fludarabine;hs-it101 monotherapy;il-2 (interleukin 2),cyclophosphamide;fludarabine;hs-it101 monotherapy;il-2 (interleukin 2),,Recombinant Protein,,0,1,0,0,0,0,0,0,0,0,0,,metastatic · squamous · measurable (RECIST) · ECOG 1
NCT07106827,A Study of GV20-0251 in Advanced or Refractory Solid Tumors,PHASE1,Phase 1,RECRUITING,10,West China Hospital,West China Hospital,11,0,0,single_arm,1,gv20-0251,gv20-0251,IGSF8,Oncolytic Virus,IGSF8 RNA;IGSF8 membrane protein;PD-L1,1,1,0,0,0,0,0,0,0,1,0,,metastatic · 2nd-line+
NCT07107490,A PHASE I STUDY OF ALPS12 IN PATIENTS WITH EXTENSIVE STAGE SMALL CELL LUNG CANCER,PHASE1,Phase 1,RECRUITING,122,Chugai Pharmaceutical,Chugai Pharmaceutical,15,1,0,multi_experimental,2,alps12;obinutuzumab,alps12;obinutuzumab,CD20,Monoclonal Antibody,CD20;PD-L1,1,1,0,0,0,0,0,1,0,0,1,PD-L1+,metastatic · small-cell · measurable (RECIST)
NCT07109531,ASKC202 Combined With Limertinib Versus Platinum-based Chemotherapy in Treatment of Locally Advanced or Metastatic NSCLC With MET Amplification/Overexpression After Failure of EGFR-TKI Therapy,PHASE3,Phase 3,RECRUITING,286,"Jiangsu Aosaikang Pharmaceutical Co., Ltd.",Jiangsu Aosaikang Pharmaceutical,7,1,0,active_comparator,2,pemetrexed + cisplatin /carboplatin,askc202+ limertinib,MET,Small Molecule,EGFR;MET,0,1,1,0,0,0,1,0,0,0,1,"EGFRm, MET+",metastatic · small-cell · measurable (RECIST)
NCT07109726,A Phase 1/2 Trial of TER-2013 in Patients With Solid Tumors Harboring AKT/PI3K/PTEN Pathway Alterations,PHASE1;PHASE2,Phase 2,RECRUITING,205,Terremoto Biosciences Inc.,Terremoto Biosciences,1,1,0,multi_experimental,4,ter-2013,fulvestrant injection;ter-2013,AKT,Small Molecule,AKT;BRAF;HER2;KRAS;PI3K;PTEN,0,1,0,0,0,0,0,0,0,0,0,,metastatic · adenoca. · measurable (RECIST)
NCT07110103,Golidocitinib With PD-1 Inhibitors as Maintenance Treatment for Previously Untreated ES-SCLC,PHASE2,Phase 2,RECRUITING,20,"Cancer Institute and Hospital, Chinese Academy of Medical Sciences","Cancer Institute and Hospital, Chinese Academy of Medical Sciences",24,0,0,single_arm,1,golidocitinib with pd-1 inhibitors,golidocitinib with pd-1 inhibitors,JAK1,Small Molecule,MET;PR,0,1,0,0,0,0,0,0,1,0,0,,metastatic · 1st-line · squamous · measurable (RECIST)
NCT07110363,A Clinical Study of BT02 in Treating Patients With Advanced Lung Cancer,PHASE1,Phase 1,NOT_YET_RECRUITING,58,Biotroy Therapeutics,Biotroy Therapeutics,3,1,0,single_arm,1,bt02,bt02,,Monoclonal Antibody,,1,1,0,0,0,0,0,0,0,0,0,,metastatic · small-cell
NCT07111520,A Clinical Trial to Test if an Investigational Combination Therapy With BNT326 and BNT327 is Safe and Potentially Beneficial for People With Advanced Non-small Cell Lung Cancer (NSCLC),PHASE1;PHASE2,Phase 2,RECRUITING,880,BioNTech SE,BioNTech,45,1,0,multi_experimental,25,pumitamig,bnt326;pumitamig,,,ALK;BRAF;EGFR;HER2;KRAS;MET;NTRK;PD-L1;RET;ROS1;genomic,0,1,1,1,1,0,0,1,1,0,1,"EGFRm, ALK+, ROS1+, PD-L1+",metastatic · 1st-line · squamous · measurable (RECIST)
NCT07113691,Iadademstat + SBRT With Atezo in ES-SCLC,PHASE1,Phase 1,RECRUITING,15,Yale University,Yale University,65,0,1,single_arm,1,atezolizumab;iadademstat;sbrt,atezolizumab;iadademstat;sbrt,PD-L1,Monoclonal Antibody,CMMRD;MET;MSI-H;PD-L1;TMB;biomarker,1,1,0,0,0,0,0,1,1,1,1,PD-L1+,metastatic · 1st-line · ductal · measurable (RECIST)
NCT07115043,A Study to Investigate Safety of AZD6750 in Adult Participants With Select Advanced or Metastatic Solid Tumors,PHASE1;PHASE2,Phase 2,RECRUITING,120,AstraZeneca,AstraZeneca,780,1,1,multi_experimental,2,azd6750,azd6750;rilvegostomig,IL-2,Small Molecule,PD-L1,0,1,0,0,0,0,0,1,0,0,1,PD-L1+,metastatic · squamous · measurable (RECIST) · ECOG 0-1
NCT07117214,A Phase I Study of [68Ga]Ga-DWJ155 in Patients With Breast and Lung Cancers,PHASE1,Phase 1,RECRUITING,36,Novartis Pharmaceuticals,Novartis,836,1,1,multi_experimental,2,[68ga]ga-dwj155,[68ga]ga-dwj155,HER2,Radiopharmaceutical,HER2,0,1,0,0,0,0,0,0,1,1,0,,metastatic · 1st-line · adenoca. · measurable (RECIST)
NCT07122687,IBI363 Combined With Chemotherapy or Pembrolizumab Combined With Chemotherapy as Neoadjuvant Therapy in Resectable Stage IB-III Non-Squamous Non-Small Cell Lung Cancer,PHASE2,Phase 2,RECRUITING,170,Innovent Biologics (Suzhou) Co. Ltd.,Innovent,107,1,0,active_comparator,2,carboplatin;cisplatin;pembrolizumab;pemetrexed,carboplatin;cisplatin;ibi363;pemetrexed,PD-1,Bispecific Antibody,ALK;EGFR;PD-L1,1,1,1,1,0,0,0,0,0,0,1,"EGFRm, ALK+",metastatic · squamous · measurable (RECIST)
NCT07124793,A Study of IBI363 Combination Therapy in Participants With Advanced Solid Tumors,PHASE2,Phase 2,NOT_YET_RECRUITING,60,Innovent Biologics (Suzhou) Co. Ltd.,Innovent,107,1,0,multi_experimental,2,ibi363+ibi305,ibi363+ibi305,EGFR,Monoclonal Antibody,EGFR;MET;PR,1,1,1,0,0,0,0,0,1,1,1,EGFRm,metastatic · 1st-line · small-cell · measurable (RECIST)
NCT07127874,A Study of PHN-012 in Patients With Advanced Solid Tumors,PHASE1,Phase 1,RECRUITING,165,Pheon Therapeutics,Pheon Therapeutics,2,1,0,single_arm,1,phn-012,phn-012,,ADC,,1,1,0,0,0,0,0,0,0,0,0,,metastatic · adenoca. · measurable (RECIST)
NCT07128199,"A Study to Assess Zipalertinib Versus Placebo in Participants With Early Stage NSCLC With Uncommon EGFR Mutations, Following Complete Tumor Resection",PHASE3,Phase 3,ACTIVE_NOT_RECRUITING,360,"Taiho Oncology, Inc.",Taiho,86,1,0,placebo_comparator,2,zipalertinib matching-placebo,tas6417,EGFR,Small Molecule,EGFR;biomarker,0,1,0,0,0,0,0,0,0,0,0,,metastatic · squamous · ECOG 0
NCT07130916,A Study of Aumolertinib in European Participants With Non-Small Cell Lung Cancer,PHASE1,Phase 1,RECRUITING,20,"Jiangsu Hansoh Pharmaceutical Co., Ltd.",Hansoh,82,1,0,single_arm,1,aumolertinib,aumolertinib,EGFR,Small Molecule,EGFR;PR,0,1,1,0,0,0,0,0,0,1,1,EGFRm,metastatic · 2nd-line+ · small-cell · measurable (RECIST)
NCT07132190,Stereotactic Radiation for Growing/Changing Brain Metastases With Same-Day Radiation Planning and Treatment With Margin Reduction,PHASE2,Phase 2,RECRUITING,60,"Ayal A. Aizer, MD","Ayal A. Aizer, MD",1,0,0,active_comparator,2,linear accelerator-based stereotactic radiation for brain metastases using 0mm or 1mm ptv,linear accelerator-based stereotactic radiation for brain metastases using 0mm or 1mm ptv,,,,0,1,0,0,0,0,0,0,0,0,0,,metastatic
NCT07133425,A Phase 2 Platform Study of Immunomodulatory Compounds in ICI-refractory Non-small Cell Lung Cancer,PHASE2,Phase 2,RECRUITING,29,M.D. Anderson Cancer Center,M.D. Anderson Cancer Center,697,0,1,single_arm,1,sar445877,sar445877,PD-1,Bispecific Antibody,KRAS;PD-L1,1,1,0,0,0,0,0,1,0,0,1,PD-L1+,metastatic · squamous · measurable (RECIST)
NCT07140016,A Study of Gilteritinib in Adults With Advanced ALK-positive Non-small Cell Lung Cancer (NSCLC),PHASE1,Phase 1,RECRUITING,40,"Astellas Pharma Global Development, Inc.",Astellas,171,1,1,single_arm,1,gilteritinib,gilteritinib,FLT3,Small Molecule,ALK;FLT3,0,1,0,1,0,0,0,0,0,1,1,ALK+,metastatic · 2nd-line+ · squamous · measurable (RECIST)
NCT07144280,A Study to Learn About the Study Medicine Called PF-08046054/SGN-PDL1V Versus Docetaxel in Adult Participants With Previously-Treated Programmed Cell Death Ligand 1 (PD-L1) Positive Non-Small-Cell Lung Cancer (NSCLC),PHASE3,Phase 3,RECRUITING,680,Pfizer,Pfizer,687,1,1,active_comparator,2,docetaxel monotherapy,pf-08046054,PD-L1,Monoclonal Antibody,ALK;EGFR;MET;PD-L1;biomarker;biomarker analysis;genomic,1,1,1,1,0,0,0,1,0,1,1,"EGFRm, ALK+, PD-L1+",metastatic · 2nd-line+ · ductal
NCT07145255,"Phase 1/2 Dose Finding, Safety and PK Study in Advanced Refractory Solid Tumors",PHASE1;PHASE2,Phase 2,RECRUITING,150,MBrace Therapeutics,MBrace Therapeutics,2,1,0,multi_experimental,3,adc,adc,,ADC,AR;HER2,1,1,0,0,0,0,0,0,0,1,0,,metastatic · 2nd-line+ · adenoca. · measurable (RECIST)
NCT07145333,Pharmacogenomics ANDA SNP Clinical Study - Topotecan and Single Nucleotide Polymorphisms,PHASE2;PHASE3,Phase 3,ACTIVE_NOT_RECRUITING,600,"Han Xu, M.D., Ph.D., FAPCR, Sponsor-Investigator, IRB Chair","Han Xu, M.D., Ph.D., FAPCR, Sponsor-Investigator, IRB Chair",5,1,0,multi_experimental,2,,topotecan - study;topotecan - usual,TOP1,Small Molecule,SNPS,0,1,0,0,0,0,0,0,0,0,0,,small-cell · measurable (RECIST)
NCT07146230,The Selective Personalized Radio-Immunotherapy for Locally Advanced Non-Small Cell Lung Cancer Trial 2,PHASE2,Phase 2,NOT_YET_RECRUITING,52,Montefiore Medical Center,Montefiore Medical Center,18,0,1,multi_experimental,2,durvalumab;radiotherapy,durvalumab;monalizumab;oleclumab;radiotherapy,PD-L1,Monoclonal Antibody,EGFR;PD-L1,1,1,0,0,0,0,0,1,1,0,1,PD-L1+,unresectable · 1st-line
NCT07148128,"Phase 1/2a Study to Assess the Safety, Tolerability, Pharmacokinetics, and Preliminary Efficacy of WEF-001 as Monotherapy in Advanced KRAS-Mutant Solid Tumours.",PHASE1;PHASE2,Phase 2,RECRUITING,110,Auricula Biosciences Inc.,Auricula Biosciences,1,1,0,single_arm,1,wef-001,wef-001,KRAS,Small Molecule,KRAS,0,1,0,0,0,0,0,0,0,0,0,,metastatic · adenoca. · measurable (RECIST) · ECOG 1
NCT07149363,Adjuvant Chemotherapy and Immunotherapy for Completely Resected Small Cell Lung Cancer,PHASE2,Phase 2,RECRUITING,65,"Alliance Foundation Trials, LLC.","Alliance Foundation Trials, LLC.",15,0,1,single_arm,1,durvalumab,durvalumab,PD-L1,Monoclonal Antibody,EGFR,1,1,0,0,0,0,0,0,0,0,0,,small-cell
NCT07150416,Nebulized Inhalation of Recombinant Human p53 Adenovirus Injection for Treatment of Multiple Ground-Glass Lung Nodules: A Single-Arm Clinical Study,PHASE2,Phase 2,NOT_YET_RECRUITING,38,The First Affiliated Hospital of Guangzhou Medical University,The First Affiliated Hospital of Guangzhou Medical University,3,0,0,single_arm,1,recombinant human ad-p53 injection,recombinant human ad-p53 injection,p53,Oncolytic Virus,,1,1,0,0,0,0,0,0,0,0,0,,adenoca.
NCT07150663,Nanocrystalline Megestrol Acetate in Concurrent Chemoradiotherapy for Locally Advanced Non-Small Cell Lung Cancer,PHASE3,Phase 3,RECRUITING,134,"Changchun GeneScience Pharmaceutical Co., Ltd.",Changchun GeneScience Pharmaceutical,23,1,0,placebo_comparator,2,standard therapy,nano-crystalline megestrol acetate oral suspension;standard therapy,,Cell Therapy,,1,1,0,0,0,0,0,0,0,0,0,,unresectable · adenoca. · measurable (RECIST)
NCT07151040,Phase 1/2 Study to Evaluate TH9619 in the Treatment of Advanced Solid Tumors,PHASE1;PHASE2,Phase 2,RECRUITING,43,One-carbon Therapeutics AB,One-carbon Therapeutics,1,1,0,single_arm,1,th9619,th9619,MTHFD1,Small Molecule,,0,1,0,0,0,0,0,0,0,0,0,,metastatic · squamous
NCT07153055,Lurbinectedin With Osimertinib in Transformed Small Cell Lung Cancer,PHASE1;PHASE2,Phase 2,RECRUITING,16,Misty Shields,Misty Shields,1,0,0,multi_experimental,2,lurbinectedin;osimertinib,lurbinectedin;osimertinib,EGFR,Small Molecule,EGFR;MET;PD-L1,0,1,1,0,0,0,1,1,0,0,1,"EGFRm, MET+, PD-L1+",metastatic · small-cell · measurable (RECIST)
NCT07154290,A Study to Investigate Ubamatamab With and Without Marlotamig (REGN7075) in Adult Participants With Advanced/Metastatic Non-Small Cell Lung Cancer (NSCLC),PHASE2,Phase 2,RECRUITING,300,Regeneron Pharmaceuticals,Regeneron,95,1,1,multi_experimental,6,sarilumab;ubamatamab,marlotamig;sarilumab;ubamatamab,MUC16,Bispecific Antibody,MUC16,1,1,0,0,0,0,0,0,1,0,0,,metastatic · 1st-line · measurable (RECIST)
NCT07154368,JYP0322 Versus Platinum Based Doublet Chemotherapy in ROS1 Positive Patients Previously Treated With ROS1-TKIs.,PHASE3,Phase 3,NOT_YET_RECRUITING,207,"Guangzhou JOYO Pharma Co., Ltd",Guangzhou JOYO Pharma,4,1,0,multi_experimental,2,,cross-over to jyp0322;jyp0322 tablets;pemetrexed injection,ROS1,Small Molecule,ROS1,0,1,0,0,1,0,0,0,0,0,1,ROS1+,metastatic
NCT07154706,Phase 3 Study of Taletrectinib vs Placebo as an Adjuvant Therapy in ROS1 Positive NSCLC (TRUST-IV),PHASE3,Phase 3,RECRUITING,180,Nuvation Bio Inc.,Nuvation,16,1,0,active_comparator,2,taletrectinib,,ROS1,Small Molecule,ALK;ROS1;biomarker,0,0,0,1,1,0,0,0,0,0,1,"ALK+, ROS1+",neoadjuvant
NCT07155174,"A Study to Evaluate the Optimal Dose, Adverse Events and Change in Disease Activity of Intravenous ABBV-706 in Combination With Atezolizumab Versus Standard of Care as First-Line Treatment in Adult Participants With Previously Untreated Extensive Stage Small Cell Lung Cancer",PHASE2,Phase 2,RECRUITING,180,AbbVie,AbbVie,274,1,1,multi_experimental,6,atezolizumab,abbv-706;atezolizumab;carboplatin;etoposide;lurbinectedin,SEZ6,ADC,PD-L1,1,1,0,0,0,0,0,0,1,0,0,,metastatic · 1st-line · small-cell · measurable (RECIST)
NCT07155187,"A Study to Assess Adverse Events and Change in Disease Activity of Intravenous (IV) Telisotuzumab Adizutecan, Monotherapy or in Combination With Osimertinib, Compared to Standard of Care in Adult Participants With Locally Advanced or Metastatic EGFR-Mutated Non-Squamous Non-Small Cell Lung Cancer",PHASE2;PHASE3,Phase 3,RECRUITING,490,AbbVie,AbbVie,274,1,1,multi_experimental,6,,osimertinib;standard of care;telisotuzumab adizutecan,EGFR,Small Molecule,EGFR;MET,0,1,1,0,0,0,0,0,0,1,1,EGFRm,metastatic · 2nd-line+ · squamous · measurable (RECIST)
NCT07155200,Small Cell Lung Cancer Irinotecan and CDC2-like Kinase Inhibition Trial (SLICK Trial),PHASE1;PHASE2,Phase 2,RECRUITING,42,Washington University School of Medicine,Washington University School of Medicine,178,0,0,multi_experimental,2,cirtuvivint;irinotecan,cirtuvivint;irinotecan,PD-L1,Small Molecule,,0,1,0,0,0,0,0,0,0,0,0,,metastatic · small-cell · measurable (RECIST)
NCT07158840,AK112 in Non-squamous Non-small Cell Lung Cancer (NSCLC)Patients With Actionable Genomic Alterations (AGA) Who Have Failed to Previous Tyrosine Kinase Inhibitor (TKI) Treatment,PHASE2,Phase 2,NOT_YET_RECRUITING,60,Akeso,Akeso,103,1,0,single_arm,1,ak112,ak112,PD-1,Bispecific Antibody,ALK;BRAF;MET;NTRK;RET;ROS1;genomic,1,1,1,0,1,0,0,0,0,0,1,"EGFRm, ROS1+",metastatic · squamous · measurable (RECIST)
NCT07160335,"A Phase I Clinical Study to Evaluate the PK Profile, Efficacy, Safety and Immunogenicity of HLX17 vs. Keytruda® in Multiple Resected Solid Tumors",PHASE1,Phase 1,ACTIVE_NOT_RECRUITING,174,Shanghai Henlius Biotech,Shanghai Henlius,98,1,0,active_comparator,2,hlx17;us-sourced keytruda,hlx17,PD-1,Monoclonal Antibody,ALK;PD-L1,1,1,1,1,0,0,0,1,0,0,1,"EGFRm, ALK+, PD-L1+",metastatic · squamous
NCT07162883,Pharmacokinetic Study of QL2107 Versus Keytruda® for Adjuvant Therapy of Non-Small Cell Lung Cancer (NSCLC),PHASE3,Phase 3,NOT_YET_RECRUITING,122,"Qilu Pharmaceutical Co., Ltd.",Qilu Pharmaceutical,108,1,0,active_comparator,2,pembrolizumab,ql2107,PD-1,Monoclonal Antibody,ALK;PD-L1,1,1,0,1,0,0,0,0,0,0,1,ALK+,
NCT07164170,A Phase 2 Clinical Study of Combination Therapy With ABSK043 and Glecirasib,PHASE2,Phase 2,RECRUITING,86,"Abbisko Therapeutics Co, Ltd",AbbVie,274,1,0,single_arm,1,absk043 in combination with glecirasib,absk043 in combination with glecirasib,KRAS,Small Molecule,KRAS;PD-L1,0,1,0,0,0,1,0,1,0,0,1,"KRAS G12C, PD-L1+",metastatic · small-cell · measurable (RECIST)
NCT07164313,A Study of ZW251 in Participants With Advanced Solid Tumors,PHASE1,Phase 1,RECRUITING,100,Zymeworks BC Inc.,Zymeworks,4,1,0,single_arm,1,zw251,zw251,GPC3,ADC,GPC3,1,1,0,0,0,0,0,0,0,0,0,,metastatic · squamous · measurable (RECIST)
NCT07169552,HC010 in First-line PD-L1 Positive Advanced NSCLC Patients,PHASE2,Phase 2,RECRUITING,50,HC Biopharma Inc.,HC Biopharma,6,1,0,single_arm,1,hc010,hc010,PD-L1,Bispecific Antibody,ALK;BRAF;EGFR;NTRK;PD-L1;RET;ROS1,1,1,1,1,1,0,0,1,0,1,1,"EGFRm, ALK+, ROS1+, PD-L1+",metastatic · 2nd-line+ · squamous · measurable (RECIST)
NCT07169734,A Study to Investigate ALE.P03 as Monotherapy in Adult Patients With Selected Advanced or Metastatic CLDN1+ Solid Tumors,PHASE1;PHASE2,Phase 2,RECRUITING,180,Alentis Therapeutics AG,Alentis Therapeutics,3,1,0,multi_experimental,3,ale.p03,ale.p03,CLDN1,ADC,CLDN1,1,1,0,0,0,0,0,0,0,1,0,,metastatic · 2nd-line+ · adenoca. · measurable (RECIST)
NCT07169994,A Study of YL202 in Combination With Other Anti-tumor Therapies in Patients With Advanced Solid Tumors,PHASE1;PHASE2,Phase 2,RECRUITING,414,"MediLink Therapeutics (Suzhou) Co., Ltd.",MediLink Therapeutics (Suzhou),23,1,0,multi_experimental,2,,yl202 for injection; furmonertinib mesilate tablets;yl202 for injection; toripalimab injection,PD-1,Monoclonal Antibody,PD-L1,1,1,0,0,0,0,0,0,0,1,0,,metastatic · 2nd-line+ · ECOG 0
NCT07170995,Phase III Study of SHR-8068 Combined With Adebrelimab and Chemotherapy Versus Tislelizumab Combined With Chemotherapy in the Treatment of Locally Advanced or Metastatic Non-small Cell Lung Cancer,PHASE3,Phase 3,RECRUITING,460,"Suzhou Suncadia Biopharmaceuticals Co., Ltd.",Suzhou Suncadia Biopharmaceuticals,86,1,0,active_comparator,2,and platinum-based;tislelizumab,shr-8068，adebelizumab and platinum-based,PD-1,Monoclonal Antibody,PD-L1,1,1,0,0,0,0,0,1,1,0,1,PD-L1+,metastatic · 1st-line · small-cell · measurable (RECIST) · ECOG 0-1
NCT07171606,A Phase II Study of SSGJ-706 Monotherapy and Combination Therapy in Advanced Non-Small Cell Lung Cancer（NSCLC） Patients,PHASE2,Phase 2,RECRUITING,240,"Shenyang Sunshine Pharmaceutical Co., LTD.",Shenyang Sunshine Pharmaceutical,14,1,0,active_comparator,5,pd-1 inhibitor +,carboplatin/paclitaxel;pemetrexed /carboplatin;ssgj-706,,Bispecific Antibody,,1,1,0,0,0,0,0,0,0,0,0,,metastatic
NCT07172802,"A Study of GI-108, an Anti-CD73-IgG4 Fc-IL-2v Bispecific Fusion Protein, as Monotherapy in Patients With Advanced or Metastatic Solid Tumors",PHASE1;PHASE2,Phase 2,RECRUITING,102,"GI Innovation, Inc.",GI Innovation,4,1,0,single_arm,1,gi-108,gi-108,CD73,Bispecific Antibody,,1,1,0,0,0,0,0,0,0,0,0,,metastatic · measurable (RECIST)
NCT07174583,A Study of IDE849 in Patients With DLL3 Expressing Tumors Including Small Cell Lung Cancer,PHASE1;PHASE2,Phase 2,RECRUITING,262,IDEAYA Biosciences,IDEAYA Biosciences,11,1,0,multi_experimental,9,ide849,carboplatin;durvalumab;ide161;ide849,DLL3,Monoclonal Antibody,DLL3;PD-L1;biomarker,1,1,0,0,0,0,0,1,0,0,1,PD-L1+,metastatic · adenoca. · measurable (RECIST)
NCT07174908,A Phase 3 Study of IN10018 in Combination With D-1553 Versus Standard Therapy for First Line Non-squamous Non-small Cell Lung Cancer With KRAS G12C Mutation,PHASE3,Phase 3,RECRUITING,400,"InxMed (Shanghai) Co., Ltd.",InxMed (Shanghai),13,1,0,active_comparator,2,anti-pd-1 monoclonal antibody in combination with platinum and pemetrexed,in10018 in combination with d-1553,KRAS,Small Molecule,ALK;KRAS;ROS1,0,1,0,0,1,1,0,0,0,0,1,"ROS1+, KRAS G12C",metastatic · squamous · measurable (RECIST)
NCT07175220,Phase II Clinical Study of SHR2554 Tablets Combined With Other Anti-tumor Treatments in Non-small Cell Lung Cancer Subjects,PHASE2,Phase 2,RECRUITING,200,"Jiangsu HengRui Medicine Co., Ltd.",Hengrui,312,1,0,multi_experimental,3,,shr2554; adabelimumab;shr2554; shr-1701;shr2554; shr-a2102,PD-1,Monoclonal Antibody,PD-L1,1,1,0,0,0,0,0,0,0,0,0,,metastatic · small-cell · ECOG 0
NCT07177937,A Study of DXC014 in Patients With Advanced Solid Tumors.,PHASE1,Phase 1,RECRUITING,150,"Hangzhou DAC Biotechnology Co., Ltd.",Hangzhou DAC Biotechnology,5,1,0,single_arm,1,dxc014,dxc014,B7-H3,ADC,,1,1,0,0,0,0,0,0,0,0,0,,metastatic · measurable (RECIST)
NCT07178795,A Study of BL-M07D1 vs Pembrolizumab-platinum Chemotherapy in First-line Treatment of HER2-mutant Advanced or Metastatic Non-squamous NSCLC,PHASE3,Phase 3,RECRUITING,440,"Sichuan Baili Pharmaceutical Co., Ltd.",Sichuan Baili Pharmaceutical,127,1,0,active_comparator,2,carboplatin;cisplatin;pembrolizumab;pemetrexed,bl-m07d1,HER2,ADC,HER2;biomarker,1,1,0,0,0,0,0,0,0,0,0,,metastatic · squamous · measurable (RECIST)
NCT07179692,CEA-Targeted CAR-T Therapy in CEA-Positive Advanced Solid Tumors,PHASE1,Phase 1,RECRUITING,108,"Chongqing Precision Biotech Co., Ltd",Chongqing Precision Biotech,41,1,0,multi_experimental,3,cea-targeted car-t cells,cea-targeted car-t cells,CEA,CAR-T,CEA;MET,1,1,0,0,0,0,0,0,0,1,0,,metastatic · 2nd-line+ · measurable (RECIST)
NCT07180862,A Study Evaluating BAT3306 Compared With Keytruda® in NSCLC Cancer Participants,PHASE1,Phase 1,ACTIVE_NOT_RECRUITING,160,Bio-Thera Solutions,Bio-Thera Solutions,29,1,0,active_comparator,2,us-keytruda,bat3306,PD-1,Monoclonal Antibody,PD-L1,1,1,0,0,0,0,0,1,0,0,1,PD-L1+,neoadjuvant · small-cell
NCT07181473,"A Study to Evaluate the Safety, Pharmacokinetics and Efficacy of TJ101 in Patients With Advanced/Metastatic Solid Tumors",PHASE1,Phase 1,RECRUITING,200,Phrontline Biopharma,Phrontline Biopharma,2,1,0,single_arm,1,tj101,tj101,EGFR/B7-H3,ADC,biomarker;biomarker analysis,1,1,0,0,0,0,0,0,0,0,0,,metastatic · squamous · measurable (RECIST)
NCT07181499,Sequential Chemotherapy With Befotertinib in Non-Small Cell Lung Cancer (NSCLC) Patients With Resistance to Third-Generation EGFR-TKI,PHASE2,Phase 2,RECRUITING,28,"Betta Pharmaceuticals Co., Ltd.",Betta Pharmaceuticals,66,1,0,single_arm,1,befotertinib;pemetrexed + carboplatin,befotertinib;pemetrexed + carboplatin,EGFR,Small Molecule,ALK;BRAF;EGFR;HER2;KRAS;MET;NTRK;RET,0,1,1,1,0,1,1,0,0,0,1,"EGFRm, ALK+, KRAS G12C, MET+",metastatic · squamous
NCT07182149,A Phase 1 Study of NRM-823 in Participants With Locally Advanced or Metastatic Refractory Solid Tumors,PHASE1,Phase 1,RECRUITING,150,"Normunity AccelCo, Inc.",Normunity AccelCo,1,1,0,single_arm,1,nrm-823,nrm-823,,Bispecific Antibody,,1,1,0,0,0,0,0,0,0,0,0,,metastatic · adenoca.
NCT07182682,A Phase 3 Study of Sunvozertinib Versus Placebo as Adjuvant Therapy in Patients With Early-Stage Non-Small Cell Lung Cancer Harboring EGFR Exon 20 Insertion Mutations or PACC Mutations After Radical Surgery,PHASE3,Phase 3,RECRUITING,360,"Dizal (Jiangsu) Pharmaceutical Co., Ltd.",Dizal (Jiangsu) Pharmaceutical,2,1,0,placebo_comparator,2,matching placebo,sunvozertinib,EGFR,Small Molecule,ALK;EGFR;PACC;PR,0,1,1,1,0,0,0,0,0,1,1,"EGFRm, ALK+",neoadjuvant · 2nd-line+ · small-cell
NCT07183189,"A Study of SHR-A2009 Combined With Aumolertinib Versus Aumolertinib for First-line Treatment in EGFR-mutated, Advanced or Metastatic NSCLC",PHASE3,Phase 3,RECRUITING,576,"Suzhou Suncadia Biopharmaceuticals Co., Ltd.",Suzhou Suncadia Biopharmaceuticals,86,1,0,active_comparator,2,aumolertinib,shr-a2009 ; aumolertinib,EGFR,Small Molecule,EGFR,0,1,1,0,0,0,0,0,0,1,1,EGFRm,metastatic · 2nd-line+ · small-cell · measurable (RECIST)
NCT07185035,An Exploratory Clinical Study on the Safety and Efficacy of Autologous NK Cells in the Treatment of Pulmonary Nodules,EARLY_PHASE1,Phase 1,RECRUITING,24,The First Affiliated Hospital with Nanjing Medical University,The First Affiliated Hospital with Nanjing Medical University,30,0,0,single_arm,1,kn5001,kn5001,,,,0,1,0,0,0,0,0,0,0,0,0,,
NCT07185997,Study to Evaluate Efficacy and Safety of Firmonertinib Compared With Investigator's Choice of EGFR Inhibitor as First-Line Treatment in Participants Who Have Locally Advanced or Metastatic NSCLC With EGFR P-Loop and Alpha C-Helix Compressing (PACC) Uncommon Mutations,PHASE3,Phase 3,RECRUITING,480,"ArriVent BioPharma, Inc.",ArriVent BioPharma,5,1,0,active_comparator,2,egfr-tki inhibitor based on investigator's choice,firmonertinib,EGFR,Small Molecule,EGFR PACC,0,1,0,0,0,0,0,0,0,0,0,,metastatic · small-cell
NCT07189455,Study Comparing ZG006 With Investigator-Selected Chemotherapy in Participants With Relapsed Small Cell Lung Cancer,PHASE3,Phase 3,RECRUITING,420,"Suzhou Zelgen Biopharmaceuticals Co.,Ltd",Suzhou Zelgen Biopharmaceuticals,49,1,0,active_comparator,2,topotecan,zg006,DLL3,Bispecific Antibody,DLL3,1,1,0,0,0,0,0,0,0,0,0,,small-cell
NCT07189871,"177Lu-BetaBart in Patients With Relapsed/Refractory, Locally Advanced Inoperable, or Metastatic Solid Tumors",PHASE1;PHASE2,Phase 2,RECRUITING,61,"Radiopharm Theranostics, Ltd",Radiopharm Theranostics,7,1,0,single_arm,1,177lu-betabart,177lu-betabart,B7-H3,Radiopharmaceutical,,0,1,0,0,0,0,0,0,0,1,0,,metastatic · 2nd-line+ · measurable (RECIST)
NCT07190248,A Clinical Study of Calderasib (MK-1084) and Other Treatments for Participants With Non-Small Cell Lung Cancer (MK-1084-007/KANDLELIT-007),PHASE3,Phase 3,RECRUITING,675,Merck Sharp & Dohme LLC,Merck (MSD),649,1,1,active_comparator,2,carboplatin;cisplatin;pembrolizumab (+) berahyaluronidase alfa;pemetrexed,calderasib;pembrolizumab (+) berahyaluronidase alfa,KRAS,Small Molecule,KRAS,0,1,0,0,0,0,0,0,0,0,0,,metastatic · squamous
NCT07192068,Clinical Trial Evaluating the Activity of Zanidatamab for the Treatment of Patients With Solid Tumors With an Alteration of the HER2 Gene.,PHASE2,Phase 2,RECRUITING,105,UNICANCER,UNICANCER,64,0,0,single_arm,1,zanidatamab,zanidatamab,HER2,Bispecific Antibody,HER2,1,1,0,0,0,0,0,0,0,0,0,,metastatic · squamous · measurable (RECIST)
NCT07195695,Beamion LUNG-3: Adjuvant Zongertinib vs Standard Treatment in People With Completely Resected Stage II-IIIB NSCLC Harboring Activating HER2 TKD Mutations,PHASE3,Phase 3,RECRUITING,400,Boehringer Ingelheim,Boehringer Ingelheim,237,1,1,active_comparator,2,atezolizumab;durvalumab;nivolumab;pembrolizumab,zongertinib,HER2,Small Molecule,ALK;HER2,0,1,0,1,0,0,0,0,0,0,1,ALK+,ECOG 0
NCT07198321,"A Single-Arm, Open-Label, Multicenter Phase I/II Clinical Study of GFH276 in Patients With RAS-Mutant Advanced Solid Tumors",PHASE1;PHASE2,Phase 2,NOT_YET_RECRUITING,450,Genfleet Therapeutics (Shanghai) Inc.,Genfleet Therapeutics (Shanghai),15,1,0,single_arm,1,gfh276,gfh276,KRAS,Cell Therapy,,1,1,0,0,0,0,0,0,0,0,0,,metastatic · measurable (RECIST)
NCT07198841,IBI351 Plus Cetuximab β in Untreated Advanced Non-small Cell Lung Cancer With KRAS G12C Mutation,PHASE2,Phase 2,RECRUITING,48,Guangdong Association of Clinical Trials,Guangdong Association of Clinical Trials,7,0,0,single_arm,1,ibi351 combined with cetuximab β,ibi351 combined with cetuximab β,KRAS,Monoclonal Antibody,ALK;KRAS;genomic,1,1,1,1,0,1,0,0,1,1,1,"EGFRm, ALK+, KRAS G12C",metastatic · 1st-line · squamous · measurable (RECIST)
NCT07202364,A Study of YL202 in Patients With Advanced Solid Tumors,PHASE2,Phase 2,RECRUITING,100,"MediLink Therapeutics (Suzhou) Co., Ltd.",MediLink Therapeutics (Suzhou),23,1,0,multi_experimental,2,yl202,yl202,HER3,ADC,HER2;HR,1,1,0,0,0,0,0,0,0,0,0,,metastatic · measurable (RECIST)
NCT07203053,A Trial of Tarlatamab in Patients With Pretreated Extensive-stage Small Cell Lung Cancer (ES-SCLC) and ECOG PS 2,PHASE2,Phase 2,RECRUITING,48,ETOP IBCSG Partners Foundation,ETOP IBCSG Partners Foundation,20,0,1,single_arm,1,tarlatamab,tarlatamab,DLL3,Bispecific Antibody,DLL3,1,1,0,0,0,0,0,0,1,0,0,,metastatic · 1st-line · ductal
NCT07206498,A Study to Evaluate Safety and Efficacy of WSD0922-FU Combo With Osimertinib for NSCLC,PHASE1;PHASE2,Phase 2,RECRUITING,48,"Wayshine Biopharm, Inc.",Wayshine Biopharm,3,1,0,multi_experimental,2,osimertinib (tagrisso);wsd0922-fu,osimertinib (tagrisso);wsd0922-fu,EGFR,Small Molecule,EGFR,0,1,1,0,0,0,0,0,0,0,1,EGFRm,metastatic · measurable (RECIST)
NCT07208773,A Study of YL201 and Ivonescimab (AK112) in Advanced Solid Tumors,PHASE1;PHASE2,Phase 2,RECRUITING,260,"MediLink Therapeutics (Suzhou) Co., Ltd.",MediLink Therapeutics (Suzhou),23,1,0,multi_experimental,2,ivonescimab;yl201,ivonescimab;yl201,B7-H3,ADC,EGFR,1,1,1,0,0,0,0,0,0,0,1,EGFRm,metastatic
NCT07216105,"FT836 With or Without Chemotherapy and/or Monoclonal Antibodies, in Participants With Advanced Solid Tumors",PHASE1,Phase 1,RECRUITING,119,Fate Therapeutics,Fate Therapeutics,19,1,0,multi_experimental,8,ft836,cetuximab;ft836;trastuzumab,HER2,CAR-T,,1,1,0,0,0,0,0,0,0,1,0,,metastatic · 2nd-line+ · measurable (RECIST)
NCT07217171,"A Study Evaluating the Safety, Efficacy, and Pharmacokinetics (PK) of EVOLVE104 in Participants With Advanced Urothelial and Squamous Cell Carcinomas",PHASE1,Phase 1,RECRUITING,160,"EvolveImmune United, Inc",EvolveImmune United,1,1,0,multi_experimental,12,evolve104,evolve104,CD3,Bispecific Antibody,,1,1,0,0,0,0,0,0,0,1,0,,metastatic · 2nd-line+ · squamous
NCT07218003,A Phase 1/1b of RNDO-564 Single Agent or in Combination With Pembrolizumab in Bladder Cancer and Other Solid Tumors Associated With Nectin-4,PHASE1,Phase 1,ENROLLING_BY_INVITATION,149,Rondo Therapeutics,Rondo Therapeutics,1,1,0,multi_experimental,15,rndo-564,pembrolizumab;rndo-564,NECTIN4,Bispecific Antibody,NECTIN-4,1,1,0,0,0,0,0,0,0,0,0,,metastatic · squamous · measurable (RECIST)
NCT07218146,A Study of ZL-1310 Versus Investigator's Choice of Therapy in Participants With Relapsed Small Cell Lung Cancer (DLLEVATE),PHASE3,Phase 3,RECRUITING,480,"Zai Lab (Shanghai) Co., Ltd.",Zai Lab,22,1,0,active_comparator,2,investigator's choice of therapy,zl-1310,DLL3,ADC,DLL3 expression (H-score),1,1,0,0,0,0,0,0,0,0,0,,metastatic · measurable (RECIST)
NCT07219576,Retifanlimab and Ruxolitinib In Solid Malignancies,PHASE1;PHASE2,Phase 2,RECRUITING,40,"University of California, San Diego","University of California, San Diego",28,0,0,single_arm,1,retifanlimab;ruxolitinib,retifanlimab;ruxolitinib,JAK1,Small Molecule,JAK2;MET;PD-L1,0,1,0,0,0,0,0,1,0,1,1,PD-L1+,metastatic · 2nd-line+ · squamous · measurable (RECIST)
NCT07221474,A Study of Intismeran Autogene (V940)/Placebo + Pembrolizumab and Chemotherapy in Metastatic Squamous Non-Small Cell Lung Cancer (V940-013),PHASE2,Phase 2,RECRUITING,180,Merck Sharp & Dohme LLC,Merck (MSD),649,1,1,multi_experimental,2,carboplatin;nab-paclitaxel;paclitaxel;pembrolizumab,carboplatin;intismeran autogene;nab-paclitaxel;paclitaxel;pembrolizumab,PD-1,Monoclonal Antibody,PD-L1,1,1,0,0,0,0,0,1,0,0,1,PD-L1+,metastatic · squamous · measurable (RECIST)
NCT07222566,Symbiotic-Lung-01 : A Study to Learn About the Study Medicine Called PF-08634404 in Combination With Chemotherapy in Adult Participants With Locally Advanced or Metastatic Non-Small Cell Lung Cancer,PHASE3,Phase 3,RECRUITING,1410,Pfizer,Pfizer,687,1,1,active_comparator,4,chemotherapy regimen 1;chemotherapy regimen 2;pembrolizumab,chemotherapy regimen 1;chemotherapy regimen 2;pf-08634404,PD-1,Bispecific Antibody,ALK;BRAF;MET;MMR;MMR-PROFICIENT;MSI-H;NTRK;PD-L1;RAS;RET;ROS1;ctDNA;dMMR;genomic;pMMR,1,1,0,1,1,0,0,1,1,0,1,"ALK+, ROS1+, PD-L1+",metastatic · 1st-line · squamous · measurable (RECIST) · ECOG 0
NCT07223047,"A Study to Evaluate the Safety, Tolerability, and Efficacy of BMS-986523 Alone and in Combination With Anti-Cancer Agents in Participants With Advanced Solid Malignancies",PHASE1;PHASE2,Phase 2,RECRUITING,252,Bristol-Myers Squibb,Bristol Myers Squibb,764,1,1,multi_experimental,6,bms-986523,bms-986523;cetuximab;gemcitabine;nab-paclitaxel;pembrolizumab,,,KRAS;PD-L1,0,1,0,0,0,0,0,1,0,0,1,PD-L1+,metastatic
NCT07224152,NBTXR3 With Radiation Therapy Alone for Locally-advanced Non-small Cell Lung Cancer,PHASE1;PHASE2,Phase 2,RECRUITING,40,M.D. Anderson Cancer Center,M.D. Anderson Cancer Center,697,0,0,single_arm,1,nbtxr3,nbtxr3,,Radiopharmaceutical,,0,1,0,0,0,0,0,0,0,0,0,,metastatic · measurable (RECIST)
NCT07226999,Symbiotic-Lung-04: A Study to Learn About the Study Medicine Called PF-08634404 in Combination With Chemotherapy in Adult Participants With Extensive-Stage Small Cell Lung Cancer,PHASE2;PHASE3,Phase 3,RECRUITING,550,Pfizer,Pfizer,687,1,1,active_comparator,3,atezolizumab,pf-08634404,PD-1,Bispecific Antibody,BRAF;MMR;MMR-PROFICIENT;MSI-H;PD-L1;RAS;ctDNA;dMMR;pMMR,1,1,0,0,0,0,0,0,0,0,0,,metastatic · small-cell · measurable (RECIST)
NCT07227025,A Study of Amivantamab and Olomorasib Combination Therapy in Participants With Metastatic Non-Small Cell Lung Cancer,PHASE1;PHASE2,Phase 2,RECRUITING,60,"Janssen Research & Development, LLC",Johnson & Johnson,363,1,1,multi_experimental,2,amivantamab;olomorasib,amivantamab;olomorasib,EGFR,Monoclonal Antibody,ALK;BRAF;EGFR;HER2;KRAS;MET;NTRK;PD-L1;RET;ROS1;genomic,1,1,0,1,1,1,0,1,0,0,1,"ALK+, ROS1+, KRAS G12C, PD-L1+",metastatic · measurable (RECIST)
NCT07227168,A Study of STRO-004 in Adults With Refractory/Recurrent Metastatic Cancer,PHASE1,Phase 1,RECRUITING,200,"Sutro Biopharma, Inc.",Sutro Biopharma,8,1,0,multi_experimental,3,stro-004,pembrolizumab;stro-004,PD-1,ADC,genomic,1,1,0,0,0,0,0,0,0,0,0,,metastatic · adenoca. · measurable (RECIST)
NCT07227298,Symbiotic-Lung-20: A Study to Learn About the Study Medicine Called PF-08634404 in Combination With Different Anticancer Agents in Advanced Cancers,PHASE1;PHASE2,Phase 2,RECRUITING,162,Pfizer,Pfizer,687,1,1,multi_experimental,2,pf-08634404,pf-08046054/sgn-pdl1v;pf-08634404;sigvotatug vedotin,PD-1,Monoclonal Antibody,ALK;BRAF;MET;MMR-PROFICIENT;NTRK;PD-L1;ROS1,1,1,0,0,1,0,0,1,1,0,1,"ROS1+, PD-L1+",metastatic · 1st-line · squamous · measurable (RECIST)
NCT07227597,A Clinical Study of Gocatamig (MK-6070) and Infinatamab Deruxtecan (MK-2400) in People With Small Cell Lung Cancer (MK-6070-003),PHASE1;PHASE2,Phase 2,RECRUITING,170,Merck Sharp & Dohme LLC,Merck (MSD),649,1,1,active_comparator,4,atezolizumab;carboplatin;etoposide,atezolizumab;gocatamig;i-dxd;rescue medications,HER2,ADC,HER2;PD-L1,1,1,0,0,0,0,0,1,1,0,1,PD-L1+,metastatic · 1st-line · small-cell · measurable (RECIST)
NCT07229339,"Zipalertinib With Carboplatin and Pemetrexed for the Treatment of Resectable, Stage II-IIIB, Non-Small Cell Lung Cancer",PHASE2,Phase 2,NOT_YET_RECRUITING,16,Jonsson Comprehensive Cancer Center,Jonsson Comprehensive Cancer Center,117,0,0,single_arm,1,biospecimen collection;carboplatin;computed tomography;magnetic resonance imaging;pemetrexed;positron emission tomography;zipalertinib,biospecimen collection;carboplatin;computed tomography;magnetic resonance imaging;pemetrexed;positron emission tomography;zipalertinib,EGFR,Small Molecule,EGFR;Uncommon/Compound,0,1,1,0,0,0,0,0,0,0,1,EGFRm,metastatic · squamous · measurable (RECIST)
NCT07229599,A Study of MHB036C Combined With Anti-tumor Therapies in Patients With Advanced Lung Cancer,PHASE1;PHASE2,Phase 2,RECRUITING,300,Minghui Pharmaceutical (Hangzhou) Ltd,Minghui Pharmaceutical (Hangzhou),10,1,0,multi_experimental,6,mhb036c for injection,carboplatin;furmonertinib;mhb036c for injection;mhb039a for injection,,Cell Therapy,,1,1,0,0,0,0,0,0,0,1,0,,metastatic · 2nd-line+ · small-cell · measurable (RECIST)
NCT07229729,A Study of SHR-A2102 in Combination With Other Anti-tumor Therapies for Resectable Non-small Cell Lung Cancer,PHASE2,Phase 2,RECRUITING,300,"Shanghai Hengrui Pharmaceutical Co., Ltd.",Hengrui,312,1,0,active_comparator,2,alomnertinib mesilate;furmonertini mesilate;osimertinib mesylate;shr-a2102,adebrelimab;carboplatin;paclitaxel;shr-a2102,Nectin-4,ADC,EGFR;Nectin-4 H-score,1,1,0,0,0,0,0,0,0,0,0,,
NCT07230405,A Phase II Study of SKB571 in Patients With Lung Cancer,PHASE2,Phase 2,RECRUITING,295,"Sichuan Kelun-Biotech Biopharmaceutical Co., Ltd.",Kelun,50,1,0,single_arm,1,skb571 for injection,skb571 for injection,EGFR,Monoclonal Antibody,EGFR,1,1,0,0,0,0,0,0,0,0,0,,metastatic · measurable (RECIST)
NCT07231068,A Dose-escalation and Dose-expansion Phase I/Phase II Clinical Study of Dositinib Mesylate Tablets (90-1408) in the Treatment of Locally Advanced or Metastatic Non-small Cell Lung Cancer With Positive EGFR Mutation,PHASE1;PHASE2,Phase 2,RECRUITING,153,"Henan Genuine Biotech Co., Ltd.",Henan Genuine Biotech,3,1,0,single_arm,1,dositinib mesylate tablets,dositinib mesylate tablets,EGFR,Small Molecule,EGFR;PR,0,1,1,0,0,0,0,0,1,0,1,EGFRm,metastatic · 1st-line · squamous · measurable (RECIST)
NCT07231445,Study of ZG006 in Combination With PD-1/PD-L1 Immune Checkpoint Inhibitors as First-Line Standard Therapy in Participants With Extensive Stage Small-Cell Lung Cancer,PHASE1,Phase 1,RECRUITING,100,"Suzhou Zelgen Biopharmaceuticals Co.,Ltd",Suzhou Zelgen Biopharmaceuticals,49,1,0,multi_experimental,2,serplulimab;zg006,serplulimab;zg006,PD-1,Bispecific Antibody,DLL3;PD-L1,1,1,0,0,0,0,0,0,0,0,0,,
NCT07232420,A Study of BL-M24D1 in Patients With Locally Advanced or Metastatic Non-Small Cell Lung Cancer and Other Solid Tumors,PHASE1,Phase 1,RECRUITING,33,"Sichuan Baili Pharmaceutical Co., Ltd.",Sichuan Baili Pharmaceutical,127,1,0,single_arm,1,bl-m24d1,bl-m24d1,,,,0,1,0,0,0,0,0,0,0,0,0,,metastatic · small-cell · measurable (RECIST)
NCT07232849,A Trial of HRS-4508 Combined With Other Antitumor Therapies in Subjects With Locally Advanced or Metastatic Non-small Cell Lung Cancer,PHASE2,Phase 2,RECRUITING,100,"Jiangsu HengRui Medicine Co., Ltd.",Hengrui,312,1,0,single_arm,1,hrs-4508 tablet,hrs-4508 tablet,,Monoclonal Antibody,,1,1,0,0,0,0,0,0,0,0,0,,metastatic · small-cell · measurable (RECIST) · ECOG 0
NCT07234877,Phase II Study of Upfront SRT Plus Ivonescimab/Chemotherapy vs Ivonescimab/Chemotherapy in NSCLC Brain Mets,PHASE2,Phase 2,NOT_YET_RECRUITING,158,European Organisation for Research and Treatment of Cancer - EORTC,European Organisation for Research and Treatment of Cancer - EORTC,38,0,0,multi_experimental,2,carboplatin;ivonescimab;paclitaxel;paclitaxel-albumin;pemetrexed,carboplatin;ivonescimab;paclitaxel;paclitaxel-albumin;pemetrexed;stereotactic radiosurgery (srs) or fractionated stereotactic radiotherapy (fsrt),PD-1,Bispecific Antibody,BRAF;MSS;PD-L1;genomic;pMMR,1,1,0,0,0,0,0,0,1,0,0,,metastatic · 1st-line · ECOG 2
NCT07241767,A Phase II Clinical Study of FH-006 for Injection Combined With Other Anticancer Therapies in Subjects With Lung Cancer,PHASE2,Phase 2,RECRUITING,200,"Jiangsu HengRui Medicine Co., Ltd.",Hengrui,312,1,0,multi_experimental,3,,fh-006 ; shr-1316 ; bp102;fh-006 ; shr-1316 ; bp102 ; cisplatin ; carboplatin;fh-006; shr-1316 ; shr-8068,,,,0,1,0,0,0,0,0,0,0,0,0,,metastatic · small-cell · measurable (RECIST) · ECOG 0
NCT07242274,Phase 3 Trial of JMKX001899 Versus Docetaxel in Previously Treated Advanced or Metastatic KRAS G12C-Mutant NSCLC,PHASE3,Phase 3,NOT_YET_RECRUITING,472,Jemincare,Jemincare,10,1,0,active_comparator,2,docetaxel,jmkx001899,KRAS,Small Molecule,KRAS;PD-L1,0,1,0,0,0,1,0,1,0,0,1,"KRAS G12C, PD-L1+",metastatic · measurable (RECIST)
NCT07245446,A Study of Ivonescimab in First-Line ES-SCLC,PHASE2,Phase 2,RECRUITING,180,Akeso,Akeso,103,1,0,multi_experimental,3,carboplatin (auc 5);etoposide;ivonescimab,ak117;cadonilimab;carboplatin (auc 5);etoposide;ivonescimab,PD-1,Bispecific Antibody,BRAF;MSS;PD-L1;pMMR,1,1,0,0,0,0,0,0,0,0,0,,metastatic · small-cell · measurable (RECIST)
NCT07246304,TC-D101 Cell Therapy for Patients With DLL3-Positive SCLC,EARLY_PHASE1,Phase 1,RECRUITING,24,TCRCure Biopharma Ltd.,TCRCure Biopharma,5,1,0,single_arm,1,tc-d101 car-t,tc-d101 car-t,DLL3,CAR-T,DLL3,1,1,0,0,0,0,0,0,0,0,0,,metastatic · measurable (RECIST)
NCT07246863,Trial Investigating Visugromab and Nivolumab With or Without Docetaxel in 2L Treatment of Participants With Metastatic NSCLC,PHASE2,Phase 2,RECRUITING,131,CatalYm GmbH,CatalYm,6,1,0,active_comparator,4,docetaxel;placebo saline infusion,docetaxel;nivolumab;visugromab;visugromab rde (recommended dose for expansion),GDF15,Monoclonal Antibody,ALK,1,1,0,0,0,0,0,0,0,0,0,,metastatic · squamous · measurable (RECIST)
NCT07249879,"This Study is an Open-lable, Early Study to Evaluate the Safety, Feasibility, Cytokinetics, and Preliminary Efficacy of GC511B in DLL3+ Relapsed/Refractory Small Cell Lung Cancer.",PHASE1,Phase 1,RECRUITING,55,"Cancer Institute and Hospital, Chinese Academy of Medical Sciences","Cancer Institute and Hospital, Chinese Academy of Medical Sciences",24,0,0,single_arm,1,gc511b car-t cell injection,gc511b car-t cell injection,DLL3,CAR-T,DLL3,1,1,0,0,0,0,0,0,0,0,0,,metastatic · squamous · measurable (RECIST)
NCT07250386,A Study of CEA-Targeted CAR-T Therapy in Patients With CEA-Positive Advanced Solid Tumors,PHASE1,Phase 1,RECRUITING,48,"Second Affiliated Hospital, Zhejiang University, School of Medicine","Second Affiliated Hospital, Zhejiang University, School of Medicine",12,0,0,multi_experimental,2,,cea-targeted car-t (intrapleural);cea-targeted car-t (intravenous),CEA,CAR-T,CEA;MET,1,1,0,0,0,0,0,0,0,1,0,,metastatic · 2nd-line+ · small-cell · measurable (RECIST)
NCT07253142,A Phase II Clinical Study to Evaluate HLX43 in Combination With Serplulimab in Subjects With Advanced Lung Cancer,PHASE2,Phase 2,RECRUITING,120,Shanghai Henlius Biotech,Shanghai Henlius,98,1,0,multi_experimental,2,,hlx43 dose 1;hlx43 dose 2,PD-L1,ADC,PD-L1,1,1,0,0,0,0,0,1,1,1,1,PD-L1+,metastatic · 1st-line · ductal · measurable (RECIST)
NCT07256509,A Study of SYS6010 Combined With Osimertinib Versus Osimertinib Alone as Neoadjuvant Therapy for Patients With EGFR Mutation-positive Resectable Non-squamous Non-small Cell Lung Cancer,PHASE2,Phase 2,NOT_YET_RECRUITING,120,"CSPC Megalith Biopharmaceutical Co.,Ltd.",CSPC Megalith Biopharmaceutical,29,1,0,active_comparator,2,carboplatin;cisplatin;osimertinib;pemetrexed,osimertinib;sys6010,EGFR,ADC,EGFR,1,1,1,0,0,0,0,0,0,1,1,EGFRm,resectable · 2nd-line+ · squamous · measurable (RECIST)
NCT07260058,Immune Cell Therapy for Advanced Solid Tumors,PHASE1;PHASE2,Phase 2,NOT_YET_RECRUITING,48,"Liaoning Medical Diagnosis and Treatment Technology Research and Development Co., Ltd.",Liaoning Medical Diagnosis and Treatment Technology Research and Development,1,1,0,active_comparator,2,standard,autologous immune cells;standard,,Cell Therapy,,1,1,0,0,0,0,0,0,0,0,0,,metastatic · measurable (RECIST)
NCT07261631,Phase I Study of [177Lu]Lu-DFC413 in Patients With Solid Tumors,PHASE1,Phase 1,RECRUITING,180,Novartis Pharmaceuticals,Novartis,836,1,1,single_arm,1,177lu-dfc413;68ga-nns309,177lu-dfc413;68ga-nns309,,Radiopharmaceutical,HER2;MMR;MSI;MSI-H;dMMR;genomic,0,1,0,0,0,0,0,0,0,0,0,,metastatic · ductal
NCT07264816,A Study of BL-M07D1 in Combination With Pembrolizumab in Patients With Unresectable Locally Advanced or Metastatic HER2-Overexpressing Non-Squamous NSCLC,PHASE2,Phase 2,RECRUITING,80,"Sichuan Baili Pharmaceutical Co., Ltd.",Sichuan Baili Pharmaceutical,127,1,0,single_arm,1,bl-m07d1;pembrolizumab,bl-m07d1;pembrolizumab,HER2,ADC,HER2,1,1,0,0,0,0,0,0,0,0,0,,metastatic · squamous · measurable (RECIST)
NCT07269782,A Phase II Study to Evaluate the Efficacy and Safety of HLX43 + Serplulimab as Neoadjuvant Therapy in Subjects With NSCLC,PHASE2,Phase 2,RECRUITING,60,Shanghai Henlius Biotech,Shanghai Henlius,98,1,0,multi_experimental,2,serplulimab,hlx43 dose 1;hlx43 dose 2;serplulimab,PD-L1,ADC,ALK;MET;PD-L1;genomic,1,1,0,0,0,0,0,1,0,0,1,PD-L1+,neoadjuvant · squamous · measurable (RECIST)
NCT07272642,"A Phase 1, Multicenter Imaging Study of LNTH-2403 in Participants With Locally Advanced or Metastatic Solid Tumors.",PHASE1,Phase 1,NOT_YET_RECRUITING,16,"Radiopharm Theranostics, Ltd",Radiopharm Theranostics,7,1,0,single_arm,1,lnth-2403,lnth-2403,LRRC15,Radiopharmaceutical,biomarker,0,1,0,0,0,0,0,0,0,0,0,,metastatic · squamous
NCT07274813,"A Phase I Study to Evaluate the Safety, Tolerability, and PK of HLX37 in Advanced/Metastatic Solid Tumors",EARLY_PHASE1,Phase 1,RECRUITING,254,Shanghai Henlius Biotech,Shanghai Henlius,98,1,0,multi_experimental,2,hlx37,hlx37,PD-L1,Bispecific Antibody,ALK;BRAF;EGFR;NTRK;PD-L1;RET;ROS1,1,1,1,0,1,0,1,1,0,0,1,"EGFRm, ROS1+, MET+, PD-L1+",metastatic · squamous · measurable (RECIST)
NCT07274852,"A Study of Lutetium [177Lu]-BL-ARC001 in Patients With Locally Advanced or Metastatic Lung Cancer, Breast Cancer, Head and Neck Squamous Cell Carcinoma and Other Solid Tumors",PHASE1,Phase 1,RECRUITING,22,"Sichuan Baili Pharmaceutical Co., Ltd.",Sichuan Baili Pharmaceutical,127,1,0,single_arm,1,lutetium [177lu] bl-arc001,lutetium [177lu] bl-arc001,,Radiopharmaceutical,,0,1,0,0,0,0,0,0,0,0,0,,metastatic · measurable (RECIST)
NCT07275073,JMT106 Injection in the Treatment of Advanced Solid Tumors,PHASE1,Phase 1,RECRUITING,200,Shanghai JMT-Bio Inc.,Shanghai JMT-Bio,33,1,0,single_arm,1,jmt106 injection,jmt106 injection,,,,0,1,0,0,0,0,0,0,0,1,0,,metastatic · 2nd-line+ · squamous · measurable (RECIST)
NCT07276789,Efficacy and Safety of a Single Dose of LS301-IT for Fluorescence Intraoperative Molecular Imaging (IMI) for Patients Undergoing Lung Cancer Resection for Non Small Cell Lung Cancer,PHASE2,Phase 2,RECRUITING,35,Integro Theranostics,Integro Theranostics,3,1,0,single_arm,1,ls301-it 0.,ls301-it 0.,,,,0,1,0,0,0,0,0,0,0,0,0,,
NCT07277413,A Study of IDE892 as Monotherapy and Combination in MTAP-deleted Advanced Solid Tumors,PHASE1,Phase 1,RECRUITING,260,IDEAYA Biosciences,IDEAYA Biosciences,11,1,0,multi_experimental,4,ide892,ide397;ide892,PRMT5,Small Molecule,MTAP-DELETED;PD-L1;biomarker,0,1,0,0,0,0,0,1,0,0,1,PD-L1+,metastatic · adenoca. · measurable (RECIST)
NCT07278479,Study of [212Pb]Pb-DOTAM-MAM279 ([212Pb]Pb-MP0712) in Patients With Small Cell Lung Cancer and Other DLL3 Expressing Solid Tumors,PHASE1;PHASE2,Phase 2,RECRUITING,138,Molecular Partners AG,Molecular Partners,7,1,0,single_arm,1,[203pb]pb-mp0712;[212pb]pb-mp0712,[203pb]pb-mp0712;[212pb]pb-mp0712,DLL3,Radiopharmaceutical,DLL3,0,1,0,0,0,0,0,0,0,1,0,,metastatic · 2nd-line+ · measurable (RECIST)
NCT07283198,"A Phase II Clinical Study to Evaluate the Safety, Efficacy, Pharmacokinetics/Pharmacodynamics of JSKN033 in Patients With Advanced Non-Small Cell Lung Cancer",PHASE2,Phase 2,NOT_YET_RECRUITING,160,"Jiangsu Alphamab Biopharmaceuticals Co., Ltd",Jiangsu Alphamab Biopharmaceuticals,35,1,0,single_arm,1,jskn033 injection,jskn033 injection,,ADC,HER2,1,1,0,0,0,0,0,0,0,0,0,,metastatic · small-cell · measurable (RECIST)
NCT07284186,First-in-Human Study of PLX-61639 in Locally Advanced or Metastatic Solid Tumors,PHASE1,Phase 1,RECRUITING,155,"Plexium, Inc.",Plexium,1,1,0,single_arm,1,plx-61639,plx-61639,SMARCA2,Small Molecule,SMARCA4,0,1,0,0,0,0,0,0,0,1,0,,metastatic · 2nd-line+ · measurable (RECIST) · ECOG 0
NCT07285148,A Study to Evaluate ANS014004 in Combination With EGFR-TKI in Non-Small Cell Lung Cancer,PHASE1;PHASE2,Phase 2,NOT_YET_RECRUITING,253,Beijing Pearl Biotechnology Limited Liability Company,Beijing Pearl Biotechnology Limited Liability,8,1,0,active_comparator,2,ans014004 + osimertinib,ans014004 + plb1004,EGFR,Small Molecule,ALK;BRAF;EGFR;KRAS;MET;RET;ROS1,0,1,1,0,1,0,1,0,0,1,1,"EGFRm, ROS1+, MET+",metastatic · 2nd-line+ · squamous · measurable (RECIST) · ECOG 1
NCT07285434,"Clinical Study of the Therapeutic Effectiveness of In-silico-Designed, Machine Learning Inspired, and Quantum-molecularly Coupled Personalized Neoantigenic Vaccines Microlyvaq™ in Patients With Advanced Non-small Cell Lung Cancer",EARLY_PHASE1,Phase 1,ENROLLING_BY_INVITATION,90,Biogenea Pharmaceuticals Ltd.,Biogenea Pharmaceuticals,4,1,0,active_comparator,2,microlyvaq (personalized multi-epitope immunotherapeutic),,PD-1,Peptide,ALK;BRAF;HER2;KRAS;MET;NTRK;PD-L1;RET;ROS1;genomic,0,0,1,1,1,1,1,1,1,1,1,"EGFRm, ALK+, ROS1+, KRAS G12C, MET+, PD-L1+",metastatic · 1st-line · adenoca. · measurable (RECIST) · ECOG 0
NCT07286149,A Clinical Study of MK-1084 With Other Treatments for Non-small Cell Lung Cancer (MK-3475-01F),PHASE1;PHASE2,Phase 2,RECRUITING,140,Merck Sharp & Dohme LLC,Merck (MSD),649,1,1,multi_experimental,3,mk-1084,cetuximab;mk-1084;patritumab deruxtecan;rescue medications;sacituzumab tirumotecan,KRAS,Small Molecule,KRAS;PD-L1;biomarker;biomarker analysis,0,1,0,0,0,0,0,1,0,0,1,PD-L1+,metastatic · squamous
NCT07288177,Study to Assess the Efficacy and Safety of Rina-S in Participants With Non-small Cell Lung Cancer,PHASE2,Phase 2,RECRUITING,240,Genmab,Genmab,65,1,1,single_arm,1,rina-s,rina-s,FRα,ADC,PD-L1,1,1,0,0,0,0,0,0,0,0,0,,metastatic · adenoca. · measurable (RECIST)
NCT07291037,Phase III Study of Datopotamab Deruxtecan Versus Docetaxel in Previously Treated TROP2-positive Advanced or Metastatic Non-squamous NSCLC Without Actionable Genomic Alterations,PHASE3,Phase 3,RECRUITING,400,AstraZeneca,AstraZeneca,780,1,1,active_comparator,2,docetaxel,datopotamab deruxtecan (dato-dxd),TROP-1,ADC,ALK;BRAF;HER2;KRAS;MET;NTRK;PD-L1;RET;ROS1;TROP-1;TROP2;genomic,1,1,1,0,1,1,1,1,1,0,1,"EGFRm, ROS1+, KRAS G12C, MET+, PD-L1+",metastatic · 1st-line · squamous · measurable (RECIST)
NCT07294261,Garsorasib In KRAS G12C Mutant Locally Advanced and Metastatic NSCLC,PHASE2,Phase 2,NOT_YET_RECRUITING,69,Sun Yat-sen University,Sun Yat-sen University,73,0,0,multi_experimental,3,,anlotinib;benmelstobart;cetuximab beta injection;garsorasib,KRAS,Small Molecule,ALK;BRAF;KRAS;MET;NTRK;PD-L1;RET;ROS1,0,1,0,0,1,1,0,1,0,0,1,"ROS1+, KRAS G12C, PD-L1+",metastatic · small-cell · measurable (RECIST) · ECOG 0-1
NCT07295821,Osimertinib Induction and Maintenance for Chemo-ineligible Stage III Unresectable EGFR+ NSCLC: Single-arm Study,PHASE2,Phase 2,RECRUITING,60,AstraZeneca,AstraZeneca,780,1,1,single_arm,1,osimertinib,osimertinib,EGFR,Small Molecule,EGFR,0,1,1,0,0,0,0,0,0,1,1,EGFRm,unresectable · 2nd-line+ · squamous
NCT07296809,SKB500 Combinations in Patients With Small Cell Lung Cancer,PHASE2,Phase 2,RECRUITING,80,"Sichuan Kelun-Biotech Biopharmaceutical Co., Ltd.",Kelun,50,1,0,multi_experimental,3,kl-a167 injection;skb500 powder for injection,carboplatin injection;etoposide injection;kl-a167 injection;skb500 powder for injection,,,biomarker;biomarker analysis,0,1,0,0,0,0,0,0,0,0,0,,metastatic · small-cell · measurable (RECIST)
NCT07300150,A Study of PT0511 in Participants With KRAS Mutated or Amplified Advanced Solid Tumors,PHASE1,Phase 1,RECRUITING,210,"PAQ Therapeutics, Inc.",PAQ Therapeutics,2,1,0,multi_experimental,9,pt0511,cetuximab;pt0511,KRAS,Small Molecule,KRAS,0,1,0,0,0,0,0,0,0,0,0,,metastatic · squamous · measurable (RECIST)
NCT07306624,Nelmastobart in Combination With Docetaxel in Non Small Cell Lung Cancer,PHASE2,Phase 2,RECRUITING,62,"STCube, Inc.",STCube,5,1,0,single_arm,1,nelmastobart and docetaxel,nelmastobart and docetaxel,,,,0,1,0,0,0,0,0,1,0,0,1,PD-L1+,recurrent
NCT07308106,A Phase II Clinical Study of SKB571 as Monotherapy in Patients With Locally Advanced or Metastatic Non-Small Cell Lung Cancer With MET Abnormalities,PHASE2,Phase 2,RECRUITING,70,"Sichuan Kelun-Biotech Biopharmaceutical Co., Ltd.",Kelun,50,1,0,single_arm,1,skb571 for injection,skb571 for injection,EGFR,Monoclonal Antibody,EGFR,1,1,0,0,0,0,0,0,0,0,0,,metastatic · measurable (RECIST)
NCT07315113,"Study of NXP900 With Osimertinib in Subjects With Advanced, EGFR-Mutated Non-Small Cell Lung Cancer",PHASE1,Phase 1,RECRUITING,18,"Nuvectis Pharma, Inc.",Nuvectis Pharma,4,1,0,single_arm,1,nxp900;osimertinib,nxp900;osimertinib,YES1,Small Molecule,EGFR;HER2,0,1,1,0,0,0,0,0,0,1,1,EGFRm,metastatic · 2nd-line+
NCT07318636,NK-cell Therapy Combined With PD-1 Antibody and Platinum-Based Chemotherapy as Neoadjuvant Therapy in Resectable NSCLC,PHASE1,Phase 1,NOT_YET_RECRUITING,10,The First Affiliated Hospital of Guangzhou Medical University,The First Affiliated Hospital of Guangzhou Medical University,3,0,0,single_arm,1,nk010;pd-1 antibody,nk010;pd-1 antibody,PD-1,Monoclonal Antibody,ALK;EGFR,1,1,1,0,0,0,0,0,1,0,1,EGFRm,metastatic · 1st-line · small-cell · measurable (RECIST)
NCT07318883,A Phase II/III Clinical Study to Evaluate HLX07 in Combination With Serplulimab and Chemotherapy Versus Placebo in Combination With Serplulimab or Pembrolizumab and Chemotherapy as First-Line Treatment in Advanced Squamous Non-Small Cell Lung Cancer,PHASE2;PHASE3,Phase 3,NOT_YET_RECRUITING,720,Shanghai Henlius Biotech,Shanghai Henlius,98,1,0,active_comparator,4,carboplatin;hlx07 placebo;paclitaxel or nab-paclitaxel;pembrolizumab;serplulimab,carboplatin;hlx07;paclitaxel or nab-paclitaxel;serplulimab,EGFR,Monoclonal Antibody,ALK;PD-L1;ROS1,1,1,1,0,1,0,0,1,1,0,1,"EGFRm, ROS1+, PD-L1+",metastatic · 1st-line · squamous · measurable (RECIST)
NCT07321574,A Study Evaluating the Efficacy and Safety of ABP1011T Tablets in Patients With Advanced Solid Tumors,PHASE2,Phase 2,RECRUITING,110,Shanghai AB PharmaTech Ltd.,Shanghai AB PharmaTech,1,1,0,single_arm,1,abp1011t,abp1011t,,Small Molecule,,0,1,0,0,0,0,0,0,0,0,0,,metastatic · squamous · measurable (RECIST)
NCT07322341,"SX-682 and Atezolizumab for the Treatment of Advanced or Metastatic, Recurrent Non-small Cell Lung Cancer",PHASE2,Phase 2,RECRUITING,32,University of Washington,University of Washington,74,0,1,single_arm,1,atezolizumab;biopsy procedure;biospecimen collection;computed tomography;cxcr1/2 inhibitor sx-682;magnetic resonance imaging,atezolizumab;biopsy procedure;biospecimen collection;computed tomography;cxcr1/2 inhibitor sx-682;magnetic resonance imaging,PD-L1,Monoclonal Antibody,ALK;CMMRD;EGFR;MSI-H;PD-L1;RET;ROS1;TMB,1,1,1,1,1,0,0,1,0,1,1,"EGFRm, ALK+, ROS1+, PD-L1+",metastatic · 2nd-line+ · small-cell · measurable (RECIST)
NCT07323641,"Telisotuzumab Vedotin and Osimertinib for the Treatment of Progressive, Incurable, Non Small Cell Lung Cancer",PHASE2,Phase 2,RECRUITING,60,Jonsson Comprehensive Cancer Center,Jonsson Comprehensive Cancer Center,117,0,1,single_arm,1,biopsy procedure;biospecimen collection;computed tomography;magnetic resonance imaging;osimertinib;survey administration;telisotuzumab vedotin,biopsy procedure;biospecimen collection;computed tomography;magnetic resonance imaging;osimertinib;survey administration;telisotuzumab vedotin,EGFR,Small Molecule,EGFR;MET,0,1,1,0,0,0,0,0,0,0,1,EGFRm,metastatic · adenoca. · measurable (RECIST)
NCT07325136,A Study to Assess the Safety and Tolerability of BMS-986525 Alone and in Combination Therapy in Participants With Relapsed/Refractory Small Cell Lung Cancer,PHASE1;PHASE2,Phase 2,RECRUITING,240,Bristol-Myers Squibb,Bristol Myers Squibb,764,1,1,multi_experimental,4,bms-986525,bms-986525;pumitamig,PD-L1,Monoclonal Antibody,PD-L1,1,1,0,0,0,0,0,0,1,1,0,,metastatic · 1st-line · small-cell
NCT07329322,Phase II Study of Sacituzumab Tirumotecan in Combination With Osimertinib for Neoadjuvant Treatment in Patients With Resectable Epidermal Growth Factor Receptor (EGFR)-Mutated Non-Small Cell Lung Cancer,PHASE2,Phase 2,RECRUITING,30,"Sichuan Kelun-Biotech Biopharmaceutical Co., Ltd.",Kelun,50,1,0,single_arm,1,osimertinib;sacituzumab tirumotecan,osimertinib;sacituzumab tirumotecan,EGFR,Small Molecule,EGFR,0,1,1,0,0,0,0,0,0,0,1,EGFRm,squamous · measurable (RECIST)
NCT07336732,Andamertinib With or Without Platinum-doublet Chemotherapy Versus Platinum-doublet Chemotherapy in Patients With NSCLC Harboring Atypical EGFR Mutations,PHASE2,Phase 2,RECRUITING,40,"Avistone Biotechnology Co., Ltd.",Avistone Biotechnology,12,1,0,single_arm,1,plb1004,plb1004,EGFR,Small Molecule,EGFR,0,1,0,0,0,0,0,0,0,0,0,,metastatic · squamous · measurable (RECIST) · ECOG 1
NCT07339059,Study of Sacituzumab Govitecan With Atezolizumab/Durvalumab as Maintenance Therapy for Extensive-Stage Small Cell Lung Cancer,PHASE2,Phase 2,RECRUITING,35,Bindu R Potugari,Bindu R Potugari,1,0,1,single_arm,1,atezolizumab;durvalumab;sacituzumab govitecan,atezolizumab;durvalumab;sacituzumab govitecan,PD-L1,Monoclonal Antibody,CMMRD;MSI-H;PD-L1;TMB,1,1,0,0,0,0,0,1,0,0,1,PD-L1+,metastatic · small-cell
NCT07339176,Intratumoral N17350 in Advanced Solid Tumors,PHASE1;PHASE2,Phase 2,RECRUITING,275,Onchilles Pharma Inc,Onchilles Pharma,1,1,0,multi_experimental,10,n17350,n17350,CD95,Oncolytic Virus,,1,1,0,0,0,0,0,0,0,0,0,,metastatic · measurable (RECIST)
NCT07341737,SL-28 for Advanced Solid Tumours,PHASE1;PHASE2,Phase 2,RECRUITING,60,Second Life Therapeutics,Second Life Therapeutics,1,1,0,multi_experimental,3,sl-28,sl-28,,,biomarker,0,1,0,0,0,0,0,0,0,1,0,,metastatic · 2nd-line+ · adenoca. · measurable (RECIST)
NCT07343479,Sacituzumab Tirumotecan Plus Third-Generation TKI With/Without Radiotherapy for EGFR-Mutant NSCLC Brain Metastases,PHASE2,Phase 2,NOT_YET_RECRUITING,45,Zhejiang Cancer Hospital,Zhejiang Cancer Hospital,12,0,0,single_arm,1,sac-tmt plus egfr-tki,sac-tmt plus egfr-tki,EGFR,Small Molecule,EGFR,0,1,1,0,0,0,0,0,0,0,1,EGFRm,metastatic · squamous
NCT07348211,First in Human Study of SIM0610 in Solid Tumors,PHASE1,Phase 1,RECRUITING,260,"Jiangsu Simcere Pharmaceutical Co., Ltd.",Jiangsu Simcere Pharmaceutical,44,1,0,multi_experimental,2,sim0610 for injection,sim0610 for injection,,,,0,1,0,0,0,0,0,0,0,0,0,,metastatic · squamous · measurable (RECIST)
NCT07349537,Study of RMC-5127 in Patients With Advanced KRAS G12V-Mutant Solid Tumors,PHASE1,Phase 1,RECRUITING,574,"Revolution Medicines, Inc.",Revolution Medicines,19,1,0,multi_experimental,3,rmc-5127,cetuximab;daraxonrasib;rmc-5127,KRAS,Small Molecule,KRAS,0,1,0,0,0,0,0,0,0,0,0,,metastatic · measurable (RECIST)
NCT07354711,A First-in-human Study of 3H-10000 in Patients With Unresectable or Metastatic Solid Tumors,PHASE1;PHASE2,Phase 2,RECRUITING,170,"3H Pharmaceuticals Co., Ltd.",3H Pharmaceuticals,1,1,0,multi_experimental,2,3h-10000,3h-10000,FGFR2b,ADC,,1,1,0,0,0,0,0,0,0,0,0,,measurable (RECIST)
NCT07354919,Axelopran for Advanced Cancer in Patients Receiving Opioids,PHASE2,Phase 2,RECRUITING,34,HealthPartners Institute,HealthPartners Institute,2,0,0,single_arm,1,axelopran,axelopran,,,biomarker,0,1,0,0,0,0,0,0,0,1,0,,metastatic · 2nd-line+ · small-cell · measurable (RECIST)
NCT07355205,First-Line Ipilimumab Plus Nivolumab and Nogapendekin Alfa Inbakicept (N-803) in Patients With Stage IV or Recurrent Non-Small Cell Lung Cancer,PHASE1;PHASE2,Phase 2,RECRUITING,26,Washington University School of Medicine,Washington University School of Medicine,178,0,0,multi_experimental,3,ipilimumab;nivolumab;nogapendekin alfa inbakicept,ipilimumab;nivolumab;nogapendekin alfa inbakicept,CTLA-4,Monoclonal Antibody,ALK;BRAF;EGFR;HER2;MET;NTRK;PD-L1;RET;ROS1;biomarker;biomarker analysis,1,1,1,1,1,0,1,1,1,1,1,"EGFRm, ALK+, ROS1+, MET+, PD-L1+",metastatic · 1st-line · small-cell · measurable (RECIST)
NCT07355231,Lung Functional Avoidance Radiotherapy Using Hyperpolarized Xenon MRI,PHASE1;PHASE2,Phase 2,NOT_YET_RECRUITING,10,Xemed LLC,Xemed,2,1,0,single_arm,1,hyperpolarized xenon mri,hyperpolarized xenon mri,,,,0,1,0,0,0,0,0,0,0,0,0,,
NCT07358806,Study to Assess the Effect of OCT-598 in Patients With Advanced Solid Tumors,PHASE1,Phase 1,RECRUITING,51,Oscotec Inc.,Oscotec,3,1,0,multi_experimental,9,oct-598,docetaxel;oct-598,EP2/EP4,Small Molecule,,0,1,0,0,0,0,0,0,0,1,0,,metastatic · 2nd-line+ · squamous · measurable (RECIST)
NCT07358884,First in Human Study of QLS5316 in Solid Tumors,PHASE1,Phase 1,NOT_YET_RECRUITING,300,"Qilu Pharmaceutical Co., Ltd.",Qilu Pharmaceutical,108,1,0,single_arm,1,qls5316,qls5316,,,MET,0,1,1,0,0,0,0,0,0,0,1,EGFRm,metastatic · measurable (RECIST)
NCT07360132,Phase III Clinical Study of HB0025 Combined With Chemotherapy Versus Pembrolizumab Combined With Chemotherapy for the First-Line Treatment of Advanced Squamous Non-Small Cell Lung Cancer,PHASE3,Phase 3,NOT_YET_RECRUITING,480,"Shanghai Huaota Biopharmaceutical Co., Ltd.",Shanghai Huaota Biopharmaceutical,6,1,0,active_comparator,2,carboplatin injection;paclitaxel injection,carboplatin injection;paclitaxel injection,PD-1,Small Molecule,ALK;BRAF;EGFR;MET;NTRK;PD-L1;RET;ROS1,0,1,1,1,1,0,1,1,1,1,1,"EGFRm, ALK+, ROS1+, MET+, PD-L1+",metastatic · 1st-line · squamous · measurable (RECIST)
NCT07361484,Docetaxel Plus Plinabulin vs Docetaxel Plus Placebo in Advanced/Metastatic Non-Squamous NSCLC After PD-1/PD-L1 Therapy and Platinum Chemotherapy (DUBLIN-4),PHASE3,Phase 3,NOT_YET_RECRUITING,442,BeyondSpring Pharmaceuticals Inc.,BeyondSpring Pharmaceuticals,2,1,0,placebo_comparator,2,docetaxel;placebo (matching plinabulin placebo),docetaxel;plinabulin,PD-1,Small Molecule,ALK;PD-L1;RET;ROS1,0,1,0,0,0,0,0,0,1,0,0,,metastatic · 1st-line · squamous · measurable (RECIST)
NCT07361497,A Study to Evaluate Pumitamig Versus Durvalumab Following Concurrent Chemoradiation Therapy in Participants With Unresectable Stage III Non-small Cell Lung Cancer (NSCLC) (ROSETTA Lung-201),PHASE3,Phase 3,RECRUITING,850,Bristol-Myers Squibb,Bristol Myers Squibb,764,1,1,active_comparator,2,durvalumab,pumitamig,PD-L1,Monoclonal Antibody,ALK;EGFR,1,1,0,1,0,0,0,0,0,0,1,ALK+,unresectable · squamous
NCT07361510,A Study to Evaluate the Efficacy of Pumitamig Versus Pembrolizumab in Participants With Previously Untreated Advanced Non-Small Cell Lung Cancer and PD-L1 ≥ 50%. (ROSETTA Lung-202),PHASE3,Phase 3,RECRUITING,750,Bristol-Myers Squibb,Bristol Myers Squibb,764,1,1,active_comparator,2,pembrolizumab,pumitamig,PD-1,Monoclonal Antibody,PD-L1;genomic,1,1,0,0,0,0,0,1,1,0,1,PD-L1+,metastatic · 1st-line · squamous · measurable (RECIST)
NCT07361562,"A Study of a Selective ERBB2 Inhibitor (CGT4255), in Patients With Advanced Solid Tumors",PHASE1,Phase 1,RECRUITING,100,"Cogent Biosciences, Inc.",Cogent Biosciences,11,1,0,multi_experimental,3,cgt4255,cgt4255,HER2,Small Molecule,HER2,0,1,0,0,0,0,0,0,0,0,0,,metastatic · measurable (RECIST)
NCT07361705,Zorifertinib With Osimertinib for NSCLC With Meningeal Progression,PHASE1,Phase 1,RECRUITING,42,"Alpha Biopharma (Jiangsu) Co., Ltd.",Alpha Biopharma (Jiangsu),3,1,0,single_arm,1,zorifertinib and osimertinib combination therapy,zorifertinib and osimertinib combination therapy,EGFR,Small Molecule,EGFR;MET,0,1,1,0,0,0,0,0,0,0,1,EGFRm,metastatic · squamous · measurable (RECIST)
NCT07362459,A Study to Evaluate the Safety and Tolerability of SCTB14 as First-Line Therapy in Non-Small Cell Lung Cancer.,PHASE3,Phase 3,RECRUITING,246,Sinocelltech Ltd.,Sinocelltech,34,1,0,active_comparator,2,pembrolizumab,sctb14,PD-1,,ALK;BRAF;MET;NTRK;PD-L1;RET;ROS1,0,1,1,0,1,0,1,1,0,0,1,"EGFRm, ROS1+, MET+, PD-L1+",metastatic · adenoca. · measurable (RECIST)
NCT07362940,A Phase Ⅰ/Ⅱa Clinical Study of GEN-725 in Combination With Dositinib,PHASE1;PHASE2,Phase 2,RECRUITING,110,"Henan Genuine Biotech Co., Ltd.",Henan Genuine Biotech,3,1,0,single_arm,1,gen-725 tablets + dositinib mesylate tablets,gen-725 tablets + dositinib mesylate tablets,EGFR,Small Molecule,ALK;BRAF;EGFR;KRAS;MET;NTRK;PR;RET,0,1,1,1,0,1,1,0,1,0,1,"EGFRm, ALK+, KRAS G12C, MET+",metastatic · 1st-line · squamous · measurable (RECIST)
NCT07365241,A Study to Evaluate Adverse Events and Change in Disease Activity of Intravenous ABBV-706 Versus Standard of Care in Adult Participants With Relapsed/Refractory Small Cell Lung Cancer,PHASE3,Phase 3,RECRUITING,531,AbbVie,AbbVie,274,1,1,active_comparator,2,amrubicin;lurbinectedin;topotecan,abbv-706,SEZ6,ADC,PD-L1,1,1,0,0,0,0,0,0,0,1,0,,metastatic · 2nd-line+ · small-cell · measurable (RECIST)
NCT07365319,A Safety and Efficacy Study of EIK1001 in Combination With Pembrolizumab and Chemotherapy in Participants With Stage 4 Non-Small Cell Lung Cancer.,PHASE2;PHASE3,Phase 3,RECRUITING,750,Eikon Therapeutics,Eikon Therapeutics,10,1,1,placebo_comparator,3,nab-paclitaxel + carboplatin;paclitaxel + carboplatin;pembrolizumab (keytruda);pemetrexed + cisplatin /carboplatin,eik1001;nab-paclitaxel + carboplatin;paclitaxel + carboplatin;pembrolizumab (keytruda);pemetrexed + cisplatin /carboplatin,PD-1,Small Molecule,ALK;BRAF;PD-L1;RET;ROS1,0,1,0,0,1,0,0,1,1,0,1,"ROS1+, PD-L1+",metastatic · 1st-line · squamous · measurable (RECIST)
NCT07366658,"Safety, Tolerability and Preliminary Efficacy of NEUK203-13 in Refractory Neuroendocrine Tumor Patients",PHASE1,Phase 1,RECRUITING,9,"Cancer Institute and Hospital, Chinese Academy of Medical Sciences","Cancer Institute and Hospital, Chinese Academy of Medical Sciences",24,0,0,single_arm,1,biological/vaccine: nk cell therapy product derived from induced pluripotent stem cells (ipscs) engineered with anti-dll3 car construct;followed by differentiation and expansion,biological/vaccine: nk cell therapy product derived from induced pluripotent stem cells (ipscs) engineered with anti-dll3 car construct;followed by differentiation and expansion,DLL3,CAR-T,PD-L1;biomarker;biomarker analysis,1,1,0,0,0,0,0,1,0,0,1,PD-L1+,metastatic · squamous · measurable (RECIST)
NCT07367529,A Clinical Trial on the Efficacy and Safety of TQB6411 for Injection,PHASE1;PHASE2,Phase 2,RECRUITING,465,"Chia Tai Tianqing Pharmaceutical Group Co., Ltd.",Chia Tai Tianqing Pharmaceutical,213,1,0,single_arm,1,tqb6411 for injection,tqb6411 for injection,,,MET,0,1,0,0,0,0,0,0,0,0,0,,metastatic · small-cell · measurable (RECIST)
NCT07371663,An Phase Ib/II Clinical Trial of TCC1727 Combination Therapy in Advanced Solid Tumors,PHASE1;PHASE2,Phase 2,RECRUITING,266,"Beijing Tide Pharmaceutical Co., Ltd",Beijing Tide Pharmaceutical,2,1,0,multi_experimental,3,benmelstobart injection;tcc1727 tablet,benmelstobart injection;tcc1727 tablet,PARP,Cell Therapy,ALK;BRAF;KRAS;MET;MSI;MSI-H;PD-L1;RET;ROS1;biomarker,1,1,0,0,1,0,0,1,1,1,1,"ROS1+, PD-L1+",metastatic · 1st-line · small-cell · measurable (RECIST)
NCT07374419,Atamparib in Patients With Advanced Solid Tumors,PHASE1;PHASE2,Phase 2,RECRUITING,178,Nerviano Medical Sciences (Shanghai) Ltd.,Nerviano Medical Sciences (Shanghai),1,1,0,multi_experimental,5,,atamparib escalation levels;atamparib rp2d,PARP,Small Molecule,BRCA1;BRCA2;HRD;KRAS,0,1,0,0,0,0,0,0,0,0,0,,metastatic · adenoca. · ECOG 0-1
NCT07376382,A Phase Ⅲ Clinical Study of SYS6010 in Combination With Osimertinib in Patients With Locally Advanced or Metastatic NSCLC,PHASE3,Phase 3,NOT_YET_RECRUITING,680,"CSPC Megalith Biopharmaceutical Co.,Ltd.",CSPC Megalith Biopharmaceutical,29,1,0,active_comparator,2,osimertinib;platinum-pemetrexed,osimertinib;sys6010,EGFR,ADC,EGFR,1,1,1,0,0,0,0,0,0,0,1,EGFRm,metastatic · squamous · measurable (RECIST)
NCT07376707,A Phase 1 Study of TGI-5 as Monotherapy and in Combination With Nivolumab in Subjects With Locally Advanced/Metastatic Solid Tumors,PHASE1,Phase 1,RECRUITING,194,"Hefei TG ImmunoPharma Co., Ltd.",Hefei TG ImmunoPharma,1,0,0,single_arm,1,tgi-5,tgi-5,PD-1,Monoclonal Antibody,ALK;BRAF;KRAS;MET;MSI;MSI-H;PD-L1,1,1,0,0,0,0,0,1,0,1,1,PD-L1+,metastatic · 2nd-line+ · squamous · measurable (RECIST)
NCT07383116,Phase III Clinical Study of HB0025 Combined With Chemotherapy Versus Tislelizumab Combined With Chemotherapy as First-Line Treatment for Advanced Nonsquamous Non-Small Cell Lung Cancer,PHASE3,Phase 3,NOT_YET_RECRUITING,500,"Shanghai Huaota Biopharmaceutical Co., Ltd.",Shanghai Huaota Biopharmaceutical,6,1,0,active_comparator,2,carboplatin injection;cisplatin injection;pemetrexed injection;tislelizumab,carboplatin injection;cisplatin injection;hb0025 injection;pemetrexed injection,PD-1,Monoclonal Antibody,ALK;BRAF;EGFR;MET;NTRK;PD-L1;RET;ROS1,1,1,1,1,1,0,1,1,1,1,1,"EGFRm, ALK+, ROS1+, MET+, PD-L1+",metastatic · 1st-line · squamous · measurable (RECIST)
NCT07390838,A Study of SH009 Injection in Patients With Advanced Solid Tumors.,PHASE1,Phase 1,RECRUITING,150,"Nanjing Sanhome Pharmaceutical, Co., Ltd.",Nanjing Sanhome Pharmaceutical,16,1,0,single_arm,1,sh009,sh009,,,PD-L1;biomarker,0,1,0,0,0,0,0,1,0,0,1,PD-L1+,metastatic · squamous · measurable (RECIST)
NCT07391813,SNB-101 for Treatment of Extensive Stage Small Cell Lung Cancer,PHASE1;PHASE2,Phase 2,RECRUITING,55,SN BioScience,SN BioScience,2,1,0,single_arm,1,snb-101,snb-101,TOP1,Small Molecule,,0,1,0,0,0,0,0,0,0,0,0,,metastatic · small-cell · measurable (RECIST)
NCT07397338,Study of RAS(ON) Inhibitors in Combination With Ivonescimab in Patients With Solid Tumors,PHASE1;PHASE2,Phase 2,RECRUITING,370,"Revolution Medicines, Inc.",Revolution Medicines,19,1,0,multi_experimental,3,ivonescimab,carboplatin/cisplatin + pemetrexed (cohort b2 only);carboplatin/cisplatin + pemetrexed (dose expansion only);cetuximab (cohort c2 only);daraxonrasib;daraxonrasib (cohort b1 only);elironrasib;ivonescimab;zoldonrasib,PD-1,Bispecific Antibody,BRAF;KRAS;MSS;PD-L1;VEGF;pMMR,1,1,0,0,0,0,0,0,0,1,0,,metastatic · 2nd-line+ · squamous · measurable (RECIST)
NCT07402070,IBI363 as Neoadjuvant Therapy in Resectable Stage II-III Non-Small Cell Lung Cancer,PHASE2,Phase 2,NOT_YET_RECRUITING,10,Innovent Biologics (Suzhou) Co. Ltd.,Innovent,107,1,0,single_arm,1,ibi363,ibi363,PD-1,Bispecific Antibody,ALK;EGFR;PD-L1,1,1,1,1,0,0,0,1,0,0,1,"EGFRm, ALK+, PD-L1+",metastatic · squamous
NCT07405190,Ivonescimab Alone And With Carboplatin/Pemetrexed For NSCLC,PHASE2,Phase 2,RECRUITING,46,Massachusetts General Hospital,Massachusetts General Hospital,170,0,0,multi_experimental,2,ivonescimab,carboplatin;ivonescimab;pemetrexed,PD-1,Bispecific Antibody,ALK;BRAF;EGFR;MSS;NTRK;PD-L1;RET;ROS1;genomic;pMMR,1,1,1,1,1,0,0,1,0,1,1,"EGFRm, ALK+, ROS1+, PD-L1+",metastatic · 2nd-line+ · squamous · measurable (RECIST)
NCT07407933,A Study of YL201 in Combination With Other Anti-Cancer Therapies in Patients With Advanced Solid Tumors,PHASE1;PHASE2,Phase 2,RECRUITING,118,"MediLink Therapeutics (Suzhou) Co., Ltd.",MediLink Therapeutics (Suzhou),23,1,1,multi_experimental,3,atezolizumab;yl201,atezolizumab;yl201,PD-L1,ADC,,1,1,0,0,0,0,0,0,0,0,0,,metastatic
NCT07412262,A Study of Chidamide Combined With Ivonescimab in the Treatment of Advanced Non-Small Cell Lung Cancer (NSCLC) With Acquired Resistance to Immunotherapy and High Yes-associated Protein (YAP) Expression,PHASE2,Phase 2,RECRUITING,32,Guangdong Association of Clinical Trials,Guangdong Association of Clinical Trials,7,0,0,single_arm,1,chidamide in combination with ivonescimab,chidamide in combination with ivonescimab,HDAC,Small Molecule,PD-L1;YAP,0,1,0,0,0,0,0,1,1,0,1,PD-L1+,metastatic · 1st-line · squamous
NCT07414927,A Clinical Study for the Efficacy and Safety of BL0020 Injection in Patients With Small Cell Lung Cancer Transformed From Non-Small Cell Lung Cancer Following EGFR TKI Therapy,PHASE1;PHASE2,Phase 2,NOT_YET_RECRUITING,48,"Shanghai Best-Link Bioscience, LLC",Shanghai Best-Link Bioscience,6,1,0,single_arm,1,bl0020,bl0020,PD-1,Peptide,EGFR;MET;PD-L1,0,1,1,0,0,0,0,0,0,0,1,EGFRm,metastatic · squamous
NCT07414953,A Phase Ib Study of HS-10504 Combined Therapy in NSCLC,PHASE1,Phase 1,NOT_YET_RECRUITING,400,"Jiangsu Hansoh Pharmaceutical Co., Ltd.",Hansoh,82,1,0,multi_experimental,5,hs-10504,hs-10504;hs-20117;hs-20122;shr-1826;shr-a2009;shr-a2102,EGFR,Small Molecule,EGFR;MET,0,1,1,0,0,0,0,0,0,0,1,EGFRm,metastatic · measurable (RECIST)
NCT07416058,"PHOENIX: QL1706 Plus Chemotherapy and Bevacizumab in AGA-Resistant, PD-L1 ≥50% Non-Squamous NSCLC",PHASE2,Phase 2,NOT_YET_RECRUITING,61,Guangdong Association of Clinical Trials,Guangdong Association of Clinical Trials,7,0,0,multi_experimental,3,ql1706 (bispecific antibody targeting pd-1 and clta-4),ql1706 (bispecific antibody targeting pd-1 and clta-4),PD-1,Bispecific Antibody,ALK;BRAF;HER2;KRAS;PD-L1;RET;ROS1;biomarker;biomarker analysis,1,1,1,0,1,1,0,1,0,1,1,"EGFRm, ROS1+, KRAS G12C, PD-L1+",metastatic · 2nd-line+ · measurable (RECIST)
NCT07416474,RC148 Plus Platinum-Based Chemotherapy vs Tislelizumab Plus Platinum-Based Chemotherapy for First-Line Squamous Non-Small Cell Lung Cancer (sqNSCLC),PHASE3,Phase 3,RECRUITING,574,"RemeGen Co., Ltd.",RemeGen,51,1,0,active_comparator,2,tislelizumab plus carboplatin and paclitaxel,rc148 plus carboplatin and paclitaxel,PD-1,Monoclonal Antibody,ALK;PD-L1,1,1,1,1,0,0,0,1,1,0,1,"EGFRm, ALK+, PD-L1+",metastatic · 1st-line · squamous · measurable (RECIST) · ECOG 0
NCT07416695,"A Phase I Clinical Study to Evaluate the Safety, Tolerability, and Pharmacokinetics of HLX3901 in Patients With Advanced SCLC or NEC",PHASE1,Phase 1,RECRUITING,138,Shanghai Henlius Biotech,Shanghai Henlius,98,1,0,multi_experimental,2,hlx3901,hlx3901,DLL3,Bispecific Antibody,DLL3;MET,1,1,0,0,0,0,0,0,0,0,0,,metastatic · small-cell · measurable (RECIST)
NCT07416994,Pivotal Study to Evaluate YL202 Versus Docetaxel in Patients With Locally Advanced or Metastatic EGFR Sensitive Mutation Non-Squamous Non-Small Cell Lung Cancer,PHASE3,Phase 3,RECRUITING,440,"MediLink Therapeutics (Suzhou) Co., Ltd.",MediLink Therapeutics (Suzhou),23,1,0,active_comparator,2,docetaxel,yl202,HER3,ADC,EGFR;HER2;HR,1,1,1,0,0,0,0,0,0,0,1,EGFRm,metastatic · squamous · measurable (RECIST)
NCT07423117,A Study of ITC-6146RO in Patients With Advanced or Metastatic Cancer Who Have Failed Standard Therapy,PHASE1,Phase 1,NOT_YET_RECRUITING,102,"IntoCell, Inc",IntoCell,1,1,0,single_arm,1,itc-6146ro,itc-6146ro,,,,0,1,0,0,0,0,0,0,0,0,0,,metastatic · measurable (RECIST)
NCT07423585,Tarlatamab for the Treatment of Extensive Stage Small-cell Lung Cancer,PHASE2,Phase 2,RECRUITING,39,Asrar Alahmadi,Asrar Alahmadi,1,0,1,single_arm,1,biopsy procedure;biospecimen collection;computed tomography;echocardiography test;electronic health record review;magnetic resonance imaging;multigated acquisition scan;questionnaire administration;tarlatamab,biopsy procedure;biospecimen collection;computed tomography;echocardiography test;electronic health record review;magnetic resonance imaging;multigated acquisition scan;questionnaire administration;tarlatamab,DLL3,Bispecific Antibody,DLL3;biomarker,1,1,0,0,0,0,0,0,0,0,0,,metastatic · measurable (RECIST)
NCT07424547,Phase I Study of SYS6043 in Patients With Advanced/Metastatic Solid Tumors,PHASE1,Phase 1,RECRUITING,386,"Conjupro Biotherapeutics, Inc.",Conjupro Biotherapeutics,8,1,0,multi_experimental,3,sys6043,sys6043,B7-H3,ADC,,1,1,0,0,0,0,0,0,0,0,0,,metastatic · measurable (RECIST)
NCT07428044,A Study of Trastuzumab Deruxtecan in People With Non-Small Cell Lung Cancer,PHASE2,Phase 2,RECRUITING,14,Memorial Sloan Kettering Cancer Center,Memorial Sloan Kettering Cancer Center,411,0,1,single_arm,1,trastuzumab deruxtecan,trastuzumab deruxtecan,HER2,ADC,HER2,1,1,0,0,0,0,0,0,0,0,0,,metastatic · adenoca. · measurable (RECIST)
NCT07431827,MK-3475A±Calderasib (MK-1084) in Completely Resected Stage IIA-IIIB (N2) KRAS G12Cm NSCLC (MK-1084-013),PHASE3,Phase 3,RECRUITING,400,Merck Sharp & Dohme LLC,Merck (MSD),649,1,1,active_comparator,2,mk-3475a,calderasib;mk-3475a,PD-1,Monoclonal Antibody,KRAS,1,1,0,0,0,1,0,0,1,1,1,KRAS G12C,neoadjuvant · 1st-line · squamous
NCT07435038,Study of BPI-572270 in Patients With Advanced Solid Tumors Harboring Specific Mutations in RAS,PHASE1;PHASE2,Phase 2,NOT_YET_RECRUITING,120,"Betta Pharmaceuticals Co., Ltd.",Betta Pharmaceuticals,66,1,0,single_arm,1,bpi-572270,bpi-572270,KRAS,Small Molecule,KRAS,0,1,0,0,0,0,0,0,0,0,0,,metastatic
NCT07439094,A First-in-Human Study of CKD-703 in Advanced Solid Tumors and Non-Small Cell Lung Cancer,PHASE1;PHASE2,Phase 2,RECRUITING,140,Chong Kun Dang Pharmaceutical,Chong Kun Dang Pharmaceutical,15,1,0,multi_experimental,3,ckd-703,ckd-703,MET,ADC,MET;Non-Small Cell Lung Cancer,1,1,0,0,0,0,0,0,0,0,0,,squamous · measurable (RECIST)
NCT07442565,SYS6010 Versus Docetaxel for Previously Treated EGFR Wild-type NSCLC: Phase Ⅲ,PHASE3,Phase 3,NOT_YET_RECRUITING,506,"CSPC Megalith Biopharmaceutical Co.,Ltd.",CSPC Megalith Biopharmaceutical,29,1,0,active_comparator,2,docetaxel,sys6010,EGFR,ADC,EGFR;biomarker,1,1,1,0,0,0,0,0,1,0,1,EGFRm,metastatic · 1st-line · squamous · measurable (RECIST)
NCT07444281,An Phase I Trial of a CAR T-cell Infusion C-CAR031 in Participants With GPC3+ Advanced/Metastatic Squamous Cell Lung Cancer,PHASE1,Phase 1,RECRUITING,24,Shanghai AbelZeta Ltd.,Shanghai AbelZeta,13,1,0,multi_experimental,3,c-car031,c-car031,GPC3,CAR-T,GPC3;biomarker,1,1,0,0,0,0,0,0,0,0,0,,metastatic · squamous
NCT07444437,A Phase II Trial of LM103 for Adjuvant Treatment in Patients With Non-small Cell Lung Cancer,PHASE2,Phase 2,RECRUITING,45,"Suzhou BlueHorse Therapeutics Co., Ltd.",Suzhou BlueHorse Therapeutics,8,1,0,active_comparator,3,pd-1 / pd-l1 monoclonal antibody,lm103 tils injection;pd-1 / pd-l1 monoclonal antibody,PD-1,Cell Therapy,MET,1,1,0,0,0,0,0,0,0,0,0,,neoadjuvant · squamous
NCT07444814,"Study Evaluating the Safety and Efficacy of HWK-007, a PTK7-directed Antibody Drug Conjugate in Participants With Advanced Solid Tumors",PHASE1,Phase 1,RECRUITING,226,"Whitehawk Therapeutics, Inc.",Whitehawk Therapeutics,2,1,0,multi_experimental,5,hwk-007,hwk-007,PTK7,ADC,,1,1,0,0,0,0,0,0,0,0,0,,metastatic · squamous
NCT07450183,Perioperative Cemiplimab for Resectable Non-Small Cell Lung Cancer With High PD-L1,PHASE2,Phase 2,NOT_YET_RECRUITING,33,Henry Ford Health System,Henry Ford Health System,6,0,1,single_arm,1,adjuvant;cemiplimab,adjuvant;cemiplimab,PD-1,Monoclonal Antibody,ALK;PD-L1;RET;ROS1,1,1,0,0,1,0,0,1,1,0,1,"ROS1+, PD-L1+",metastatic · 1st-line · squamous · ECOG 0-1
NCT07452224,ILKN421H Plus Pembrolizumab in Advanced Non-Small Cell Lung Cancer,PHASE2,Phase 2,RECRUITING,80,"iLeukon Therapeutics, Inc.",iLeukon Therapeutics,1,1,0,multi_experimental,4,ilkn421h;pembrolizumab,ilkn421h;pembrolizumab,IL2Rβγ,mRNA,ALK;PD-L1;genomic,0,1,0,0,0,0,0,1,1,0,1,PD-L1+,metastatic · 1st-line · squamous · measurable (RECIST)
NCT07453394,QLS5132 Combination Therapy in Advanced Solid Tumors,PHASE1;PHASE2,Phase 2,NOT_YET_RECRUITING,626,"Qilu Pharmaceutical Co., Ltd.",Qilu Pharmaceutical,108,1,0,multi_experimental,5,,qls5132; bevacizumab;qls5132; olaparib; bevacizumab;qls5132; platinum; bevacizumab;qls5132; ql1706; ql2107;qls5132; ql1706; ql2107; carboplatin; cisplatin; oxaliplatin,VEGF/VEGFR,Monoclonal Antibody,,1,1,0,0,0,0,0,0,0,0,0,,metastatic · measurable (RECIST)
NCT07454642,AVA6103 in Subjects With Locally Advanced or Metastatic Selected Solid Tumors,PHASE1,Phase 1,RECRUITING,174,Avacta Life Sciences Ltd,Avacta Life Sciences,2,1,0,multi_experimental,3,ava6103,ava6103,FAP,Peptide,FAP;SLFN11,0,1,0,0,0,0,0,0,0,0,0,,metastatic
NCT07459283,"The Safety, Dosimetry and Efficacy of 177Lu-INN805 in Patients With Malignant Solid Tumors",EARLY_PHASE1,Phase 1,RECRUITING,10,"FindCure Biosciences (ZhongShan) Co., Ltd.",FindCure Biosciences (ZhongShan),5,1,0,single_arm,1,inn805,inn805,,Radiopharmaceutical,,0,1,0,0,0,0,0,0,0,0,0,,metastatic · measurable (RECIST)
NCT07459634,A Study of Lurbinectedin in Combination With Durvalumab for the Treatment of Participants With ES-SCLC,PHASE2,Phase 2,RECRUITING,50,Jazz Pharmaceuticals,Jazz Pharmaceuticals,59,1,0,single_arm,1,durvalumab;lurbinectedin,durvalumab;lurbinectedin,PD-L1,Monoclonal Antibody,EGFR,1,1,0,0,0,0,0,0,0,0,0,,metastatic · ECOG 0
NCT07459751,A Global Phase II/III Clinical Study to Evaluate the Efficacy and Safety of HLX43 Monotherapy or HLX43 in Combination With HLX07 Versus Docetaxel in Advanced or Metastatic Squamous Non-Small Cell Lung Cancer,PHASE2;PHASE3,Phase 3,RECRUITING,706,Shanghai Henlius Biotech,Shanghai Henlius,98,1,0,active_comparator,3,docetaxel,hlx43;hlx43+hlx07,PD-L1,ADC,MET;PD-L1,1,1,0,0,0,0,0,1,1,1,1,PD-L1+,metastatic · 1st-line · squamous · measurable (RECIST)
NCT07462377,A Phase 1 Study of EPI-326 in EGFR-mutant NSCLC and HNSCC,PHASE1,Phase 1,RECRUITING,110,EpiBiologics,EpiBiologics,1,1,0,single_arm,1,epi-326,epi-326,EGFR,Bispecific Antibody,EGFR,1,1,1,0,0,0,0,0,0,0,1,EGFRm,metastatic
NCT07464327,A Phase III Study of HS-20093 Injection Combined With Adebrelimab Versus Docetaxel in Previously Treated Patients With Advanced or Metastatic Non-Squamous Non-Small Cell Lung Cancer Without Actionable Genomic Alterations,PHASE3,Phase 3,NOT_YET_RECRUITING,450,Hansoh BioMedical R&D Company,Hansoh,82,1,0,active_comparator,2,docetaxel,hs-20093,B7-H3,ADC,PD-L1;genomic,1,1,0,0,0,0,0,0,0,1,0,,metastatic · 2nd-line+ · squamous
NCT07465757,A Study of Alisertib and Paclitaxel in Patients With Small Cell Lung Cancer (SCLC),PHASE2,Phase 2,RECRUITING,50,"Puma Biotechnology, Inc.",Puma Biotechnology,26,1,0,multi_experimental,5,alisertib;paclitaxel,alisertib;paclitaxel,AURKA,Small Molecule,PD-L1,0,1,0,0,0,0,0,1,0,0,1,PD-L1+,measurable (RECIST)
NCT07467863,"Dual-Target CAR-NK Cells Directed Against MSLN, EGFR, or HER2 in Advanced NSCLC",PHASE1;PHASE2,Phase 2,RECRUITING,48,Beijing Biotech,Beijing Biotech,30,1,0,multi_experimental,3,dual-target car-nk cells;lymphodepleting;supportive care,dual-target car-nk cells;lymphodepleting;supportive care,MSLN,CAR-T,HER2;MSLN;biomarker,1,1,0,0,0,0,0,0,0,1,0,,metastatic · 2nd-line+ · measurable (RECIST)
NCT07468071,Rollover Study for Participants Who Have Been Treated With and Are Continuing to Benefit From Opnurasib as a Single Agent or in Combination With Other Study Treatments,PHASE1;PHASE2,Phase 2,RECRUITING,40,Novartis Pharmaceuticals,Novartis,836,1,1,multi_experimental,5,opnurasib,cetuximab;opnurasib;tislelizumab;tno155;trametinib,KRAS,Small Molecule,ALK;KRAS,0,1,1,1,0,0,0,0,0,0,1,"EGFRm, ALK+",
NCT07472517,"DAREON ® -Lung-1: A Study in People With Advanced Small Cell Lung Cancer to Compare Obrixtamig Plus Atezolizumab, Carboplatin, and Etoposide Treatment With Standard Chemoimmunotherapy",PHASE3,Phase 3,RECRUITING,670,Boehringer Ingelheim,Boehringer Ingelheim,237,1,1,multi_experimental,2,atezolizumab;carboplatin;etoposide,atezolizumab;carboplatin;etoposide;obrixtamig,PD-L1,Monoclonal Antibody,CMMRD;MSI-H;TMB;biomarker,1,1,0,0,0,0,0,0,1,0,0,,metastatic · 1st-line · small-cell · ECOG 0
NCT07472647,SYS6090 Combination Therapy in Advanced Lung Cancer,PHASE1;PHASE2,Phase 2,NOT_YET_RECRUITING,596,Shanghai JMT-Bio Inc.,Shanghai JMT-Bio,33,1,0,multi_experimental,8,,sys6090 + chemotherapy or other anticancer therapy;sys6090 + docetaxel;sys6090 + etoposide + platinum-based;sys6090 + paclitaxel + platinum-based;sys6090 + pemetrexed + bevacizumab + platinum-based;sys6090 + pemetrexed + platinum-based;sys6090 + sys6010,EGFR,,,0,1,0,0,0,0,0,0,0,0,0,,metastatic · small-cell · measurable (RECIST)
NCT07473128,Effect of Trilaciclib in the Prevention of Myelosupression in Subjects With Limited-stage Small Cell Lung Cancer,PHASE3,Phase 3,RECRUITING,120,Pharmacosmos A/S,Pharmacosmos A/S,4,1,0,placebo_comparator,2,saline (0.9% nacl),trilaciclib,CDK4/6,Small Molecule,,0,1,0,0,0,0,0,0,0,0,0,,small-cell
NCT07476287,Symbiotic-Lung-14: A Study to Learn About the Study Medicine Called PF08634404 in Combination With Chemotherapy in Adult Participants With Transformed Small Cell Lung Cancer,PHASE2,Phase 2,RECRUITING,40,Pfizer,Pfizer,687,1,1,single_arm,1,pf-08634404,pf-08634404,PD-1,Bispecific Antibody,BRAF;EGFR;MET;MMR;MMR-PROFICIENT;MSI-H;PD-L1;RAS;ctDNA;dMMR;pMMR,1,1,1,0,0,0,0,0,0,0,1,EGFRm,metastatic · measurable (RECIST)
NCT07480213,Adaptive Phase 1/2 Study of Dual-Target CAR-NK Cells in Relapsed/Refractory Small Cell Lung Cancer (SCLC),PHASE1;PHASE2,Phase 2,RECRUITING,60,Beijing Biotech,Beijing Biotech,30,1,0,multi_experimental,3,eb-dart-nk01 (dll3/cd56 car-nk cells);lymphodepleting,eb-dart-nk01 (dll3/cd56 car-nk cells);lymphodepleting,DLL3,CAR-T,DLL3,1,1,0,0,0,0,0,0,0,1,0,,metastatic · 2nd-line+ · small-cell · measurable (RECIST)
NCT07483983,"Study Investigating ASP3082 in Patients With Metastatic/Locally Advanced Non-small-cell Lung Cancer (NSCLC) and Pancreatic Ductal Adenocarcinoma (PDAC), With Biomarker Analysis to Characterize Response/Resistance",PHASE2,Phase 2,RECRUITING,60,"Gustave Roussy, Cancer Campus, Grand Paris","Gustave Roussy, Cancer Campus, Grand Paris",31,0,1,multi_experimental,2,asp3082,asp3082,KRAS,Small Molecule,ALK;BRAF;KRAS;MET;NTRK;PR;RET;ROS1;genomic,0,1,0,0,1,0,0,0,0,0,1,ROS1+,metastatic · measurable (RECIST)
NCT07485452,Boosting Osimertinib Blood Brain Barrier Penetration,PHASE2,Phase 2,RECRUITING,7,Maastricht University Medical Center,Maastricht University Medical Center,6,0,1,single_arm,1,osimertinib & febuxostat,osimertinib & febuxostat,EGFR,Small Molecule,EGFR,0,1,1,0,0,0,0,0,0,1,1,EGFRm,metastatic · 2nd-line+
NCT07486817,Beamion 44: A Study to Test How Well Zongertinib is Tolerated by People With Advanced Non-small Cell Lung Cancer With HER2 Mutations When Given in Combination With Chemotherapy With or Without Pembrolizumab,PHASE2,Phase 2,RECRUITING,60,Boehringer Ingelheim,Boehringer Ingelheim,237,1,1,multi_experimental,2,carboplatin;cisplatin;pemetrexed;zongertinib,carboplatin;cisplatin;pembrolizumab;pemetrexed;zongertinib,HER2,Small Molecule,HER2,0,1,0,0,0,0,0,0,0,0,0,,metastatic · squamous · measurable (RECIST) · ECOG 0
NCT07488923,"A First-in-human (FIH), Phase 1 Study of ML261, an Autologous Potency Enhanced Anti-DLL3 CAR T Cell Therapy, in Participants With R/R SCLC or Select NECs (SPECTRAL-1)",PHASE1,Phase 1,RECRUITING,110,"Moonlight Bio, Inc",Moonlight Bio,1,1,0,single_arm,1,ml261,ml261,DLL3,CAR-T,DLL3,1,1,0,0,0,0,0,0,0,1,0,,metastatic · 2nd-line+ · small-cell · measurable (RECIST)
NCT07489066,Symbiotic-Lung-10: A Study to Learn About PF-08634404 Alone or in Combination in Early-stage or Locally Advanced NSCLC,PHASE2,Phase 2,RECRUITING,120,Pfizer,Pfizer,687,1,1,multi_experimental,3,pf-08634404,chemotherapy regimen 1;chemotherapy regimen 2;pf-08634404,PD-1,Bispecific Antibody,ALK;BRAF;MMR;MMR-PROFICIENT;MSI-H;PD-L1;RAS;ctDNA;dMMR;pMMR,1,1,0,0,0,0,0,1,1,0,1,PD-L1+,metastatic · 1st-line · squamous · measurable (RECIST) · ECOG 0
NCT07489716,A Phase II Clinical Trial of SHR-1826 for Non-Small Cell Lung Cancer,PHASE2,Phase 2,RECRUITING,90,"Suzhou Suncadia Biopharmaceuticals Co., Ltd.",Suzhou Suncadia Biopharmaceuticals,86,1,0,single_arm,1,shr-1826,shr-1826,MET,ADC,MET;PD-L1,1,1,0,0,0,0,0,0,0,0,0,,metastatic · small-cell · measurable (RECIST)
NCT07491497,A Phase 1/2 Study of TRI-611 in ALK-Positive NSCLC,PHASE1;PHASE2,Phase 2,RECRUITING,160,"TRIANA Biomedicines, Inc.",TRIANA Biomedicines,1,1,0,multi_experimental,4,tri-611,tri-611,ALK,Small Molecule,ALK,0,1,0,1,0,0,0,0,1,0,1,ALK+,metastatic · 1st-line · small-cell · measurable (RECIST)
NCT07492342,Fulzerasib Sequential Sintilimab Plus Platinum-Doublet Neoadjuvant Therapy for Resectable KRAS G12C-Mutant NSCLC,PHASE2,Phase 2,RECRUITING,30,Jianxing He,Jianxing He,1,0,0,single_arm,1,fulzerasib,fulzerasib,KRAS,Small Molecule,ALK;KRAS,0,1,0,1,0,1,0,0,0,0,1,"ALK+, KRAS G12C",metastatic · squamous · measurable (RECIST)
NCT07499674,Evaluation of the Safety and Efficacy of Abenacianine (VGT-309) to Identify Cancer in Subjects Undergoing Surgery for Cancer in the Lung,PHASE3,Phase 3,RECRUITING,132,"Vergent Bioscience, Inc.",Vergent Bioscience,3,1,0,multi_experimental,2,abenacianine,,,,,0,0,0,0,0,0,0,0,0,0,0,,
NCT07501169,Sacituzumab Tirumotecan in Combination With Anlotinib in Previously Treated Patients With Extensive-Stage Small Cell Lung Cancer (ES-SCLC),PHASE2,Phase 2,NOT_YET_RECRUITING,33,Sichuan University,Sichuan University,9,0,0,single_arm,1,sacituzumab tirumotecan and anlotinib,sacituzumab tirumotecan and anlotinib,TROP-1,ADC,TROP-1,1,1,0,0,0,0,0,0,0,1,0,,metastatic · 2nd-line+ · small-cell · measurable (RECIST)
NCT07502300,A Study Comparing BL-B01D1 Combined With Tislelizumab Versus Platinum-containing Chemotherapy Combined With Tislelizumab as First-line Treatment in Patients With Extensive-stage Small Cell Lung Cancer(PANKU-Lung07),PHASE3,Phase 3,RECRUITING,562,"Sichuan Baili Pharmaceutical Co., Ltd.",Sichuan Baili Pharmaceutical,127,1,0,active_comparator,2,carboplatin;etoposide;tislelizumab,bl-b01d1;tislelizumab,PD-1,ADC,,1,1,0,0,0,0,0,0,0,0,0,,metastatic · small-cell · measurable (RECIST)
NCT07503808,A Study of IDE034 in Adult Participants With Locally Advanced/Metastatic Solid Tumors Types,PHASE1,Phase 1,RECRUITING,150,IDEAYA Biosciences,IDEAYA Biosciences,11,1,0,multi_experimental,2,ide034,ide034,PTK7,ADC,HER2,1,1,0,0,0,0,0,0,0,0,0,,metastatic · measurable (RECIST) · ECOG 0
NCT07513376,A Clinical Trial of Adjuvant Intismeran (V940) With or Without Pembrolizumab Coformulated With Berahyaluronidase Alfa (MK-3475A) in High-Risk Stage I Non-Small Cell Lung Cancer (V940-014),PHASE3,Phase 3,RECRUITING,876,Merck Sharp & Dohme LLC,Merck (MSD),649,1,1,placebo_comparator,3,,intismeran;pembrolizumab coformulated with berahyaluronidase alfa,PD-1,mRNA,,0,1,0,0,0,0,0,0,0,0,0,,small-cell
NCT07517198,Dose Determining Study of EXS74539 (REC-4539) in Participants With Select Solid Tumors,PHASE1,Phase 1,RECRUITING,40,"Exscientia AI Ltd., a wholly owned subsidiary of Recursion Pharmaceuticals, Inc.","Exscientia AI Ltd., a wholly owned subsidiary of Recursion Pharmaceuticals",3,1,0,single_arm,1,exs74539,exs74539,LSD1,Small Molecule,,0,1,0,0,0,0,0,0,0,1,0,,metastatic · 2nd-line+ · squamous · measurable (RECIST)
NCT07519655,Phase 1 Study of PF-08046033 in Advanced Solid Tumors,PHASE1,Phase 1,RECRUITING,250,Pfizer,Pfizer,687,1,1,multi_experimental,10,pf-08046033,pf-08046033,GPNMB,ADC,GPNMB,1,1,0,0,0,0,0,0,0,0,0,,metastatic · measurable (RECIST)
NCT07531095,Study of Tarlatamab + ZL-1310 +/- Anti-programmed Death Ligand 1 (Anti-PD-L1) in Small Cell Lung Cancer (SCLC),PHASE1,Phase 1,RECRUITING,160,Amgen,Amgen,323,1,1,multi_experimental,3,tarlatamab;zl-1310,durvalumab;tarlatamab;zl-1310,PD-L1,ADC,DLL3 expression (H-score),1,1,0,0,0,0,0,0,0,0,0,,metastatic · measurable (RECIST)
NCT07535437,A Study of Ivonescimab in Combination With Dato-DXd or Osimertinib in People With Non-Small Cell Lung Cancer,PHASE1;PHASE2,Phase 2,RECRUITING,66,Memorial Sloan Kettering Cancer Center,Memorial Sloan Kettering Cancer Center,411,0,0,multi_experimental,4,ivonescimab,dato-dxd;ivonescimab;osimertinib,PD-1,Bispecific Antibody,BRAF;EGFR;MSS;PD-L1;TROP2;VEGF;pMMR,1,1,1,0,0,0,0,0,0,0,1,EGFRm,metastatic · small-cell · measurable (RECIST) · ECOG 0-1
NCT07535463,"A Study of Ivonescimab, Chemotherapy, and Stereotactic Radiosurgery for People With Non-Small Cell Lung Cancer",PHASE1;PHASE2,Phase 2,RECRUITING,53,Memorial Sloan Kettering Cancer Center,Memorial Sloan Kettering Cancer Center,411,0,0,single_arm,1,ivonescimab;stereotactic radiosurgery,ivonescimab;stereotactic radiosurgery,PD-1,Bispecific Antibody,ALK;BRAF;MSS;PD-L1;ROS1;pMMR,1,1,0,0,1,0,0,1,0,0,1,"ROS1+, PD-L1+",metastatic · squamous
NCT07538271,"A Study of Benmelstobart, Anlotinib, Chemotherapy and Thoracic Radiotherapy for People With Extensive-stage Small Cell Lung Cancer",PHASE2,Phase 2,NOT_YET_RECRUITING,33,Yayi He,Yayi He,1,0,0,single_arm,1,anlotinib;benmelstobart;carboplatin or cisplatin;etoposide;thoracic radiotherapy,anlotinib;benmelstobart;carboplatin or cisplatin;etoposide;thoracic radiotherapy,VEGF/VEGFR,Small Molecule,PD-L1,0,1,0,0,0,0,0,1,0,0,1,PD-L1+,metastatic · small-cell · measurable (RECIST)
NCT07538804,A Study to Investigate ANS02 in Participants With EGFR Mutation-Positive Non-Small Cell Lung Cancer,PHASE1;PHASE2,Phase 2,RECRUITING,294,"Avistone Biotechnology Co., Ltd.",Avistone Biotechnology,12,1,0,single_arm,1,ans02,ans02,EGFR,Small Molecule,EGFR,0,1,0,0,0,0,0,0,0,0,0,,metastatic · measurable (RECIST)
NCT07538973,A Clinical Study to Evaluate the Pharmacokinetics and Safety of Anecatibin Fumarate Capsules in Subjects With Impaired Liver Function Versus Normal Liver Function,PHASE1,Phase 1,NOT_YET_RECRUITING,24,"Chia Tai Tianqing Pharmaceutical Group Co., Ltd.",Chia Tai Tianqing Pharmaceutical,213,1,0,single_arm,1,anecatibin fumarate capsules,anecatibin fumarate capsules,,Small Molecule,,0,1,0,0,0,0,0,0,0,0,0,,
NCT07540572,"A Study to Investigate the Safety, Pharmacokinetics, and Preliminary Efficacy of IDE574 Therapy in Adult Participants With Advanced Solid Tumors",PHASE1,Phase 1,RECRUITING,160,IDEAYA Biosciences,IDEAYA Biosciences,11,1,0,multi_experimental,4,ide574,fulvestrant injection;ide574,HER2,Small Molecule,ER;HER2,0,1,0,0,0,0,0,0,0,0,0,,metastatic · adenoca. · ECOG 1
NCT07541170,A Study to Evaluate the Efficacy and Safety of Divarasib Compared With Investigator's Choice of Immunotherapy or Observation in Participants With Resected Stage II-III KRAS G12C-Positive Non-Small Cell Lung Cancer (NSCLC),PHASE3,Phase 3,RECRUITING,400,Hoffmann-La Roche,Roche/Genentech,922,1,1,active_comparator,2,nivolumab;pembrolizumab,divarasib,PD-1,Monoclonal Antibody,KRAS;PD-L1,1,1,0,0,0,1,0,0,0,0,1,KRAS G12C,metastatic · squamous
NCT07542704,A Study to Investigate the Safety and Efficacy of KQB368 as Monotherapy in Participants With Advanced Solid Malignancies,PHASE1,Phase 1,NOT_YET_RECRUITING,48,Kumquat Biosciences Inc.,Kumquat Biosciences,7,1,0,single_arm,1,kqb368,kqb368,KRAS,Small Molecule,KRAS,0,1,0,0,0,1,0,0,0,0,1,KRAS G12C,metastatic · measurable (RECIST)
NCT07545213,Efficacy and Safety of SKB264 Plus Anlotinib in EGFR-TKI-Resistant Advanced NSCLC With Liver Metastasis,PHASE2,Phase 2,NOT_YET_RECRUITING,27,The Fourth Affiliated Hospital of Zhejiang University School of Medicine,The Fourth Affiliated Hospital of Zhejiang University School of Medicine,1,0,0,single_arm,1,skb264,skb264,TROP2,ADC,HER2;TROP2,1,1,0,0,0,0,0,0,0,0,0,,metastatic · squamous · measurable (RECIST)
NCT07545954,DSP-0390 in Combination With Atezolizumab for Small Cell Lung Cancer,PHASE1,Phase 1,RECRUITING,20,Washington University School of Medicine,Washington University School of Medicine,178,0,0,multi_experimental,3,atezolizumab;dsp-0390,atezolizumab;dsp-0390,EBP,Small Molecule,PD-L1,0,1,0,0,0,0,0,1,1,0,1,PD-L1+,metastatic · 1st-line · small-cell · measurable (RECIST)
NCT07550842,A Clinical Study for the Safety and Efficacy of BL0020 Injection in Combination With Toripalimab Injection in Patients With Recurrent Extensive-Stage Small Cell Lung Cancer,PHASE1,Phase 1,NOT_YET_RECRUITING,33,"Shanghai Best-Link Bioscience, LLC",Shanghai Best-Link Bioscience,6,1,0,single_arm,1,bl0020;toripalimab,bl0020;toripalimab,PD-1,Peptide,PD-L1,0,1,0,0,0,0,0,0,1,1,0,,metastatic · 1st-line · squamous
NCT07551414,Zorifertinib Plus Intra-Ommaya CSF Chemotherapy for Leptomeningeal Progression in NSCLC After Third-Generation EGFR-TKI,PHASE2,Phase 2,NOT_YET_RECRUITING,38,"Cancer Institute and Hospital, Chinese Academy of Medical Sciences","Cancer Institute and Hospital, Chinese Academy of Medical Sciences",24,0,0,single_arm,1,zorifertinib plus intra-ommaya csf,zorifertinib plus intra-ommaya csf,EGFR,Small Molecule,EGFR;MET,0,1,1,0,0,0,0,0,0,1,1,EGFRm,metastatic · 2nd-line+ · small-cell
NCT07551635,SMARCA4/2 Inhibitor for POU2F3-Positive SCLC,PHASE2,Phase 2,NOT_YET_RECRUITING,20,Dana-Farber Cancer Institute,Dana-Farber Cancer Institute,326,0,0,single_arm,1,fhd-286,fhd-286,SMARCA4,Small Molecule,,0,1,0,0,0,0,0,0,0,0,0,,metastatic · measurable (RECIST)
NCT07551778,Allogeneic NK Cell Therapy Combined With Standard Maintenance Treatment in Advanced Solid Tumors,PHASE1;PHASE2,Phase 2,NOT_YET_RECRUITING,42,"BOE Technology Group Co., Ltd.",BOE Technology,2,1,0,multi_experimental,5,nk cells,nk cells;nk cells + cetuximab/bevacizumab + capecitabine as first-line maintenance therapy;nk cells + pd-(l)1 inhibitor + capecitabine or s-1 as first-line maintenance therapy;nk cells + pd-(l)1 inhibitor + pemetrexed as first-line maintenance therapy;nk cells + pd-(l)1 inhibitor + vegf inhibitor as first-line maintenance therapy,VEGF/VEGFR,Cell Therapy,ALK;BRAF;HER2;KRAS;PR;ROS1,1,1,1,0,1,0,0,0,1,0,1,"EGFRm, ROS1+",metastatic · 1st-line · adenoca. · measurable (RECIST)
NCT07554339,A Clinical Trial of Calderasib (MK-1084) and Durvalumab in People With Non-Small Cell Lung Cancer (MK-1084-015/KANDLELIT-015),PHASE3,Phase 3,RECRUITING,310,Merck Sharp & Dohme LLC,Merck (MSD),649,1,1,active_comparator,2,durvalumab;placebo to mk-1084,calderasib;durvalumab,PD-L1,Monoclonal Antibody,EGFR;KRAS;PD-L1;biomarker,1,1,0,0,0,1,0,1,0,0,1,"KRAS G12C, PD-L1+",locally advanced · squamous
NCT07554859,GFH375 Monotherapy and Combination Therapy as First-Line Treatment for Advanced KRAS G12D-Mutant Non-Small Cell Lung Cancer,PHASE2,Phase 2,NOT_YET_RECRUITING,90,Genfleet Therapeutics (Shanghai) Inc.,Genfleet Therapeutics (Shanghai),15,1,0,multi_experimental,3,,arm b:gfh375;arm c:gfh375;arma:gfh375,KRAS,Small Molecule,KRAS,0,1,0,0,0,0,0,0,0,0,0,,metastatic · squamous · measurable (RECIST)
NCT07558200,Phase Ia/Ib Study of FXB0871 Monotherapy in Locally Advanced/Metastatic Solid Tumors,PHASE1,Phase 1,NOT_YET_RECRUITING,138,Shanghai Fosun Pharmaceutical Industrial Development Co. Ltd.,Shanghai Fosun Pharmaceutical Industrial Development,14,1,0,multi_experimental,4,,intervention1：fxb0871;intervention2：fxb0871;intervention3：fxb0871;intervention4：fxb0871,,Cell Therapy,,1,1,0,0,0,0,0,0,0,0,0,,metastatic · measurable (RECIST)
NCT07559019,Safety and Preliminary Activity of BI115 in Advanced SCLC,PHASE1,Phase 1,RECRUITING,150,Innovent Biologics (Suzhou) Co. Ltd.,Innovent,107,1,0,single_arm,1,ibi115,ibi115,PD-L1,Monoclonal Antibody,PD-L1,1,1,0,0,0,0,0,0,0,0,0,,advanced · small-cell · measurable (RECIST)
NCT07559929,A Study of DXC006 With Immune Checkpoint Inhibitors or Platinum for Small Cell Lung Cancer.,PHASE1;PHASE2,Phase 2,NOT_YET_RECRUITING,200,"Hangzhou DAC Biotechnology Co., Ltd.",Hangzhou DAC Biotechnology,5,1,0,multi_experimental,3,dxc006,carboplatin;cisplatin;dxc006;toripalimab,CD56,ADC,,1,1,0,0,0,0,0,0,0,0,0,,metastatic · squamous
NCT07560111,A Phase II Study of GC101 in NSCLC,PHASE2,Phase 2,RECRUITING,28,Shanghai Juncell Therapeutics,Shanghai Juncell Therapeutics,19,1,0,single_arm,1,autologous tumor infiltrating lymphocytes,autologous tumor infiltrating lymphocytes,,Cell Therapy,ALK;BRAF;EGFR;KRAS;MET;NTRK;RET,1,1,1,0,0,1,1,0,0,0,1,"EGFRm, KRAS G12C, MET+",metastatic · small-cell · measurable (RECIST)
NCT07562581,A Phase 2 Study of Luvometinib Combined With Anlotinib in KRAS-mutated NSCLC,PHASE2,Phase 2,RECRUITING,48,Shanghai Fosun Pharmaceutical Industrial Development Co. Ltd.,Shanghai Fosun Pharmaceutical Industrial Development,14,1,0,multi_experimental,2,luvometinib + anlotinib,luvometinib + anlotinib,KRAS,Small Molecule,KRAS,0,1,0,0,0,0,0,0,0,0,0,,metastatic · squamous · measurable (RECIST) · ECOG 0-1
NCT07563738,A 2-part Phase 1/2 Open-label Trial on ODM-212,PHASE1;PHASE2,Phase 2,RECRUITING,229,"Orion Corporation, Orion Pharma","Orion Corporation, Orion Pharma",11,1,0,multi_experimental,3,odm-212,gemcitabine and nab-paclitaxel;ipilimumab and nivolumab;odm-212;sotorasib,TEAD,Small Molecule,Hippo pathway;KRAS;PD-L1;PR;YAP,0,1,0,0,0,1,0,1,1,0,1,"KRAS G12C, PD-L1+",metastatic · 1st-line · adenoca. · measurable (RECIST)
NCT07564401,"A Study to Evaluate DJI136, a DLL3-targeted CAR-T Therapy",PHASE1;PHASE2,Phase 2,RECRUITING,80,Novartis Pharmaceuticals,Novartis,836,1,1,multi_experimental,2,dji136,dji136,DLL3,CAR-T,PD-L1,1,1,0,0,0,0,0,1,0,0,1,PD-L1+,metastatic · small-cell · measurable (RECIST)
NCT07566052,"A Study to Compare Setidegrasib (ASP3082) With Docetaxel, in People With Non-small Cell Lung Cancer With a KRAS G12D Mutation",PHASE3,Phase 3,RECRUITING,356,"Astellas Pharma Global Development, Inc.",Astellas,171,1,1,active_comparator,2,docetaxel,setidegrasib,KRAS,Small Molecule,ALK;BRAF;EGFR;HER2;KRAS;MET;NTRK;PD-L1;RET;ROS1,0,1,1,0,1,1,1,1,1,1,1,"EGFRm, ROS1+, KRAS G12C, MET+, PD-L1+",metastatic · 1st-line · squamous
NCT07578571,A Phase 1 Study of IM-1617 in Participants With Advanced Cancer,PHASE1,Phase 1,RECRUITING,175,"Immunome, Inc.",Immunome,4,1,0,multi_experimental,2,im-1617,im-1617,,ADC,HER2;PD-L1;biomarker,1,1,0,0,0,0,0,1,0,1,1,PD-L1+,metastatic · 2nd-line+ · adenoca. · measurable (RECIST)
NCT07583316,"A Phase 1 First-in-Human Study of CRPA1A2, a MAGE-A1/HLA-A*02:01 Bispecific T-Cell Engager, in Patients With Solid Tumors",PHASE1,Phase 1,NOT_YET_RECRUITING,192,"Corregene Biotechnology Co., Ltd",Corregene Biotechnology,4,1,0,multi_experimental,3,crpa1a2,crpa1a2,MAGE-A1,Bispecific Antibody,HLA-A*02:01;MAGE-A1;MET,1,1,0,0,0,0,0,0,0,0,0,,metastatic · squamous · measurable (RECIST)
NCT07583771,A Phase Ⅰ Study of CS08399 in Participants With MTAP-deleted Solid Tumors and Lymphoma,PHASE1,Phase 1,NOT_YET_RECRUITING,186,"Chipscreen Biosciences, Ltd.",Chipscreen Biosciences,25,1,0,single_arm,1,cs08399,cs08399,MTAP,Small Molecule,MTAP-DELETED,0,1,0,0,0,0,0,0,0,1,0,,metastatic · 2nd-line+ · measurable (RECIST)
NCT07586202,A Study of Neoadjuvant Amivantamab With Either Lazertinib or Chemotherapy in Participants With Resectable EGFR-Mutated NSCLC,PHASE2,Phase 2,RECRUITING,68,"Janssen Research & Development, LLC",Johnson & Johnson,363,1,1,multi_experimental,2,amivantamab,amivantamab;carboplatin;lazertinib;pemetrexed,EGFR,Monoclonal Antibody,ALK;BRAF;EGFR;HER2;KRAS;MET;NTRK;RET;ROS1;genomic,1,1,1,1,1,0,0,0,0,0,1,"EGFRm, ALK+, ROS1+",resectable · squamous
NCT07589205,"Study of IBI3028 in Participants With Locally Advanced, Unresectable, or Metastatic Solid Tumors",PHASE1,Phase 1,RECRUITING,493,"Innovent Biopharmaceutical Technology (Hangzhou) Co., LTD.",Innovent,107,1,0,single_arm,1,drug: ibi3028,drug: ibi3028,PD-1,Monoclonal Antibody,PD-L1,1,1,0,0,0,0,0,1,0,0,1,PD-L1+,metastatic · measurable (RECIST)
NCT07590531,AMT-116 in Combination With AK112 in Patients With Lung Cancer,PHASE1;PHASE2,Phase 2,RECRUITING,118,Multitude Therapeutics Inc.,Multitude Therapeutics,8,1,0,multi_experimental,2,ak112;amt-116,ak112;amt-116,CD44v9,ADC,ALK;BRAF;EGFR;MET;NTRK;PD-L1;RET;ROS1,1,1,1,1,1,0,1,0,0,0,1,"EGFRm, ALK+, ROS1+, MET+",metastatic · squamous · measurable (RECIST)
NCT07601048,A Trial of HRS-7058 in Advanced or Metastatic Non-Small Cell Lung Cancer Patients Who Have Failed Standard Treatment,PHASE3,Phase 3,NOT_YET_RECRUITING,450,"Shandong Suncadia Medicine Co., Ltd.",Shandong Suncadia Medicine,22,1,0,active_comparator,4,fulzerasib tablets;garsorasib tablets;glecirasib citrate tablets,hrs-7058,KRAS,Small Molecule,KRAS,0,1,0,0,0,0,0,0,0,0,0,,metastatic · squamous · measurable (RECIST)
NCT07602842,A Study of IDP-001 in Advanced or Metastatic Solid Tumors,PHASE1;PHASE2,Phase 2,RECRUITING,132,"InduPro, Inc.",InduPro,1,1,0,multi_experimental,2,idp-001,idp-001,EGFR,ADC,,1,1,0,0,0,0,0,0,0,0,0,,metastatic · measurable (RECIST)
NCT07602855,A Study of Risvutatug Rezetecan in Combination With Ivonescimab in Participants With Advanced Solid Tumors (EMBOLD PanTumour-103),PHASE1;PHASE2,Phase 2,NOT_YET_RECRUITING,184,GlaxoSmithKline,GSK,468,1,1,multi_experimental,2,ivonescimab;risvutatug rezetecan,ivonescimab;risvutatug rezetecan,EGFR,Monoclonal Antibody,BRAF;MSS;PR;biomarker;biomarker analysis;pMMR,1,1,0,0,0,0,0,0,0,1,0,,metastatic · 2nd-line+ · squamous · measurable (RECIST)
NCT07603791,"Phase II Clinical Study to Evaluate the Safety, Tolerability, Pharmacokinetics and Antitumor Activity of ALK202 for Injection in Combination With Drugs in NSCLC Participants.",PHASE2,Phase 2,NOT_YET_RECRUITING,252,"Shanghai Allink Biotherapeutics Co., Ltd.",Shanghai Allink Biotherapeutics,4,1,0,multi_experimental,3,alk202 for injection,alk202 for injection;carboplatin injection;ivonescimab injection;osimertinib mesylate tablets,PD-L1,,EGFR;MET;PD-L1,0,1,0,0,0,0,0,1,0,0,1,PD-L1+,measurable (RECIST)
NCT07609251,A Clinical Study of SCTB41 Combined With Docetaxel in Patients With Previously Treated Locally Advanced or Metastatic Non-Small Cell Lung Cancer（Phase II Study Ongoing）,PHASE2,Phase 2,NOT_YET_RECRUITING,90,Sinocelltech Ltd.,Sinocelltech,34,1,0,single_arm,1,docetaxel;sctb41,docetaxel;sctb41,,,,0,1,0,0,0,0,0,0,0,0,0,,metastatic · small-cell · measurable (RECIST) · ECOG 0-1
NCT07610798,"A Study to Evaluate the Safety, Tolerability, Pharmacokinetics, and Preliminary Antitumor Activity of INV-8989 in Patients With Advanced Solid Tumors Harboring KRAS G12D Mutations",PHASE1;PHASE2,Phase 2,RECRUITING,178,"Shenzhen Ionova Life Sciences Co., Ltd.",Shenzhen Ionova Life Sciences,4,1,0,multi_experimental,14,inv-8989,inv-8989,KRAS,Small Molecule,KRAS,0,1,0,0,0,0,0,0,0,0,0,,metastatic · measurable (RECIST)
NCT07613723,"A Study to Test the Safety, Tolerability and Effect of ZI-MA4-1 for Patients With Locally Advanced or Metastatic Solid Malignancies",PHASE1,Phase 1,RECRUITING,9,Zelluna Immunotherapy AS,Zelluna Immunotherapy AS,1,1,0,single_arm,1,cyclophosphamide;fludarabine;zi-ma4-1 (tcr-nk cells),cyclophosphamide;fludarabine;zi-ma4-1 (tcr-nk cells),MAGE-A4,Cell Therapy,HLA-A*02:01;MAGE-A4,1,1,0,0,0,0,0,0,0,0,0,,metastatic · squamous · measurable (RECIST)
NCT07614646,"Evaluate the Safety, Tolerability, and Preliminary Efficacy of EVM14 in Combination With Ivonescimab in Sq-NSCLC Patients",PHASE1,Phase 1,NOT_YET_RECRUITING,13,"Everest Medicines (Beijing) Co., Ltd.",Everest Medicines (Beijing),2,1,0,single_arm,1,evm14;ivonescimab,evm14;ivonescimab,,Vaccine,PD-L1;biomarker,1,1,0,0,0,0,0,1,0,0,1,PD-L1+,metastatic · squamous · measurable (RECIST) · ECOG 0
NCT07617337,AQUA07 in Patients With ALK-Positive Non-Small Cell Lung Cancer,PHASE1,Phase 1,RECRUITING,102,Chugai Pharmaceutical,Chugai Pharmaceutical,15,1,0,multi_experimental,2,,aqua07;lorlatinib,ALK,,ALK,0,1,0,1,0,0,0,0,0,1,1,ALK+,metastatic · 2nd-line+ · measurable (RECIST)
NCT07619339,A Study of Tepotinib and Ivonescimab in People With Non-Small Cell Lung Cancer,PHASE1,Phase 1,RECRUITING,16,Memorial Sloan Kettering Cancer Center,Memorial Sloan Kettering Cancer Center,411,0,0,single_arm,1,ivonescimab;tepotinib,ivonescimab;tepotinib,MET,Small Molecule,ALK;BRAF;HER2;KRAS;MET;NTRK;RET;ROS1,0,1,1,0,1,0,1,0,0,0,1,"EGFRm, ROS1+, MET+",metastatic · adenoca. · measurable (RECIST)
NCT07620951,Material Balance of [14C]Zorifertinib in Healthy Adult Male Participants in China,PHASE1,Phase 1,RECRUITING,8,"Alpha Biopharma (Jiangsu) Co., Ltd.",Alpha Biopharma (Jiangsu),3,1,0,single_arm,1,[14c]zorifertinib oral formulation,[14c]zorifertinib oral formulation,EGFR,Small Molecule,EGFR,0,1,0,0,0,0,0,0,0,0,0,,
NCT07622186,A Study of SKB571 Combination Therapy in Participants With Non-Small Cell Lung Cancer (NSCLC),PHASE2,Phase 2,RECRUITING,150,"Sichuan Kelun-Biotech Biopharmaceutical Co., Ltd.",Kelun,50,1,0,multi_experimental,3,skb571 for injection,carboplatin;cisplatin;furmonertinib;osimertinib;pembrolizumab;skb571 for injection,EGFR,Monoclonal Antibody,EGFR,1,1,0,0,0,0,0,0,0,0,0,,metastatic · small-cell · measurable (RECIST)
NCT07623356,A Study of AK138D1 Alone or in Combination With Ivonescimab in Advanced Non-Small Cell Lung Cancer,PHASE1;PHASE2,Phase 2,RECRUITING,265,Akeso,Akeso,103,1,0,multi_experimental,3,ak138d1,ak138d1;carboplatin;ivonescimab,,,,0,1,0,0,0,0,0,0,0,0,0,,metastatic · small-cell · measurable (RECIST)
NCT07623369,A First-in-Human Study of HH160 in Participants With Advanced or Metastatic Solid Tumors,PHASE1,Phase 1,RECRUITING,299,Huahui Health,Huahui Health,3,1,0,multi_experimental,3,hh160,hh160,PD-1,Bispecific Antibody,,1,1,0,0,0,0,0,0,0,0,0,,metastatic · measurable (RECIST)
NCT07623642,"A Phase II Study of GV20-0251 in Combination With Anti-PD-1 Monoclonal Antibodies in Patients With Unresectable, Locally Advanced, or Metastatic Solid Tumors.",PHASE2,Phase 2,NOT_YET_RECRUITING,227,GV20 Therapeutics,GV20 Therapeutics,3,1,0,single_arm,1,anti-pd-1 monoclonal antibodies;gv20-0251,anti-pd-1 monoclonal antibodies;gv20-0251,IGSF8,Monoclonal Antibody,IGSF8 RNA;IGSF8 membrane protein;PD-L1,1,1,0,0,0,0,0,1,1,0,1,PD-L1+,metastatic · 1st-line · adenoca. · measurable (RECIST)
NCT07624214,Study of LT-010391 in Participants With KRAS G12D-Mutant Solid Tumors,PHASE1,Phase 1,NOT_YET_RECRUITING,198,"Leadingtac Pharmaceutical (Shaoxing) Co., Ltd.",Leadingtac Pharmaceutical (Shaoxing),1,1,0,single_arm,1,lt-010391,lt-010391,KRAS,Small Molecule,KRAS,0,1,0,0,0,0,0,0,0,0,0,,metastatic
NCT07625644,BL-M14D1 Plus Atezolizumab vs Standard of Care in First-Line Extensive-Stage Small Cell Lung Cancer (BrenDeLL-Lung01),PHASE3,Phase 3,RECRUITING,550,SystImmune Inc.,SystImmune,7,1,0,active_comparator,3,carboplatin+ etoposide + atezolizumab followed by atezolizumab and lurbinectedin,bl-m14d1 and atezolizumab,PD-L1,Monoclonal Antibody,PD-L1,1,1,0,0,0,0,0,1,1,0,1,PD-L1+,1st-line · squamous · measurable (RECIST) · ECOG 0-1
NCT07629960,A First-in-Human Trial of BLU-924 (SAR449336) in Advanced Solid Tumors Harboring KRAS Mutations,PHASE1;PHASE2,Phase 2,RECRUITING,265,Blueprint Medicines Corporation,Blueprint Medicines,17,1,1,single_arm,1,blu-924,blu-924,KRAS,Small Molecule,KRAS,0,1,0,0,0,1,0,0,0,0,1,KRAS G12C,metastatic · adenoca. · measurable (RECIST)
NCT07630961,Phase I Study of JFI447 [68Ga]Ga-DFC413 and Comparison to FFG233 [68Ga]Ga-NNS309 in Patients With Solid Tumors,PHASE1,Phase 1,RECRUITING,66,Novartis Pharmaceuticals,Novartis,836,1,1,multi_experimental,2,68ga-dfc413,68ga-dfc413;68ga-nns309,HER2,Radiopharmaceutical,HER2,0,1,0,0,0,0,0,0,0,0,0,,metastatic · ductal · measurable (RECIST)
NCT07633873,SYS6010 Combined With Enlonstobart Versus Immunotherapy+ Platinum-based Chemotherapy for Patients With PD-L1-Positive Locally Advanced or Metastatic NSCLC（SYNSTAR 04）,PHASE3,Phase 3,NOT_YET_RECRUITING,500,"CSPC Megalith Biopharmaceutical Co.,Ltd.",CSPC Megalith Biopharmaceutical,29,1,0,active_comparator,2,paclitaxel+carboplatin or pemetrexed + cisplatin/carboplatin;tislelizumab injection,enlonstobart injection;sys6010 injection,PD-L1,ADC,ALK;BRAF;EGFR;MET;NTRK;PD-L1;RET;ROS1,1,1,1,1,1,0,1,1,0,1,1,"EGFRm, ALK+, ROS1+, MET+, PD-L1+",metastatic · 2nd-line+ · squamous · measurable (RECIST)
NCT07636785,A Phase 1 and 2 Study of VMD-102 in Hepatocellular Carcinoma and Other Solid Tumors,PHASE1;PHASE2,Phase 2,RECRUITING,111,"VM Discovery, Inc.",VM Discovery,1,1,0,single_arm,1,vmd-102,vmd-102,,,biomarker,0,1,0,0,0,0,0,0,0,1,0,,metastatic · 2nd-line+ · squamous · measurable (RECIST)
NCT07637513,Tarlatamab and Durvalumab vs. Durvalumab Alone for Limited-Stage-Small Cell Lung Cancer,PHASE3,Phase 3,NOT_YET_RECRUITING,430,"PrECOG, LLC.",PrECOG,18,0,1,active_comparator,2,durvalumab,durvalumab;tarlatamab,DLL3,Bispecific Antibody,DLL3;PD-L1,1,1,0,0,0,0,0,1,0,0,1,PD-L1+,metastatic · small-cell · measurable (RECIST)
NCT07638891,A Study of HDM2020 in Patients With Advanced Sq-NSCLC,PHASE1,Phase 1,RECRUITING,150,"Hangzhou Zhongmei Huadong Pharmaceutical Co., Ltd.",Hangzhou Zhongmei Huadong Pharmaceutical,14,1,0,single_arm,1,hdm2020 (fgfr2b-adc),hdm2020 (fgfr2b-adc),FGFR,ADC,PD-L1,1,1,0,0,0,0,0,1,1,0,1,PD-L1+,metastatic · 1st-line · squamous · measurable (RECIST) · ECOG 0
NCT07640789,"A Study Comparing BL-B01D1 in Combination With Osimertinib Versus Osimertinib Alone in Patients With Locally Advanced, Unresectable EGFR-mutated Non-small Cell Lung Cancer(Stage III) Whose Disease Has Not Progressed Following Definitive Platinum-based Chemoradiation Therapy(PANKU-Lung08)",PHASE3,Phase 3,RECRUITING,418,"Sichuan Baili Pharmaceutical Co., Ltd.",Sichuan Baili Pharmaceutical,127,1,0,active_comparator,2,osimertinib,bl-b01d1;osimertinib,EGFR,ADC,,1,1,1,0,0,0,0,0,0,0,1,EGFRm,unresectable · small-cell
NCT07641023,"Dual-Target CAR-NK Cells Targeting MSLN, EGFR, or HER2 in Advanced NSCLC",PHASE1;PHASE2,Phase 2,RECRUITING,60,Beijing Biotech,Beijing Biotech,30,1,0,multi_experimental,3,dual-target car-nk cells;lymphodepleting;supportive care,dual-target car-nk cells;lymphodepleting;supportive care,MSLN,CAR-T,HER2;MSLN;biomarker,1,1,0,0,0,0,0,0,0,1,0,,metastatic · 2nd-line+ · measurable (RECIST)
NCT07642024,A Study of BL-B01D1 in Combination With Osimertinib as Perioperative Therapy in Patients With EGFR-mutated Resectable Non-small Cell Lung Cancer(PANKU-Lung09),PHASE2;PHASE3,Phase 3,RECRUITING,90,"Sichuan Baili Pharmaceutical Co., Ltd.",Sichuan Baili Pharmaceutical,127,1,0,active_comparator,3,carboplatin;cisplatin;osimertinib;pemetrexed,bl-b01d1;osimertinib,EGFR,ADC,,1,1,1,0,0,0,0,0,0,0,1,EGFRm,small-cell
NCT07645222,PHASE 1b STUDY OF HS-20122 COMBINED THERAPY IN NSCLC,PHASE1,Phase 1,RECRUITING,396,Hansoh BioMedical R&D Company,Hansoh,82,1,0,multi_experimental,3,,hs-20122+adbrelimab;hs-20122+adbrelimab+platinum-based chemo;hs-20122+aumolertinib,,Small Molecule,,0,1,0,0,0,0,0,0,1,0,0,,metastatic · 1st-line · measurable (RECIST)
NCT07646106,THE-0504 in Patients With Solid Tumors,PHASE1,Phase 1,RECRUITING,30,Thena Biotech S.r.l.,Thena Biotech,1,1,0,single_arm,1,the-0504,the-0504,,,,0,1,0,0,0,0,0,0,0,0,0,,metastatic · adenoca.
NCT07650357,A Study of CLSP 5282 in HLA-A*03:01 Positive Adult Patients With Solid Tumors (SENTINEL-101),PHASE1,Phase 1,NOT_YET_RECRUITING,140,"Clasp Therapeutics, Inc.",Clasp Therapeutics,2,1,0,multi_experimental,2,clsp-5282,clsp-5282,KRAS,Bispecific Antibody,HLA-A*03:01;KRAS,1,1,0,0,0,0,0,0,0,0,0,,metastatic
NCT07654400,A Study of BL-M14D1 in Combination With Atezolizumab in Patients With Extensive-stage Small Cell Lung Cancer,PHASE2,Phase 2,RECRUITING,36,"Sichuan Baili Pharmaceutical Co., Ltd.",Sichuan Baili Pharmaceutical,127,1,0,single_arm,1,atezolizumab;bl-m14d1,atezolizumab;bl-m14d1,PD-L1,ADC,,1,1,0,0,0,0,0,0,0,0,0,,metastatic · small-cell · measurable (RECIST)
NCT07655622,Vebreltinib Plus Furmonertinib in Patients With EGFR-mutated Advanced Non-small Cell Lung Cancer and High PD-L1 Expression,PHASE1;PHASE2,Phase 2,RECRUITING,45,Second Affiliated Hospital of Nanchang University,Second Affiliated Hospital of Nanchang University,4,0,0,single_arm,1,furmonertinib;vebreltinib,furmonertinib;vebreltinib,MET,Small Molecule,ALK;EGFR;MET;PD-L1;ROS1,0,1,1,1,1,0,0,1,0,0,1,"EGFRm, ALK+, ROS1+, PD-L1+",metastatic · squamous · measurable (RECIST)
NCT07659782,A Phase 2 Study of VS-7375 in Patients With KRAS G12D-Mutated Non-Small Cell Lung Cancer,PHASE2,Phase 2,RECRUITING,105,"Verastem, Inc.",Verastem,25,1,0,multi_experimental,3,vs-7375,vs-7375,KRAS,Small Molecule,KRAS,0,1,0,0,0,0,0,0,0,0,0,,metastatic · measurable (RECIST) · ECOG 0
NCT07660055,Study of [177Lu]Lu-DWJ155 and [68Ga]Ga-DWJ155 in Patients With Solid Tumors,PHASE1,Phase 1,RECRUITING,156,Novartis Pharmaceuticals,Novartis,836,1,1,multi_experimental,2,[177lu]lu-dwj155;diagnostic test: [68ga]ga-dwj155,[177lu]lu-dwj155;diagnostic test: [68ga]ga-dwj155,HER2,Radiopharmaceutical,HER2,0,1,0,0,0,0,0,0,0,0,0,,advanced · measurable (RECIST)
NCT07660094,Aglatimagene Besadenovec + Prodrug and Pembrolizumab vs Docetaxel for Stage IV Non-Squamous NSCLC Progressing on Pembrolizumab (AURORA),PHASE3,Phase 3,RECRUITING,500,"Candel Therapeutics, Inc.",Candel Therapeutics,12,1,0,active_comparator,2,docetaxel,aglatimagene besadenovec;pembrolizumab;valacyclovir,PD-1,Monoclonal Antibody,ALK;PD-L1;ROS1;genomic,1,1,0,0,1,0,0,0,0,0,1,ROS1+,metastatic · squamous · measurable (RECIST)
NCT07663630,A Study to Learn About the Study Medicine Called Ponsegromab in Adults With Lung Cancer-Associated Significant Body Weight Loss,PHASE1,Phase 1,NOT_YET_RECRUITING,80,Pfizer,Pfizer,687,1,1,placebo_comparator,2,,ponsegromab,GDF-15,Monoclonal Antibody,ALK;genomic,1,0,0,0,0,0,0,0,0,0,0,,metastatic · squamous · measurable (RECIST) · ECOG 1
NCT07668752,A Study to Evaluate GFH375 Versus Docetaxel in Participants With Non-Small Cell Lung Cancer With KRAS G12D Mutation,PHASE3,Phase 3,RECRUITING,300,Genfleet Therapeutics (Shanghai) Inc.,Genfleet Therapeutics (Shanghai),15,1,0,active_comparator,2,docetaxel,gfh375,KRAS,Small Molecule,KRAS,0,1,0,0,0,0,0,1,0,0,1,PD-L1+,metastatic · small-cell · measurable (RECIST)
NCT07669779,A Phase II Study of AK146D1 in Combination With AK112 in Advanced Non-Small Cell Lung Cancer,PHASE2,Phase 2,RECRUITING,348,Akeso,Akeso,103,1,0,multi_experimental,3,ak146d1 for injection,ak112 injection;ak146d1 for injection;osimertinib;platinum,TROP2,ADC,TROP2,1,1,0,0,0,0,0,0,0,0,0,,metastatic · small-cell · measurable (RECIST) · ECOG 0
NCT07670312,Evaluation of XYA02 in Patients With Advanced Solid Tumors,PHASE1;PHASE2,Phase 2,NOT_YET_RECRUITING,190,"XYone Therapeutics, Inc",XYone Therapeutics,1,1,0,multi_experimental,2,xya02,xya02,MUC1,ADC,ALK;BRAF,1,1,0,1,0,0,0,0,0,1,1,ALK+,metastatic · 2nd-line+ · adenoca. · measurable (RECIST)
NCT07671092,"Imaging Study in Metastatic UC, HR+ and HER2- Breast Cancer, TNBC, and NSCLC",EARLY_PHASE1,Phase 1,NOT_YET_RECRUITING,40,"RayzeBio, Inc.",RayzeBio,7,1,0,single_arm,1,diagnostic test: ryz211/212,diagnostic test: ryz211/212,HER2,,HER2,0,1,0,0,0,0,0,0,0,0,0,,metastatic
NCT07672223,A Study of SYS6010 Plus Anti-PD-(L)-1 Monoclonal Antibody as Adjuvant Therapy in Non-small Cell Lung Cancer (NSCLC),PHASE3,Phase 3,NOT_YET_RECRUITING,570,"CSPC Megalith Biopharmaceutical Co.,Ltd.",CSPC Megalith Biopharmaceutical,29,1,0,active_comparator,2,durvalumab;nivolumab;pembrolizumab;tislelizumab;toripalimab ±+platinum-based doublet,enlonstobart;sys6010,EGFR,ADC,EGFR;genomic,1,1,0,0,0,0,0,0,0,0,0,,neoadjuvant · squamous
NCT07673419,A Clinical Study GK01 Cell Injection in Subjects With Advanced Lung Cancer,EARLY_PHASE1,Phase 1,NOT_YET_RECRUITING,10,"Beijing Geekgene Technology Co., LTD",Beijing Geekgene Technology,5,1,0,single_arm,1,gk01 injection,gk01 injection,,,,0,1,0,0,0,0,0,0,0,0,0,,metastatic · measurable (RECIST) · ECOG 0-1
NCT07675876,Inhaled Cromolyn Sodium in Patients With Locally Advanced Lung Cancer,PHASE1,Phase 1,NOT_YET_RECRUITING,10,Carcinex Inc,Carcinex,1,1,0,single_arm,1,cromolyn sodium,cromolyn sodium,,,biomarker,0,1,0,0,0,0,0,0,0,0,0,,advanced · adenoca.
NCT07680764,"A Study To Assess the Safety, Tolerability, and Efficacy of Imzokitug in Combination With Pumitamig and Platinum-Doublet Chemotherapy (PDCT) Versus Pumitamig and PDCT as First-line Treatment for Participants With Locally Advanced or Metastatic Non-Small Cell Lung Cancer (NSCLC)",PHASE2,Phase 2,RECRUITING,160,Bristol-Myers Squibb,Bristol Myers Squibb,764,1,1,multi_experimental,4,carboplatin;cisplatin;infliximab;paclitaxel;pemetrexed;pumitamig;vedolizumab,carboplatin;cisplatin;imzokitug;infliximab;paclitaxel;pemetrexed;pumitamig;vedolizumab,,,genomic,0,1,0,0,0,0,0,0,1,0,0,,metastatic · 1st-line · squamous · measurable (RECIST)
NCT07680790,Study of Izalontamab Brengitecan (BMS-986507) in Combination With Osimertinib Versus Osimertinib Monotherapy or Osimertinib in Combination With Platinum-based Chemotherapy for EGFRmt Non-small Cell Lung Cancer (IZABRIGHT-Lung02),PHASE3,Phase 3,NOT_YET_RECRUITING,850,Bristol-Myers Squibb,Bristol Myers Squibb,764,1,1,active_comparator,2,carboplatin;cisplatin;osimertinib;pemetrexed,iza-bren;osimertinib,EGFR,Small Molecule,EGFR,0,1,1,0,0,0,0,0,0,0,1,EGFRm,metastatic · squamous · measurable (RECIST)
NCT07682337,Study of Single and Multiple Oral Doses of SCB0020160 in Healthy Adult Male Subjects,PHASE1,Phase 1,NOT_YET_RECRUITING,74,SCBIO Inc.,SCBIO,1,1,0,placebo_comparator,2,,scb0020160,,,,0,0,0,0,0,0,0,0,0,0,0,,
NCT07683832,"Safety, Tolerability, Immunogenicity, Pharmacodynamic Characteristics, and Preliminary Anti-tumor Activity of Personalized Cancer Vaccines Alone and in Combination With Toripalimab in Participants With Resected NSCLC",EARLY_PHASE1,Phase 1,NOT_YET_RECRUITING,50,The Affiliated Nanjing Drum Tower Hospital of Nanjing University Medical School,The Affiliated Nanjing Drum Tower Hospital of Nanjing University Medical School,5,0,0,single_arm,1,abo2109 and toripalimab,abo2109 and toripalimab,,Monoclonal Antibody,,1,1,0,0,0,0,0,0,0,0,0,,adjuvant
NCT07685041,"An Open-label, Fixed-sequence Phase I Clinical Trial to Evaluate the Effect of HS-10504 on the Pharmacokinetics of Midazolam in Patients With Non-small Cell Lung Cancer",PHASE1,Phase 1,NOT_YET_RECRUITING,24,"Jiangsu Hansoh Pharmaceutical Co., Ltd.",Hansoh,82,1,0,single_arm,1,hs-10504； midazolam,hs-10504； midazolam,EGFR,,EGFR;PR,0,1,1,0,0,0,0,0,0,1,1,EGFRm,metastatic · 2nd-line+ · measurable (RECIST)
NCT07688577,XTX501 in Patients With Metastatic Non-Small Cell Lung Cancer and Advanced Solid Tumors,PHASE1;PHASE2,Phase 2,NOT_YET_RECRUITING,140,"Xilio Development, Inc.",Xilio Development,4,1,0,multi_experimental,2,xtx501,xtx501,,,ALK;MET;NTRK;PD-L1;RET;ROS1,0,1,0,0,1,0,0,1,0,0,1,"ROS1+, PD-L1+",metastatic · measurable (RECIST)
NCT07697586,SKB264 in Combination With SKB118 for Non-Small Cell Lung Cancer,PHASE2,Phase 2,RECRUITING,206,"Sichuan Kelun-Biotech Biopharmaceutical Co., Ltd.",Kelun,50,1,0,single_arm,1,skb264+skb118,skb264+skb118,,,ALK,0,1,0,1,0,0,0,0,0,0,1,ALK+,metastatic · small-cell · measurable (RECIST)
NCT07699328,A Study of VRN110755 in Patients With EGFR-Mutant Non-Small Cell Lung Cancer,PHASE1;PHASE2,Phase 2,RECRUITING,315,"Voronoi, Inc",Voronoi,2,1,0,multi_experimental,5,vrn110755,vrn110755,EGFR,Small Molecule,ALK;BRAF;EGFR;HER2;KRAS;MET;NTRK;RET;ROS1,0,1,1,0,1,0,0,0,1,1,1,"EGFRm, ROS1+",metastatic · 1st-line · squamous · measurable (RECIST)
NCT07699757,HSK41959 With Standard Therapy in Solid Tumors With MTAP Deletion,PHASE1,Phase 1,NOT_YET_RECRUITING,258,"Haisco Pharmaceutical Group Co., Ltd.",Haisco Pharmaceutical,10,1,0,multi_experimental,4,hsk41959,docetaxel;hsk41959;nab-paclitaxel + carboplatin;nab-paclitaxel + gemcitabine;paclitaxel + carboplatin;pemetrexed + cisplatin /carboplatin;sintilimab,MTAP,Small Molecule,ALK;BRAF;HER2;KRAS;MET;MTAP;NTRK;RET;ROS1;biomarker,0,1,0,0,1,1,0,0,0,0,1,"ROS1+, KRAS G12C",metastatic · measurable (RECIST)
NCT07704645,The Clinical Study of Adalimumab Combined With Other Anti-tumor Therapy as a Treatment for Resectable Non-small Cell Lung Cancer,PHASE2,Phase 2,NOT_YET_RECRUITING,180,"Suzhou Suncadia Biopharmaceuticals Co., Ltd.",Suzhou Suncadia Biopharmaceuticals,86,1,0,multi_experimental,2,,adebrelimab injection combined with hrs-7058 capsule;adebrelimab injection combined with shr-1826 injection combined with shr-8068 injection,,Monoclonal Antibody,ALK;biomarker,1,1,0,0,0,0,0,0,0,0,0,,squamous · measurable (RECIST) · ECOG 0
NCT07705035,DBC-664 in Adult Patients With Solid Tumors,PHASE1,Phase 1,RECRUITING,210,"Duboce Biopharmaceuticals, Inc.",Duboce Biopharmaceuticals,1,1,0,multi_experimental,2,dbc-664,dbc-664,,,,0,1,0,0,0,0,0,0,0,1,0,,metastatic · 2nd-line+ · squamous · measurable (RECIST)
NCT07705334,"A Study of SHY-ONC6, a Novel Proteasome Inhibitor, in Adults With Advanced or Metastatic Solid Tumors",PHASE1,Phase 1,RECRUITING,30,SHY Therapeutics,SHY Therapeutics,1,1,0,single_arm,1,shy-onc6,shy-onc6,,Cell Therapy,,1,1,0,0,0,0,0,0,0,0,0,,metastatic · squamous · measurable (RECIST)
NCT07707895,DAREON®-36: A Study to Test Obrixtamig in Combination With ZL-1310 in People With Advanced Small Cell Lung Cancer or Other Neuroendocrine Cancers,PHASE1;PHASE2,Phase 2,NOT_YET_RECRUITING,60,Boehringer Ingelheim,Boehringer Ingelheim,237,1,1,multi_experimental,3,obrixtamig;zl-1310,atezolizumab;obrixtamig;zl-1310,,,,0,1,0,0,0,0,0,0,0,1,0,,metastatic · 2nd-line+ · small-cell
NCT07710612,A Phase 2 Study of ABSK043 Combined With Osimertinib,PHASE2,Phase 2,NOT_YET_RECRUITING,72,"Abbisko Therapeutics Co, Ltd",AbbVie,274,1,1,single_arm,1,absk043 in combination with osimertinib,absk043 in combination with osimertinib,EGFR,Small Molecule,PD-L1,0,1,0,0,0,0,0,1,0,0,1,PD-L1+,metastatic · adenoca. · ECOG 0-1
NCT07713732,TLN-499 in Combination With Venetoclax in Patients With Relapsed/Refractory Solid Tumors,PHASE1,Phase 1,NOT_YET_RECRUITING,120,"Treeline Biosciences, Inc.",Treeline Biosciences,4,1,0,single_arm,1,tln-499;venetoclax,tln-499;venetoclax,BCL2,,,0,1,0,0,0,0,0,0,0,1,0,,metastatic · 2nd-line+ · measurable (RECIST)
NCT07715396,Addition of Platinum-based Chemotherapy to Tislelizumab in PD-L1high Metastatic Non-small Cell Lung Cancer With a High Tumor Burden,PHASE3,Phase 3,NOT_YET_RECRUITING,230,AIO-Studien-gGmbH,AIO-Studien-gGmbH,46,0,0,active_comparator,2,pembrolizumab;tislelizumab,tislelizumab combined with,PD-1,Monoclonal Antibody,PD-L1;genomic,1,1,0,0,0,0,0,1,1,0,1,PD-L1+,metastatic · 1st-line · small-cell · measurable (RECIST)
NCT07718243,"Investigating the Combination of Bexmarilimab and Nivolumab in Solid Tumours, Melanoma and NSCLC",PHASE1;PHASE2,Phase 2,RECRUITING,62,"Institute of Cancer Research, United Kingdom","Institute of Cancer Research, United Kingdom",24,0,0,multi_experimental,2,,bexmarilimab;recommended phase ii dose,CLEVER-1,Monoclonal Antibody,ALK;BRAF;genomic,1,1,0,0,0,0,0,0,0,1,0,,metastatic · 2nd-line+ · squamous · measurable (RECIST)
NCT07718737,"Global, Multicenter Study of AMT-116 Versus Investigator's Choice in Participants With Advanced or Metastatic Non-squamous EGFR-Wildtype Non-Small Cell Lung Cancer (NSCLC) With Progression on or After Platinum-Based Chemotherapy and Anti-PD-1/PD-L1 Immunotherapy",PHASE2;PHASE3,Phase 3,NOT_YET_RECRUITING,512,Multitude Therapeutics Inc.,Multitude Therapeutics,8,1,0,active_comparator,3,investigator's choice regimens (docetaxel or docetaxel plus ramucirumab),amt-116,PD-1,Bispecific Antibody,ALK;EGFR;MET;PD-L1,1,1,1,1,0,0,0,0,0,0,1,"EGFRm, ALK+",metastatic · squamous · measurable (RECIST)
NCT07723482,ML-016 in Advanced Cancer With Lung and/or Liver Involvement,PHASE1;PHASE2,Phase 2,NOT_YET_RECRUITING,108,"BrYet US, Inc.",BrYet US,1,1,0,single_arm,1,ml-016,ml-016,,,,0,1,0,0,0,0,0,0,0,1,0,,metastatic · 2nd-line+ · squamous · measurable (RECIST)
NCT07726212,"A First-in-human (FIH), Open-Label, Dose Escalation and Expansion Cohorts Study of MC002",PHASE1,Phase 1,NOT_YET_RECRUITING,143,Hangzhou MacroLink Biopharmaceutical LLC,Hangzhou MacroLink Biopharmaceutical,1,1,0,single_arm,1,mc002（adc）,mc002（adc）,,ADC,,1,1,0,0,0,0,0,0,0,0,0,,metastatic · measurable (RECIST)
NCT07739186,A Study Evaluating BL-B01D1 in Combination With a PD-1/VEGF Bispecific Antibody Versus Tislelizumab Plus Platinum-doublet Chemotherapy as First-line Treatment for Locally Advanced or Metastatic Non-squamous Non-small Cell Lung Cancer(PANKU-Lung06),PHASE2;PHASE3,Phase 3,NOT_YET_RECRUITING,120,"Sichuan Baili Pharmaceutical Co., Ltd.",Sichuan Baili Pharmaceutical,127,1,0,active_comparator,3,carboplatin;cisplatin;pd-1/vegf bispecific antibody;pemetrexed;tislelizumab,bl-b01d1;pd-1/vegf bispecific antibody,PD-1,,,0,1,1,0,0,0,0,0,0,0,1,EGFRm,metastatic · squamous · measurable (RECIST)
NCT07739199,A Study Comparing BL-B01D1 in Combination With PD-1/VEGF Bispecific Antibody Versus Chemotherapy in Combination With PD-1/VEGF Bispecific Antibody in First-line Patients With Locally Advanced or Metastatic Squamous Non-small Cell Lung Cancer(PANKU-Lung05),PHASE2;PHASE3,Phase 3,NOT_YET_RECRUITING,200,"Sichuan Baili Pharmaceutical Co., Ltd.",Sichuan Baili Pharmaceutical,127,1,0,active_comparator,2,carboplatin;paclitaxel;pd-1/vegf bispecific antibody,bl-b01d1;pd-1/vegf bispecific antibody,PD-1,,,0,1,1,0,0,0,0,0,0,0,1,EGFRm,metastatic · squamous · measurable (RECIST)
NCT07739758,A Study of YL201 in Combination With Serplulimab in Participants With Treatment-naïve Extensive-stage Small Cell Lung Cancer,PHASE3,Phase 3,RECRUITING,442,"MediLink Therapeutics (Suzhou) Co., Ltd.",MediLink Therapeutics (Suzhou),23,1,0,active_comparator,2,carboplatin;etoposide;serplulimab,serplulimab;yl201,,Cell Therapy,,1,1,0,0,0,0,0,0,0,0,0,,metastatic · small-cell · measurable (RECIST)
NCT07739966,A Study of DS-3939a in Participants With Solid Tumors,PHASE1;PHASE2,Phase 2,NOT_YET_RECRUITING,400,Daiichi Sankyo,Daiichi Sankyo,178,1,1,active_comparator,10,carboplatin;ds-3939a;pembrolizumab;pemetrexed,carboplatin;ds-1103a;ds-3939a;pembrolizumab;pemetrexed,HER2,ADC,EGFR;HER2;PD-L1,1,1,1,0,0,0,0,1,0,1,1,"EGFRm, PD-L1+",metastatic · 2nd-line+ · measurable (RECIST)
NCT07742956,"Phase II Clinical Study to Evaluate the Safety, Tolerability, Pharmacokinetics and Antitumor Activity of ALK201 for Injection in Combination With Ivonescimab Injection in sqNSCLC Participants.",PHASE2,Phase 2,NOT_YET_RECRUITING,156,"Shanghai Allink Biotherapeutics Co., Ltd.",Shanghai Allink Biotherapeutics,4,1,0,multi_experimental,2,alk201 for injection;ivonescimab injection,alk201 for injection;ivonescimab injection,PD-L1,,ALK;EGFR;PD-L1,0,1,0,0,0,0,0,0,0,1,0,,2nd-line+ · squamous · measurable (RECIST)
NCT07743723,A Study of IOV-5001 in Adults With Advanced Solid Tumors,PHASE1;PHASE2,Phase 2,NOT_YET_RECRUITING,106,"Iovance Biotherapeutics, Inc.",Iovance Biotherapeutics,15,1,0,multi_experimental,5,iov-5001,iov-5001,,,ALK;ER;HER2;MMR;MSI;MSI-H;PD-L1;PR;ROS1;dMMR;genomic,0,1,0,1,1,0,0,1,0,0,1,"ALK+, ROS1+, PD-L1+",metastatic · adenoca.
NCT07744256,Adaptive Phase 1/2 Study of Dual-Target CAR-NK Cells in Relapsed/Refractory Small Cell Lung Cancer (SCLC),PHASE1;PHASE2,Phase 2,RECRUITING,60,Beijing Biotech,Beijing Biotech,30,1,0,multi_experimental,3,eb-dart-nk01;lymphodepleting,eb-dart-nk01;lymphodepleting,,Cell Therapy,,1,1,0,0,0,0,0,0,0,1,0,,metastatic · 2nd-line+ · small-cell · measurable (RECIST)
NCT07746388,Adaptive Chemotherapy for Pd-l1 High REsEctablE NSCLC: A Chemo-PHREE Trial,PHASE2,Phase 2,NOT_YET_RECRUITING,30,"University of Maryland, Baltimore","University of Maryland, Baltimore",20,0,1,single_arm,1,cemiplimab,cemiplimab,PD-1,Monoclonal Antibody,ALK;EGFR;HER2;NTRK;PD-L1;RET;ROS1;biomarker,1,1,1,1,1,0,1,1,0,0,1,"EGFRm, ALK+, ROS1+, MET+, PD-L1+",metastatic · squamous
NCT07752875,A Study of LG00313112 in Participants With Advanced Solid Malignancies Harboring a TP53 Y220C Mutation,PHASE1;PHASE2,Phase 2,NOT_YET_RECRUITING,250,LG Chem,LG Chem,2,1,0,single_arm,1,lg00313112,lg00313112,,,,0,1,0,0,0,0,0,0,0,1,0,,metastatic · 2nd-line+ · measurable (RECIST)
NCT07754123,Phase III Study of HS-10504 Versus Platinum-Based Doublet Chemotherapy in Patients With C797S+ NSCLC,PHASE3,Phase 3,NOT_YET_RECRUITING,206,"Jiangsu Hansoh Pharmaceutical Co., Ltd.",Hansoh,82,1,0,active_comparator,2,platinum-based doublet chemotherapy (pemetrexed and cisplatin/carboplatin),hs-10504,EGFR,,ALK;HER2;KRAS;MET;RET;ROS1,0,1,0,1,1,0,1,0,0,0,1,"ALK+, ROS1+, MET+",metastatic · measurable (RECIST)
NCT07755397,"First in Human Multicenter Open Name Dose-increase, Consolidation Method to Study Safety Drug-level in Blood & Drug Metabolism Clinical Activity of Oral JBI-778 in Lung Cancer Patients With, Without Brain Metastasis IDH Mutated WHO Grade 3,4 Recurrent Glioma, Salivary Glands Tumor",PHASE1,Phase 1,RECRUITING,30,Jubilant Therapeutics India Limited,Jubilant Therapeutics India,1,1,0,single_arm,1,jbi-778,jbi-778,EGFR,Small Molecule,,0,1,1,0,0,0,0,0,0,1,1,EGFRm,metastatic · 2nd-line+ · small-cell · measurable (RECIST)
NCT07756645,A Study to Assess Intravenous ABBV-1480 Combined With Chemotherapy Versus Pembrolizumab Combined With Chemotherapy for the First Line Treatment of Locally Advanced/Metastatic Non-Small Cell Lung Cancer in Adult Participants,PHASE3,Phase 3,NOT_YET_RECRUITING,940,AbbVie,AbbVie,274,1,1,multi_experimental,2,carboplatin;nab- paclitaxel;paclitaxel,abbv-1480;carboplatin;nab- paclitaxel;paclitaxel;pembrolizumab,PD-1,,ALK;BRAF;MET;NTRK;RET;ROS1;genomic,0,1,0,0,1,0,0,0,1,0,1,ROS1+,metastatic · 1st-line · measurable (RECIST)
NCT07777822,Study of Pembrolizumab + Pemetrexed + Platinum Chemotherapy With or Without Zoldonrasib as First Line Treatment in Metastatic Non-squamous RAS G12D-Mutated NSCLC,PHASE3,Phase 3,RECRUITING,430,"Revolution Medicines, Inc.",Revolution Medicines,19,1,0,placebo_comparator,2,pembrolizumab;pemetrexed + cisplatin /carboplatin,pembrolizumab;pemetrexed + cisplatin /carboplatin;zoldonrasib,PD-1,Monoclonal Antibody,PD-L1,1,1,0,0,0,0,0,1,1,0,1,PD-L1+,metastatic · 1st-line · squamous · measurable (RECIST)
NCT07778316,Phase 3 Trial of Tarlatamab (SC vs IV) in Extensive-Stage Small Cell Lung Cancer After Platinum Based First-line Chemotherapy (ES-SCLC),PHASE3,Phase 3,RECRUITING,400,Amgen,Amgen,323,1,1,active_comparator,2,tarlatamab,tarlatamab,DLL3,Bispecific Antibody,DLL3,1,1,0,0,0,0,0,0,0,0,0,,metastatic · small-cell · measurable (RECIST) · ECOG 0
NCT07781852,Evaluation of the Distribution of 64Cu/68Ga Labeled CM500 in Healthy Volunteers and Patients With Cancer,EARLY_PHASE1,Phase 1,NOT_YET_RECRUITING,40,Lumina Pharmaceuticals Inc,Lumina Pharmaceuticals,1,1,0,active_comparator,4,[64cu]cm500;[68ga]cm500;blood collection;device: pet/ct;device: pet/mr,[64cu]cm500;[68ga]cm500;blood collection;device: pet/ct;device: pet/mr,,Peptide,,0,1,0,0,0,0,0,0,0,0,0,,metastatic
NCT07782359,Impact of Using a GLP1 on Treatment Related Side Effects of Lung Cancer Patients Receiving Lorlatinib,PHASE1,Phase 1,NOT_YET_RECRUITING,30,University of Chicago,University of Chicago,47,0,1,single_arm,1,tirzepatide,tirzepatide,ALK,,ALK,0,1,0,1,0,0,0,0,1,0,1,ALK+,advanced · 1st-line
NCT07784959,Study of NXP900 With Lorlatinib in ALK+ Lung Cancer,PHASE1,Phase 1,RECRUITING,54,"Nuvectis Pharma, Inc.",Nuvectis Pharma,4,1,0,single_arm,1,lorlatinib;nxp900,lorlatinib;nxp900,EGFR,Small Molecule,ALK;EGFR;HER2;MET,0,1,1,1,0,0,0,0,0,1,1,"EGFRm, ALK+",metastatic · 2nd-line+
NCT07796100,A Study of ZL-1310 in Combination With a Checkpoint Inhibitor Versus Standard of Care Platinum Based Chemotherapy With a Checkpoint Inhibitor as First-line Therapy in Participants With Extensive-Stage Small Cell Lung Cancer,PHASE3,Phase 3,NOT_YET_RECRUITING,530,"Zai Lab (Shanghai) Co., Ltd.",Zai Lab,22,1,0,active_comparator,2,carboplatin/etoposide in combination with atezolizumab followed by maintenance atezolizumab with lurbinectedin;carboplatin/etoposide or cistplatin/etoposide in combination with durvalumab induction followed by durvalumab maintenance,zl-1310 in combination with atezolizumab or durvalumab,PD-L1,ADC,,1,1,0,0,0,0,0,0,1,0,0,,metastatic · 1st-line
NCT07798414,Randomized Clinical Trial of the Application of TrachPhone HME and the Impact on Patient Satisfaction for Tracheostomized Head and Neck Cancer Patients,PHASE1;PHASE2,Phase 2,NOT_YET_RECRUITING,80,University of South Florida,University of South Florida,1,0,0,active_comparator,2,device: trach collar,device: trachphone heat moisture exchange,,,,0,1,0,0,0,0,0,0,0,0,0,,
NCT07798947,A Phase II Clinical Study of SHR-7787 Injection Combined With SHR-1316 Injection in Patients With LS-SCLC,PHASE2,Phase 2,NOT_YET_RECRUITING,120,"Shanghai Hengrui Pharmaceutical Co., Ltd.",Hengrui,312,1,0,multi_experimental,2,shr-1316;shr-7787 injection,shr-1316;shr-7787 injection,,,,0,1,0,0,0,0,0,0,0,0,0,,unresectable · small-cell
NCT07801508,A Study of [68Ga]Ga-DWJ155 in Adult Patients With Solid Tumors,PHASE1,Phase 1,RECRUITING,66,Novartis Pharmaceuticals,Novartis,836,1,1,single_arm,1,diagnostic test: [68ga]ga-dwj155,diagnostic test: [68ga]ga-dwj155,HER2,Radiopharmaceutical,HER2,0,1,0,0,0,0,0,0,1,0,0,,1st-line · adenoca. · measurable (RECIST)
NCT07802821,A Study Comparing QLC5508 in Combination With QL2107 Versus Tislelizumab Plus Platinum-based Chemotherapy in Participants Wih Treatment-naïve Extensive-Stage Small Cell Lung Cancer,PHASE3,Phase 3,NOT_YET_RECRUITING,556,"Qilu Pharmaceutical Co., Ltd.",Qilu Pharmaceutical,108,1,0,active_comparator,2,carboplatin;cisplatin;etoposide;tislelizumab,ql2107;qlc5508,PD-1,Cell Therapy,,1,1,0,0,0,0,0,0,0,0,0,,metastatic · small-cell · measurable (RECIST)
NCT07802834,Adjuvant ctDNA-Adapted Treatment With Zipalertinib in Early-Stage Atypical EGFR-Mutant NSCLC,PHASE2,Phase 2,NOT_YET_RECRUITING,42,Stanford University,Stanford University,58,0,0,multi_experimental,2,zipalertinib,zipalertinib,EGFR,Small Molecule,EGFR;PD-L1;Uncommon/Compound,0,1,1,0,0,0,0,1,0,0,1,"EGFRm, PD-L1+",recurrent · squamous
NCT07806500,Phase Ib Study of Oral R01 Monotherapy in Advanced Solid Tumors,PHASE1,Phase 1,NOT_YET_RECRUITING,18,"Beijing Anjianxi Bio-Medical Technology Co., Ltd.",Beijing Anjianxi Bio-Medical Technology,1,1,0,single_arm,1,r01,r01,,Cell Therapy,,1,1,0,0,0,0,0,0,0,1,0,,metastatic · 2nd-line+ · squamous · measurable (RECIST)
NCT07806773,Study of TUB-040 in Participants With Unresectable or Metastatic Nonsquamous Non-small Cell Lung Cancer,PHASE2,Phase 2,NOT_YET_RECRUITING,80,Tubulis GmbH,Tubulis,5,1,0,multi_experimental,2,tub-040,tub-040,NaPi2b,ADC,NAPI2B,1,1,0,0,0,0,0,0,0,0,0,,metastatic · adenoca. · measurable (RECIST)
NCT07807345,Phase 1 Study of STRO-006 in Adults With Refractory Solid Tumors That Are Recurrent or Metastatic,PHASE1,Phase 1,NOT_YET_RECRUITING,285,"Sutro Biopharma, Inc.",Sutro Biopharma,8,1,0,multi_experimental,3,stro-006,pembrolizumab;stro-006,PD-1,,HER2,0,1,0,0,0,0,0,0,0,1,0,,metastatic · 2nd-line+ · adenoca. · measurable (RECIST)
NCT07807956,"A Study to Assess Adverse Events, Change in Disease Activity and How Intravenous ABBV-253 Moves Through the Body in Adult Participants With Advanced Solid Tumors",PHASE1,Phase 1,NOT_YET_RECRUITING,130,AbbVie,AbbVie,274,1,1,multi_experimental,4,abbv-253,abbv-253,,,,0,1,0,0,0,0,0,0,0,0,0,,metastatic · adenoca. · measurable (RECIST)
NCT07808138,RADICAL-IO: thRee Cycles of immunotherApy Without raDical Therapy In mediCALly InOperable Stage I Non-small Cell Lung Cancer,PHASE2,Phase 2,NOT_YET_RECRUITING,30,The Netherlands Cancer Institute,The Netherlands Cancer Institute,72,0,1,active_comparator,1,cemiplimab,,PD-1,Monoclonal Antibody,ALK;BRAF;HER2;KRAS;PD-L1;RET;ROS1,1,0,0,0,1,0,0,1,1,0,1,"ROS1+, PD-L1+",1st-line · measurable (RECIST)
NCT07814248,"A Phase 1, First-in-Human (FIH), Open-Label, Dose-Escalation and Dose Expansion Study of the Peptide Drug Conjugate (PDC), TS-104, as a Monotherapy in Subjects With Select Advanced Solid Tumors",PHASE1,Phase 1,NOT_YET_RECRUITING,74,"TwoStep Therapeutics, Inc.",TwoStep Therapeutics,1,1,0,multi_experimental,3,ts-104,ts-104,,ADC,MET,1,1,0,0,0,0,0,0,0,0,0,,metastatic · squamous · measurable (RECIST)
NCT07815223,A Phase II Study of Tislelizumab Plus Anlotinib Consolidation After Chemoradiotherapy in LS-SCLC,PHASE2,Phase 2,RECRUITING,20,Yantai Yuhuangding Hospital,Yantai Yuhuangding Hospital,3,0,1,single_arm,1,tislelizumab + anlotinib,tislelizumab + anlotinib,PD-1,Monoclonal Antibody,,1,1,0,0,0,0,0,0,0,0,0,,squamous · measurable (RECIST)
NCT07816380,A Phase III Study to Evaluate the Efficacy and Safety of JYP0322 in Previously Untreated ROS1-Positive Locally Advanced or Metastatic Non-Small Cell Lung Cancer,PHASE3,Phase 3,NOT_YET_RECRUITING,216,"Guangzhou JOYO Pharma Co., Ltd",Guangzhou JOYO Pharma,4,1,0,active_comparator,2,crizotinib capsules,jyp0322 tablets,MET,,ROS1,0,1,0,0,1,0,0,0,0,1,1,ROS1+,metastatic · 2nd-line+ · small-cell · measurable (RECIST)
