nct_id,brief_title,phase,phase_simple,overall_status,enrollment,lead_sponsor,company,sponsor_scale,is_industry,is_big_pharma,arm_structure,n_arms,comparator_B,experimental_A,targets,modalities,biomarkers_pipeline,tme_relevant,is_combination,BRCA/HRD,platinum_status,PD-L1,first_line,later_line,biomarker_selected,biomarker_detail,elig_summary
NCT01081951,"Study to Compare the Efficacy and Safety of Olaparib When Given in Combination With Carboplatin and Paclitaxel, Compared With Carboplatin and Paclitaxel in Patients With Advanced Ovarian Cancer",PHASE2,Phase 2,ACTIVE_NOT_RECRUITING,162,AstraZeneca,AstraZeneca,780,1,1,active_comparator,2,carboplatin;paclitaxel,drug: carboplatin;olaparib;paclitaxel,PARP,Small Molecule,BRCA1;BRCA2,0,1,0,0,0,0,0,0,,
NCT01366144,"Veliparib, Paclitaxel, and Carboplatin in Treating Patients With Solid Tumors That Are Metastatic or Cannot Be Removed by Surgery and Liver or Kidney Dysfunction",PHASE1,Phase 1,ACTIVE_NOT_RECRUITING,94,National Cancer Institute (NCI),National Cancer Institute (NCI),18,0,0,single_arm,1,carboplatin;laboratory biomarker analysis;paclitaxel;pharmacological study;veliparib,carboplatin;laboratory biomarker analysis;paclitaxel;pharmacological study;veliparib,PARP,Small Molecule,BRCA1;BRCA2,0,1,0,0,0,0,0,0,,metastatic
NCT01844986,Olaparib Maintenance Monotherapy in Patients With BRCA Mutated Ovarian Cancer Following First Line Platinum Based Chemotherapy.,PHASE3,Phase 3,ACTIVE_NOT_RECRUITING,450,AstraZeneca,AstraZeneca,780,1,1,placebo_comparator,2,olaparib,olaparib,PARP,Small Molecule,BRCA1;BRCA2;MET,0,1,1,0,0,1,0,1,BRCA/HRD+,metastatic · 1st-line · adenoca.
NCT01874353,Olaparib Treatment in BRCA Mutated Ovarian Cancer Patients After Complete or Partial Response to Platinum Chemotherapy,PHASE3,Phase 3,ACTIVE_NOT_RECRUITING,327,AstraZeneca,AstraZeneca,780,1,1,placebo_comparator,2,placebo to match olaparib,olaparib,PARP,Small Molecule,BRCA1;BRCA2,0,1,1,1,0,0,1,1,"BRCA/HRD+, platinum-status",2nd-line+
NCT02346747,A Trial of Vigil for Participants With Ovarian Cancer,PHASE2,Phase 2,ACTIVE_NOT_RECRUITING,92,"Gradalis, Inc.",Gradalis,14,1,0,active_comparator,2,vigil,,furin,Vaccine,,1,0,0,0,0,0,0,0,,metastatic · adenoca.
NCT02446600,"Testing the Use of A Single Drug (Olaparib) or the Combination of Two Drugs (Cediranib and Olaparib) Compared to the Usual Chemotherapy for Women With Platinum Sensitive Ovarian, Fallopian Tube, or Primary Peritoneal Cancer",PHASE3,Phase 3,ACTIVE_NOT_RECRUITING,579,National Cancer Institute (NCI),National Cancer Institute (NCI),18,0,1,active_comparator,3,carboplatin;computed tomography;echocardiography test;gemcitabine;gemcitabine hydrochloride;laboratory biomarker analysis;magnetic resonance imaging;multigated acquisition scan;paclitaxel;pegylated liposomal doxorubicin hydrochloride;quality-of-life assessment,biospecimen collection;cediranib maleate;computed tomography;echocardiography test;laboratory biomarker analysis;magnetic resonance imaging;multigated acquisition scan;olaparib;pharmacological study;quality-of-life assessment,PARP,Small Molecule,BRCA1;BRCA2,0,1,1,1,0,1,0,1,"BRCA/HRD+, platinum-status",metastatic · 1st-line · squamous · measurable (RECIST)
NCT02568267,"Basket Study of Entrectinib (RXDX-101) for the Treatment of Patients With Solid Tumors Harboring NTRK 1/2/3 (Trk A/B/C), ROS1, or ALK Gene Rearrangements (Fusions)",PHASE2,Phase 2,ACTIVE_NOT_RECRUITING,534,Hoffmann-La Roche,Roche/Genentech,922,1,1,multi_experimental,9,entrectinib,entrectinib,ROS1,Small Molecule,ALK;NTRK;ROS1,0,1,0,0,0,0,0,0,,metastatic
NCT02644369,Study of the Effects of Pembrolizumab in Patients With Advanced Solid Tumors,PHASE2,Phase 2,ACTIVE_NOT_RECRUITING,100,"University Health Network, Toronto","University Health Network, Toronto",91,0,1,single_arm,1,pembrolizumab,pembrolizumab,PD-1,Monoclonal Antibody,PD-L1;biomarker,1,1,0,0,1,0,0,1,PD-L1+,metastatic · squamous · measurable (RECIST)
NCT02655016,A Study of Niraparib (GSK3985771) Maintenance Treatment in Participants With Advanced Ovarian Cancer Following Response on Front-Line Platinum-Based Chemotherapy,PHASE3,Phase 3,ACTIVE_NOT_RECRUITING,733,"Tesaro, Inc.",Tesaro,26,1,0,placebo_comparator,2,,niraparib,PARP,Small Molecule,BRCA1;BRCA2;HRD;PR,0,0,1,0,0,0,0,1,BRCA/HRD+,stage IV
NCT02734004,A Phase I/II Study of MEDI4736 in Combination With Olaparib in Patients With Advanced Solid Tumors.,PHASE1;PHASE2,Phase 2,ACTIVE_NOT_RECRUITING,264,AstraZeneca,AstraZeneca,780,1,1,multi_experimental,3,medi4736;olaparib,bevacizumab;medi4736;olaparib,PARP,Small Molecule,BRCA1;BRCA2;ER;HER2;PD-L1;PR,0,1,0,1,1,0,1,1,"platinum-status, PD-L1+",metastatic · 2nd-line+ · adenoca. · measurable (RECIST)
NCT02869217,Study of TBI-1301 (NY-ESO-1 Specific TCR Gene Transduced Autologous T Lymphocytes) in Patients With Solid Tumors,PHASE1,Phase 1,ACTIVE_NOT_RECRUITING,22,"University Health Network, Toronto","University Health Network, Toronto",91,0,0,multi_experimental,2,cyclophosphamide;fludarabine;tbi-1301,cyclophosphamide;fludarabine;tbi-1301,NY-ESO-1,Cell Therapy,HLA-A*02:01;HLA-A*02:06;MET;NY-ESO-1,1,1,0,0,0,0,0,0,,metastatic · ductal · measurable (RECIST)
NCT02873962,A Phase II Study Of Nivolumab/ Bevacizumab/Rucaparib,PHASE2,Phase 2,ACTIVE_NOT_RECRUITING,72,Dana-Farber Cancer Institute,Dana-Farber Cancer Institute,326,0,1,multi_experimental,3,bevacizumab;nivolumab,bevacizumab;nivolumab;rucaparib,VEGF/VEGFR,Monoclonal Antibody,MET;PD-L1,1,1,1,1,1,1,1,1,"BRCA/HRD+, platinum-status, PD-L1+",metastatic · 1st-line · squamous · measurable (RECIST)
NCT03029403,"Phase 2 Study of Pembrolizumab, DPX-Survivac Vaccine and Cyclophosphamide in Advanced Ovarian, Primary Peritoneal or Fallopian Tube Cancer",PHASE2,Phase 2,ACTIVE_NOT_RECRUITING,47,"University Health Network, Toronto","University Health Network, Toronto",91,0,1,multi_experimental,4,cyclophosphamide;dpx-survivac;pembrolizumab,cyclophosphamide;dpx-survivac;pembrolizumab,PD-1,Monoclonal Antibody,PD-L1,1,1,0,0,1,0,0,1,PD-L1+,metastatic · measurable (RECIST)
NCT03059173,Interest of Myo-inositol Supplementation in Women With Polycystic Ovarian Syndrome,PHASE3,Phase 3,RECRUITING,276,"University Hospital, Lille","University Hospital, Lille",15,0,0,placebo_comparator,2,clomiphene citrate;dietary supplement: placebo,clomiphene citrate;dietary supplement: myo-inositol + levomefolic acid,,,,0,1,0,0,0,0,0,0,,
NCT03132922,MAGE-A4ᶜ¹º³²T for Multi-Tumor,PHASE1,Phase 1,ACTIVE_NOT_RECRUITING,71,"USWM CT, LLC",USWM CT,8,1,0,multi_experimental,2,,autologous genetically modified mage-a4c1032t cells combined with low dose radiation;autologous genetically modified mage-a4ᶜ¹º³²t cells,MAGE-A4,Cell Therapy,HLA-A2;MAGE-A4,1,1,0,0,0,0,0,0,,metastatic · measurable (RECIST)
NCT03170960,Study of Cabozantinib Alone or in Combination With Atezolizumab to Subjects With Locally Advanced or Metastatic Solid Tumors,PHASE1,Phase 1,ACTIVE_NOT_RECRUITING,914,Exelixis,Exelixis,52,1,0,multi_experimental,25,,atezolizumab;cabozantinib,MET,Small Molecule,PD-L1,0,1,0,0,1,0,0,1,PD-L1+,metastatic · measurable (RECIST)
NCT03319628,First-in-Human Study of XMT-1536 in Cancers Likely to Express NaPi2b,PHASE1;PHASE2,Phase 2,ACTIVE_NOT_RECRUITING,523,Mersana Therapeutics,Mersana Therapeutics,9,1,0,multi_experimental,5,upifitamab rilsodotin,upifitamab rilsodotin,SLC34A2,ADC,NAPI2B;PR,1,1,0,1,0,0,0,1,platinum-status,metastatic · measurable (RECIST)
NCT03355976,BrUOG 354 Nivolumab +/- Ipilimumab for Ovarian and Extra-renal Clear Cell Carcinomas,PHASE2,Phase 2,ACTIVE_NOT_RECRUITING,46,Brown University,Brown University,22,0,1,multi_experimental,4,nivolumab,ipilimumab;nivolumab,PD-1,Monoclonal Antibody,CD30;PD-L1,1,1,0,0,1,0,0,1,PD-L1+,metastatic · measurable (RECIST)
NCT03393884,Study of IMNN-001 (Also Known as GEN-1) With NACT for Treatment of Ovarian Cancer (OVATION 2),PHASE1;PHASE2,Phase 2,ACTIVE_NOT_RECRUITING,130,Imunon,Imunon,14,1,0,active_comparator,2,carboplatin;paclitaxel,carboplatin;imnn-001;paclitaxel,IL-12,mRNA,,0,1,0,0,0,0,0,0,,metastatic · adenoca.
NCT03402841,Multicentre Study of Olaparib Maintenance Monotherapy in Platinum Sensitive Relapsed Non gBRCAm Ovarian Cancer Patients,PHASE3,Phase 3,COMPLETED,279,AstraZeneca,AstraZeneca,780,1,1,single_arm,1,olaparib,olaparib,PARP,Small Molecule,BRCA1;BRCA2;MET,0,1,1,0,0,0,1,1,BRCA/HRD+,metastatic · 2nd-line+ · ductal
NCT03449108,"LN-145 or LN-145-S1 in Treating Patients With Relapsed or Refractory Ovarian Cancer, Triple Negative Breast Cancer (TNBC), Anaplastic Thyroid Cancer, Osteosarcoma, or Other Bone and Soft Tissue Sarcomas",PHASE2,Phase 2,ACTIVE_NOT_RECRUITING,30,M.D. Anderson Cancer Center,M.D. Anderson Cancer Center,697,0,0,multi_experimental,2,aldesleukin;autologous tumor infiltrating lymphocytes ln-145;cyclophosphamide;fludarabine;quality-of-life assessment;questionnaire administration,aldesleukin;autologous tumor infiltrating lymphocytes ln-145;autologous tumor infiltrating lymphocytes ln-145-s1;cyclophosphamide;fludarabine;ipilimumab;nivolumab;quality-of-life assessment;questionnaire administration,,Cell Therapy,ER;HER2;PR,1,1,0,1,0,1,1,1,platinum-status,metastatic · 1st-line · squamous · measurable (RECIST) · ECOG 0
NCT03458221,Signal TrAnsduction Pathway Activity Analysis in OVarian cancER,PHASE2;PHASE3,Phase 3,RECRUITING,148,Gynaecologisch Oncologisch Centrum Zuid,Gynaecologisch Oncologisch Centrum Zuid,1,0,0,multi_experimental,4,,bicalutamide oral product;everolimus oral product;itraconazole oral product;letrozole oral product,AR,Cell Therapy,,1,1,0,1,0,0,0,1,platinum-status,recurrent · measurable (RECIST)
NCT03480776,ASA in Prevention of Ovarian Cancer (STICs and STONEs),PHASE2,Phase 2,ACTIVE_NOT_RECRUITING,117,Canadian Cancer Trials Group,Canadian Cancer Trials Group,48,0,0,active_comparator,2,acetylsalicylic acid,,,,,0,0,0,0,0,0,0,0,,
NCT03519230,Maintenance Treatment With BGB-290 Versus Placebo in Participants With Platinum-sensitive Recurrent Ovarian Cancer,PHASE3,Phase 3,ACTIVE_NOT_RECRUITING,224,BeiGene,BeiGene/BeOne,149,1,1,placebo_comparator,2,placebo capsule,pamiparib capsule,PARP,Small Molecule,BRCA;PR,0,1,0,0,0,0,0,0,,measurable (RECIST)
NCT03522246,A Study in Ovarian Cancer Patients Evaluating Rucaparib and Nivolumab as Maintenance Treatment Following Response to Front-Line Platinum-Based Chemotherapy,PHASE3,Phase 3,ACTIVE_NOT_RECRUITING,1097,pharmaand GmbH,pharmaand,21,1,1,placebo_comparator,5,placebo iv infusion;placebo oral tablet,nivolumab;placebo iv infusion;placebo oral tablet;rucaparib,PARP,Small Molecule,BRCA1;BRCA2;HRD,0,1,0,0,0,1,0,0,,metastatic · 1st-line
NCT03534453,Olaparib Tablets Maintenance Monotherapy Ovarian Cancer Patients After Complete or Partial Response to Platinum Chemotherapy,PHASE3,Phase 3,COMPLETED,229,AstraZeneca,AstraZeneca,780,1,1,single_arm,1,olaparib,olaparib,PARP,Small Molecule,BRCA1;BRCA2;MET,0,1,1,1,0,0,1,1,"BRCA/HRD+, platinum-status",metastatic · 2nd-line+ · ductal · measurable (RECIST)
NCT03564340,Study of REGN4018 (Ubamatamab) Administered Alone or in Combination With Cemiplimab in Adult Patients With Recurrent Ovarian Cancer or Other Recurrent Mucin-16 Expressing (MUC16+) Cancers,PHASE1;PHASE2,Phase 2,RECRUITING,890,Regeneron Pharmaceuticals,Regeneron,95,1,1,multi_experimental,2,ubamatamab,cemiplimab;sarilumab;tocilizumab;ubamatamab,MUC16,Bispecific Antibody,MUC16;PD-L1,1,1,0,1,1,0,0,1,"platinum-status, PD-L1+",metastatic
NCT03602859,A Comparison of Platinum-based Therapy With TSR-042 and Niraparib Versus Standard of Care (SOC) Platinum-based Therapy as First-line Treatment of Stage III or IV Nonmucinous Epithelial Ovarian Cancer,PHASE3,Phase 3,ACTIVE_NOT_RECRUITING,1400,"Tesaro, Inc.",Tesaro,26,1,0,active_comparator,3,dostarlimab-placebo;niraparib;standard of care,dostarlimab (tsr-042);niraparib;standard of care,PARP,Small Molecule,BRCA1;BRCA2;HRD;PD-L1,0,1,1,0,1,0,0,1,"BRCA/HRD+, PD-L1+",metastatic · ductal · ECOG 0
NCT03651206,Recurrent Ovarian CarcinoSarcoma Anti-pd-1 Niraparib,PHASE2;PHASE3,Phase 3,RECRUITING,138,ARCAGY/ GINECO GROUP,ARCAGY/ GINECO GROUP,16,0,0,active_comparator,3,chemotherapy drugs,niraparib;niraparib + tsr-042 (dostarlimab),PARP,Small Molecule,BRCA1;BRCA2;HRD,0,1,0,0,0,0,0,0,,metastatic · measurable (RECIST)
NCT03732950,Pembrolizumab in Treating Participants With Recurrent Ovarian Cancer,PHASE2,Phase 2,ACTIVE_NOT_RECRUITING,5,Jonsson Comprehensive Cancer Center,Jonsson Comprehensive Cancer Center,117,0,1,single_arm,1,pembrolizumab,pembrolizumab,PD-1,Monoclonal Antibody,PD-L1,1,1,0,0,1,0,1,1,PD-L1+,metastatic · 2nd-line+ · squamous · measurable (RECIST)
NCT03734692,Systemic Immune Checkpoint Blockade and Intraperitoneal Chemo-Immunotherapy in Recurrent Ovarian Cancer,PHASE1;PHASE2,Phase 2,ACTIVE_NOT_RECRUITING,24,Robert Edwards,Robert Edwards,1,0,1,single_arm,1,cisplatin;pembrolizumab;rintatolimod,cisplatin;pembrolizumab;rintatolimod,PD-1,Monoclonal Antibody,PD-L1,1,1,0,1,1,0,1,1,"platinum-status, PD-L1+",metastatic · 2nd-line+ · adenoca. · measurable (RECIST)
NCT03737643,"Durvalumab Treatment in Combination With Chemotherapy and Bevacizumab, Followed by Maintenance Durvalumab, Bevacizumab and Olaparib Treatment in Advanced Ovarian Cancer Patients",PHASE3,Phase 3,ACTIVE_NOT_RECRUITING,1407,AstraZeneca,AstraZeneca,780,1,1,active_comparator,4,bevacizumab;carboplatin+paclitaxel;durvalumab placebo;placebo olaparib,bevacizumab;carboplatin+paclitaxel;durvalumab;olaparib;placebo olaparib,VEGF/VEGFR,Monoclonal Antibody,,1,1,1,0,0,0,0,1,BRCA/HRD+,metastatic
NCT03836352,"Study of an Immunotherapeutic, DPX-Survivac, in Combination With Low Dose Cyclophosphamide & Pembrolizumab, in Subjects With Selected Advanced & Recurrent Solid Tumors",PHASE2,Phase 2,ACTIVE_NOT_RECRUITING,184,"ImmunoVaccine Technologies, Inc. (IMV Inc.)","ImmunoVaccine Technologies, Inc. (IMV Inc.)",8,1,1,multi_experimental,2,dpx-survivac;pembrolizumab,cyclophosphamide;dpx-survivac;pembrolizumab,PD-1,Monoclonal Antibody,ALK;EGFR;MSI;PD-L1,1,1,0,0,1,1,0,1,PD-L1+,metastatic · 1st-line · small-cell · measurable (RECIST) · ECOG 0-1
NCT03854110,"A Trial to Evaluate Safety, Tolerability, and Preliminary Efficacy of Misetionamide (GP-2250) as Monotherapy or in Combination With Gemcitabine",PHASE1,Phase 1,RECRUITING,80,Persevere Therapeutics Inc.,Persevere Therapeutics,1,1,0,single_arm,1,misetionamide (also known as gp-2250),misetionamide (also known as gp-2250),,,PR;companion diagnostic,0,1,0,1,0,0,1,1,platinum-status,metastatic · 2nd-line+ · ductal · measurable (RECIST)
NCT03860272,Fc-Engineered Anti-CTLA-4 Monoclonal Antibody in Advanced Cancer,PHASE1,Phase 1,ACTIVE_NOT_RECRUITING,499,Agenus Inc.,Agenus,27,1,0,multi_experimental,3,botensilimab,balstilimab;botensilimab,PD-1,Monoclonal Antibody,PD-L1;genomic,1,1,0,0,0,0,0,0,,metastatic · adenoca. · measurable (RECIST)
NCT03872947,A Study of TRK-950 in Combinations With Anti-Cancer Treatment Regimens in Patients With Advanced Solid Tumors,PHASE1,Phase 1,ACTIVE_NOT_RECRUITING,138,"Toray Industries, Inc",Toray Industries,4,1,0,multi_experimental,15,trk-950,bevacizumab;carboplatin;cisplatin;fluorouracil;gemcitabine;imiquimod cream;irinotecan;leucovorin;nivolumab;paclitaxel;pembrolizumab;pld;ramucirumab;trk-950,PD-1,Monoclonal Antibody,CAPRIN-1;PR,1,1,0,1,0,0,1,1,platinum-status,metastatic · 2nd-line+ · adenoca. · measurable (RECIST)
NCT03875820,Phase I Trial of Defactinib and VS-6766.,PHASE1,Phase 1,ACTIVE_NOT_RECRUITING,87,"Institute of Cancer Research, United Kingdom","Institute of Cancer Research, United Kingdom",24,0,0,multi_experimental,8,defactinib;vs-6766,defactinib;vs-6766,BRAF,Small Molecule,BRAF;KRAS,0,1,0,0,0,0,1,0,,metastatic · 2nd-line+ · small-cell · measurable (RECIST)
NCT03878849,"Investigation of the Anti-tumor Effect of 2X-121 in Patients With Recurrent, Advanced Ovarian Cancer",PHASE2,Phase 2,RECRUITING,40,Allarity Therapeutics,Allarity Therapeutics,7,1,0,multi_experimental,2,2x-121,2x-121,PARP,Small Molecule,DRP®,0,1,1,1,0,0,1,1,"BRCA/HRD+, platinum-status",metastatic · 2nd-line+ · measurable (RECIST) · ECOG 1
NCT03907527,"Modified Immune Cells (Autologous CAR T Cells) in Treating Patients with Advanced, Recurrent Platinum Resistant Ovarian, Fallopian Tube or Primary Peritoneal Cancer",PHASE1,Phase 1,ACTIVE_NOT_RECRUITING,71,"Precigen, Inc",Precigen,4,1,0,multi_experimental,2,prgn-3005 ultracar-t cells,prgn-3005 ultracar-t cells,MUC16,CAR-T,GD2,1,1,1,1,0,0,0,1,"BRCA/HRD+, platinum-status",metastatic · squamous · measurable (RECIST)
NCT03907852,Phase 1/2 Trial of Gavo-cel (TC-210) in Patients With Advanced Mesothelin-Expressing Cancer,PHASE1;PHASE2,Phase 2,ACTIVE_NOT_RECRUITING,57,TCR2 Therapeutics,TCR2 Therapeutics,3,1,1,multi_experimental,3,cyclophosphamide;fludarabine;gavo-cel,cyclophosphamide;fludarabine;gavo-cel;ipilimumab;nivolumab,PD-1,Monoclonal Antibody,CD30,1,1,0,0,0,0,0,0,,metastatic · adenoca.
NCT03917043,APG-2449 in Patients With Advanced Solid Tumors,PHASE1,Phase 1,RECRUITING,165,Ascentage Pharma Group Inc.,Ascentage Pharma,45,1,0,single_arm,1,apg-2449,apg-2449,ALK,Small Molecule,ALK;ROS1,0,1,0,0,0,0,0,0,,metastatic · small-cell · measurable (RECIST)
NCT03949283,Cancer Stem Cell Assay Directed Chemotherapy in Recurrent Platinum Resistant Ovarian Cancer,PHASE3,Phase 3,ACTIVE_NOT_RECRUITING,150,"Cordgenics, LLC",Cordgenics,3,1,0,active_comparator,2,diagnostic test: chemoid assay;standard,diagnostic test: chemoid assay,,,,0,1,0,1,0,0,0,1,platinum-status,metastatic · adenoca. · measurable (RECIST)
NCT03983954,"Naptumomab Estafenatox in Combination With Durvalumab in Subjects With Selected Advanced or Metastatic Solid Tumor, Including a Cohort Expansion in Esophageal Cancer.",PHASE1,Phase 1,ACTIVE_NOT_RECRUITING,120,NeoTX Therapeutics Ltd.,NeoTX Therapeutics,2,1,1,multi_experimental,11,naptumomab estafenatox and durvalumab,naptumomab estafenatox and durvalumab;obinutuzumab,5T4,Monoclonal Antibody,CD20;ER;HER2;PD-L1;biomarker;biomarker analysis,1,1,0,0,1,1,0,1,PD-L1+,metastatic · 1st-line · adenoca. · measurable (RECIST)
NCT04044859,ADP-A2M4CD8 as Monotherapy or in Combination With Either Nivolumab or Pembrolizumab in HLA-A2+ Subjects With MAGE-A4 Positive Tumors (SURPASS),PHASE1,Phase 1,ACTIVE_NOT_RECRUITING,120,"USWM CT, LLC",USWM CT,8,1,0,single_arm,1,autologous genetically modified adp-a2m4cd8 cells alone or in combination with nivolumab every four weeks or pembrolizumab every 6 weeks,autologous genetically modified adp-a2m4cd8 cells alone or in combination with nivolumab every four weeks or pembrolizumab every 6 weeks,MAGE-A4,Cell Therapy,HLA-A2;MAGE-A4,1,1,0,0,0,0,0,0,,metastatic · small-cell · measurable (RECIST)
NCT04104776,A Study of Tulmimetostat DZR123 (CPI-0209) in Patients With Advanced Solid Tumors and Lymphomas,PHASE1;PHASE2,Phase 2,RECRUITING,300,Novartis Pharmaceuticals,Novartis,836,1,1,multi_experimental,10,tulmimetostat,enzalutamide;tulmimetostat,EZH2,Small Molecule,AR;ARID1A;KDM4A;biomarker,0,1,0,0,0,0,1,0,,metastatic · 2nd-line+ · measurable (RECIST)
NCT04111978,MAintenance Therapy With Aromatase Inhibitor in Epithelial Ovarian Cancer (MATAO),PHASE3,Phase 3,RECRUITING,540,Swiss GO Trial Group,Swiss GO Trial Group,1,0,1,placebo_comparator,2,,letrozole 2.,CYP19A1,Small Molecule,ER;PR,0,0,0,0,0,0,0,0,,neoadjuvant
NCT04140526,"Safety, PK and Efficacy of ONC-392 in Monotherapy and in Combination of Anti-PD-1 in Advanced Solid Tumors and NSCLC",PHASE1;PHASE2,Phase 2,ACTIVE_NOT_RECRUITING,733,"OncoC4, Inc.",OncoC4,10,1,0,multi_experimental,3,onc-392,docetaxel;onc-392;pembrolizumab,PD-1,Monoclonal Antibody,PD-L1,1,1,0,0,0,0,0,0,,metastatic · small-cell · measurable (RECIST)
NCT04152499,"Phase I-II, FIH, TROP2 ADC, Advanced Unresectable/Metastatic Solid Tumors, Refractory to Standard Therapies (KL264-01)",PHASE1;PHASE2,Phase 2,ACTIVE_NOT_RECRUITING,1410,Klus Pharma Inc.,Klus Pharma,4,1,0,multi_experimental,11,skb264,skb264,TROP2,ADC,ER;HER2;PR;TROP2,1,1,0,0,0,0,1,0,,metastatic · 2nd-line+ · adenoca. · measurable (RECIST)
NCT04169997,A Study of IMP4297 as Maintenance Treatment Following First-line Chemotherapy in Patients With Advanced Ovarian Cancer,PHASE3,Phase 3,ACTIVE_NOT_RECRUITING,404,"Impact Therapeutics, Inc.",Impact Therapeutics,15,1,0,placebo_comparator,2,placebos,imp4927,PARP,Small Molecule,BRCA1;BRCA2;HRR;MET,0,1,1,0,0,1,0,1,BRCA/HRD+,metastatic · 1st-line · ductal
NCT04180371,Study BT5528-100 in Patients With Advanced Solid Tumors Associated With EphA2 Expression,PHASE1;PHASE2,Phase 2,ACTIVE_NOT_RECRUITING,288,BicycleTx Limited,BicycleTx,8,1,0,multi_experimental,3,bt5528,bt5528;nivolumab,EphA2,Monoclonal Antibody,EPHA2;biomarker,1,1,0,0,0,0,0,0,,metastatic · squamous · measurable (RECIST)
NCT04196257,BP1001-A in Patients With Advanced or Recurrent Solid Tumors,PHASE1,Phase 1,RECRUITING,50,"Bio-Path Holdings, Inc.",Bio-Path,6,1,0,multi_experimental,2,,bp1001-a (liposomal grb2 antisense oligonucleotide);bp1001-a (liposomal grb2 antisense oligonucleotide) with paclitaxel,GRB2,,,0,1,0,0,0,0,1,0,,metastatic · 2nd-line+ · adenoca. · measurable (RECIST)
NCT04205227,ENB003 Plus Pembrolizumab Phase 1b/2a in Solid Tumors,PHASE1;PHASE2,Phase 2,ACTIVE_NOT_RECRUITING,137,"ENB Therapeutics, Inc",ENB Therapeutics,1,1,1,multi_experimental,7,enb003;pembrolizumab,enb003;pembrolizumab,PD-1,Monoclonal Antibody,MET;MSI;MSI-H;PD-L1;biomarker;biomarker analysis;dMMR,1,1,0,1,1,1,1,1,"platinum-status, PD-L1+",metastatic · 1st-line · adenoca. · measurable (RECIST)
NCT04274426,"Mirvetuximab Soravtansine (IMGN853), in Folate Receptor Alpha (FRα) High Recurrent Ovarian Cancer",PHASE2,Phase 2,ACTIVE_NOT_RECRUITING,136,AGO Research GmbH,AGO Research,7,1,0,active_comparator,2,carboplatin;gemcitabine;paclitaxel;pegylated liposomal doxorubicin (pld),carboplatin;mirvetuximab soravtansine,,Small Molecule,CDX;FOLR1,0,1,1,0,0,0,1,1,BRCA/HRD+,metastatic · 2nd-line+ · measurable (RECIST)
NCT04282044,Study of CRX100 as Monotherapy and in Combination With Pembrolizumab in Patients With Advanced Solid Malignancies,PHASE1,Phase 1,RECRUITING,60,BioEclipse Therapeutics,BioEclipse Therapeutics,1,1,0,multi_experimental,2,crx100 suspension for infusion;cyclophosphamide;fludarabine,crx100 suspension for infusion;cyclophosphamide;fludarabine,PD-1,,ER;HER2;PR,0,1,0,0,0,0,1,0,,metastatic · 2nd-line+ · adenoca. · measurable (RECIST)
NCT04383119,Trial in Patients With Metastatic or Locally Advanced Leiomyosarcoma,PHASE2,Phase 2,RECRUITING,100,Italian Sarcoma Group,Italian Sarcoma Group,7,0,0,active_comparator,3,gemcitabine;no intervention: observational cohort,trabectedin,EZH2,Small Molecule,DDX4,0,1,0,0,0,0,0,0,,metastatic · measurable (RECIST)
NCT04389632,A Study of Sigvotatug Vedotin in Advanced Solid Tumors,PHASE1,Phase 1,RECRUITING,1006,"Seagen, a wholly owned subsidiary of Pfizer",Pfizer,687,1,1,multi_experimental,5,sigvotatug vedotin,carboplatin;cisplatin;pembrolizumab;sigvotatug vedotin,PD-1,Monoclonal Antibody,HER2;PD-L1,1,1,0,0,0,1,1,0,,metastatic · 1st-line · adenoca. · measurable (RECIST)
NCT04421963,Roll Over StudY for Patients Who Have Completed a Previous Oncology Study With Olaparib,PHASE3,Phase 3,ACTIVE_NOT_RECRUITING,185,AstraZeneca,AstraZeneca,780,1,1,single_arm,1,olaparib,olaparib,PARP,Small Molecule,BRCA1;BRCA2;MET,0,1,0,0,0,0,0,0,,
NCT04429542,Study of Safety and Tolerability of BCA101 Monotherapy and in Combination Therapy in Patients With EGFR-driven Advanced Solid Tumors,PHASE1,Phase 1,RECRUITING,292,Bicara Therapeutics,Bicara,3,1,1,multi_experimental,2,bca101,bca101;pembrolizumab,EGFR,Bispecific Antibody,EGFR;PD-L1;biomarker;biomarker analysis,1,1,0,0,1,0,0,1,PD-L1+,metastatic · squamous · measurable (RECIST)
NCT04469764,Abemaciclib for the Treatment of Recurrent Ovarian or Endometrial Cancer,PHASE2,Phase 2,RECRUITING,32,Jonsson Comprehensive Cancer Center,Jonsson Comprehensive Cancer Center,117,0,1,single_arm,1,abemaciclib;anastrozole;letrozole,abemaciclib;anastrozole;letrozole,ER,Small Molecule,ER;HER2;genomic,0,1,0,0,0,0,0,0,,metastatic · squamous
NCT04498117,Oregovomab Plus Chemo in Newly Diagnosed Patients With Advanced Epithelial Ovarian Cancer Following Optimal Debulking Surgery,PHASE3,Phase 3,ACTIVE_NOT_RECRUITING,615,CanariaBio Inc.,CanariaBio,5,1,0,placebo_comparator,4,carboplatin;paclitaxel,carboplatin;oregovomab;paclitaxel,CA125,Monoclonal Antibody,MET;MUC1,1,1,1,0,0,0,0,1,BRCA/HRD+,metastatic · adenoca.
NCT04502602,Niraparib and Neratinib in Advanced Solid Tumors With Expansion Cohort in Advanced Ovarian Cancer,PHASE1,Phase 1,ACTIVE_NOT_RECRUITING,18,Virginia Commonwealth University,Virginia Commonwealth University,13,0,1,multi_experimental,6,,neratinib;neratinib at rp2d;niraparib;niraparib at rp2d,HER2,Small Molecule,HER2,0,1,1,1,0,0,0,1,"BRCA/HRD+, platinum-status",metastatic · measurable (RECIST)
NCT04503265,A Trial of AMXI-5001 for Treatment in Patients With Advanced Malignancies,PHASE1;PHASE2,Phase 2,RECRUITING,122,"AtlasMedx, Incorporated",AtlasMedx,1,1,0,single_arm,1,amxi-5001:dose escalation phase i;amxi-5001:dose expansion phase ii,amxi-5001:dose escalation phase i;amxi-5001:dose expansion phase ii,,,,0,1,0,0,0,0,1,0,,metastatic · 2nd-line+ · ECOG 0-1
NCT04511871,A Phase I Trial of CCT303-406 in Patients With Relapsed or Refractory HER2 Positive Solid Tumors,PHASE1,Phase 1,ACTIVE_NOT_RECRUITING,12,"Shanghai PerHum Therapeutics Co., Ltd.",Shanghai PerHum Therapeutics,4,1,0,single_arm,1,cct303-406,cct303-406,HER2,CAR-T,HER2,1,1,0,0,0,0,1,0,,metastatic · 2nd-line+ · squamous · measurable (RECIST)
NCT04516447,A Study of Azenosertib (ZN-c3) in Patients With Ovarian Cancer,PHASE1,Phase 1,RECRUITING,172,"K-Group, Beta, Inc., a wholly owned subsidiary of Zentalis Pharmaceuticals, Inc","K-Group, Beta, Inc., a wholly owned subsidiary of Zentalis Pharmaceuticals",8,1,0,multi_experimental,5,azenosertib,azenosertib;bevacizumab;carboplatin;gemcitabine;paclitaxel;pegylated liposomal doxorubicin,WEE1,Small Molecule,Cyclin E1;TP53;cfDNA,0,1,0,1,0,1,1,1,platinum-status,metastatic · 1st-line · adenoca.
NCT04520139,Effect of NAC on Preventing Chemo-Related Cognitive Impairments in Ovarian Ca Pts Treated W/ PBT,PHASE1;PHASE2,Phase 2,RECRUITING,102,"University of California, Irvine","University of California, Irvine",22,0,0,multi_experimental,2,n-acetyl-cysteine,n-acetyl-cysteine,,,,0,1,0,0,0,0,0,0,,metastatic · ECOG 2
NCT04553133,PF-07104091 as a Single Agent and in Combination Therapy,PHASE2,Phase 2,ACTIVE_NOT_RECRUITING,157,Pfizer,Pfizer,687,1,1,multi_experimental,7,,pf-0704091 + fulvestrant (post cdk4/6);pf-07104091 + fulvestrant (post cdk4/6);pf-07104091 + palbociclib + fulvestrant;pf-07104091 + palbociclib + letrozole;pf-07104091 monotherapy dose escalation;pf-07104091 monotherapy dose expansion (ovarian);pf-07104091 monotherapy dose expansion (sclc),CDK2,Small Molecule,HER2;ctDNA,0,1,0,1,0,0,1,1,platinum-status,metastatic · 2nd-line+ · measurable (RECIST)
NCT04561362,Study BT8009-100 in Subjects With Nectin-4 Expressing Advanced Malignancies,PHASE1;PHASE2,Phase 2,ACTIVE_NOT_RECRUITING,329,BicycleTx Limited,BicycleTx,8,1,0,multi_experimental,13,bt8009,bt8009;pembrolizumab,NECTIN4,Monoclonal Antibody,ALK;BRAF;ER;HER2;KRAS;MET;NECTIN-4;PR;ROS1,1,1,0,0,0,0,1,0,,metastatic · 2nd-line+ · squamous · measurable (RECIST)
NCT04575961,Study of Pembrolizumab Combination With Chemotherapy in Platinum-sensitive Recurrent Low-grade Serous Ovarian Cancer,PHASE2,Phase 2,ACTIVE_NOT_RECRUITING,33,North Eastern German Society of Gynaecological Oncology,North Eastern German Society of Gynaecological Oncology,4,0,1,single_arm,1,pembrolizumab,,PD-1,Monoclonal Antibody,PD-L1,1,0,0,1,1,1,1,1,"platinum-status, PD-L1+",metastatic · 1st-line · squamous
NCT04585750,The Evaluation of PC14586 in Patients With Advanced Solid Tumors Harboring a TP53 Y220C Mutation (PYNNACLE),PHASE1;PHASE2,Phase 2,RECRUITING,300,"PMV Pharmaceuticals, Inc",PMV Pharmaceuticals,2,1,1,multi_experimental,9,rezatapopt,pembrolizumab;rezatapopt,PD-1,Monoclonal Antibody,KRAS;PD-L1,1,1,0,0,1,0,1,1,PD-L1+,metastatic · 2nd-line+ · measurable (RECIST) · ECOG 0
NCT04590326,"A Study to Find Out How Safe REGN5668 is and How Well it Works In Adult Women When Given With Either Cemiplimab, or Cemiplimab + Fianlimab, or Ubamatamab",PHASE1;PHASE2,Phase 2,RECRUITING,612,Regeneron Pharmaceuticals,Regeneron,95,1,1,multi_experimental,2,regn5668,cemiplimab;cemiplimab + fianlimab [fixed dose combination (fdc)];regn5668;sarilumab;ubamatamab,MUC16,Bispecific Antibody,MUC16,1,1,0,0,0,0,0,0,,metastatic · measurable (RECIST)
NCT04602377,Addition of Pembrolizumab to the Standard of Care Chemotherapy in Patient With SCCOHT,PHASE2,Phase 2,RECRUITING,27,ARCAGY/ GINECO GROUP,ARCAGY/ GINECO GROUP,16,0,1,single_arm,1,pembrolizumab,pembrolizumab,PD-1,Monoclonal Antibody,PD-L1,1,1,0,0,1,1,0,1,PD-L1+,1st-line · squamous
NCT04606914,"Study of Carboplatin and Mirvetuximab Soravtansine in First-Line Treatment of Patients Receiving Neoadjuvant Chemotherapy With Advanced-Stage Ovarian, Fallopian Tube or Primary Peritoneal Cancer",PHASE2,Phase 2,RECRUITING,70,University of Alabama at Birmingham,University of Alabama at Birmingham,65,0,1,multi_experimental,2,mirvetuximab soravtansine (mirv; imgn853),mirvetuximab soravtansine (mirv; imgn853),VEGF/VEGFR,ADC,,1,1,0,0,0,0,0,0,,metastatic · squamous
NCT04625270,A Study of Avutometinib (VS-6766) v. Avutometinib (VS-6766) + Defactinib in Recurrent Low-Grade Serous Ovarian Cancer With and Without a KRAS Mutation,PHASE2,Phase 2,ACTIVE_NOT_RECRUITING,225,"Verastem, Inc.",Verastem,25,1,0,multi_experimental,4,avutometinib (vs-6766) and defactinib,avutometinib (vs-6766);avutometinib (vs-6766) and defactinib,BRAF,Small Molecule,BRAF-MT;KRAS-MT,0,1,0,0,0,0,0,0,,metastatic · measurable (RECIST)
NCT04641247,A Long-term Treatment Extension Study of Niraparib in Participants Who Completed a Prior GlaxoSmithKline/TESARO-sponsored Niraparib Study,PHASE2,Phase 2,RECRUITING,37,GlaxoSmithKline,GSK,468,1,1,single_arm,1,niraparib,niraparib,PARP,Small Molecule,BRCA1;BRCA2;HRD,0,1,0,0,0,0,0,0,,
NCT04644068,Study of AZD5305 as Monotherapy and in Combination With Anti-cancer Agents in Patients With Advanced Solid Malignancies,PHASE1;PHASE2,Phase 2,ACTIVE_NOT_RECRUITING,702,AstraZeneca,AstraZeneca,780,1,1,multi_experimental,6,azd5305,azd5305;camizestrant;carboplatin;dato-dxd;paclitaxel;t- dxd,PARP,Small Molecule,,0,1,0,0,0,0,1,0,,metastatic · 2nd-line+ · ECOG 0
NCT04644289,WoO: Window of Opportunity Trial of Olaparib and Durvalumab in Histologically Proven EOC,PHASE2,Phase 2,RECRUITING,60,AGO Research GmbH,AGO Research,7,1,0,multi_experimental,2,olaparib,,PARP,Small Molecule,BRCA1;BRCA2;PD-L1;biomarker,0,0,1,0,1,1,0,1,"BRCA/HRD+, PD-L1+",metastatic · 1st-line · ductal
NCT04657068,A Study of ART0380 for the Treatment of Advanced or Metastatic Solid Tumors,PHASE1;PHASE2,Phase 2,RECRUITING,542,Artios Pharma Ltd,Artios Pharma,4,1,0,multi_experimental,10,art0380,art0380;gemcitabine;irinotecan,ATR,Small Molecule,,0,1,1,1,0,1,1,1,"BRCA/HRD+, platinum-status",metastatic · 1st-line · squamous · measurable (RECIST)
NCT04673448,"Niraparib and TSR-042 for the Treatment of BRCA-Mutated Unresectable or Metastatic Breast, Pancreas, Ovary, Fallopian Tube, or Primary Peritoneal Cancer",PHASE1,Phase 1,ACTIVE_NOT_RECRUITING,18,University of Washington,University of Washington,74,0,1,single_arm,1,biopsy;biospecimen collection;computed tomography;dostarlimab;magnetic resonance imaging;niraparib,biopsy;biospecimen collection;computed tomography;dostarlimab;magnetic resonance imaging;niraparib,PD-1,Monoclonal Antibody,ER;HER2;MSI-H;PD-L1;PR;dMMR,1,1,1,0,1,0,0,1,"BRCA/HRD+, PD-L1+",metastatic · squamous · measurable (RECIST)
NCT04686682,"A First-in-Human, JAB-8263 in Adult Patients With Advanced Tumors",PHASE1;PHASE2,Phase 2,RECRUITING,152,"Jacobio Pharmaceuticals Co., Ltd.",Jacobio Pharmaceuticals,13,1,0,multi_experimental,2,jab-8263,jab-8263,,,,0,1,0,0,0,0,1,0,,metastatic · 2nd-line+ · measurable (RECIST)
NCT04706962,TH1902 in Patients With Advanced Solid Tumors,PHASE1,Phase 1,ACTIVE_NOT_RECRUITING,70,Theratechnologies,Theratechnologies,1,1,0,single_arm,1,th1902,th1902,SORT1,Peptide,MET;SORT1,0,1,0,1,0,0,1,1,platinum-status,metastatic · 2nd-line+ · measurable (RECIST)
NCT04707248,A Study of DS-6000a in Subjects With Advanced Renal Cell Carcinoma and Ovarian Tumors,PHASE1,Phase 1,ACTIVE_NOT_RECRUITING,179,Daiichi Sankyo,Daiichi Sankyo,178,1,1,multi_experimental,3,ds-6000a,ds-6000a,CDH6,ADC,CDH6,1,1,0,0,0,0,0,0,,metastatic
NCT04713514,OSE2101 Alone or in Combination With Pembrolizumab vs BSC in Patient With Platinum-sensitive Recurrent OC,PHASE2,Phase 2,ACTIVE_NOT_RECRUITING,180,ARCAGY/ GINECO GROUP,ARCAGY/ GINECO GROUP,16,0,1,multi_experimental,3,ose2101,ose2101;pembrolizumab,PD-1,Cell Therapy,biomarker,1,1,0,1,0,0,1,1,platinum-status,metastatic · 2nd-line+ · squamous · measurable (RECIST)
NCT04752826,BI-1808 as a Single Agent and With Pembrolizumab (KEYTRUDA® ) in Treatment of Advanced Malignancies(Keynote-D20),PHASE1;PHASE2,Phase 2,RECRUITING,250,BioInvent International AB,BioInvent International,10,1,1,multi_experimental,5,bi-1808,bi-1808;paclitaxel;pembrolizumab (keytruda ),TNFR2,Monoclonal Antibody,BRAF;PD-L1,1,1,0,1,0,0,0,1,platinum-status,metastatic
NCT04802876,Efficacy of Tislelizumab and Spartalizumab Across Multiple Cancer-types in Patients with PD1-high MRNA Expressing Tumors,PHASE2,Phase 2,ACTIVE_NOT_RECRUITING,184,SOLTI Breast Cancer Research Group,SOLTI Breast Cancer Research Group,18,0,1,multi_experimental,3,,spartalizumab;tislelizumab,PD-1,Monoclonal Antibody,BRAF,1,1,0,0,1,0,0,1,PD-L1+,metastatic · squamous · measurable (RECIST)
NCT04834544,A Study of Maintenance DCVAC/OvCa After First-line Chemotherapy Added Standard of Care,PHASE2,Phase 2,RECRUITING,75,Peking University Third Hospital,Peking University Third Hospital,1,0,0,placebo_comparator,2,,dcvac/ovca,,Cell Therapy,PD-L1,1,0,1,0,1,1,0,1,"BRCA/HRD+, PD-L1+",metastatic · 1st-line
NCT04876456,A Phase II Trial of Cabozantinib With Patients With Refractory GCTs,PHASE2,Phase 2,ACTIVE_NOT_RECRUITING,50,Jennifer King,Jennifer King,1,0,0,single_arm,1,cabozantinib,cabozantinib,MET,Small Molecule,PD-L1,0,1,0,0,0,1,1,0,,metastatic · 1st-line · squamous
NCT04884360,D9319C00001- 1L OC Mono Global RCT,PHASE3,Phase 3,ACTIVE_NOT_RECRUITING,366,AstraZeneca,AstraZeneca,780,1,1,placebo_comparator,2,matching placebo,olaparib,PARP,Small Molecule,BRCA1;BRCA2;MET,0,1,1,0,0,1,0,1,BRCA/HRD+,metastatic · 1st-line · ductal · measurable (RECIST)
NCT04895709,A Study of BMS-986340 as Monotherapy and as Combination Therapy in Participants With Advanced Solid Tumors,PHASE1;PHASE2,Phase 2,RECRUITING,1109,Bristol-Myers Squibb,Bristol Myers Squibb,764,1,1,multi_experimental,9,bms-986340,bms-936558-01;bms-986340;docetaxel;pumitamig,PD-1,Monoclonal Antibody,PD-L1;biomarker;biomarker analysis,1,1,0,0,0,0,1,0,,metastatic · 2nd-line+ · measurable (RECIST)
NCT04918186,Immunotherapy Platform Study in Platinum Resistant High Grade Serous Ovarian Cancer,PHASE2,Phase 2,RECRUITING,60,Canadian Cancer Trials Group,Canadian Cancer Trials Group,48,0,1,multi_experimental,3,,ba3011;ba3021;durvalumab;enb003;toripalimab,PD-L1,Monoclonal Antibody,EGFR;MET;biomarker,1,1,0,1,0,0,0,1,platinum-status,metastatic · measurable (RECIST)
NCT04921527,Chiauranib Plus Weekly Paclitaxel in Patients with Platinum-refractory or Platinum-resistant Recurrent Ovarian Cancer,PHASE3,Phase 3,RECRUITING,454,"Chipscreen Biosciences, Ltd.",Chipscreen Biosciences,25,1,0,placebo_comparator,2,paclitaxel,chiauranib;paclitaxel,VEGF/VEGFR,Small Molecule,,0,1,0,1,1,0,1,1,"platinum-status, PD-L1+",metastatic · 2nd-line+ · squamous · measurable (RECIST)
NCT04931342,A Study Evaluating the Efficacy and Safety of Biomarker-Driven Therapies in Patients With Persistent or Recurrent Rare Epithelial Ovarian Tumors,PHASE2,Phase 2,ACTIVE_NOT_RECRUITING,176,Hoffmann-La Roche,Roche/Genentech,922,1,1,multi_experimental,11,,abemaciclib;atezolizumab;bevacizumab;cobimetinib;cyclophosphamide;giredestrant;inavolisib;ipatasertib;letrozole;luteinizing hormone-releasing hormone (lhrh) agonists;olaparib;paclitaxel;palbociclib;trastuzumab emtansine,AKT1,Small Molecule,ER;biomarker;biomarker-selected,0,1,0,1,0,1,1,1,platinum-status,metastatic · 1st-line · adenoca. · measurable (RECIST)
NCT04938583,Oregovomab in Combination With Bevacizumab Plus Chemo in BRCA Wild Type Platinum Sensitive Recurrent Ovarian Cancer,PHASE1;PHASE2,Phase 2,ACTIVE_NOT_RECRUITING,54,CanariaBio Inc.,CanariaBio,5,1,0,single_arm,1,bevacizumab;carboplatin;oregovomab;paclitaxel,bevacizumab;carboplatin;oregovomab;paclitaxel,CA125,Monoclonal Antibody,MUC1,1,1,1,0,0,0,1,1,BRCA/HRD+,recurrent · 2nd-line+ · adenoca. · measurable (RECIST)
NCT04956640,Study of LY3537982 in Cancer Patients With a Specific Genetic Mutation (KRAS G12C),PHASE1;PHASE2,Phase 2,ACTIVE_NOT_RECRUITING,540,Eli Lilly and Company,Eli Lilly,535,1,1,multi_experimental,3,ly3537982,carboplatin;cetuximab;cisplatin;ly3537982;pembrolizumab;pemetrexed,KRAS,Small Molecule,KRAS,0,1,0,0,0,1,0,0,,metastatic · 1st-line · measurable (RECIST)
NCT04969315,TT-4 and TT-10 as Single Agents and in Combination in Subjects With Advanced Selected Solid Tumors and Pleural Mesothelioma,PHASE1;PHASE2,Phase 2,RECRUITING,35,Portage Biotech,Portage Biotech,1,1,0,multi_experimental,3,,tt-10;tt-4,ADORA2A,Small Molecule,MET,0,1,0,0,0,0,0,0,,metastatic · small-cell · measurable (RECIST) · ECOG 2
NCT04969835,"A Study Evaluating the Safety, Pharmacokinetics and Early Efficacy of AVA6000 in Solid Tumours",PHASE1,Phase 1,RECRUITING,158,Avacta Life Sciences Ltd,Avacta Life Sciences,2,1,0,multi_experimental,4,ava6000,ava6000,FAP,ADC,FAP;PR,1,1,1,0,0,1,1,1,BRCA/HRD+,metastatic · 1st-line · measurable (RECIST)
NCT05000294,Atezolizumab Plus Tivozanib in Immunologically Cold Tumor Types,PHASE1;PHASE2,Phase 2,RECRUITING,29,University of Florida,University of Florida,28,0,1,single_arm,1,atezolizumab;tivozanib,atezolizumab;tivozanib,PD-L1,Monoclonal Antibody,CMMRD;HER2;MET;MSI;MSI-H;PD-L1;TMB;dMMR,1,1,0,1,1,0,0,1,"platinum-status, PD-L1+",metastatic · adenoca. · measurable (RECIST)
NCT05005403,"Study to Assess Adverse Events and Pharmacokinetics in Adult Participants With Non-Small Cell Lung Cancer, Head and Neck Squamous Cell Carcinoma and Other Solid Tumors, Receiving Intravenous Infusion of Azirkitug Alone or in Combination(s) With Budigalimab, Bevacizumab, or Telisotuzumab Adizutecan",PHASE1,Phase 1,RECRUITING,694,AbbVie,AbbVie,274,1,1,multi_experimental,17,azirkitug,azirkitug;bevacizumab;budigalimab;telisotuzumab adizutecan,PD-1,Monoclonal Antibody,BRAF;HER2;MSI;MSI-H;PD-L1,1,1,0,1,1,1,0,1,"platinum-status, PD-L1+",metastatic · 1st-line · adenoca. · measurable (RECIST)
NCT05032040,A Study of XmAb20717 (Vudalimab)in Patients With Selected Advanced Gynecologic and Genitourinary Malignancies,PHASE2,Phase 2,ACTIVE_NOT_RECRUITING,170,"Xencor, Inc.",Xencor,19,1,0,single_arm,1,vudalimab,vudalimab,PD-1,Bispecific Antibody,CDK12;MMR;MSI;MSI-H;PD-L1;dMMR,1,1,0,0,1,0,1,1,PD-L1+,metastatic · 2nd-line+ · measurable (RECIST)
NCT05041257,"Mirvetuximab Soravtansine Monotherapy in Platinum-Sensitive Epithelial, Peritoneal, and Fallopian Tube Cancers",PHASE2,Phase 2,COMPLETED,79,AbbVie,AbbVie,274,1,1,single_arm,1,mirvetuximab soravtansine,mirvetuximab soravtansine,FOLR1,ADC,FOLR1;PR,1,1,1,1,0,0,0,1,"BRCA/HRD+, platinum-status",metastatic · squamous · measurable (RECIST) · ECOG 0
NCT05043922,A Study to Evaluate the Efficacy and Safety of CYH33 in Patients With Recurrent/Persistent Ovary Clear Cell Carcinoma,PHASE2,Phase 2,ACTIVE_NOT_RECRUITING,93,"Haihe Biopharma Co., Ltd.",Haihe Biopharma,17,1,0,single_arm,1,cyh33,cyh33,PIK3CA,Small Molecule,PIK3CA,0,1,0,0,0,0,0,0,,metastatic · ECOG 1
NCT05057013,A Phase I/IIa Trial of HMBD-001 in Advanced HER3 Positive Solid Tumours,PHASE1;PHASE2,Phase 2,ACTIVE_NOT_RECRUITING,81,Cancer Research UK,Cancer Research UK,16,0,0,multi_experimental,2,,hmbd-001;hmbd-001 and enzalutamide,HER3,Monoclonal Antibody,HER3,1,1,0,0,0,0,1,0,,metastatic · 2nd-line+ · adenoca.
NCT05057715,huCART-meso + VCN-01 in Pancreatic and Ovarian Cancer,PHASE1,Phase 1,ACTIVE_NOT_RECRUITING,13,University of Pennsylvania,University of Pennsylvania,19,0,0,multi_experimental,5,hucart-meso cells;vcn-01,hucart-meso cells;vcn-01,,,,0,1,0,0,0,0,0,0,,metastatic · adenoca. · measurable (RECIST)
NCT05059522,Continued Access Study for Participants Deriving Benefit in Pfizer-Sponsored Avelumab Parent Studies That Are Closing,PHASE3,Phase 3,ACTIVE_NOT_RECRUITING,77,Pfizer,Pfizer,687,1,1,multi_experimental,9,avelumab,avelumab;axitinib;cmp 001;lorlatanib;pemetrexed;pf04518600;talazoparib;utomilumab,PD-L1,Monoclonal Antibody,PD-L1,1,1,0,0,0,0,0,0,,
NCT05071937,ZEN003694 Combined With Talazoparib in Patients With Recurrent Ovarian Cancer,PHASE2,Phase 2,RECRUITING,33,"Alexander B Olawaiye, MD","Alexander B Olawaiye, MD",4,0,1,single_arm,1,talazoparib;zen003694,talazoparib;zen003694,BET,Small Molecule,,0,1,0,1,0,0,1,1,platinum-status,metastatic · 2nd-line+ · squamous · measurable (RECIST) · ECOG 0
NCT05075993,Study of LVGN3616 and LVGN6051±LVGN7409 in Combination With Nab-Paclitaxel or Bevacizumab and Cyclophosphamide in Metastatic Solid Tumors,PHASE1,Phase 1,ACTIVE_NOT_RECRUITING,352,M.D. Anderson Cancer Center,M.D. Anderson Cancer Center,697,0,0,multi_experimental,4,lvgn3616 + lvgn6051 + bevacizumab + cyclophosphamide;lvgn3616 + lvgn6051 + lvgn7409 + bevacizumab + cyclophosphamide;lvgn3616 + lvgn6051 + lvgn7409 + nab-paclitaxel;lvgn3616 + lvgn6051 + nab-paclitaxel,lvgn3616 + lvgn6051 + bevacizumab + cyclophosphamide;lvgn3616 + lvgn6051 + lvgn7409 + bevacizumab + cyclophosphamide;lvgn3616 + lvgn6051 + lvgn7409 + nab-paclitaxel;lvgn3616 + lvgn6051 + nab-paclitaxel,,,PD-L1;molecular profiling,0,1,0,0,1,0,1,1,PD-L1+,metastatic · 2nd-line+ · measurable (RECIST)
NCT05080946,Using Aspirin to Improve Immunological Features of Ovarian Tumors,EARLY_PHASE1,Phase 1,SUSPENDED,100,H. Lee Moffitt Cancer Center and Research Institute,H. Lee Moffitt Cancer Center and Research Institute,228,0,0,placebo_comparator,2,,aspirin,,,biomarker;biomarker analysis,0,0,0,0,0,1,0,0,,metastatic · 1st-line · measurable (RECIST)
NCT05081609,A Study to Investigate Safety and Tolerability of TransCon IL-2 β/γ Alone or in Combination With Pembrolizumab and/or TransCon TLR7/8 Agonist or Other Anticancer Therapies in Adult Participants With Locally Advanced or Metastatic Solid Tumor Malignancies,PHASE1;PHASE2,Phase 2,ACTIVE_NOT_RECRUITING,320,Ascendis Pharma Oncology Division A/S,Ascendis Pharma Oncology Division A/S,2,1,0,multi_experimental,13,transcon il-2 β/γ,chemotherapy drug;pembrolizumab;surgery;transcon il-2 β/γ;transcon tlr7/8 agonist;trastuzumab;trastuzumab emtansine (t-dm1),IL-2,Peptide,ALC;CD25;CXCL10;IFN-γ;PD-L1;eosinophil,0,1,0,0,1,0,1,1,PD-L1+,metastatic · 2nd-line+
NCT05086692,A Beta-only IL-2 ImmunoTherapY Study,PHASE1;PHASE2,Phase 2,RECRUITING,115,"Medicenna Therapeutics, Inc.",Medicenna Therapeutics,2,1,1,single_arm,1,mdna11;pembrolizumab (keytruda),mdna11;pembrolizumab (keytruda),IL-2,Cell Therapy,MSI-H,1,1,0,0,0,0,1,0,,metastatic · 2nd-line+ · measurable (RECIST)
NCT05103683,First in Human Study of TORL-1-23 in Participants With Advanced Cancer,PHASE1,Phase 1,RECRUITING,90,"TORL Biotherapeutics, LLC",TORL Biotherapeutics,8,1,0,multi_experimental,2,torl-1-23,torl-1-23,CLDN6,ADC,Claudin 6,1,1,0,0,0,0,0,0,,metastatic · squamous · measurable (RECIST)
NCT05104515,First-in-human Study of OVM-200 as a Therapeutic Cancer Vaccine,PHASE1,Phase 1,RECRUITING,36,Oxford Vacmedix UK Ltd.,Oxford Vacmedix UK,1,1,0,single_arm,1,ovm-200,ovm-200,SURVIVIN,Peptide,PD-L1,0,1,0,0,1,0,0,1,PD-L1+,metastatic
NCT05107674,A Study of NX-1607 in Adults With Advanced Malignancies,PHASE1,Phase 1,RECRUITING,345,"Nurix Therapeutics, Inc.",Nurix Therapeutics,7,1,0,multi_experimental,12,nx-1607,nx-1607;paclitaxel,CBL-B,Small Molecule,PD-L1,0,1,0,1,1,0,1,1,"platinum-status, PD-L1+",metastatic · 2nd-line+ · squamous · measurable (RECIST)
NCT05113368,Regorafenib Combined With Fulvestrant in Recurrent Low-Grade Serous Ovarian Cancer,PHASE2,Phase 2,RECRUITING,31,Sarah K. Lynam MD,Sarah K. Lynam MD,1,0,1,single_arm,1,fulvestrant;regorafenib,fulvestrant;regorafenib,VEGF/VEGFR,Small Molecule,,0,1,0,0,0,1,0,0,,metastatic · 1st-line · ductal · measurable (RECIST)
NCT05116189,Pembrolizumab/Placebo Plus Paclitaxel With or Without Bevacizumab for Platinum-resistant Recurrent Ovarian Cancer (MK-3475-B96/KEYNOTE-B96/ENGOT-ov65).,PHASE3,Phase 3,ACTIVE_NOT_RECRUITING,643,Merck Sharp & Dohme LLC,Merck (MSD),649,1,1,placebo_comparator,2,bevacizumab;docetaxel;paclitaxel;placebo for pembrolizumab,bevacizumab;docetaxel;paclitaxel;pembrolizumab,PD-1,Monoclonal Antibody,PD-L1,1,1,0,1,1,1,1,1,"platinum-status, PD-L1+",metastatic · 1st-line · measurable (RECIST)
NCT05123482,"A Phase I/IIa Study of AZD8205 Given Alone or Combined, in Participants With Advanced/Metastatic Solid Malignancies",PHASE1;PHASE2,Phase 2,RECRUITING,460,AstraZeneca,AstraZeneca,780,1,1,multi_experimental,4,,azd8205;azd8205 and azd2936 (rilvegostomig);azd8205 and azd5305 (saruparib);azd8205 and azd5305 (saruparib) and azd2936 (rilvegostomig);azd8205 in combination with azd9574;azd8205 in combination with azd9574 plus rilvegostomig (azd2936),B7-H4,ADC,B7-H4,1,1,0,0,0,0,1,0,,metastatic · 2nd-line+ · squamous · measurable (RECIST)
NCT05128825,"A Study of Azenosertib (ZN-c3) in Subjects With Platinum-Resistant High-Grade Serous Ovarian, Fallopian Tube or Primary Peritoneal Cancer",PHASE2,Phase 2,RECRUITING,310,"K-Group, Beta, Inc., a wholly owned subsidiary of Zentalis Pharmaceuticals, Inc","K-Group, Beta, Inc., a wholly owned subsidiary of Zentalis Pharmaceuticals",8,1,0,multi_experimental,5,azenosertib,azenosertib,WEE1,Small Molecule,Cyclin E1;TP53;cfDNA,0,1,1,1,0,0,1,1,"BRCA/HRD+, platinum-status",metastatic · 2nd-line+ · measurable (RECIST) · ECOG 0-1
NCT05143970,A Phase 1 First-In-Human Study of the Anti-CD73 IPH5301 Alone or in Combination With Chemotherapy and Trastuzumab in Patients With Advanced Solid Tumors,PHASE1,Phase 1,ACTIVE_NOT_RECRUITING,27,Institut Paoli-Calmettes,Institut Paoli-Calmettes,12,0,0,single_arm,1,iph5301 alone or in combination with chemotherapy and trastuzumab,iph5301 alone or in combination with chemotherapy and trastuzumab,CD73,Monoclonal Antibody,ER;HER2;MET;PD-L1;PR,1,1,1,0,1,1,1,1,"BRCA/HRD+, PD-L1+",metastatic · 1st-line · ductal · measurable (RECIST)
NCT05199272,A Phase 1/2a Study of 23ME-00610 in Patients With Advanced Solid Malignancies,PHASE1;PHASE2,Phase 2,ACTIVE_NOT_RECRUITING,141,"23andMe, Inc.",23andMe,2,1,0,multi_experimental,2,23me-00610,23me-00610,CD200R1,Monoclonal Antibody,CDX;MSI;MSI-H;TMB;TMB-H,1,1,0,1,0,0,0,1,platinum-status,metastatic · small-cell · measurable (RECIST)
NCT05200559,T-regulatory Cell Depletion With E7777 Combined With Pembrolizumab in Recurrent or Metastatic Solid Tumors,PHASE1;PHASE2,Phase 2,ACTIVE_NOT_RECRUITING,25,"Alexander B Olawaiye, MD","Alexander B Olawaiye, MD",4,0,0,single_arm,1,e7777;pembrolizumab,e7777;pembrolizumab,PD-1,Monoclonal Antibody,MET;MMR;MSI;MSI-H;PD-L1;biomarker,1,1,0,1,1,0,1,1,"platinum-status, PD-L1+",metastatic · 2nd-line+ · small-cell · measurable (RECIST)
NCT05215574,Study of NGM831 as Monotherapy and in Combination With Pembrolizumab or Pembrolizumab and NGM438 in Advanced or Metastatic Solid Tumors,PHASE1,Phase 1,ACTIVE_NOT_RECRUITING,130,"NGM Biopharmaceuticals, Inc",NGM Biopharmaceuticals,6,1,1,multi_experimental,3,,ngm831;ngm831 and ngm438 plus pembrolizumab (keytruda);ngm831 plus pembrolizumab (keytruda),ILT3,Monoclonal Antibody,,1,1,0,0,0,0,0,0,,metastatic
NCT05231122,Pembrolizumab Combined With Bevacizumab With or Without Agonist Anti-CD40 CDX-1140 for the Treatment of Patients With Recurrent Ovarian Cancer,PHASE2,Phase 2,RECRUITING,80,Roswell Park Cancer Institute,Roswell Park Cancer Institute,73,0,1,active_comparator,2,bevacizumab;pembrolizumab;quality-of-life assessment;questionnaire administration,anti-cd40 agonist monoclonal antibody cdx-1140;bevacizumab;pembrolizumab;quality-of-life assessment;questionnaire administration,CD40,Monoclonal Antibody,CDX,1,1,1,1,1,0,1,1,"BRCA/HRD+, platinum-status, PD-L1+",metastatic · 2nd-line+ · squamous · measurable (RECIST)
NCT05239143,P-MUC1C-ALLO1 Allogeneic CAR-T Cells in the Treatment of Subjects With Advanced or Metastatic Solid Tumors,PHASE1,Phase 1,ACTIVE_NOT_RECRUITING,180,"Poseida Therapeutics, Inc.",Poseida Therapeutics,6,1,0,multi_experimental,8,p-muc1c-allo1 car-t cells;rimiducid,p-muc1c-allo1 car-t cells;rimiducid,MUC1,CAR-T,MUC1,1,1,0,0,0,0,0,0,,metastatic · squamous · measurable (RECIST)
NCT05257408,"Relacorilant in Combination With Nab-Paclitaxel in Advanced, Platinum-Resistant, High-Grade Epithelial Ovarian, Primary Peritoneal, or Fallopian-Tube Cancer",PHASE3,Phase 3,ACTIVE_NOT_RECRUITING,381,Corcept Therapeutics,Corcept Therapeutics,18,1,0,active_comparator,2,nab-paclitaxel,nab-paclitaxel;relacorilant,NR3C1,Small Molecule,,0,1,0,1,0,1,1,1,platinum-status,metastatic · 1st-line · measurable (RECIST)
NCT05271318,Oncolytic Adenovirus Coding for TNFa and IL2 (TILT-123) With Pembrolizumab or Pembrolizumab (Phase 1a) and Pegylated Liposomal Doxorubicin (Phase 1b) as Treatment for Ovarian Cancer.,PHASE1;PHASE2,Phase 2,ACTIVE_NOT_RECRUITING,29,TILT Biotherapeutics Ltd.,TILT Biotherapeutics,6,1,1,multi_experimental,2,pembrolizumab;tilt-123,pegylated liposomal doxorubicin;pembrolizumab;tilt-123,TNF-α and IL-2,Oncolytic Virus,MET;PD-L1,1,1,0,1,1,0,1,1,"platinum-status, PD-L1+",metastatic · 2nd-line+ · squamous · measurable (RECIST)
NCT05281471,"Efficacy & Safety of Olvi-Vec and Platinum-doublet + Bevacizumab Compared to Physician's Choice of Chemotherapy and Bevacizumab in Platinum-Resistant/Refractory Ovarian Cancer (PRROC) (OnPrime, GOG-3076)",PHASE3,Phase 3,RECRUITING,186,Genelux Corporation,Genelux,6,1,0,active_comparator,2,bevacizumab (or biosimilar);docetaxel or nab-paclitaxel) or pegylated liposomal doxorubicin;non-platinum chemotherapy: physician's choice of gemcitabine;platinum chemotherapy: carboplatin (preferred) or cisplatin;taxane (paclitaxel,bevacizumab (or biosimilar);docetaxel or nab-paclitaxel) or pegylated liposomal doxorubicin;non-platinum chemotherapy: physician's choice of gemcitabine;olvimulogene nanivacirepvec;platinum chemotherapy: carboplatin (preferred) or cisplatin;taxane (paclitaxel,VEGF/VEGFR,Oncolytic Virus,,1,1,0,1,0,1,1,1,platinum-status,metastatic · 1st-line · squamous · measurable (RECIST) · ECOG 0
NCT05296512,Pembrolizumab and Lenvatinib in Clear Cell Ovarian Cancer,PHASE2,Phase 2,ACTIVE_NOT_RECRUITING,30,Elizabeth K. Lee MD,Elizabeth K. Lee MD,1,0,1,single_arm,1,lenvatinib;pembrolizumab,lenvatinib;pembrolizumab,VEGF/VEGFR,Small Molecule,PD-L1,0,1,0,0,1,0,0,1,PD-L1+,metastatic · measurable (RECIST)
NCT05329532,"Modi-1 Moditope in Breast, Head and Neck, Ovarian, or Renal Cancer",PHASE1;PHASE2,Phase 2,RECRUITING,168,Scancell Ltd,Scancell,4,1,0,multi_experimental,3,device: micronjet600 microneedle device (nanopass);modi-1 moditope,device: micronjet600 microneedle device (nanopass);modi-1 moditope;pembrolizumab,PD-1,Peptide,PD-L1,0,1,0,0,1,1,0,1,PD-L1+,metastatic · 1st-line · measurable (RECIST)
NCT05335993,A Clinical Study Evaluating a Combination of Oregovomab and Niraparib in Adult Women With Platinum Sensitive Recurrent Ovarian Cancer.,PHASE2,Phase 2,ACTIVE_NOT_RECRUITING,10,CanariaBio Inc.,CanariaBio,5,1,0,single_arm,1,niraparib;oregovomab,niraparib;oregovomab,CA-125,Monoclonal Antibody,MUC1,1,1,0,1,0,1,1,1,platinum-status,metastatic · 1st-line · adenoca. · measurable (RECIST)
NCT05377996,A Study of Emiltatug Ledadotin (Emi-Le) in Participants With Solid Tumors,PHASE1;PHASE2,Phase 2,RECRUITING,360,"Day One Biopharmaceuticals, Inc.",Day One Biopharmaceuticals,7,1,0,single_arm,1,emi-le,emi-le,,,,0,1,0,0,0,0,0,0,,metastatic · squamous · measurable (RECIST)
NCT05403554,A Study of NI-1801 in Patients with Mesothelin Expressing Solid Cancers,PHASE1,Phase 1,RECRUITING,70,Light Chain Bioscience - Novimmune SA,Light Chain Bioscience - Novimmune,2,1,0,active_comparator,3,ni-1801 in combination with paclitaxel;paclitaxel,biological ni-1801;ni-1801 in combination with anti-pd1 (pembrolizumab),MSLN,Bispecific Antibody,Mesothelin;PR;biomarker;biomarker analysis,1,1,0,1,0,1,1,1,platinum-status,metastatic · 1st-line · adenoca. · measurable (RECIST) · ECOG 0-1
NCT05427487,Study of Intratumoral IVX037 in Patients With Advanced or Metastatic Solid Tumours,PHASE1,Phase 1,RECRUITING,70,ImmVirx Pty Ltd,ImmVirx Pty,1,1,0,multi_experimental,2,ivx037,ivx037;sintilimab,PD-1,Oncolytic Virus,MMR;MSI;PD-L1,1,1,0,0,1,0,1,1,PD-L1+,metastatic · 2nd-line+ · adenoca. · measurable (RECIST)
NCT05445778,"Mirvetuximab Soravtansine With Bevacizumab Versus Bevacizumab as Maintenance in Platinum-sensitive Epithelial Ovarian, Fallopian Tube, or Peritoneal Cancer",PHASE3,Phase 3,ACTIVE_NOT_RECRUITING,520,AbbVie,AbbVie,274,1,1,active_comparator,2,bevacizumab,mirvetuximab soravtansine plus bevacizumab,FOLR1,ADC,FRα,1,1,0,0,0,1,1,0,,metastatic · 1st-line
NCT05446298,ONC-392 and Pembrolizumab in Platinum Resistant Ovarian Cancer,PHASE2,Phase 2,ACTIVE_NOT_RECRUITING,58,"OncoC4, Inc.",OncoC4,10,1,1,multi_experimental,2,onc-392;pembrolizumab,onc-392;pembrolizumab,PD-1,Monoclonal Antibody,MET;PD-L1;PR,1,1,0,1,1,1,1,1,"platinum-status, PD-L1+",metastatic · 1st-line · adenoca. · measurable (RECIST) · ECOG 0
NCT05456685,"Mirvetuximab Soravtansine (MIRV) With Carboplatin in Second-line Treatment of Folate Receptor Alpha (FRα) Expressing, Platinum-sensitive Epithelial Ovarian Cancer",PHASE2,Phase 2,ACTIVE_NOT_RECRUITING,125,AbbVie,AbbVie,274,1,1,single_arm,1,carboplatin;mirvetuximab soravtansine,carboplatin;mirvetuximab soravtansine,FOLR1,ADC,FOLR1;MET,1,1,1,1,0,0,1,1,"BRCA/HRD+, platinum-status",metastatic · 2nd-line+ · squamous · measurable (RECIST)
NCT05467670,"Safety and Efficacy of Anti-CD47, ALX148 in Combination With Liposomal Doxorubicin and Pembrolizumab in Recurrent Platinum-resistant Ovarian Cancer",PHASE2,Phase 2,ACTIVE_NOT_RECRUITING,16,"Alexander B Olawaiye, MD","Alexander B Olawaiye, MD",4,0,1,single_arm,1,alx148;doxorubicin;pembrolizumab,alx148;doxorubicin;pembrolizumab,PD-1,Monoclonal Antibody,PD-L1,1,1,1,1,1,1,1,1,"BRCA/HRD+, platinum-status, PD-L1+",metastatic · 1st-line · squamous · measurable (RECIST)
NCT05479045,A Combination Therapy Strategy to Prevent Anti-PD-1 Therapy Resistance in Metastatic Ovarian Cancer Patients,PHASE2,Phase 2,NOT_YET_RECRUITING,24,Georgetown University,Georgetown University,55,0,0,single_arm,1,ny-eso-1 peptide vaccine;toripalimab-tpzi,ny-eso-1 peptide vaccine;toripalimab-tpzi,NY-ESO-1,Vaccine,NY-ESO-1;PD-L1;biomarker,1,1,1,1,1,0,1,1,"BRCA/HRD+, platinum-status, PD-L1+",metastatic · 2nd-line+ · adenoca. · measurable (RECIST)
NCT05489211,Study of Dato-DXd as Monotherapy and in Combination With Anti-cancer Agents in Patients With Advanced Solid Tumours (TROPION-PanTumor03),PHASE2,Phase 2,RECRUITING,454,AstraZeneca,AstraZeneca,780,1,1,multi_experimental,14,datopotamab deruxtecan (dato-dxd),bevacizumab;capecitabine;carboplatin;cisplatin;datopotamab deruxtecan (dato-dxd);fluorouracil;prednisone/ prednisolone;rilvegostomig;volrustomig,VEGF/VEGFR,Monoclonal Antibody,TROP2;genomic,1,1,0,0,0,0,0,0,,metastatic · squamous
NCT05512208,A Phase 2 Study of Avutometinib (VS-6766) Plus Defactinib,PHASE2,Phase 2,RECRUITING,55,University of Oklahoma,University of Oklahoma,23,0,0,single_arm,1,avutometinib (vs-6766) + defactinib,avutometinib (vs-6766) + defactinib,BRAF,Small Molecule,BRAF;MET,0,1,0,0,0,0,0,0,,metastatic · squamous · measurable (RECIST)
NCT05518253,A Clinical Study of CD70-targeted CAR-T in the Treatment of CD70-positive Advanced/Metastatic Solid Tumors,PHASE1,Phase 1,RECRUITING,30,"Weijia Fang, MD","Weijia Fang, MD",3,0,0,multi_experimental,2,cd70 car-t cells,cd70 car-t cells,CD70,CAR-T,CD70,1,1,0,0,0,0,0,0,,metastatic · measurable (RECIST) · ECOG 0
NCT05527184,First in Human Study of IMGN151 in Recurrent Gynaecological Cancers,PHASE1,Phase 1,ACTIVE_NOT_RECRUITING,256,AbbVie,AbbVie,274,1,1,single_arm,1,imgn151,imgn151,FRα,ADC,FRα,1,1,0,1,0,0,1,1,platinum-status,metastatic · 2nd-line+ · adenoca. · measurable (RECIST) · ECOG 0
NCT05538091,"Vismodegib Combined With Atezolizumab in Platinum Resistant Ovarian, Fallopian Tube, and Primary Peritoneal Cancer",PHASE2,Phase 2,RECRUITING,48,Ronald Buckanovich,Ronald Buckanovich,1,0,1,single_arm,1,atezolizumab;vismodegib,atezolizumab;vismodegib,SMO,Small Molecule,MET;biomarker,0,1,0,0,0,0,0,0,,metastatic · ductal · measurable (RECIST)
NCT05544929,A Study of Safety and Efficacy of KFA115 Alone and in Combo With Pembrolizumab in Patients With Select Advanced Cancers,PHASE1,Phase 1,ACTIVE_NOT_RECRUITING,126,Novartis Pharmaceuticals,Novartis,836,1,1,multi_experimental,3,kfa115,kfa115;pembrolizumab,PD-1,,BRAF;MSI;MSI-H;PD-L1,0,1,1,1,1,0,1,1,"BRCA/HRD+, platinum-status, PD-L1+",metastatic · 2nd-line+ · squamous
NCT05551507,IN10018 in Combination With Standard Chemotherapy in High-grade Serous Epithelial Ovarian Cancer,PHASE1;PHASE2,Phase 2,RECRUITING,150,"InxMed (Shanghai) Co., Ltd.",InxMed (Shanghai),13,1,0,single_arm,1,in10018 in combination with pld,in10018 in combination with pld,PARP,Small Molecule,BRCA1;BRCA2;HRD,0,1,0,1,0,0,1,1,platinum-status,metastatic · 2nd-line+ · measurable (RECIST)
NCT05568680,"SynKIR-110 for Mesothelin Expressing Ovarian Cancer, Cholangiocarcinoma or Mesothelioma",PHASE1,Phase 1,RECRUITING,42,Verismo Therapeutics,Verismo Therapeutics,2,1,0,single_arm,1,autologous t cells transduced with mesothelin kir-car;synkir-110,autologous t cells transduced with mesothelin kir-car;synkir-110,MSLN,CAR-T,mesothelin,1,1,0,0,0,0,1,0,,recurrent · 2nd-line+ · measurable (RECIST)
NCT05579366,"Rinatabart Sesutecan (Rina-S, PRO1184, GEN1184) for Advanced Solid Tumors (GCT1184-01/ PRO1184-001)",PHASE1;PHASE2,Phase 2,RECRUITING,884,Genmab,Genmab,65,1,1,multi_experimental,4,rina-s,bevacizumab;carboplatin;pembrolizumab;rina-s,VEGF/VEGFR,Monoclonal Antibody,HER2,1,1,1,1,0,0,1,1,"BRCA/HRD+, platinum-status",metastatic · 2nd-line+ · small-cell · measurable (RECIST)
NCT05601752,ADP-A2M4CD8 Monotherapy and in Combination With Nivolumab in HLA-A2+ Subjects With MAGE-A4 Positive Ovarian Cancer (SURPASS-3),PHASE2,Phase 2,ACTIVE_NOT_RECRUITING,66,"USWM CT, LLC",USWM CT,8,1,0,multi_experimental,2,,autologous genetically modified adp-a2m4cd8 cells;autologous genetically modified adp-a2m4cd8 cells in combination with nivolumab,PD-1,Monoclonal Antibody,BRAF,1,1,1,0,0,0,0,1,BRCA/HRD+,metastatic · squamous · measurable (RECIST)
NCT05605535,Oregovomab Plus Chemotherapy in Neo-adjuvant Setting in Newly Diagnosed Patients With Advanced Epithelial Ovarian Cancer,PHASE2,Phase 2,ACTIVE_NOT_RECRUITING,88,CanariaBio Inc.,CanariaBio,5,1,0,placebo_comparator,2,carboplatin;paclitaxel,carboplatin;oregovomab;paclitaxel,CA125,Monoclonal Antibody,GBRCA;HRD;MET;MUC1;PARP,1,1,0,0,0,0,0,0,,metastatic · adenoca.
NCT05617755,"AB-1015, an Integrated Circuit T (ICT) Cell Therapy in Patients With Platinum Resistant Epithelial Ovarian Cancer",PHASE1,Phase 1,ACTIVE_NOT_RECRUITING,19,"Arsenal Biosciences, Inc.",Arsenal Biosciences,3,1,0,single_arm,1,ab-1015,ab-1015,MSLN,Cell Therapy,,1,1,0,1,0,0,0,1,platinum-status,metastatic · measurable (RECIST)
NCT05620134,Study of JK08 in Patients with Unresectable Locally Advanced or Metastatic Cancer,PHASE1;PHASE2,Phase 2,ACTIVE_NOT_RECRUITING,263,Salubris Biotherapeutics Inc,Salubris Biotherapeutics,2,1,0,multi_experimental,4,jk08,jk08;lenvatinib pill;pembrolizumab,CTLA-4,Monoclonal Antibody,ER;HER2;PR;genomic,1,1,0,0,0,0,1,0,,metastatic · 2nd-line+ · adenoca. · measurable (RECIST)
NCT05636111,Phase 1b of Lurbinectedin in Combination With Weekly Paclitaxel and Bevacizumab in Platinum-resistant Ovarian Cancer,PHASE1,Phase 1,RECRUITING,34,M.D. Anderson Cancer Center,M.D. Anderson Cancer Center,697,0,0,single_arm,1,bevacizumab;lurbinectedin;paclitaxel,bevacizumab;lurbinectedin;paclitaxel,VEGF/VEGFR,Monoclonal Antibody,,1,1,0,1,0,0,1,1,platinum-status,metastatic · 2nd-line+ · measurable (RECIST)
NCT05659381,"Heated Intraperitoneal Chemotherapy Followed by Niraparib for Ovarian, Primary Peritoneal and Fallopian Tube Cancer",PHASE3,Phase 3,RECRUITING,220,GOG Foundation,GOG Foundation,4,0,1,active_comparator,2,no treatment,cisplatin,,Small Molecule,HRD,0,1,1,0,0,0,0,1,BRCA/HRD+,metastatic · squamous
NCT05704621,Secondary Cytoreductive Surgery (CRS) in Patients With Relapsed Ovarian Cancer Who Have Progressed on PARP Inhibitor Maintenance,PHASE2,Phase 2,RECRUITING,124,Korea University Guro Hospital,Korea University Guro Hospital,4,0,0,active_comparator,2,,secondary cytoreductive surgery,PARP,Monoclonal Antibody,,1,0,0,1,0,0,1,1,platinum-status,metastatic · 2nd-line+
NCT05715216,"EON: A Single-arm Phase II Study of Etigilimab (OMP-313M32) in Combination With Checkpoint Inhibition (Nivolumab) in Patients With Platinum-resistant, Recurrent Epithelial Ovarian Cancer",PHASE2,Phase 2,ACTIVE_NOT_RECRUITING,23,M.D. Anderson Cancer Center,M.D. Anderson Cancer Center,697,0,0,single_arm,1,etigilimab;nivolumab,etigilimab;nivolumab,PD-1,Monoclonal Antibody,CD30,1,1,0,1,1,0,1,1,"platinum-status, PD-L1+",metastatic · 2nd-line+ · measurable (RECIST)
NCT05735080,"Open-Label Study to Evaluate the Safety, Tolerability, PK, and Efficacy of INX-315 in Patients With Advanced Cancer",PHASE1;PHASE2,Phase 2,RECRUITING,150,Incyclix Bio,Incyclix Bio,1,1,0,multi_experimental,4,inx-315,abemaciclib;fulvestrant;inx-315,HER2,Small Molecule,CCNE1;HER2,0,1,0,1,0,0,1,1,platinum-status,metastatic · 2nd-line+ · squamous · measurable (RECIST)
NCT05737199,Assessment of the Efficacy and Safety of Pembrolizumab for Ovarian Squamous Cell Carcinoma,PHASE2,Phase 2,ACTIVE_NOT_RECRUITING,21,Niigata University Medical & Dental Hospital,Niigata University Medical & Dental Hospital,1,0,1,single_arm,1,mk-3475 (pembrolizumab),mk-3475 (pembrolizumab),PD-1,Monoclonal Antibody,CDX;MSI;MSI-H;PD-L1;TMB,1,1,0,0,1,0,1,1,PD-L1+,metastatic · 2nd-line+ · squamous · measurable (RECIST)
NCT05739981,"Phase II IMNN-001 (Also Known as GEN-1) on SLL With BEV and NACT, Newly Diagnosed Advanced Ovarian, Fallopian Tube or Primary Peritoneal Cancer",PHASE1;PHASE2,Phase 2,RECRUITING,30,Imunon,Imunon,14,1,0,multi_experimental,2,bevacizumab;carboplatin;imnn-001;paclitaxel,bevacizumab;carboplatin;imnn-001;paclitaxel,VEGF/VEGFR,Monoclonal Antibody,,1,1,0,0,0,0,0,0,,metastatic · adenoca.
NCT05740956,A Study of Hansoh (HS)-10502 in Patients With Advanced Solid Tumors,PHASE1,Phase 1,RECRUITING,318,"Jiangsu Hansoh Pharmaceutical Co., Ltd.",Hansoh,82,1,0,single_arm,1,hs-10502,hs-10502,,,HER2,0,1,1,0,0,0,0,1,BRCA/HRD+,metastatic · measurable (RECIST)
NCT05759923,"First-in-human Phase I Study to Evaluate Safety, Tolerability and Antineoplastic Activity of OATD-02 in Patients With Selected Advanced and/or Metastatic Solid Tumours",PHASE1,Phase 1,RECRUITING,40,Molecure S.A.,Molecure,1,1,0,single_arm,1,oatd-02,oatd-02,ARG1,Small Molecule,,0,1,0,1,0,0,1,1,platinum-status,metastatic · 2nd-line+
NCT05763199,Standardized Extract of Cultured Lentinula Edodes Mycelia (AHCC®) in Ovarian Cancer Patients on Adjuvant Chemotherapy,PHASE2,Phase 2,ACTIVE_NOT_RECRUITING,20,"University of California, Davis","University of California, Davis",42,0,0,placebo_comparator,2,,dietary supplement: ahcc,,,,0,0,0,0,0,0,0,0,,metastatic
NCT05768178,DETERMINE Trial Treatment Arm 05: Vemurafenib in Combination With Cobimetinib in Adult Patients With BRAF Positive Cancers.,PHASE2;PHASE3,Phase 3,RECRUITING,30,Cancer Research UK,Cancer Research UK,16,0,1,single_arm,1,cobimetinib;vemurafenib,cobimetinib;vemurafenib,BRAF,Small Molecule,BRAF;MET,0,1,0,0,0,0,0,0,,metastatic
NCT05786716,"DETERMINE Trial Treatment Arm 04: Trastuzumab in Combination With Pertuzumab in Adult, Paediatric and Teenage/Young Adult Patients With Cancers With HER2 Amplification or Activating Mutations",PHASE2;PHASE3,Phase 3,RECRUITING,30,Cancer Research UK,Cancer Research UK,16,0,1,single_arm,1,pertuzumab;trastuzumab,pertuzumab;trastuzumab,HER2,ADC,HER2;MET,1,1,0,0,0,0,0,0,,metastatic
NCT05787587,A Study of PARG Inhibitor IDE161 in Participants With Advanced Solid Tumors,PHASE1,Phase 1,ACTIVE_NOT_RECRUITING,216,IDEAYA Biosciences,IDEAYA Biosciences,11,1,1,multi_experimental,4,ide-161,ide-161;pembrolizumab,PARG,Small Molecule,MSI,0,1,1,0,0,0,0,1,BRCA/HRD+,metastatic
NCT05794659,"Adjuvant Therapeutic Cancer Vaccine (AST-201, pUMVC3-hIGFBP-2) in Patients With Advanced Ovarian Cancer",PHASE2,Phase 2,NOT_YET_RECRUITING,98,Aston Sci. Inc.,Aston Sci.,4,1,0,placebo_comparator,2,carboplatin;paclitaxel;rhugm-csf(granulocyte-macrophage colony-stimulating factor),ast-201;carboplatin;paclitaxel;rhugm-csf(granulocyte-macrophage colony-stimulating factor),IGFBP2,Monoclonal Antibody,GPC3,1,1,1,0,0,0,0,1,BRCA/HRD+,adjuvant
NCT05797168,Phase I/IIa Study of AZD5335 as Monotherapy and Combination Therapy in Participants With Solid Tumors,PHASE1;PHASE2,Phase 2,RECRUITING,602,AstraZeneca,AstraZeneca,780,1,1,multi_experimental,6,torvutatug samrotecan,bevacizumab;carboplatin;palacaparib;pembrolizumab;saruparib;torvutatug samrotecan,PARP,Small Molecule,HRR;genomic,0,1,0,0,0,0,0,0,,metastatic · measurable (RECIST)
NCT05799274,Safety of RAD301 in Healthy Human Volunteers and Patients With Pancreatic Cancer or Other Solid Tumors,PHASE1,Phase 1,ACTIVE_NOT_RECRUITING,9,"Radiopharm Theranostics, Ltd",Radiopharm Theranostics,7,1,0,single_arm,1,rad301 ([68ga]-rad301),rad301 ([68ga]-rad301),,Radiopharmaceutical,PR,0,1,0,0,0,0,0,0,,metastatic · squamous
NCT05804370,Gleolan for Visualization of Newly Diagnosed or Recurrent Ovarian Cancer (OVA-302),PHASE3,Phase 3,RECRUITING,170,NX Development Corp,NX Development,2,1,0,single_arm,1,gleolan,gleolan,,,,0,1,0,0,0,1,0,0,,recurrent · 1st-line
NCT05824975,"A Study to Evaluate the Safety and Therapeutic Activity of GI-102 As a Single Agent and in Combination with Conventional Anti-cancer Drugs, Pembrolizumab or Trastuzumab Deruxtecan(T-DXd) in Patients with Advanced Solid Tumors (KEYNOTE-G08)",PHASE1;PHASE2,Phase 2,RECRUITING,358,"GI Innovation, Inc.",GI Innovation,4,1,1,multi_experimental,7,,bevacizumab;doxorubicin;eribulin;gi-102;gi-102 subcutaneous (sc);paclitaxel;pembrolizumab;trastuzumab deruxtecan (t-dxd),CD80,Bispecific Antibody,,1,1,0,0,0,0,0,0,,metastatic · measurable (RECIST)
NCT05858736,"Safety, PK and Efficacy of AI-061 in Advanced Solid Tumors",PHASE1,Phase 1,COMPLETED,18,"OncoC4, Inc.",OncoC4,10,1,0,multi_experimental,3,ai-061,ai-061,PD-1,Bispecific Antibody,PD-L1,1,1,0,0,0,0,0,0,,metastatic · measurable (RECIST)
NCT05867251,Study of AVZO-021 in Patients With Advanced Solid Tumors,PHASE1;PHASE2,Phase 2,RECRUITING,430,"Avenzo Therapeutics, Inc.",Avenzo Therapeutics,4,1,0,multi_experimental,4,avzo-021,abemaciclib;avzo-021;carboplatin;fulvestrant;letrozole;palbociclib;ribociclib;sacituzumab govitecan-hziy,CDK2,Small Molecule,CCNE1;HER2;ctDNA,0,1,0,1,0,0,1,1,platinum-status,metastatic · 2nd-line+ · measurable (RECIST) · ECOG 0-1
NCT05872204,Abemaciclib and Letrozole in Patients With Estrogen Receptor-positive Rare Ovarian Cancer,PHASE2,Phase 2,RECRUITING,100,Universitaire Ziekenhuizen KU Leuven,Universitaire Ziekenhuizen KU Leuven,13,0,1,single_arm,1,abemaciclib;letrozole,abemaciclib;letrozole,ER,Small Molecule,ER;HER2,0,1,0,1,0,0,1,1,platinum-status,metastatic · 2nd-line+ · squamous · measurable (RECIST)
NCT05877599,A Study of NT-175 in Adult Participants With Advanced Malignancies That Are Positive for HLA-A*02:01 and the TP53 R175H Mutation,PHASE1,Phase 1,RECRUITING,45,AstraZeneca,AstraZeneca,780,1,1,single_arm,1,nt-175,nt-175,,Recombinant Protein,,0,1,0,0,0,0,0,0,,metastatic · adenoca.
NCT05887609,An Evaluation of Maintenance Therapy Combination Mirvetuximab Soravtansine and Olaparib,PHASE2,Phase 2,RECRUITING,53,"University of Colorado, Denver","University of Colorado, Denver",46,0,1,multi_experimental,2,mirvetuximab soravtansine-gynx;olaparib,mirvetuximab soravtansine-gynx;olaparib,PARP,Small Molecule,BRCA1;BRCA2,0,1,1,1,0,0,0,1,"BRCA/HRD+, platinum-status",metastatic · squamous · measurable (RECIST) · ECOG 0
NCT05891171,Study of AB598 Monotherapy and Combination Therapy in Participants With Advanced Cancers,PHASE1,Phase 1,ACTIVE_NOT_RECRUITING,40,"Arcus Biosciences, Inc.",Arcus Biosciences,21,1,0,multi_experimental,8,ab598,ab598;fluorouracil;leucovorin;oxaliplatin;zimberelimab,CD39,Monoclonal Antibody,HER2,1,1,0,0,0,0,0,0,,metastatic · adenoca. · measurable (RECIST)
NCT05902988,A Phase I/II Study of VLS-1488 in Subjects With Advanced Cancer,PHASE1;PHASE2,Phase 2,RECRUITING,200,"Volastra Therapeutics, Inc.",Volastra Therapeutics,3,1,0,multi_experimental,4,vls-1488,vls-1488,KIF18A,Small Molecule,MSI;MSI-H;dMMR,0,1,0,0,0,0,1,0,,metastatic · 2nd-line+ · adenoca. · measurable (RECIST)
NCT05920798,"Vaccine Therapy Plus Pembrolizumab in Treating Advanced Ovarian, Fallopian Tube, or Primary Peritoneal Cavity Cancer",PHASE1;PHASE2,Phase 2,ACTIVE_NOT_RECRUITING,38,Mayo Clinic,Mayo Clinic,31,0,0,single_arm,1,biopsy;biospecimen collection;computed tomography;magnetic resonance imaging;multi-epitope folate receptor alpha-loaded dendritic cell vaccine;pembrolizumab;pheresis,biopsy;biospecimen collection;computed tomography;magnetic resonance imaging;multi-epitope folate receptor alpha-loaded dendritic cell vaccine;pembrolizumab;pheresis,PD-1,Monoclonal Antibody,PD-L1,1,1,0,1,1,0,1,1,"platinum-status, PD-L1+",recurrent · 2nd-line+ · measurable (RECIST)
NCT05924776,Plasmodium Immunotherapy for Advanced Ovarian Cancer,PHASE2;PHASE3,Phase 3,NOT_YET_RECRUITING,30,"CAS Lamvac (Guangzhou) Biomedical Technology Co., Ltd.",CAS Lamvac (Guangzhou) Biomedical Technology,1,1,0,single_arm,1,plasmodium immunotherapy,plasmodium immunotherapy,,,,0,1,0,1,0,1,0,1,platinum-status,stage IV · 1st-line · measurable (RECIST) · ECOG 0-1
NCT05942300,CPI-0209 Plus Carboplatin in Patients With Platinum Sensitive Recurrent Ovarian Cancer,PHASE1,Phase 1,RECRUITING,30,Lan Coffman,Lan Coffman,1,0,1,multi_experimental,2,carboplatin;cpi-0209,carboplatin;cpi-0209,EZH2,Small Molecule,ARID1A;BAP1,0,1,1,1,0,0,0,1,"BRCA/HRD+, platinum-status",metastatic · squamous · measurable (RECIST)
NCT05952453,"Newly Diagnosed Stage III/IV Ovarian Cancer, Neoadjuvant Carbo/Taxol/Pembro, Maintenance Olaparib/Pembro",PHASE2,Phase 2,RECRUITING,20,University of Alabama at Birmingham,University of Alabama at Birmingham,65,0,1,single_arm,1,carboplatin;embro;olaparibp,carboplatin;embro;olaparibp,PARP,Small Molecule,BRCA;MET,0,1,0,0,0,0,1,0,,metastatic · 2nd-line+ · squamous
NCT05961124,Alternative Dosing Of Niraparib To Decrease Dose Interruption In First Line Maintenance Treatment For Ovarian Cancer,PHASE2,Phase 2,RECRUITING,40,Sunnybrook Health Sciences Centre,Sunnybrook Health Sciences Centre,26,0,1,single_arm,1,niraparib,niraparib,PARP,Small Molecule,BRCA1;BRCA2;HRD,0,1,1,0,0,0,0,1,BRCA/HRD+,metastatic · squamous · ECOG 0
NCT05973487,A Basket Study of Customized Autologous TCR-T Cell Therapies in Patients With Locally Advanced (Unresectable) or Metastatic Solid Tumors,PHASE1,Phase 1,ACTIVE_NOT_RECRUITING,840,"TScan Therapeutics, Inc.",TScan Therapeutics,1,1,0,multi_experimental,28,,tsc-200-a0201;tsc-200-a0201 + tsc-201-b0702;tsc-200-a0201 + tsc-202-a0201;tsc-200-a0201 + tsc-203-a0201;tsc-200-a0201 + tsc-204-a0101;tsc-201-b0702;tsc-201-b0702 + tsc-202-a0201;tsc-202-a0201;tsc-203-a0201;tsc-203-a0201 + tsc-201-b0702;tsc-203-a0201 + tsc-202-a0201;tsc-203-a0201 + tsc-204-a0101;tsc-204-a0101;tsc-204-a0101 + tsc-202-a0201;tsc-204-a0201;tsc-204-a0201 + tsc-200-a0201;tsc-204-a0201 + tsc-201-b0702;tsc-204-a0201 + tsc-202-a0201;tsc-204-a0201 + tsc-203-a0201;tsc-204-a0201 + tsc-204-a0101;tsc-204-a0201 + tsc-204-c0702;tsc-204-c0702;tsc-204-c0702 + tsc-200-a0201;tsc-204-c0702 + tsc-201-b0702;tsc-204-c0702 + tsc-202-a0201;tsc-204-c0702 + tsc-203-a0201;tsc-204-c0702 + tsc-204-a0101,,Cell Therapy,genomic,1,1,0,0,0,0,0,0,,metastatic · small-cell · measurable (RECIST)
NCT05983276,Decitabine and Selinexor in Combination to Reverse Drug Resistance With Standard Chemotherapy in Ovarian Cancer,PHASE2,Phase 2,RECRUITING,40,Loyola University,Loyola University,12,0,0,single_arm,1,carboplatin;decitabine;paclitaxel;selinexor,carboplatin;decitabine;paclitaxel;selinexor,DNMT1,Small Molecule,DNA,0,1,0,0,0,0,1,0,,metastatic · 2nd-line+ · measurable (RECIST)
NCT05983432,Evaluate BL-B01D1 in Patients With Metastatic or Unresectable Non-Small Cell Lung Cancer (NSCLC) and Other Solid Tumors,PHASE1,Phase 1,RECRUITING,470,SystImmune Inc.,SystImmune,7,1,0,multi_experimental,2,bl-b01d1,bl-b01d1,EGFR/HER3,ADC,ALK;EGFR;HER2;MET;PD-L1;ROS1;genomic,1,1,1,1,1,0,1,1,"BRCA/HRD+, platinum-status, PD-L1+",metastatic · 2nd-line+ · adenoca. · measurable (RECIST) · ECOG 0-1
NCT05985655,Study to Assess GTAEXS617 in Participants With Advanced Solid Tumors,PHASE1;PHASE2,Phase 2,RECRUITING,230,"Exscientia AI Ltd., a wholly owned subsidiary of Recursion Pharmaceuticals, Inc.","Exscientia AI Ltd., a wholly owned subsidiary of Recursion Pharmaceuticals",3,1,0,multi_experimental,4,gtaexs617,gtaexs617;soc,CDK7,Small Molecule,HER2,0,1,0,1,0,0,1,1,platinum-status,metastatic · 2nd-line+ · adenoca.
NCT06003231,A Study of Disitamab Vedotin in Previously Treated Solid Tumors That Express HER2,PHASE2,Phase 2,ACTIVE_NOT_RECRUITING,120,"Seagen, a wholly owned subsidiary of Pfizer",Pfizer,687,1,1,multi_experimental,4,disitamab vedotin,disitamab vedotin,HER2,ADC,HER2,1,1,1,1,0,0,1,1,"BRCA/HRD+, platinum-status",metastatic · 2nd-line+ · adenoca. · measurable (RECIST)
NCT06010875,A Clinical Research About CD70-targeted CAR-T in the Treatment of CD70-positive Advanced/Metastatic Solid Tumors,PHASE1,Phase 1,RECRUITING,48,"Chongqing Precision Biotech Co., Ltd",Chongqing Precision Biotech,41,1,0,multi_experimental,2,cd70 car-t cells,cd70 car-t cells,CD70,CAR-T,CD70,1,1,0,0,0,0,0,0,,metastatic · measurable (RECIST) · ECOG 0
NCT06014190,HS-20089 in Patients With Ovarian Cancer and Endometrial Cancer,PHASE2,Phase 2,RECRUITING,460,Hansoh BioMedical R&D Company,Hansoh,82,1,0,multi_experimental,6,hs-20089,hs-20089,B7-H4,Cell Therapy,,1,1,0,0,0,0,0,0,,metastatic · measurable (RECIST)
NCT06014528,IN10018 in Combination With Pegylated Liposomal Doxorubicin (PLD) vs. Placebo in Combination With PLD for the Treatment of Platinum-resistant Recurrent Ovarian Cancer,PHASE2,Phase 2,RECRUITING,168,"InxMed (Shanghai) Co., Ltd.",InxMed (Shanghai),13,1,0,placebo_comparator,2,pegylated liposomal doxorubicin;placebo of in10018,in10018;pegylated liposomal doxorubicin,FAK,Small Molecule,KRAS,0,1,0,1,0,1,1,1,platinum-status,metastatic · 1st-line · measurable (RECIST)
NCT06023862,A Three-arm Randomized Phase II Study of Dostarlimab Alone or With Bevacizumab Versus Nonplatinum Chemotherapy in Recurrent Gynecological Clear Cell Carcinoma: DOVE (APGOT-OV7/ ENGOT-ov80 Study),PHASE2,Phase 2,RECRUITING,198,Yonsei University,Yonsei University,10,0,1,active_comparator,3,doxorubicin;gemcitabine;paclitaxel;pegylated liposomal doxorubicin,bevacizumab;dostarlimab,PD-1,Monoclonal Antibody,MSI-H;PD-L1;dMMR,1,1,0,0,1,0,1,1,PD-L1+,metastatic · 2nd-line+ · measurable (RECIST)
NCT06028932,A Study of Sacituzumab Govitecan (IMMU-132) in Platinum-resistant Ovarian Cancer Patients,PHASE2,Phase 2,ACTIVE_NOT_RECRUITING,20,Yale University,Yale University,65,0,1,single_arm,1,sacituzumab govitecan,sacituzumab govitecan,TROP2,ADC,TROP2;biomarker,1,1,0,1,0,0,1,1,platinum-status,metastatic · 2nd-line+ · measurable (RECIST)
NCT06051695,"A Study to Evaluate the Safety and Efficacy of Mesothelin-Targeting Logic-gated CAR T, in Participants With Solid Tumors That Express MSLN and Have Lost HLA-A*02 Expression",PHASE1;PHASE2,Phase 2,RECRUITING,474,A2 Biotherapeutics Inc.,A2 Biotherapeutics,3,1,0,multi_experimental,2,diagnostic test: xt cdx with hla-loh assay,a2b543;a2b694;diagnostic test: xt cdx with hla-loh assay,MSLN,CAR-T,MSLN,1,1,0,0,0,0,0,0,,metastatic · measurable (RECIST)
NCT06072781,A Study of Avutometinib (VS-6766) + Defactinib (VS-6063) in Recurrent Low-Grade Serous Ovarian Cancer,PHASE3,Phase 3,RECRUITING,270,"Verastem, Inc.",Verastem,25,1,0,active_comparator,2,anastrozole;letrozole;paclitaxel;pegylated liposomal doxorubicin,avutometinib;defactinib,MEK,Small Molecule,BRAF;KRAS,0,1,0,0,0,0,0,0,,metastatic · measurable (RECIST)
NCT06084416,A Study of Sovilnesib in Subjects With Ovarian Cancer,PHASE1,Phase 1,ACTIVE_NOT_RECRUITING,120,"Volastra Therapeutics, Inc.",Volastra Therapeutics,3,1,0,multi_experimental,4,sovilnesib,sovilnesib,KIF18A,Small Molecule,MSI;MSI-H;dMMR,0,1,0,1,0,0,1,1,platinum-status,metastatic · 2nd-line+ · measurable (RECIST)
NCT06084481,Study to Assess Adverse Events and Change in Disease Activity in Adult Participants With Select Advanced Solid Tumor Indications Receiving Intravenous (IV) ABBV-400,PHASE1,Phase 1,RECRUITING,325,AbbVie,AbbVie,274,1,1,multi_experimental,10,abbv-400,abbv-400;bevacizumab;itraconazole (itz),HER2,,HER2,0,1,0,1,0,0,0,1,platinum-status,metastatic · adenoca. · measurable (RECIST)
NCT06172478,A Study of HER3-DXd in Subjects With Locally Advanced or Metastatic Solid Tumors,PHASE2,Phase 2,RECRUITING,740,Daiichi Sankyo,Daiichi Sankyo,178,1,1,single_arm,1,her3-dxd,her3-dxd,HER3,ADC,ALK;BRAF;CLDN18.2;ER;HER2;HER3;KRAS;MET;MMR;MSI;NTRK;PD-L1;RET;ROS1;genomic,1,1,0,0,1,1,1,1,PD-L1+,metastatic · 1st-line · adenoca. · measurable (RECIST) · ECOG 0
NCT06188520,"A First-in-human Dose Escalation and Expansion Study to Evaluate the Safety, and Tolerability of AZD8421 Alone or in Combination in Participants With Selected Advanced or Metastatic Solid Tumors",PHASE1;PHASE2,Phase 2,RECRUITING,564,AstraZeneca,AstraZeneca,780,1,1,multi_experimental,2,azd8421,abemaciclib;azd8421;camizestrant;palbociclib;ribociclib,CDK2,Small Molecule,CCNE1;ER;HER2;RB-DEFICIENT,0,1,0,0,0,0,1,0,,metastatic · 2nd-line+ · measurable (RECIST)
NCT06215950,A Clinical Research About CD70-targeted CAR-T in the Treatment of CD70-positive Advanced/Metastatic Gynecologic Cancer,PHASE1,Phase 1,RECRUITING,36,"Chongqing Precision Biotech Co., Ltd",Chongqing Precision Biotech,41,1,0,multi_experimental,2,cd70 car-t cells,cd70 car-t cells,CD70,CAR-T,CD70,1,1,0,0,0,0,0,0,,metastatic · measurable (RECIST) · ECOG 0
NCT06234423,A Study of CUSP06 in Patients With Platinum-Refractory/Resistant Ovarian Cancer and Other Advanced Solid Tumors,PHASE1,Phase 1,RECRUITING,263,"OnCusp Therapeutics, Inc.",OnCusp Therapeutics,1,1,0,multi_experimental,3,cusp06,cusp06,CDH6,ADC,CDH6,1,1,0,0,0,0,1,0,,metastatic · 2nd-line+ · squamous · measurable (RECIST)
NCT06238479,"A Study of LY4101174 in Participants With Recurrent, Advanced or Metastatic Solid Tumors",PHASE1,Phase 1,ACTIVE_NOT_RECRUITING,490,Eli Lilly and Company,Eli Lilly,535,1,1,multi_experimental,3,ly4101174,ly4101174,NECTIN4,ADC,NECTIN-4,1,1,0,0,0,0,0,0,,metastatic · squamous · measurable (RECIST)
NCT06242470,A Study of MGC026 in Participants With Advanced Solid Tumors,PHASE1,Phase 1,RECRUITING,250,MacroGenics,MacroGenics,29,1,0,multi_experimental,12,,mgc026 dose escalation;mgc026 dose for expansion,,,,0,1,0,0,0,0,0,0,,metastatic · squamous · measurable (RECIST)
NCT06251947,Efbemalenograstim Alfa Injection for Ovarian or Cervical Cancer Receiving Chemotherapy Regimen,PHASE2,Phase 2,RECRUITING,83,Shandong University,Shandong University,3,0,0,single_arm,1,efbemalenograstim alfa,efbemalenograstim alfa,G-CSF,Small Molecule,,0,1,0,0,0,1,0,0,,metastatic · 1st-line · ECOG 2
NCT06257264,A Study to Examine the Safety of Different Doses of BG-68501 Given to Participants With Advanced-Stage Tumors,PHASE1,Phase 1,ACTIVE_NOT_RECRUITING,103,BeiGene,BeiGene/BeOne,149,1,1,multi_experimental,5,bg-68501,bg-68501;bgb-43395;fulvestrant,CDK2,Small Molecule,HER2,0,1,0,1,0,0,1,1,platinum-status,metastatic · 2nd-line+ · adenoca. · measurable (RECIST)
NCT06276491,"Phase 1, Safety and Tolerability Study of XmAb541 in Advanced Solid Tumors",PHASE1,Phase 1,RECRUITING,282,"Xencor, Inc.",Xencor,19,1,0,single_arm,1,xmab541,xmab541,CD33,Monoclonal Antibody,,1,1,0,0,0,0,0,0,,metastatic · adenoca.
NCT06293898,Open Label Study to Evaluate BL-M07D1 in HER2 Expressing Malignant Solid Tumors,PHASE1,Phase 1,RECRUITING,280,SystImmune Inc.,SystImmune,7,1,0,multi_experimental,3,bl-m07d1,bl-m07d1,HER2,ADC,HER2;MET;PD-L1,1,1,0,0,1,0,1,1,PD-L1+,metastatic · 2nd-line+ · squamous · measurable (RECIST) · ECOG 0-1
NCT06303505,"FiH Study to Investigate Safety, PK and Efficacy of the NaPi2b ADC TUB-040 in Patients With PROC or r/r Adenocarcinoma NSCLC",PHASE1;PHASE2,Phase 2,RECRUITING,250,Tubulis GmbH,Tubulis,5,1,0,multi_experimental,3,tub-040,tub-040,NaPi2b,ADC,NAPI2B;biomarker,1,1,0,0,0,0,0,0,,recurrent · measurable (RECIST) · ECOG 0-1
NCT06334432,Safety and Efficacy Study of NUV-1511 in Adult Patients With Advanced Solid Tumors,PHASE1;PHASE2,Phase 2,ACTIVE_NOT_RECRUITING,466,Nuvation Bio Inc.,Nuvation,16,1,0,multi_experimental,5,nuv-1511,nuv-1511,,Small Molecule,HER2,0,1,0,1,0,0,1,1,platinum-status,metastatic · 2nd-line+ · adenoca. · measurable (RECIST)
NCT06337084,Diagnostic Efficacy and Dosimetry of MNPR-101-DFO*-89Zr in Patients With Solid Tumors,PHASE1,Phase 1,ACTIVE_NOT_RECRUITING,12,Monopar Therapeutics,Monopar Therapeutics,3,1,0,single_arm,1,diagnostic test: pet/ct diagnostic imaging;mnpr-101-dfo*-89zr,diagnostic test: pet/ct diagnostic imaging;mnpr-101-dfo*-89zr,,Radiopharmaceutical,,0,1,0,0,0,0,0,0,,metastatic · measurable (RECIST)
NCT06365853,A Study of Ocular Toxicity Evaluation and Mitigation During Treatment With Mirvetuximab Soravtansine in Participants With Recurrent Ovarian Cancer With High Folate Receptor-Alpha Expression,PHASE2,Phase 2,ACTIVE_NOT_RECRUITING,108,AbbVie,AbbVie,274,1,1,multi_experimental,2,lubricating eye drops;mirvetuximab soravtansine,brimonidine tartrate ophthalmic solution eye drops;lubricating eye drops;mirvetuximab soravtansine;prednisolone acetate ophthalmic suspension 1% eye drops,FOLR1,ADC,FOLR1;PR,1,1,1,1,0,1,1,1,"BRCA/HRD+, platinum-status",recurrent · 1st-line
NCT06366490,Safety and Immunogenicity of Innocell Autologous Cellular Immunotherapy for Recurrent Epithelial Ovarian Cancer,PHASE1,Phase 1,RECRUITING,8,"PhotonPharma, Inc.",PhotonPharma,1,1,0,single_arm,1,innocell autologous cellular immunotherapy,innocell autologous cellular immunotherapy,,Cell Therapy,,1,1,1,0,0,0,0,1,BRCA/HRD+,advanced · squamous
NCT06380660,Study of ACE-86225106 to Treat Patients With Advanced Solid Tumors,PHASE1;PHASE2,Phase 2,ACTIVE_NOT_RECRUITING,298,Acerand Therapeutics (Shanghai) Limited,Acerand Therapeutics (Shanghai),1,1,0,single_arm,1,ace-86225106 tablet,ace-86225106 tablet,PARP,Small Molecule,BRCA1;BRCA2;CDK12;HRR;PALB2,0,1,1,0,0,0,0,1,BRCA/HRD+,metastatic · measurable (RECIST)
NCT06380816,A Phase I/II Trial of UCB4594 in Participants With Advanced Cancer,PHASE1;PHASE2,Phase 2,RECRUITING,167,Cancer Research UK,Cancer Research UK,16,0,0,multi_experimental,2,ucb4594,ucb4594,,,,0,1,0,0,0,0,1,0,,metastatic · 2nd-line+ · squamous · measurable (RECIST)
NCT06390995,A Study of TAK-853 in Adult Participants With Folate Receptor Alpha-Positive Advanced Ovarian Cancer And Other Solid Tumors,PHASE1;PHASE2,Phase 2,ACTIVE_NOT_RECRUITING,28,Takeda,Takeda,82,1,1,single_arm,1,tak-853,tak-853,FRα,ADC,Folate Receptor Alpha;PR,1,1,0,1,0,1,1,1,platinum-status,metastatic · 1st-line · adenoca. · measurable (RECIST) · ECOG 0
NCT06394492,SHR-A1921 for Injection in Patients With Platinum-Resistant Recurrent Epithelial Ovarian Cancer,PHASE3,Phase 3,RECRUITING,440,"Suzhou Suncadia Biopharmaceuticals Co., Ltd.",Suzhou Suncadia Biopharmaceuticals,86,1,0,active_comparator,2,doxorubicin;paclitaxel;topotecan,shr-a1921,TROP2,ADC,HER2;TROP2,1,1,0,1,0,0,0,1,platinum-status,measurable (RECIST) · ECOG 0-1
NCT06394804,"A Study of Avutometinib, Defactinib, and Letrozole in People With Low-Grade Serous Ovarian Cancer",PHASE2,Phase 2,RECRUITING,20,Memorial Sloan Kettering Cancer Center,Memorial Sloan Kettering Cancer Center,411,0,0,single_arm,1,avutometinib;defactinib;letrozole,avutometinib;defactinib;letrozole,MEK,Small Molecule,BRAF;KRAS;MET,0,1,0,0,0,0,0,0,,metastatic · measurable (RECIST)
NCT06395519,A Study of PARG Inhibitor ETX-19477 in Patients With Advanced Solid Malignancies,PHASE1;PHASE2,Phase 2,RECRUITING,120,"858 Therapeutics, Inc.",858 Therapeutics,1,1,0,multi_experimental,2,etx-19477,etx-19477,PARG,Small Molecule,,0,1,0,0,0,0,0,0,,metastatic · squamous · measurable (RECIST)
NCT06399757,A Study to Investigate APL-5125 in Adults With Advanced Solid Tumors,PHASE1;PHASE2,Phase 2,ACTIVE_NOT_RECRUITING,100,Apollo Therapeutics Ltd,Apollo Therapeutics,2,1,0,multi_experimental,2,apl-5125,apl-5125,,,KRAS,0,1,0,0,0,0,0,0,,metastatic · adenoca. · ECOG 1
NCT06400472,A Study of Sofe-M in Participants With Selected Advanced Solid Tumors,PHASE1,Phase 1,RECRUITING,575,Eli Lilly and Company,Eli Lilly,535,1,1,multi_experimental,11,sofe-m,bevacizumab;carboplatin;itraconazole;pembrolizumab;sofe-m,VEGF/VEGFR,Monoclonal Antibody,,1,1,0,0,0,0,0,0,,metastatic · small-cell
NCT06433219,Tuvusertib Combined With Niraparib or Lartesertib in Participants With Epithelial Ovarian Cancer (DDRiver EOC 302),PHASE2,Phase 2,COMPLETED,63,"EMD Serono Research & Development Institute, Inc.",Merck KGaA,166,1,1,multi_experimental,5,tuvusertib (m1774),lartesertib (m4076);niraparib;tuvusertib (m1774),ATR,Small Molecule,BRCA;HRD,0,1,1,1,0,1,1,1,"BRCA/HRD+, platinum-status",metastatic · 1st-line · measurable (RECIST)
NCT06434610,A Study of B013 in Combination With Paclitaxel in Patients With Platinum-resistant Recurrent Ovarian Cancer.,PHASE2,Phase 2,RECRUITING,90,"Shanghai Jiaolian Drug Research and Development Co., Ltd",Shanghai Jiaolian Drug Research and Development,2,1,0,placebo_comparator,2,paclitaxel,b013;paclitaxel,,,,0,1,0,0,0,0,0,0,,metastatic
NCT06437353,Surufatinib Combined With Carboplatin/Paclitaxel and Surufatinib Combined With Olaparib as First-line and Maintenance Therapy for Newly Diagnosed High-risk Ovarian Cancer,PHASE2,Phase 2,RECRUITING,74,Anhui Provincial Cancer Hospital,Anhui Provincial Cancer Hospital,1,0,0,single_arm,1,paclitaxel,paclitaxel,Tubulin,Small Molecule,,0,1,0,0,0,0,0,0,,metastatic
NCT06451497,"This is a Phase 1 Trial of ZM008, an Anti-LLT1 Antibody, Used as Single Agent Followed by Combination Treatment With Toripalimab in Patients With Advanced Solid Tumors",PHASE1,Phase 1,RECRUITING,100,Zumutor Biologics Inc.,Zumutor Biologics,1,1,0,single_arm,1,zm008,zm008,LLT1,Monoclonal Antibody,,1,1,0,0,0,0,1,0,,metastatic · 2nd-line+ · adenoca. · measurable (RECIST)
NCT06465069,A Study of LY4052031 in Participants With Advanced or Metastatic Urothelial Cancer or Other Solid Tumors,PHASE1,Phase 1,RECRUITING,420,Eli Lilly and Company,Eli Lilly,535,1,1,multi_experimental,3,ly4052031,ly4052031,NECTIN4,ADC,NECTIN-4,1,1,0,0,0,0,0,0,,metastatic · squamous · measurable (RECIST)
NCT06469281,"A Study to Learn if 27T51, a Mucin-16 (MUC16) Protein Targeting Immune Cell Therapy, Administered Alone or in Combination is Safe and How Well it Works for Adult Participants With Recurrent or Treatment Resistant Ovarian Cancers",PHASE1,Phase 1,RECRUITING,90,Regeneron Pharmaceuticals,Regeneron,95,1,1,multi_experimental,4,27t51,27t51;bevacizumab;cemiplimab,PD-1,Monoclonal Antibody,,1,1,0,0,0,0,1,0,,recurrent · 2nd-line+ · measurable (RECIST)
NCT06476808,"A Study to Evaluate the Safety, Tolerability, and Efficacy of Escalating Doses of BMS-986463 in Participants With Select Advanced Malignant Tumors.",PHASE1,Phase 1,RECRUITING,240,Bristol-Myers Squibb,Bristol Myers Squibb,764,1,1,multi_experimental,2,bms-986463,bms-986463,PD-1,Monoclonal Antibody,PD-L1,1,1,0,0,0,0,0,0,,metastatic
NCT06494150,Nab-Sirolimus and Endocrine Therapy in Recurrent Low Grade Serous Ovarian Cancer (NARETO),PHASE2,Phase 2,ACTIVE_NOT_RECRUITING,37,University of Oklahoma,University of Oklahoma,23,0,0,single_arm,1,fulvestrant;nab-sirolimus,fulvestrant;nab-sirolimus,mTOR,Small Molecule,,0,1,0,0,0,0,0,0,,metastatic · measurable (RECIST)
NCT06504147,"A Study of Radspherin® in Patients With Primary Advanced Epithelial Cancer, With Peritoneal Metastasis That Are Homologous Recombination Proficient Scheduled to Undergo Neoadjuvant Chemotherapy and Interval Debulking Surgery",PHASE2,Phase 2,RECRUITING,114,Oncoinvent Solutions AS,Oncoinvent Solutions AS,3,1,0,multi_experimental,2,radspherin,radspherin,,Radiopharmaceutical,,0,1,0,0,0,0,0,0,,metastatic
NCT06515613,A Phase 1 Study of CTIM-76 in Patients With Recurring Ovarian Cancer and Other Advanced Solid Tumors,PHASE1,Phase 1,RECRUITING,156,Context Therapeutics Inc.,Context Therapeutics,5,1,0,single_arm,1,ctim-76,ctim-76,CLDN6,Bispecific Antibody,,1,1,0,1,0,0,1,1,platinum-status,metastatic · 2nd-line+ · measurable (RECIST) · ECOG 0-1
NCT06522828,A Study to Evaluate SSGJ-707 in Advanced Gynecologic Cancer Patients,PHASE2,Phase 2,RECRUITING,80,"Sunshine Guojian Pharmaceutical (Shanghai) Co., Ltd.",Sunshine Guojian Pharmaceutical (Shanghai),12,1,0,multi_experimental,4,paclitaxel;ssgj-707,carboplatin;paclitaxel;ssgj-707,PD-1,Bispecific Antibody,PD-L1,1,1,0,1,0,0,0,1,platinum-status,metastatic
NCT06531486,A Study of XS-02 Capsules in Patients With Advanced Solid Tumors,PHASE1;PHASE2,Phase 2,NOT_YET_RECRUITING,96,"NovaOnco Therapeutics Co., Ltd.",NovaOnco Therapeutics,3,1,0,single_arm,1,xs-02 capsules,xs-02 capsules,,,,0,1,0,1,0,0,1,1,platinum-status,metastatic · 2nd-line+ · squamous · measurable (RECIST) · ECOG 0-1
NCT06545942,Study of Orally Administered MOMA-313 in Participants With Advanced or Metastatic Solid Tumors,PHASE1,Phase 1,RECRUITING,220,MOMA Therapeutics,MOMA Therapeutics,2,1,0,multi_experimental,2,moma-313,moma-313;olaparib,Polθ,Small Molecule,MET,0,1,0,0,0,0,1,0,,metastatic · 2nd-line+ · adenoca. · measurable (RECIST) · ECOG 2
NCT06547840,A Study of MOv18 IgE in Patients With Solid Tumours That Express Folate Receptor Alpha,PHASE1,Phase 1,RECRUITING,45,Epsilogen Ltd,Epsilogen,1,1,0,single_arm,1,mov18 ige,mov18 ige,FOLR1,Monoclonal Antibody,ER;Folate Receptor Alpha;HER2,1,1,0,1,0,0,0,1,platinum-status,metastatic · squamous · measurable (RECIST)
NCT06560112,"An Exploratory, Multi-cohort Phase II Study of Combination Therapy With AK104 and AK112 for Recurrent Ovarian Cancer",PHASE2,Phase 2,RECRUITING,172,Akeso,Akeso,103,1,0,multi_experimental,4,,ak104;ak112,PD-1,Bispecific Antibody,PD-L1,1,1,0,1,0,0,1,1,platinum-status,metastatic · 2nd-line+ · measurable (RECIST) · ECOG 0
NCT06582017,"Safety, PK and Efficacy of QXL138AM in Patients With Solid Tumors and Multiple Myeloma",PHASE1,Phase 1,RECRUITING,100,Nammi Therapeutics Inc,Nammi Therapeutics,1,1,0,multi_experimental,4,qxl138am injection every 2 weeks by iv infusion,qxl138am injection every 2 weeks by iv infusion,,Recombinant Protein,,0,1,0,0,0,0,0,0,,metastatic · measurable (RECIST)
NCT06586957,A Study With NKT3964 for Adults With Advanced/Metastatic Solid Tumors,PHASE1,Phase 1,RECRUITING,150,"NiKang Therapeutics, Inc.",NiKang Therapeutics,5,1,0,multi_experimental,2,nkt3964,nkt3964,CDK2,Small Molecule,HER2,0,1,0,0,0,0,1,0,,metastatic · 2nd-line+ · adenoca.
NCT06594679,A Study of Niraparib in Combination With Abemaciclib for Late Line Treatment of Ovarian Cancer (NICHOL TRIAL),PHASE1;PHASE2,Phase 2,RECRUITING,73,"Fondazione IRCCS Istituto Nazionale dei Tumori, Milano","Fondazione IRCCS Istituto Nazionale dei Tumori, Milano",8,0,1,single_arm,1,niraparib tosylate monohydrate,niraparib tosylate monohydrate,PARP,Small Molecule,BRCA;HRD,0,1,1,1,0,0,0,1,"BRCA/HRD+, platinum-status",metastatic · squamous · measurable (RECIST)
NCT06617169,Dose-Escalation of MNPR-101-PCTA-177Lu in Solid Tumors,PHASE1,Phase 1,ACTIVE_NOT_RECRUITING,12,Monopar Therapeutics,Monopar Therapeutics,3,1,0,multi_experimental,5,mnpr-101-pcta-177lu,mnpr-101-pcta-177lu,,Radiopharmaceutical,,0,1,0,0,0,0,0,0,,metastatic
NCT06618235,Trial of THEO-260 in Ovarian Cancer Patients,PHASE1;PHASE2,Phase 2,RECRUITING,44,Theolytics Limited,Theolytics,2,1,0,single_arm,1,theo-260,theo-260,,Oncolytic Virus,,1,1,0,1,0,1,1,1,platinum-status,metastatic · 1st-line · measurable (RECIST)
NCT06619236,Study to Assess the Efficacy of Rina-S Compared to Treatment of Investigator's Choice in Participants With Platinum Resistant Ovarian Cancer,PHASE3,Phase 3,ACTIVE_NOT_RECRUITING,530,Genmab,Genmab,65,1,1,active_comparator,2,gemcitabine;paclitaxel;pegylated liposomal doxorubicin (pld);topotecan,rina-s,FRα,ADC,PR,1,1,1,1,0,1,1,1,"BRCA/HRD+, platinum-status",metastatic · 1st-line · ductal · measurable (RECIST)
NCT06620029,"BMX-001 + Paclitaxel in Adult Patients With Advanced, Recurrent, Metastatic Ovarian or Endometrial Cancer",PHASE1;PHASE2,Phase 2,NOT_YET_RECRUITING,27,"BioMimetix JV, LLC",BioMimetix JV,5,1,0,single_arm,1,bmx-001;paclitaxel (taxol),bmx-001;paclitaxel (taxol),,,biomarker,0,1,0,0,0,0,0,0,,metastatic · measurable (RECIST) · ECOG 0-1
NCT06650709,NEoadjuvant Olaparib Combination OvArian Cancer Targeted Study,PHASE2,Phase 2,NOT_YET_RECRUITING,40,British Columbia Cancer Agency,British Columbia Cancer Agency,21,0,1,single_arm,1,bevacizumab;durvalumab;olaparib,bevacizumab;durvalumab;olaparib,PARP,Small Molecule,BRCA1;BRCA2;PD-L1,0,1,0,0,1,0,0,1,PD-L1+,metastatic · ductal · measurable (RECIST)
NCT06652529,Phase 1 Dose Escalation and Expansion to Evaluate AROG4-01 in Patients With Advanced Solid Tumors,PHASE1,Phase 1,NOT_YET_RECRUITING,35,Aromics Therapeutics,Aromics Therapeutics,1,1,0,single_arm,1,arog4-01,arog4-01,G-quadruplexes,Small Molecule,,0,1,0,0,0,0,0,0,,metastatic · measurable (RECIST)
NCT06666270,Study of SYN818 for the Treatment of Advanced or Metastatic Solid Tumors,PHASE1,Phase 1,RECRUITING,30,"Hangzhou SynRx Therapeutics Biomedical Technology Co., Ltd",Hangzhou SynRx Therapeutics Biomedical Technology,3,1,0,single_arm,1,syn818,syn818,POLQ,Small Molecule,,0,1,1,0,0,0,1,1,BRCA/HRD+,metastatic · 2nd-line+ · squamous · measurable (RECIST)
NCT06677190,Belzutifan in Recurrent Clear Cell Carcinoma of Gynecologic Origin,PHASE2,Phase 2,RECRUITING,32,Dana-Farber Cancer Institute,Dana-Farber Cancer Institute,326,0,1,single_arm,1,belzutifan,belzutifan,HIF-2α,Small Molecule,HIF-2α;VHL,0,1,0,0,0,0,0,0,,metastatic · measurable (RECIST)
NCT06682572,A Study of Avutometinib + Defactinib in Recurrent Low-Grade Serous Ovarian Cancer in Japanese Patients,PHASE2,Phase 2,ACTIVE_NOT_RECRUITING,16,"Verastem, Inc.",Verastem,25,1,0,single_arm,1,avutometinib (vs-6766) + defactinib (vs-6063),avutometinib (vs-6766) + defactinib (vs-6063),BRAF,Small Molecule,BRAF;KRAS,0,1,0,0,0,0,0,0,,metastatic · measurable (RECIST)
NCT06682988,"A Study to Assess Adverse Events and Change in Disease Activity in Participants With Platinum-Resistant Advanced High-Grade Epithelial Ovarian, Primary Peritoneal, or Fallopian Tube Cancers With High Folate Receptor-Alpha Expression Treated With Intravenously (IV) Infused Mirvetuximab Soravtansine",PHASE2,Phase 2,RECRUITING,110,AbbVie,AbbVie,274,1,1,multi_experimental,3,mirvetuximab soravtansine,mirvetuximab soravtansine,FOLR1,ADC,FOLR1;PR,1,1,0,1,0,1,1,1,platinum-status,1st-line · measurable (RECIST) · ECOG 0
NCT06686030,Combination Therapy of AK112 With Chemotherapy and/or Olaparib in Platinum-sensitive Ovarian Cancer,PHASE2,Phase 2,RECRUITING,150,Akeso,Akeso,103,1,0,multi_experimental,5,,ak112 high dose;ak112 low dose;olaparib,PD-1,Bispecific Antibody,PD-L1,1,1,1,0,0,0,0,1,BRCA/HRD+,metastatic · measurable (RECIST) · ECOG 0
NCT06687070,APG-2449 Monotherapy or in Combination With PLD in Patients With Platinum-resistant Recurrent OC or Advanced ST,PHASE1,Phase 1,RECRUITING,90,Ascentage Pharma Group Inc.,Ascentage Pharma,45,1,0,multi_experimental,2,apg -2449,apg -2449;pld,FAK,Small Molecule,ALK;ROS1,0,1,0,0,0,0,0,0,,metastatic · small-cell · ECOG 0
NCT06690775,CATALINA-2: A Clinical Study of TORL-1-23 in Platinum-resistant Ovarian Cancer.,PHASE2,Phase 2,RECRUITING,230,"TORL Biotherapeutics, LLC",TORL Biotherapeutics,8,1,0,multi_experimental,3,pegfilgrastim (drug);torl-1-23,pegfilgrastim (drug);torl-1-23,CLDN6,ADC,Claudin 6;PR,1,1,0,1,0,1,1,1,platinum-status,metastatic · 1st-line · squamous · measurable (RECIST)
NCT06695845,A Phase 2 Study of Zanidatamab in Patients With HER2-expressing Tumors,PHASE2,Phase 2,RECRUITING,200,Jazz Pharmaceuticals,Jazz Pharmaceuticals,59,1,0,single_arm,1,zanidatamab,zanidatamab,HER2,Bispecific Antibody,ALK;BRAF;EGFR;HER2;KRAS;MET;ROS1,1,1,0,0,0,0,0,0,,metastatic · small-cell · measurable (RECIST)
NCT06710288,"A Phase 2, Open-label, Single-arm Study Of Autologous M-CENK Adoptive Cell Therapy And N-803 (IL-15 Superagonist) In Combination With Gemcitabine In Participants With Recurrent Platinum-Resistant High-Grade Ovarian Cancer",PHASE2,Phase 2,RECRUITING,20,"ImmunityBio, Inc.",ImmunityBio,63,1,0,single_arm,1,gemcitabine;m-cenk;n-803,gemcitabine;m-cenk;n-803,IL-15,,,0,1,0,1,0,0,0,1,platinum-status,metastatic · squamous · measurable (RECIST)
NCT06710756,Lead-212 PSV359 Therapy for Patients With Solid Tumors,PHASE1;PHASE2,Phase 2,RECRUITING,112,Perspective Therapeutics,Perspective Therapeutics,4,1,0,multi_experimental,2,[203pb]pb-psv359;[212pb]pb-psv359,[203pb]pb-psv359;[212pb]pb-psv359,FAP,Radiopharmaceutical,FAP,0,1,0,0,0,0,0,0,,metastatic · ECOG 0-1
NCT06714617,Evaluate BL-M17D1 in Patients w/HER2-Expressing/Mutant Advanced or Metastatic Solid Tumors,PHASE1,Phase 1,ACTIVE_NOT_RECRUITING,120,SystImmune Inc.,SystImmune,7,1,0,multi_experimental,3,bl-m17d1,bl-m17d1,HER2,ADC,HER2;MET,1,1,0,0,0,0,1,0,,metastatic · 2nd-line+ · squamous · measurable (RECIST) · ECOG 0-1
NCT06724263,"A Multicenter, Open-label Phase IIa Clinical Study to Evaluate the Efficacy and Safety of B1962 Injection in the Treatment of Advanced Malignant Solid Tumors",PHASE2,Phase 2,NOT_YET_RECRUITING,120,"Tasly Biopharmaceuticals Co., Ltd.",Tasly Biopharmaceuticals,3,1,0,single_arm,1,b1962,b1962,,,ER;PD-L1;PR,0,1,0,1,1,1,0,1,"platinum-status, PD-L1+",metastatic · 1st-line · squamous · measurable (RECIST)
NCT06730347,A Study of Lorigerlimab in Participants With Advanced Solid Tumors,PHASE2,Phase 2,RECRUITING,80,MacroGenics,MacroGenics,29,1,0,multi_experimental,4,lorigerlimab,lorigerlimab,PD-1,Bispecific Antibody,PD-L1;PR,1,1,1,1,1,1,1,1,"BRCA/HRD+, platinum-status, PD-L1+",metastatic · 1st-line · squamous · measurable (RECIST)
NCT06730581,Utidelone Capsule Monotherapy for Patients with Advanced Solid Tumors,PHASE2,Phase 2,NOT_YET_RECRUITING,100,"Beijing Biostar Pharmaceuticals Co., Ltd.",Beijing Biostar Pharmaceuticals,12,1,0,multi_experimental,3,utidelone capsule,utidelone capsule,Tubulin,Small Molecule,HER2;MET,0,1,0,1,0,0,1,1,platinum-status,metastatic · 2nd-line+ · adenoca. · measurable (RECIST) · ECOG 0-1
NCT06738966,"A Study of BL0175 Injection in Postmenopausal Female Adults With HR-positive, Locally Advanced or Metastatic Cancer",PHASE1,Phase 1,RECRUITING,9,"Shanghai Best-Link Bioscience, LLC",Shanghai Best-Link Bioscience,6,1,0,multi_experimental,5,bl0175,bl0175,HER2,Peptide,ER;HER2;PR,0,1,0,0,0,0,0,0,,metastatic · squamous
NCT06748872,"EPITOME-1015-I: a Study to Investigate the Safety and Tolerability of MDG1015 in Patients with Epithelial Ovarian Cancer, Gastroesophageal Adenocarcinoma, Round Cell Liposarcoma And/or Synovial Sarcoma",PHASE1,Phase 1,NOT_YET_RECRUITING,55,Medigene AG,Medigene,4,1,0,single_arm,1,lymphodepletion;tcr-t cells (mdg1015),lymphodepletion;tcr-t cells (mdg1015),NY-ESO-1,Cell Therapy,LAGE-1A;NY-ESO-1,1,1,0,0,0,0,0,0,,metastatic · adenoca. · measurable (RECIST)
NCT06751329,A Study of DM002 in Patients With Advanced Solid Tumors,PHASE1;PHASE2,Phase 2,RECRUITING,280,"Xadcera Biopharmaceutical (Suzhou) Co., Ltd.",Xadcera Biopharmaceutical (Suzhou),2,1,0,multi_experimental,5,dm002,dm002,HER3,ADC,biomarker,1,1,0,0,0,0,0,0,,metastatic · squamous · measurable (RECIST)
NCT06751485,"JSKN003 in Platinum-Resistant, Relapsed Epithelial Ovarian Cancer",PHASE3,Phase 3,NOT_YET_RECRUITING,430,"Jiangsu Alphamab Biopharmaceuticals Co., Ltd",Jiangsu Alphamab Biopharmaceuticals,35,1,0,active_comparator,2,doxorubicin;paclitaxel;topotecan,jskn003,HER2,Monoclonal Antibody,HER2,1,1,0,1,0,0,1,1,platinum-status,metastatic · 2nd-line+ · measurable (RECIST)
NCT06756035,CT-95 in Advanced Cancers Associated With Mesothelin Expression,PHASE1,Phase 1,RECRUITING,70,Context Therapeutics Inc.,Context Therapeutics,5,1,0,single_arm,1,ct-95,ct-95,,Bispecific Antibody,,1,1,0,0,0,0,0,0,,advanced · measurable (RECIST) · ECOG 0
NCT06769152,A Phase II Clinical Study to Evaluate the Efficacy and Safety of HLX43 (Anti-PD-L1 ADC) in Patients With Advanced Gynecological Malignant Tumors,PHASE2,Phase 2,RECRUITING,190,Shanghai Henlius Biotech,Shanghai Henlius,98,1,0,multi_experimental,4,hlx43,hlx43,PD-L1,ADC,PD-L1,1,1,0,1,1,1,0,1,"platinum-status, PD-L1+",metastatic · 1st-line · adenoca. · measurable (RECIST)
NCT06769425,HS-10502 Combination Treatment in Patients With Advanced Solid Tumors,PHASE1,Phase 1,RECRUITING,157,"Jiangsu Hansoh Pharmaceutical Co., Ltd.",Hansoh,82,1,0,multi_experimental,7,,hs-10502 + bevacizumab;hs-10502 + hs-20089;hs-10502 + hs-20093;hs-10502 + nab-paclitaxel or docetaxel or irinotecan;hs-10502 + nha;hs-10502 + platinum + bevacizumab;hs-10502+ apatinib,,,,0,1,0,0,0,0,0,0,,metastatic · measurable (RECIST)
NCT06774963,A Phase 1 Study of LNCB74 in Advanced Solid Tumors,PHASE1,Phase 1,RECRUITING,145,"NextCure, Inc.",NextCure,8,1,0,multi_experimental,2,lncb74,lncb74,B7-H4,ADC,,1,1,0,1,0,0,1,1,platinum-status,metastatic · 2nd-line+ · measurable (RECIST)
NCT06778863,A Study of CLSP-1025 in Adult Patients With Solid Tumors That Harbor the p53 R175H Mutation,PHASE1,Phase 1,RECRUITING,90,"Clasp Therapeutics, Inc.",Clasp Therapeutics,2,1,0,multi_experimental,2,clsp-1025,clsp-1025,p53,Bispecific Antibody,HLA-A*02:01;P53,1,1,0,0,0,0,0,0,,metastatic
NCT06787612,Investigation of Ubamatamab Combination Therapy in Adult Participants With Platinum-Resistant Ovarian Cancer,PHASE2,Phase 2,RECRUITING,297,Regeneron Pharmaceuticals,Regeneron,95,1,1,multi_experimental,6,sarilumab;ubamatamab,bevacizumab;cemiplimab;fianlimab;pld;regn10597;sarilumab;ubamatamab,MUC16,Bispecific Antibody,MUC16,1,1,0,1,0,0,0,1,platinum-status,metastatic · measurable (RECIST)
NCT06792435,XNW27011 Study of Advanced Solid Tumor Subjects Who Failed Standard Therapies.,PHASE1;PHASE2,Phase 2,ACTIVE_NOT_RECRUITING,240,"Astellas Pharma Global Development, Inc.",Astellas,171,1,1,multi_experimental,2,xnw27011,xnw27011,CLDN18.2,ADC,CLDN18.2,1,1,0,0,0,0,0,0,,metastatic · adenoca. · measurable (RECIST)
NCT06792552,A Phase I Study of SIM0505 in Participants With Advanced Solid Tumors,PHASE1,Phase 1,RECRUITING,738,"NextCure, Inc.",NextCure,8,1,0,multi_experimental,5,sim0505 for injection,sim0505 for injection,CDH6,ADC,PD-L1;PR;biomarker,1,1,1,1,1,1,1,1,"BRCA/HRD+, platinum-status, PD-L1+",metastatic · 1st-line · adenoca. · measurable (RECIST)
NCT06799065,"First-in-Human Study of ATX-295, an Oral Inhibitor of KIF18A, in Patients With Advanced or Metastatic Solid Tumors, Including Ovarian Cancer",PHASE1,Phase 1,RECRUITING,90,Accent Therapeutics,Accent Therapeutics,2,1,0,multi_experimental,2,atx-295,atx-295,KIF18A,Small Molecule,,0,1,0,1,0,0,1,1,platinum-status,metastatic · 2nd-line+
NCT06799637,Study of XNW28012 in Subjects With Advanced Solid Tumors Who Failed Standard Treatments,PHASE1;PHASE2,Phase 2,RECRUITING,350,Evopoint Biosciences Inc.,Evopoint Biosciences,13,1,0,single_arm,1,xnw28012,,TF,Cell Therapy,,1,0,0,0,0,0,0,0,,metastatic · measurable (RECIST) · ECOG 2
NCT06819007,Study of Trastuzumab Deruxtecan With Bevacizumab Versus Bevacizumab Monotherapy for First-line Maintenance in HER2-Expressing Ovarian Cancer (DESTINY-Ovarian01),PHASE3,Phase 3,RECRUITING,582,Daiichi Sankyo,Daiichi Sankyo,178,1,1,active_comparator,2,bevacizumab,bevacizumab;trastuzumab deruxtecan,VEGF/VEGFR,Monoclonal Antibody,HER2,1,1,1,0,0,0,0,1,BRCA/HRD+,
NCT06819215,Phase I/II Clinical Study to Evaluate VB15010 Tablets in Patients With Advanced Solid Tumors,PHASE1;PHASE2,Phase 2,RECRUITING,188,"Zhejiang Yangli Pharmaceutical Technology Co., Ltd.",Zhejiang Yangli Pharmaceutical Technology,3,1,0,single_arm,1,vb15010,vb15010,PARP,Small Molecule,,0,1,1,0,0,0,0,1,BRCA/HRD+,metastatic
NCT06824467,A Study to Evaluate the Efficacy and Safety of Sacituzumab Tirumotecan (MK-2870) Maintenance Treatment Versus Standard of Care in Participants With Platinum-sensitive Recurrent Ovarian Cancer (MK-2870-022/TroFuse-022/ENGOT-ov84/GOG-3103),PHASE3,Phase 3,RECRUITING,770,Merck Sharp & Dohme LLC,Merck (MSD),649,1,1,active_comparator,3,bevacizumab,acetaminophen (or equivalent);bevacizumab;dexamethasone (or equivalent);h1 receptor antagonist;h2 receptor antagonist;sacituzumab tirumotecan;steroid mouthwash (dexamethasone or equivalent),VEGF/VEGFR,Monoclonal Antibody,,1,1,0,1,0,1,1,1,platinum-status,metastatic · 1st-line
NCT06828354,A Study of SHR-A1811 in Subjects With Ovarian Cancer,PHASE3,Phase 3,RECRUITING,300,"Jiangsu HengRui Medicine Co., Ltd.",Hengrui,312,1,0,active_comparator,2,doxorubicin hydrochloride liposome injection;gemcitabine hydrochloride for injection;paclitaxel injection;topotecan hydrochloride for injection,shr-a1811,HER2,ADC,HER2,1,1,0,0,0,0,0,0,,metastatic · measurable (RECIST)
NCT06834672,"Study of IBI354 Versus Investigator's Choice of Chemotherapy in Patients With Platinum-resistant Ovarian, Primary Peritoneal, or Fallopian Tube Cancer",PHASE3,Phase 3,ACTIVE_NOT_RECRUITING,450,Innovent Biologics (Suzhou) Co. Ltd.,Innovent,107,1,0,active_comparator,2,paclitaxel/gemcitabine/liposomal doxorubicin,ibi354,HER2,ADC,HER2;PR,1,1,1,1,0,1,1,1,"BRCA/HRD+, platinum-status",metastatic · 1st-line · squamous · measurable (RECIST)
NCT06840002,A Clinical Study of SHR-A1811 Combined With Chemotherapy for Platinum Sensitive Recurrent Ovarian Cancer,PHASE1;PHASE2,Phase 2,RECRUITING,150,"Suzhou Suncadia Biopharmaceuticals Co., Ltd.",Suzhou Suncadia Biopharmaceuticals,86,1,0,single_arm,1,adebrelimab injection;bevacizumab;carboplatin;doxorubicin hydrochloride liposome injection;oxaliplatin for injection;paclitaxel injection;shr-a1811,adebrelimab injection;bevacizumab;carboplatin;doxorubicin hydrochloride liposome injection;oxaliplatin for injection;paclitaxel injection;shr-a1811,HER2,ADC,HER2,1,1,0,0,0,0,0,0,,metastatic · measurable (RECIST) · ECOG 0-1
NCT06840886,A Study of PHST001 in Advanced Solid Tumors,PHASE1,Phase 1,RECRUITING,272,Pheast Therapeutics,Pheast Therapeutics,1,1,0,multi_experimental,2,phst001,chemotherapy per standard of care;phst001,CD24,Small Molecule,,0,1,0,0,0,0,1,0,,metastatic · 2nd-line+ · squamous · measurable (RECIST)
NCT06843447,A Clinical Study of Raludotatug Deruxtecan in People With Ovarian Cancer (MK-5909-003),PHASE1;PHASE2,Phase 2,RECRUITING,605,Merck Sharp & Dohme LLC,Merck (MSD),649,1,1,active_comparator,14,bevacizumab;carboplatin;gemcitabine;paclitaxel;pegylated liposomal doxorubicin,bevacizumab;carboplatin;mk-2010;paclitaxel;pembrolizumab;raludotatug deruxtecan;rescue medication,VEGF/VEGFR,Monoclonal Antibody,biomarker,1,1,1,1,0,1,1,1,"BRCA/HRD+, platinum-status",metastatic · 1st-line · measurable (RECIST)
NCT06855069,HS-20089 for Injection in Patients With Platinum-Resistant Recurrent Epithelial Ovarian Cancer,PHASE3,Phase 3,RECRUITING,468,Hansoh BioMedical R&D Company,Hansoh,82,1,0,active_comparator,2,doxorubicin;paclitaxel;topotecan,hs-20089,B7-H4,ADC,,1,1,0,1,0,0,0,1,platinum-status,measurable (RECIST) · ECOG 0-1
NCT06867562,Paclitaxel Lipid Suspension for Patients with Platinum-Resistant /Refractory Ovarian Cancer,PHASE3,Phase 3,NOT_YET_RECRUITING,166,Jina Pharmaceuticals Inc.,Jina Pharmaceuticals,3,1,0,active_comparator,2,conventional paclitaxel or taxol,paclitaxel lipid suspension,TUBB,Small Molecule,MET,0,1,1,1,0,1,1,1,"BRCA/HRD+, platinum-status",metastatic · 1st-line · squamous · measurable (RECIST)
NCT06873555,A Study of DC05F01 in Chinese Patients With Recurrent/Refractory Ovarian Cancer and Other Advanced Solid Tumors,PHASE1;PHASE2,Phase 2,RECRUITING,60,Heronova Pharmaceuticals,Heronova Pharmaceuticals,3,1,0,multi_experimental,4,dc05f01,dc05f01,,,,0,1,0,0,0,0,1,0,,metastatic · 2nd-line+ · small-cell · measurable (RECIST)
NCT06888921,A Clinical Trial to Evaluate the Safety and Efficacy of COM701 in Relapsed Platinum Sensitive Ovarian Cancer,PHASE1;PHASE2,Phase 2,RECRUITING,60,Compugen Ltd,Compugen,5,1,0,placebo_comparator,2,,com701,PVRIG,Monoclonal Antibody,PD-L1,1,0,0,1,1,0,1,1,"platinum-status, PD-L1+",metastatic · 2nd-line+
NCT06890338,"A Study to Assess Anti-Tumor Activity of Intravenously (IV) Infused Carboplatin With Mirvetuximab Soravtansine in Participants With Newly Diagnosed Folate Receptor Alpha (FRα)Expressing Advanced-Stage Serous Epithelial Ovarian, Fallopian Tube or Primary Peritoneal Cancer.",PHASE2,Phase 2,RECRUITING,140,AbbVie,AbbVie,274,1,1,single_arm,1,bevacizumab;carboplatin;mirvetuximab soravtansine,bevacizumab;carboplatin;mirvetuximab soravtansine,VEGF/VEGFR,Monoclonal Antibody,,1,1,0,0,0,0,1,0,,metastatic · 2nd-line+ · squamous · measurable (RECIST)
NCT06906341,Relacorilant in Combination With Different Treatment Regimens in Patients With Gynecological Cancers,PHASE2,Phase 2,RECRUITING,270,Corcept Therapeutics,Corcept Therapeutics,18,1,0,multi_experimental,3,nab-paclitaxel;relacorilant,bevacizumab;nab-paclitaxel;relacorilant,VEGF/VEGFR,Monoclonal Antibody,,1,1,0,1,0,0,0,1,platinum-status,metastatic
NCT06910657,IDOV-Immune for Advanced Solid Tumors,PHASE1,Phase 1,RECRUITING,78,"ViroMissile, Inc.",ViroMissile,1,1,0,single_arm,1,idov-immune (oncolytic vaccinia virus),idov-immune (oncolytic vaccinia virus),,Oncolytic Virus,,1,1,0,0,0,0,0,0,,metastatic · measurable (RECIST)
NCT06915025,"Phase 3 Trial Evaluating the Safety & Efficacy of IMNN-001 Administered in Combination w/ Standard NACT & Adjuvant Chemotherapy in Newly Diagnosed Patients w/ Advanced EOC, Fallopian Tube or Primary Peritoneal Cancer",PHASE3,Phase 3,RECRUITING,500,Imunon,Imunon,14,1,0,active_comparator,2,carboplatin;niraparib;olaparib;paclitaxel,carboplatin;imnn-001 (il-12 plasmid formulated with peg-pei-cholesterol lipopolymer);niraparib;olaparib;paclitaxel,IL-12,mRNA,biomarker,0,1,1,0,0,0,0,1,BRCA/HRD+,metastatic · ductal · ECOG 0-1
NCT06926075,Early Phase Study of KESONOTIDE™in Participants With Solid Tumours,PHASE1;PHASE2,Phase 2,RECRUITING,80,Filamon LTD,Filamon,1,1,0,multi_experimental,2,a novel hgiia-vimentin inhibitor;dose expansion,a novel hgiia-vimentin inhibitor;dose expansion,VIMENTIN,Small Molecule,biomarker,0,1,0,0,0,0,0,0,,metastatic · measurable (RECIST)
NCT06930755,Study of NMS-03305293 in Adult Patients With Relapsed Ovarian Cancer,PHASE1,Phase 1,RECRUITING,24,Nerviano Medical Sciences,Nerviano Medical Sciences,15,1,0,single_arm,1,nms-03305293;topotecan,nms-03305293;topotecan,,,,0,1,1,1,0,0,1,1,"BRCA/HRD+, platinum-status",recurrent · 2nd-line+ · squamous · measurable (RECIST)
NCT06943521,A Study of MT-4561 in Patients With Various Advanced Solid Tumors,PHASE1;PHASE2,Phase 2,RECRUITING,27,"Tanabe Pharma America, Inc.",Tanabe Pharma America,3,1,0,single_arm,1,mt-4561,mt-4561,BRD4,Small Molecule,,0,1,0,0,0,0,0,0,,metastatic · adenoca. · measurable (RECIST)
NCT06963840,Effect of Theronomic Ova-All Care on Biomarkers of Ovarian Health in Adult Female With Polycystic Ovarian Syndrome,PHASE2,Phase 2,ACTIVE_NOT_RECRUITING,16,Wellizen Australia,Wellizen Australia,1,1,0,single_arm,1,dietary supplement: theronomic ova-all care,dietary supplement: theronomic ova-all care,,,biomarker,0,1,0,0,0,0,0,0,,
NCT06964009,DT2216 + Paclitaxel in Platinum-Resistant Ovarian Cancer,PHASE1,Phase 1,RECRUITING,30,"Elizabeth Stover, MD, PhD","Elizabeth Stover, MD, PhD",1,0,0,single_arm,1,dt2216;paclitaxel,dt2216;paclitaxel,BCL-XL,Small Molecule,BCL-2;MET,0,1,0,1,0,0,1,1,platinum-status,metastatic · 2nd-line+ · measurable (RECIST)
NCT06976892,Investigating Idetrexed and Olaparib in Patients With Ovarian Cancer,PHASE1,Phase 1,RECRUITING,33,"Institute of Cancer Research, United Kingdom","Institute of Cancer Research, United Kingdom",24,0,0,multi_experimental,2,,dose level -1;dose level 1;dose level 2 (starting dose);dose level 3;maximum tolerated dose,TS,Small Molecule,Folate Receptor,0,1,0,0,0,0,1,0,,metastatic · 2nd-line+ · measurable (RECIST)
NCT06994195,A Study Comparing BL-B01D1 With the Investigator's Choice of Chemotherapy in Patients With Platinum-resistant Recurrent Epithelial Ovarian Cancer(PANKU-GYN01),PHASE3,Phase 3,RECRUITING,450,"Sichuan Baili Pharmaceutical Co., Ltd.",Sichuan Baili Pharmaceutical,127,1,0,active_comparator,2,liposomal doxorubicin;paclitaxel or topotecan,bl-b01d1,EGFR,ADC,,1,1,0,1,0,0,1,1,platinum-status,metastatic · 2nd-line+ · measurable (RECIST)
NCT06997029,A Phase 1 Study of BMS-986500 as Monotherapy or Combination Therapy in Advanced Solid Tumors,PHASE1,Phase 1,RECRUITING,234,Bristol-Myers Squibb,Bristol Myers Squibb,764,1,1,multi_experimental,5,bms-986500,bms-986500;fulvestrant;palbociclib,CDK4/6,Small Molecule,CDK4/6 inhibitor resistance,0,1,0,0,0,0,0,0,,metastatic · measurable (RECIST)
NCT06999187,"A Study of DR-0202 in Patients With Locally Advanced or Metastatic, Relapsed or Refractory Carcinomas",PHASE1,Phase 1,RECRUITING,96,Dren Bio,Dren Bio,2,1,0,multi_experimental,8,dr-0202,dr-0202,,Bispecific Antibody,HER2,1,1,0,0,0,0,1,0,,metastatic · 2nd-line+ · measurable (RECIST)
NCT07023627,A Study of INCB123667 in Participants With Platinum-Resistant Ovarian Cancer With Cyclin E1 Overexpression,PHASE2,Phase 2,RECRUITING,160,Incyte Corporation,Incyte,162,1,0,multi_experimental,3,incb123667,incb123667,CCNE1,Small Molecule,Cyclin E1;PR,0,1,0,1,0,1,1,1,platinum-status,metastatic · 1st-line
NCT07024784,A Study to Assess Change in Disease Activity and Adverse Events in Adult Participants With Gynecologic Cancers Receiving Intravenous Infusion of IMGN151 as Monotherapy or in Combination With Other Therapies,PHASE2,Phase 2,RECRUITING,377,AbbVie,AbbVie,274,1,1,multi_experimental,6,imgn151,bevacizumab;carboplatin;imgn151;olaparib,VEGF/VEGFR,ADC,FRα,1,1,0,1,0,0,0,1,platinum-status,measurable (RECIST)
NCT07030907,A Study to Evaluate the Safety and Efficacy of OPB-101 in Platinum-resistant Ovarian Cancer,PHASE1,Phase 1,RECRUITING,30,"Outpace Bio, Inc.",Outpace Bio,2,1,0,single_arm,1,opb-101,opb-101,MSLN,CAR-T,mesothelin,1,1,0,1,0,0,0,1,platinum-status,recurrent · measurable (RECIST)
NCT07038369,A Phase 1 Study of ATV-1601 in Patients With Advanced Cancer That Have AKT1 E17K Mutations,PHASE1,Phase 1,ACTIVE_NOT_RECRUITING,134,"Atavistik Bio, Inc",Atavistik Bio,1,1,0,multi_experimental,2,,atv-1601;atv-1601 + fulvestrant,AKT1,Small Molecule,AKT1;BRAF;HER2;KRAS,0,1,0,0,0,0,0,0,,metastatic · measurable (RECIST)
NCT07042802,A Study of LBL-024 in Combination With Paclitaxel ± Bevacizumab for the Treatment of Platinum-resistant Ovarian Cancer,PHASE1;PHASE2,Phase 2,RECRUITING,180,"Nanjing Leads Biolabs Co.,Ltd",Nanjing Leads Biolabs,19,1,0,active_comparator,4,bevacizumab injection;paclitaxel injection,bevacizumab injection;lbl-024 for injection;paclitaxel injection,PD-1,Monoclonal Antibody,PD-L1,1,1,0,0,0,0,0,0,,measurable (RECIST) · ECOG 0
NCT07044349,"Phase II Clinical Study of Utidelone Capsule (UTD2) in Patients With Advanced Epithelial Ovarian, Fallopian Tube, or Primary Peritoneal Cancer",PHASE2,Phase 2,NOT_YET_RECRUITING,72,"Beijing Biostar Pharmaceuticals Co., Ltd.",Beijing Biostar Pharmaceuticals,12,1,0,multi_experimental,4,utidelone capsule,utidelone capsule,Tubulin,Small Molecule,,0,1,0,1,0,1,0,1,platinum-status,metastatic · 1st-line · measurable (RECIST)
NCT07059845,A Study to Assess Adverse Events and Change in Disease Activity of Multiple Treatment Combinations With Intravenous Mirvetuximab Soravtansine in Adult Participants With Ovarian Cancer,PHASE2,Phase 2,RECRUITING,400,AbbVie,AbbVie,274,1,1,multi_experimental,7,,bevacizumab;carboplatin;mirvetuximab soravtansine,VEGF/VEGFR,Monoclonal Antibody,,1,1,1,1,0,0,1,1,"BRCA/HRD+, platinum-status",neoadjuvant · 2nd-line+ · measurable (RECIST)
NCT07064018,"Trial of Single Protein Encapsulated Doxorubicin, SPEDOX-6 in Advanced Malignancies",PHASE1;PHASE2,Phase 2,RECRUITING,67,"University of California, Irvine","University of California, Irvine",22,0,0,multi_experimental,8,spedox-6,filgrastim;pegfilgrastim;spedox-6,KRAS,Small Molecule,FCRN;KRAS,0,1,0,0,0,0,1,0,,metastatic · 2nd-line+ · adenoca. · measurable (RECIST)
NCT07069335,A Bioequivalence Study to Evaluate Pharmacokinetics and Safety of BR2022 and BR2022-1 in Patients With Deleterious or Suspected Deleterious Germline BRCA-Mutated Advanced Ovarian Cancer,PHASE1,Phase 1,RECRUITING,24,"Boryung Pharmaceutical Co., Ltd",Boryung Pharmaceutical,7,1,0,multi_experimental,2,olaparib,olaparib,PARP,Small Molecule,BRCA1;BRCA2,0,1,1,0,0,0,0,1,BRCA/HRD+,advanced
NCT07088588,Study of SYN608 for the Treatment of Advanced or Metastatic Solid Tumors,PHASE1,Phase 1,NOT_YET_RECRUITING,105,"Hangzhou SynRx Therapeutics Biomedical Technology Co., Ltd",Hangzhou SynRx Therapeutics Biomedical Technology,3,1,0,single_arm,1,syn608,syn608,PARG,Small Molecule,,0,1,1,0,0,0,1,1,BRCA/HRD+,metastatic · 2nd-line+ · measurable (RECIST)
NCT07109414,Trial of NP-G2-044 (Prilukae) Combined With PLD for Treatment of Platinum-Resistant Ovarian Cancer (ULTIMUS-1),PHASE2;PHASE3,Phase 3,ACTIVE_NOT_RECRUITING,380,"Novita Pharmaceuticals, Inc.",Novita Pharmaceuticals,3,1,0,active_comparator,7,pld,np-g2-044;pld,FSCN1,Small Molecule,,0,1,0,1,0,1,1,1,platinum-status,metastatic · 1st-line · measurable (RECIST) · ECOG 0-1
NCT07109726,A Phase 1/2 Trial of TER-2013 in Patients With Solid Tumors Harboring AKT/PI3K/PTEN Pathway Alterations,PHASE1;PHASE2,Phase 2,RECRUITING,205,Terremoto Biosciences Inc.,Terremoto Biosciences,1,1,0,multi_experimental,4,ter-2013,fulvestrant injection;ter-2013,AKT,Small Molecule,AKT;BRAF;HER2;KRAS;PI3K;PTEN,0,1,0,0,0,0,0,0,,metastatic · adenoca. · measurable (RECIST)
NCT07115043,A Study to Investigate Safety of AZD6750 in Adult Participants With Select Advanced or Metastatic Solid Tumors,PHASE1;PHASE2,Phase 2,RECRUITING,120,AstraZeneca,AstraZeneca,780,1,1,multi_experimental,2,azd6750,azd6750;rilvegostomig,IL-2,Small Molecule,PD-L1,0,1,0,0,1,0,0,1,PD-L1+,metastatic · squamous · measurable (RECIST) · ECOG 0-1
NCT07156253,Study of SYN818 With Olaparib for the Treatment of Locally Advanced or Metastatic Solid Tumors,PHASE1,Phase 1,RECRUITING,110,"Hangzhou SynRx Therapeutics Biomedical Technology Co., Ltd",Hangzhou SynRx Therapeutics Biomedical Technology,3,1,0,single_arm,1,syn818 and olaparib will be administered,syn818 and olaparib will be administered,PARP,Small Molecule,BRCA1;BRCA2;HER2;HRR,0,1,1,0,0,0,1,1,BRCA/HRD+,metastatic · 2nd-line+ · measurable (RECIST)
NCT07182149,A Phase 1 Study of NRM-823 in Participants With Locally Advanced or Metastatic Refractory Solid Tumors,PHASE1,Phase 1,RECRUITING,150,"Normunity AccelCo, Inc.",Normunity AccelCo,1,1,0,single_arm,1,nrm-823,nrm-823,,Bispecific Antibody,,1,1,0,0,0,0,0,0,,metastatic · adenoca.
NCT07189871,"177Lu-BetaBart in Patients With Relapsed/Refractory, Locally Advanced Inoperable, or Metastatic Solid Tumors",PHASE1;PHASE2,Phase 2,RECRUITING,61,"Radiopharm Theranostics, Ltd",Radiopharm Theranostics,7,1,0,single_arm,1,177lu-betabart,177lu-betabart,B7-H3,Radiopharmaceutical,,0,1,0,0,0,0,1,0,,metastatic · 2nd-line+ · measurable (RECIST)
NCT07211659,Trial of THEO-260 (Administered Via Intraperitoneal Route) in Ovarian Cancer Patients,PHASE1,Phase 1,RECRUITING,18,Theolytics Limited,Theolytics,2,1,0,single_arm,1,theo-260,theo-260,,Oncolytic Virus,,1,1,0,1,0,0,1,1,platinum-status,metastatic · 2nd-line+ · measurable (RECIST)
NCT07213791,A Study of LY4337713 in Participants With FAP-Positive Solid Tumors,PHASE1,Phase 1,RECRUITING,241,Eli Lilly and Company,Eli Lilly,535,1,1,multi_experimental,6,ly4337713,ly4337713,FAP,Radiopharmaceutical,FAP;HER2,0,1,0,1,0,0,1,1,platinum-status,metastatic · 2nd-line+ · adenoca. · ECOG 0-1
NCT07213804,A Three-Part Phase 3 Study of Sofetabart Mipitecan in Participants With Platinum-Resistant (Part A) and Platinum-Sensitive (Parts B and C) Ovarian Cancer,PHASE3,Phase 3,RECRUITING,1630,Eli Lilly and Company,Eli Lilly,535,1,1,active_comparator,6,bevacizumab;carboplatin;gemcitabine;mirv;paclitaxel;pegylated liposomal doxorubicin (pld);topotecan,bevacizumab;sofetabart mipitecan,VEGF/VEGFR,Monoclonal Antibody,,1,1,1,1,0,1,1,1,"BRCA/HRD+, platinum-status",1st-line · measurable (RECIST)
NCT07214779,Study to Evaluate INCB123667 Versus Investigator's Choice of Chemotherapy in Participants With Platinum-Resistant Ovarian Cancer With Cyclin E1 Overexpression,PHASE3,Phase 3,RECRUITING,466,Incyte Corporation,Incyte,162,1,0,multi_experimental,2,,incb123667;investigator's choice of,CCNE1,Small Molecule,Cyclin E1,0,1,0,1,0,1,1,1,platinum-status,metastatic · 1st-line · measurable (RECIST)
NCT07216105,"FT836 With or Without Chemotherapy and/or Monoclonal Antibodies, in Participants With Advanced Solid Tumors",PHASE1,Phase 1,RECRUITING,119,Fate Therapeutics,Fate Therapeutics,19,1,0,multi_experimental,8,ft836,cetuximab;ft836;trastuzumab,HER2,CAR-T,,1,1,0,0,0,0,1,0,,metastatic · 2nd-line+ · measurable (RECIST)
NCT07218809,AZD5335 vs. Mirvetuximab Soravtansine in FRα-high and AZD5335 vs. Chemotherapy in FRα-low Platinum-resistant Ovarian Cancer,PHASE3,Phase 3,RECRUITING,1100,AstraZeneca,AstraZeneca,780,1,1,active_comparator,4,mirvetuximab soravtansine (mirv);paclitaxel;pegylated liposomal doxorubicin (pld);topotecan,azd5335,FRα,ADC,FRα-expression levels;PR,1,1,1,1,0,1,1,1,"BRCA/HRD+, platinum-status",1st-line
NCT07219238,"Study to Evaluate the Diagnostic Performance of GEH300079 (68Ga) Injection PET/CT for Detection of PC in Patients With Colorectal, Gastric, Ovarian, or Pancreatic Cancers (PERISCOPE)",PHASE2;PHASE3,Phase 3,RECRUITING,175,GE Healthcare,GE Healthcare,18,1,0,single_arm,1,geh300079 (68ga) injection positron-emission tomography (pet)/computed tomography (ct),geh300079 (68ga) injection positron-emission tomography (pet)/computed tomography (ct),,Radiopharmaceutical,,0,1,0,0,0,1,0,0,,metastatic · 1st-line
NCT07225270,Study to Assess the Efficacy and Safety of Rina-S Plus Standard of Care Compared to Standard of Care for Maintenance Treatment of Participants With Recurrent Platinum-sensitive Ovarian Cancer After Second-line (2L) Platinum-based Doublet Chemotherapy,PHASE3,Phase 3,RECRUITING,544,Genmab,Genmab,65,1,1,active_comparator,2,bevacizumab,bevacizumab;rina-s,VEGF/VEGFR,Monoclonal Antibody,PR,1,1,1,0,0,1,0,1,BRCA/HRD+,recurrent · 1st-line
NCT07226427,A First-in-Human Study of MEN2501 in Participants With Platinum-Resistant Ovarian Cancer,PHASE1,Phase 1,RECRUITING,100,"Stemline Therapeutics, Inc.",Stemline Therapeutics,20,1,0,multi_experimental,2,men2501,men2501,KIF18A,Small Molecule,,0,1,0,1,0,0,1,1,platinum-status,2nd-line+
NCT07278336,"A Study to Assess Adverse Events, Change in Disease Activity and How Intravenous (IV) ABBV901 Moves Through the Body Alone or in Combination With Bevacizumab in Adult Participants With Ovarian Cancer",PHASE1,Phase 1,RECRUITING,219,AbbVie,AbbVie,274,1,1,multi_experimental,6,abbv-901,abbv-901;bevacizumab,VEGF/VEGFR,,,0,1,0,1,0,0,0,1,platinum-status,unresectable
NCT07286266,A Study to Investigate Mocertatug Rezetecan Compared With Standard of Care in Participants With Platinum-resistant Ovarian Cancer (BEHOLD-Ovarian01),PHASE3,Phase 3,RECRUITING,450,GlaxoSmithKline,GSK,468,1,1,active_comparator,2,bevacizumab;gemcitabine;paclitaxel;pegylated liposomal doxorubicin (pld);pembrolizumab;topotecan,mocertatug rezetecan,PD-1,Monoclonal Antibody,PD-L1;PR,1,1,1,1,1,1,1,1,"BRCA/HRD+, platinum-status, PD-L1+",metastatic · 1st-line · squamous · measurable (RECIST)
NCT07303387,Efficacy and Safety of the Valemetostat in Patients With Selected Solid Tumors.,PHASE2,Phase 2,RECRUITING,900,"Gustave Roussy, Cancer Campus, Grand Paris","Gustave Roussy, Cancer Campus, Grand Paris",31,0,1,single_arm,1,valemetostat tosylate,valemetostat tosylate,EZH2,Small Molecule,CD25;CTLA-4,0,1,0,0,0,0,0,0,,metastatic · ductal · measurable (RECIST)
NCT07306559,A Study to Test How Well Different Doses of BI 3820768 Are Tolerated by People With Advanced Cancer (Solid Tumours),PHASE1,Phase 1,RECRUITING,187,Boehringer Ingelheim,Boehringer Ingelheim,237,1,1,multi_experimental,2,bi 3820768,bi 3820768,,,,0,1,0,0,0,0,1,0,,advanced · 2nd-line+ · ductal
NCT07318558,A Clinical Trial of Sac-TMT in People With Non-HRD Positive Advanced Ovarian Cancer (MK-2870-021),PHASE3,Phase 3,RECRUITING,900,Merck Sharp & Dohme LLC,Merck (MSD),649,1,1,active_comparator,2,bevacizumab,bevacizumab;rescue medications;sacituzumab tirumotecan,VEGF/VEGFR,Monoclonal Antibody,,1,1,1,0,0,1,0,1,BRCA/HRD+,metastatic · 1st-line
NCT07322094,CATALINA-4: A Study to Investigate the Safety and Efficacy of TORL-1-23 With Chemotherapy Given Before Initial Surgery in Women With Advanced Stage Ovarian Cancer,PHASE1;PHASE2,Phase 2,RECRUITING,60,"TORL Biotherapeutics, LLC",TORL Biotherapeutics,8,1,0,multi_experimental,3,,and carboplatin;paclitaxel;torl-1-23;torl-1-23 and carboplatin;torl-1-23 and paclitaxel,,,,0,1,0,0,0,0,0,0,,metastatic
NCT07340164,Trastzumab Deruxtecan Versus SOC in Recurrent Ovarian That Progressed on Prior PARP Inhibitor Therapy,PHASE2,Phase 2,RECRUITING,116,Yonsei University,Yonsei University,10,0,1,active_comparator,2,bevacizumab;platinum based,bevacizumab;trastzumab deruxtecan,VEGF/VEGFR,Monoclonal Antibody,HER2;MET,1,1,0,1,0,1,1,1,platinum-status,metastatic · 1st-line · squamous · measurable (RECIST)
NCT07341100,Study to Evaluate the Preliminary Efficacy of SKB264 and the Effect of Clarithromycin on the PK of SKB264 in OC,PHASE2,Phase 2,ACTIVE_NOT_RECRUITING,20,"Sichuan Kelun-Biotech Biopharmaceutical Co., Ltd.",Kelun,50,1,0,single_arm,1,clarithromycin;skb264,clarithromycin;skb264,HER2,ADC,HER2;TROP2,1,1,0,0,0,0,0,0,,metastatic
NCT07341737,SL-28 for Advanced Solid Tumours,PHASE1;PHASE2,Phase 2,RECRUITING,60,Second Life Therapeutics,Second Life Therapeutics,1,1,0,multi_experimental,3,sl-28,sl-28,,,biomarker,0,1,0,0,0,0,1,0,,metastatic · 2nd-line+ · adenoca. · measurable (RECIST)
NCT07370818,To Evaluate the Efficacy and Safety of JPI-547 in Combination With Bevacizumab as Maintenance Therapy in Relapsed Ovarian Cancer,PHASE2,Phase 2,NOT_YET_RECRUITING,81,Onconic Therapeutics Inc.,Onconic Therapeutics,5,1,0,multi_experimental,2,bevacizumab,bevacizumab;jpi-547,VEGF/VEGFR,Small Molecule,BRCA1;BRCA2;HRD,0,1,1,0,0,0,0,1,BRCA/HRD+,recurrent
NCT07371104,Bioequivalence Study of DWZ2501 in Patients With Advanced BRCA-mutated High-grade Ovarian Cancer,PHASE1,Phase 1,RECRUITING,40,Daewoong Pharmaceutical Co. LTD.,Daewoong Pharmaceutical,4,1,0,multi_experimental,2,dwc202510 (olaparib;dwz2501 (olaparib,dwc202510 (olaparib;dwz2501 (olaparib,PARP,Small Molecule,BRCA,0,1,1,0,0,0,0,1,BRCA/HRD+,advanced
NCT07382713,Fluzoparib Plus Famitinib Maintenance After First-Line Platinum Response in Advanced Ovarian Cancer,PHASE2,Phase 2,NOT_YET_RECRUITING,43,Jinhua Zhou,Jinhua Zhou,1,0,0,single_arm,1,fluzoparib,fluzoparib,PARP,Small Molecule,GBRCA;PALB2;PR,0,1,0,0,0,1,0,0,,metastatic · 1st-line
NCT07402915,"Drug-drug Interaction Study With AZD5335 and Itraconazole in Participants With Ovarian, Primary Peritoneal, or Fallopian Tube Cancer",PHASE1,Phase 1,RECRUITING,24,AstraZeneca,AstraZeneca,780,1,1,single_arm,1,azd5335;itraconazole,azd5335;itraconazole,FRα,ADC,FRα-expression levels;HRR,1,1,0,1,0,0,1,1,platinum-status,2nd-line+
NCT07424547,Phase I Study of SYS6043 in Patients With Advanced/Metastatic Solid Tumors,PHASE1,Phase 1,RECRUITING,386,"Conjupro Biotherapeutics, Inc.",Conjupro Biotherapeutics,8,1,0,multi_experimental,3,sys6043,sys6043,B7-H3,ADC,,1,1,0,0,0,0,0,0,,metastatic · measurable (RECIST)
NCT07432594,Neoadjuvant Aitua (PD-1/CTLA-4 Bispecific) Plus Nab-Paclitaxel and Carboplatin for Advanced High-Grade Serous Ovarian Cancer,PHASE2,Phase 2,NOT_YET_RECRUITING,82,"Cancer Institute and Hospital, Chinese Academy of Medical Sciences","Cancer Institute and Hospital, Chinese Academy of Medical Sciences",24,0,0,active_comparator,2,albumin-bound paclitaxel /nab-paclitaxel;carboplatin (auc 5);interval debulking surgery,aitua combination antibody;albumin-bound paclitaxel /nab-paclitaxel;carboplatin (auc 5);interval debulking surgery,PD-1,Bispecific Antibody,PD-L1,1,1,0,0,0,0,0,0,,measurable (RECIST)
NCT07432633,[18F]FPyQCP PET Imaging of Fibroblast Activation Protein in Selected Oncology Indications,PHASE1;PHASE2,Phase 2,RECRUITING,71,Blue Earth Diagnostics,Blue Earth Diagnostics,11,1,0,single_arm,1,[18f]fpyqcp,[18f]fpyqcp,FAP,Radiopharmaceutical,,0,1,0,0,0,1,0,0,,metastatic · 1st-line · squamous
NCT07444814,"Study Evaluating the Safety and Efficacy of HWK-007, a PTK7-directed Antibody Drug Conjugate in Participants With Advanced Solid Tumors",PHASE1,Phase 1,RECRUITING,226,"Whitehawk Therapeutics, Inc.",Whitehawk Therapeutics,2,1,0,multi_experimental,5,hwk-007,hwk-007,PTK7,ADC,,1,1,0,1,0,0,0,1,platinum-status,metastatic · squamous
NCT07453394,QLS5132 Combination Therapy in Advanced Solid Tumors,PHASE1;PHASE2,Phase 2,NOT_YET_RECRUITING,626,"Qilu Pharmaceutical Co., Ltd.",Qilu Pharmaceutical,108,1,0,multi_experimental,5,,qls5132; bevacizumab;qls5132; olaparib; bevacizumab;qls5132; platinum; bevacizumab;qls5132; ql1706; ql2107;qls5132; ql1706; ql2107; carboplatin; cisplatin; oxaliplatin,VEGF/VEGFR,Monoclonal Antibody,,1,1,0,0,0,0,0,0,,metastatic · measurable (RECIST)
NCT07462468,A Phase 1 Clinical Study to Evaluate the Safety and Efficacy of WSK-IM02 in Patients With Platinum-resistant Recurrent Ovarian Cancer.,PHASE1,Phase 1,NOT_YET_RECRUITING,36,"WestVac Biopharma Co., Ltd.",WestVac Biopharma,2,1,0,multi_experimental,2,wsk-im02,wsk-im02,,,,0,1,0,1,0,0,0,1,platinum-status,metastatic · measurable (RECIST)
NCT07470853,A Study of MUC16-Directed Antibody Drug Conjugate HWK-016 in Participants With Advanced Solid Tumors.,PHASE1,Phase 1,RECRUITING,265,"Whitehawk Therapeutics, Inc.",Whitehawk Therapeutics,2,1,0,multi_experimental,8,hwk-016;mucin-16-targeted adc,bevacizumab;hwk-016;mucin-16-targeted adc,MUC16,ADC,,1,1,0,0,0,0,0,0,,metastatic
NCT07480954,"Dual-Targeting CAR-NK Cells for Recurrent Ovarian Cancer (MSLN, FRα, MUC16)",PHASE1;PHASE2,Phase 2,RECRUITING,36,Beijing Biotech,Beijing Biotech,30,1,0,multi_experimental,3,dual-target car-nk cell product;lymphodepleting;standard supportive care,dual-target car-nk cell product;lymphodepleting;standard supportive care,MSLN,CAR-T,CA125;FOLR1;MSLN,1,1,0,0,0,0,1,0,,metastatic · 2nd-line+ · measurable (RECIST)
NCT07489287,"GB-5267 for the Treatment Platinum-Resistant Ovarian, Peritoneal, or Fallopian Tube Cancer",PHASE1,Phase 1,RECRUITING,18,Roswell Park Cancer Institute,Roswell Park Cancer Institute,73,0,0,multi_experimental,2,,gb-5267 - iv only;gb-5267 -combined iv and ip infusion,MUC16,CAR-T,MUC16,1,1,0,1,0,0,0,1,platinum-status,metastatic · squamous · measurable (RECIST)
NCT07503808,A Study of IDE034 in Adult Participants With Locally Advanced/Metastatic Solid Tumors Types,PHASE1,Phase 1,RECRUITING,150,IDEAYA Biosciences,IDEAYA Biosciences,11,1,0,multi_experimental,2,ide034,ide034,PTK7,ADC,HER2,1,1,0,0,0,0,0,0,,metastatic · measurable (RECIST) · ECOG 0
NCT07517198,Dose Determining Study of EXS74539 (REC-4539) in Participants With Select Solid Tumors,PHASE1,Phase 1,RECRUITING,40,"Exscientia AI Ltd., a wholly owned subsidiary of Recursion Pharmaceuticals, Inc.","Exscientia AI Ltd., a wholly owned subsidiary of Recursion Pharmaceuticals",3,1,0,single_arm,1,exs74539,exs74539,LSD1,Small Molecule,,0,1,0,0,0,0,1,0,,metastatic · 2nd-line+ · squamous · measurable (RECIST)
NCT07524322,Study of RGT-490 in Patients With PIK3CA-Mutated Advanced Solid Tumors,PHASE1,Phase 1,RECRUITING,63,Regor Pharmaceuticals Inc.,Regor Pharmaceuticals,4,1,0,multi_experimental,2,rgt-490,rgt-490,PIK3CA,Small Molecule,PIK3CA,0,1,0,0,0,0,0,0,,metastatic · measurable (RECIST)
NCT07532148,"Study of CKD-215 and D215 in Adults With BRCA-mutated Advanced Ovarian, Fallopian Tube, or Primary Peritoneal Cancer",PHASE1,Phase 1,NOT_YET_RECRUITING,24,Chong Kun Dang Pharmaceutical,Chong Kun Dang Pharmaceutical,15,1,0,multi_experimental,2,ckd-215;d215,ckd-215;d215,,,,0,1,1,0,0,0,0,1,BRCA/HRD+,metastatic
NCT07545460,"A Study Comparing BL-M07D1 With Physician's Choice of Chemotherapy in Patients With HER2-Expressing Platinum-Resistant Recurrent Epithelial Ovarian Cancer, Fallopian Tube Cancer, and Primary Peritoneal Cancer",PHASE3,Phase 3,NOT_YET_RECRUITING,404,"Sichuan Baili Pharmaceutical Co., Ltd.",Sichuan Baili Pharmaceutical,127,1,0,active_comparator,2,liposomal doxorubicin;paclitaxel;topotecan,bl-m07d1,HER2,ADC,HER2,1,1,0,1,0,0,0,1,platinum-status,metastatic · measurable (RECIST)
NCT07546500,"A Study of Azenosertib (ZN-c3) Versus Investigator's Choice Chemotherapy in Subjects With Platinum-Resistant High-Grade Serous Ovarian, Primary Peritoneal, or Fallopian Tube Cancers Positive for Cyclin E1 Protein Expression",PHASE3,Phase 3,RECRUITING,420,"K-Group, Beta, Inc., a wholly owned subsidiary of Zentalis Pharmaceuticals, Inc","K-Group, Beta, Inc., a wholly owned subsidiary of Zentalis Pharmaceuticals",8,1,0,active_comparator,2,investigator's choice of,azenosertib,WEE1,Small Molecule,Cyclin E1;TP53;cfDNA,0,1,1,1,0,0,1,1,"BRCA/HRD+, platinum-status",metastatic · 2nd-line+ · measurable (RECIST)
NCT07564141,Study to Assess the Efficacy and Safety of Rina-S With or Without Bevacizumab Compared to Investigator's Choice of Platinum-based Chemotherapy With or Without Bevacizumab as Second-line Treatment in Participants With Recurrent Platinum-sensitive Ovarian Cancer,PHASE3,Phase 3,RECRUITING,688,Genmab,Genmab,65,1,1,active_comparator,2,bevacizumab;carboplatin;gemcitabine;paclitaxel;pld,bevacizumab;rina-s,VEGF/VEGFR,Monoclonal Antibody,,1,1,1,1,0,1,0,1,"BRCA/HRD+, platinum-status",1st-line · measurable (RECIST)
NCT07589543,Dual-Target CAR-NK Cells in Recurrent or Refractory Epithelial Ovarian Cancer,PHASE1;PHASE2,Phase 2,RECRUITING,42,Beijing Biotech,Beijing Biotech,30,1,0,single_arm,1,cyclophosphamide;eb-dualnk;fludarabine,cyclophosphamide;eb-dualnk;fludarabine,CD19,CAR-T,CD19;biomarker,1,1,0,0,0,0,1,0,,metastatic · 2nd-line+ · measurable (RECIST)
NCT07593092,"Phase 1, Safety and Tolerability Study of XmAb541 and XmAb808 in Advanced Solid Tumors",PHASE1,Phase 1,RECRUITING,90,"Xencor, Inc.",Xencor,19,1,0,single_arm,1,xmab541;xmab808,xmab541;xmab808,CD33,Monoclonal Antibody,,1,1,0,0,0,0,0,0,,metastatic
NCT07604766,An Extension Study to Assess the Efficacy of Rina-S Compared to Treatment of Investigator's Choice in Participants With Platinum Resistant Ovarian Cancer in China,PHASE3,Phase 3,RECRUITING,82,Genmab,Genmab,65,1,1,active_comparator,2,gemcitabine;paclitaxel;pegylated liposomal doxorubicin (pld);topotecan,rina-s,FRα,ADC,PR,1,1,1,1,0,1,1,1,"BRCA/HRD+, platinum-status",metastatic · 1st-line · ductal · measurable (RECIST)
NCT07610798,"A Study to Evaluate the Safety, Tolerability, Pharmacokinetics, and Preliminary Antitumor Activity of INV-8989 in Patients With Advanced Solid Tumors Harboring KRAS G12D Mutations",PHASE1;PHASE2,Phase 2,RECRUITING,178,"Shenzhen Ionova Life Sciences Co., Ltd.",Shenzhen Ionova Life Sciences,4,1,0,multi_experimental,14,inv-8989,inv-8989,KRAS,Small Molecule,KRAS,0,1,0,0,0,0,0,0,,metastatic · measurable (RECIST)
NCT07612891,"A Study to Evaluate the Safety, Tolerability, Pharmacokinetics, and Preliminary Antitumor Activity of INV-6452 in Adult Patients With Hormone Receptor Positive, Human Epidermal Growth Factor Receptor 2 Negative (HR+/HER2-) Advanced/Metastatic Breast Cancer or Locally Advanced/Metastatic Solid Tumor",PHASE1;PHASE2,Phase 2,RECRUITING,201,"Shenzhen Ionova Life Sciences Co., Ltd.",Shenzhen Ionova Life Sciences,4,1,0,multi_experimental,2,inv-6452,inv-6452,HER2,Small Molecule,HER2;HR,0,1,0,0,0,0,0,0,,metastatic · measurable (RECIST)
NCT07613723,"A Study to Test the Safety, Tolerability and Effect of ZI-MA4-1 for Patients With Locally Advanced or Metastatic Solid Malignancies",PHASE1,Phase 1,RECRUITING,9,Zelluna Immunotherapy AS,Zelluna Immunotherapy AS,1,1,0,single_arm,1,cyclophosphamide;fludarabine;zi-ma4-1 (tcr-nk cells),cyclophosphamide;fludarabine;zi-ma4-1 (tcr-nk cells),MAGE-A4,Cell Therapy,HLA-A*02:01;MAGE-A4,1,1,0,0,0,0,0,0,,metastatic · squamous · measurable (RECIST)
NCT07617753,"Dual-Targeting CAR-NK Cells for Recurrent Ovarian Cancer (MSLN, FRα, MUC16) pt2",PHASE1;PHASE2,Phase 2,RECRUITING,36,Beijing Biotech,Beijing Biotech,30,1,0,multi_experimental,3,cyclophosphamide;dual-target car-nk cell product;supportive,cyclophosphamide;dual-target car-nk cell product;supportive,MSLN,CAR-T,CA125;FOLR1;MSLN,1,1,0,0,0,0,1,0,,metastatic · 2nd-line+ · measurable (RECIST)
NCT07634094,"Intensive Locoregional Chemoimmunotherapy, Intradermal Autologous Alpha-DC1 Vaccines, and Systemic Pembrolizumab for Advanced-Stage Ovarian Cancer",PHASE2,Phase 2,NOT_YET_RECRUITING,28,"Kalinski, Pawel, MD, PhD","Kalinski, Pawel, MD, PhD",1,0,0,multi_experimental,2,bioferon;celecoxib;cisplatin;debulking procedure;paclitaxel;pembrolizumab;rintatolimod,bioferon;celecoxib;cisplatin;debulking procedure;paclitaxel;pembrolizumab;rintatolimod;αdc1 vaccine,PD-1,Cell Therapy,MET,1,1,0,0,0,1,0,0,,advanced · 1st-line · measurable (RECIST)
NCT07637851,Safety and Efficacy of Ubamatamab With First-line Chemotherapy in Ovarian Cancer,PHASE1;PHASE2,Phase 2,NOT_YET_RECRUITING,43,ARCAGY/ GINECO GROUP,ARCAGY/ GINECO GROUP,16,0,1,single_arm,1,bevacizumab;gcsf;ubamatamab,bevacizumab;gcsf;ubamatamab,MUC16,Bispecific Antibody,MUC16,1,1,1,1,0,1,1,1,"BRCA/HRD+, platinum-status",metastatic · 1st-line · measurable (RECIST)
NCT07652073,A Study of DAT-2645 in Patients With BRCA1/2 Mutations or HRD-Positive Ovarian Cancer,PHASE2,Phase 2,NOT_YET_RECRUITING,30,"Danatlas Pharmaceuticals Co., Ltd",Danatlas Pharmaceuticals,3,1,0,single_arm,1,dat-2645 tablet,dat-2645 tablet,PARP,Small Molecule,BRCA1;BRCA2,0,1,1,0,0,0,0,1,BRCA/HRD+,metastatic
NCT07657416,NK521 in the Treatment of Advanced Solid Tumors,EARLY_PHASE1,Phase 1,NOT_YET_RECRUITING,18,"Base Therapeutics (Shanghai) Co., Ltd.",Base Therapeutics (Shanghai),8,1,0,multi_experimental,2,nk521 cell injection,nk521 cell injection,,Cell Therapy,,1,1,0,0,0,0,1,0,,metastatic · 2nd-line+ · measurable (RECIST)
NCT07664735,A Phase 1 Study to Evaluate the Safety and Efficacy of OPB-201 in Recurrent Endometrial and Platinum-resistant Ovarian Cancer.,PHASE1,Phase 1,NOT_YET_RECRUITING,30,"Outpace Bio, Inc.",Outpace Bio,2,1,0,single_arm,1,opb-201,opb-201,,Cell Therapy,,1,1,0,0,0,0,0,0,,measurable (RECIST)
NCT07665515,"Study of CryptiVax-1001 in Maintenance Setting for Advanced Serous Ovarian, Fallopian Tube, or Primary Peritoneal Cancer",PHASE1,Phase 1,RECRUITING,50,Epitopea Ltd,Epitopea,1,1,0,multi_experimental,6,cryptivax-1001,cryptivax-1001,,,PR,0,1,0,0,0,1,0,0,,metastatic · 1st-line · measurable (RECIST)
NCT07667751,An Exploratory Study on the Use of Ipalotinib (Tislelizumab) Combined With Sunitinib and Olaparib for Neoadjuvant Therapy in HRD-positive Advanced Ovarian Cancer,PHASE2,Phase 2,RECRUITING,35,Bai-Rong Xia,Bai-Rong Xia,1,0,0,single_arm,1,sunitinib、olaparib、tolilizumab,sunitinib、olaparib、tolilizumab,VEGF/VEGFR,Monoclonal Antibody,PR,1,1,1,0,0,0,0,1,BRCA/HRD+,neoadjuvant · squamous · measurable (RECIST)
NCT07670312,Evaluation of XYA02 in Patients With Advanced Solid Tumors,PHASE1;PHASE2,Phase 2,NOT_YET_RECRUITING,190,"XYone Therapeutics, Inc",XYone Therapeutics,1,1,0,multi_experimental,2,xya02,xya02,MUC1,ADC,ALK;BRAF,1,1,0,0,0,0,1,0,,metastatic · 2nd-line+ · adenoca. · measurable (RECIST)
NCT07684612,A Study to Investigate Mocertatug Rezetecan With Bevacizumab Compared With Platinum Doublet With Bevacizumab in Participants With Platinum-sensitive Ovarian Cancer (BEHOLD-Ovarian02),PHASE3,Phase 3,NOT_YET_RECRUITING,690,GlaxoSmithKline,GSK,468,1,1,active_comparator,2,bevacizumab;carboplatin;gemcitabine;paclitaxel;pegylated liposomal doxorubicin (pld),bevacizumab;mocertatug rezetecan (mo-rez),VEGF/VEGFR,Monoclonal Antibody,,1,1,0,1,0,0,1,1,platinum-status,metastatic · 2nd-line+ · squamous · measurable (RECIST)
NCT07690189,Study of NTB-928 in R/R OC,PHASE1,Phase 1,RECRUITING,90,"TeneoSeven, Inc.",TeneoSeven,1,1,0,single_arm,1,ntb-928,ntb-928,,,,0,1,0,1,0,0,1,1,platinum-status,2nd-line+
NCT07694427,Mo-Rez in First- Line (1L) Maintenance Treatment of Non-Homologous Recombination Deficient Ovarian Cancer (Non-HRd OC) [BEHOLD-Ovarian03],PHASE3,Phase 3,NOT_YET_RECRUITING,720,GlaxoSmithKline,GSK,468,1,1,active_comparator,2,bevacizumab,bevacizumab;mocertatug rezetecan,VEGF/VEGFR,Monoclonal Antibody,MET;PR;biomarker,1,1,1,0,0,1,1,1,BRCA/HRD+,metastatic · 1st-line · squamous · measurable (RECIST)
NCT07702292,[68Ga]BED003 PET Imaging of Fibroblast Activation Protein in Selected Oncology Indications,PHASE2,Phase 2,RECRUITING,71,Blue Earth Diagnostics,Blue Earth Diagnostics,11,1,0,single_arm,1,[68ga]bed003,[68ga]bed003,,,,0,1,0,0,0,1,0,0,,neoadjuvant · 1st-line · ductal
NCT07705035,DBC-664 in Adult Patients With Solid Tumors,PHASE1,Phase 1,RECRUITING,210,"Duboce Biopharmaceuticals, Inc.",Duboce Biopharmaceuticals,1,1,0,multi_experimental,2,dbc-664,dbc-664,,,,0,1,0,0,0,0,1,0,,metastatic · 2nd-line+ · squamous · measurable (RECIST)
NCT07708753,"A Study of SYS6043 in Platinum-Resistant, Advanced Ovarian, Primary Peritoneal, or Fallopian Tube Cancers",PHASE3,Phase 3,NOT_YET_RECRUITING,460,"CSPC Megalith Biopharmaceutical Co.,Ltd.",CSPC Megalith Biopharmaceutical,29,1,0,active_comparator,2,liposomal doxorubicin;or topotecan;paclitaxel,sys6043,,,MET,0,1,0,1,0,0,1,1,platinum-status,metastatic · 2nd-line+ · squamous · measurable (RECIST)
NCT07714668,A Clinical Study of SYS6041 Combination Therapy for Recurrent Ovarian Cancer,PHASE2,Phase 2,RECRUITING,171,"CSPC Megalith Biopharmaceutical Co.,Ltd.",CSPC Megalith Biopharmaceutical,29,1,0,active_comparator,4,bevacizumab;carboplatin;paclitaxel,bevacizumab;carboplatin;enlonstobart;sys6041,VEGF/VEGFR,Monoclonal Antibody,,1,1,1,1,0,0,0,1,"BRCA/HRD+, platinum-status",metastatic · squamous · measurable (RECIST)
NCT07715747,"A Phase I Study to Evaluate the Safety,Pharmacokinetics,Pharmacodynamics,and Efficacy of TJ037130 in Adult Participants With Advanced Solid Tumors",PHASE1,Phase 1,NOT_YET_RECRUITING,128,"TJ Biopharma Co., Ltd.",TJ Biopharma,11,1,0,single_arm,1,tj037130,tj037130,,,PD-L1,0,1,0,0,1,0,0,1,PD-L1+,metastatic · squamous · measurable (RECIST)
NCT07736937,Study of TUB-040 Given With Standard Ovarian Cancer Drugs in Patients With Fast-growing Ovarian Cancer,PHASE1;PHASE2,Phase 2,RECRUITING,72,Tubulis GmbH,Tubulis,5,1,0,single_arm,1,tub-040 + carbo + bev,tub-040 + carbo + bev,VEGF/VEGFR,Monoclonal Antibody,biomarker,1,1,1,1,0,0,1,1,"BRCA/HRD+, platinum-status",metastatic · 2nd-line+ · measurable (RECIST)
NCT07743164,A Clinical Trial of Raludotatug Deruxtecan (R-DXd) With or Without Bevacizumab in Participants With Ovarian Cancer Who Have Progressed During Treatment With PARP-inhibitors Treatment on First Line Maintenance (MK-5909-008/ENGOT-ov107/GOG-3142 / REJOICE-Ovarian05),PHASE3,Phase 3,NOT_YET_RECRUITING,646,Merck Sharp & Dohme LLC,Merck (MSD),649,1,1,active_comparator,2,bevacizumab;carboplatin;gemcitabine;paclitaxel;pegylated liposomal doxorubicin (pld),bevacizumab;r-dxd,CDH6,ADC,,1,1,0,1,0,1,0,1,platinum-status,advanced · 1st-line
NCT07747506,Continued Access to Avutometinib in Combination With Defactinib in Patients With Recurrent Low-Grade Serous Ovarian Cancer (LGSOC),PHASE2,Phase 2,NOT_YET_RECRUITING,2,"Verastem, Inc.",Verastem,25,1,0,single_arm,1,avutometinib + defactininb combination,avutometinib + defactininb combination,,Small Molecule,,0,1,0,0,0,0,0,0,,
NCT07752875,A Study of LG00313112 in Participants With Advanced Solid Malignancies Harboring a TP53 Y220C Mutation,PHASE1;PHASE2,Phase 2,NOT_YET_RECRUITING,250,LG Chem,LG Chem,2,1,0,single_arm,1,lg00313112,lg00313112,,,,0,1,0,0,0,0,1,0,,metastatic · 2nd-line+ · measurable (RECIST)
NCT07755436,"Phase 1 Study to Assess Safety, Tolerability, Pharmacokinetics, Immunogenicity, and Antitumor Activity of ARR-002 in Advanced or Metastatic Ovarian or Endometrial Cancer.",PHASE1,Phase 1,RECRUITING,180,"ArriVent BioPharma, Inc.",ArriVent BioPharma,5,1,0,single_arm,1,arr-002,arr-002,,,,0,1,0,1,0,0,0,1,platinum-status,metastatic · measurable (RECIST)
NCT07776691,"A Study of Raludotatug Deruxtecan With or Without Bevacizumab as First-Line Maintenance Treatment in Non-HRD-Positive Advanced Ovarian Cancer (MK-5909-006, (ENGOT-ov102/GOG-3141/ REJOICE-Ovarian 04)",PHASE3,Phase 3,NOT_YET_RECRUITING,802,Merck Sharp & Dohme LLC,Merck (MSD),649,1,1,active_comparator,2,bevacizumab,bevacizumab;r-dxd,CDH6,ADC,PR,1,1,1,0,0,1,0,1,BRCA/HRD+,stage IV · 1st-line
NCT07778498,"A Phase I/II, First-in-Human Study to Evaluate TJ102 in Participants With Advanced or Metastatic Ovarian Cancer and Other Solid Tumors.",PHASE1;PHASE2,Phase 2,NOT_YET_RECRUITING,150,Phrontline Biopharma,Phrontline Biopharma,2,1,0,single_arm,1,tj102,tj102,,ADC,biomarker;biomarker analysis,1,1,0,1,0,0,0,1,platinum-status,metastatic · squamous · measurable (RECIST)
NCT07779538,Clinical Trials Comparing Trastuzumab Plus Bevacizumab With Bevacizumab as First-line Maintenance Therapy for Epithelial Ovarian Cancer,PHASE3,Phase 3,NOT_YET_RECRUITING,420,"Suzhou Suncadia Biopharmaceuticals Co., Ltd.",Suzhou Suncadia Biopharmaceuticals,86,1,0,multi_experimental,2,bevacizumab;trastuzumab,bevacizumab;trastuzumab,HER2,Monoclonal Antibody,HER2,1,1,1,0,0,1,0,1,BRCA/HRD+,metastatic · 1st-line · ductal · ECOG 0-1
NCT07781852,Evaluation of the Distribution of 64Cu/68Ga Labeled CM500 in Healthy Volunteers and Patients With Cancer,EARLY_PHASE1,Phase 1,NOT_YET_RECRUITING,40,Lumina Pharmaceuticals Inc,Lumina Pharmaceuticals,1,1,0,active_comparator,4,[64cu]cm500;[68ga]cm500;blood collection;device: pet/ct;device: pet/mr,[64cu]cm500;[68ga]cm500;blood collection;device: pet/ct;device: pet/mr,,Peptide,,0,1,0,0,0,0,0,0,,metastatic
NCT07791732,A Study of Raludotatug Deruxtecan (R-DXd) With or Without Bevacizumab as Maintenance Therapy in Second-Line Platinum-Sensitive Recurrent Ovarian Cancer (REJOICE-Ovarian03),PHASE3,Phase 3,NOT_YET_RECRUITING,600,Daiichi Sankyo,Daiichi Sankyo,178,1,1,active_comparator,2,bevacizumab,bevacizumab;r-dxd,CDH6,ADC,MET;PR,1,1,1,1,0,1,1,1,"BRCA/HRD+, platinum-status",metastatic · 1st-line · ductal · measurable (RECIST)
NCT07793318,TR115 in ARID1A-Mutated Advanced Solid Tumors,PHASE2,Phase 2,NOT_YET_RECRUITING,50,Tarapeutics Science Inc.,Tarapeutics Science,7,1,0,single_arm,1,tr115,tr115,,,biomarker;biomarker analysis,0,1,0,1,0,0,0,1,platinum-status,metastatic · measurable (RECIST)
NCT07797283,Phase 3 Study of INCB123667 Plus Bevacizumab Versus Bevacizumab Alone as First-Line Maintenance Therapy in Ovarian Cancer Overexpressing Cyclin E1,PHASE3,Phase 3,NOT_YET_RECRUITING,590,Incyte Corporation,Incyte,162,1,0,multi_experimental,2,bevacizumab,bevacizumab;incb123667,CCNE1,Small Molecule,Cyclin E1;PR,0,1,1,0,0,1,0,1,BRCA/HRD+,metastatic · 1st-line · measurable (RECIST)
NCT07807956,"A Study to Assess Adverse Events, Change in Disease Activity and How Intravenous ABBV-253 Moves Through the Body in Adult Participants With Advanced Solid Tumors",PHASE1,Phase 1,NOT_YET_RECRUITING,130,AbbVie,AbbVie,274,1,1,multi_experimental,4,abbv-253,abbv-253,,,,0,1,0,0,0,0,0,0,,metastatic · adenoca. · measurable (RECIST)
NCT07811271,"Efficacy and Safety of BG-C9074 With Bevacizumab Compared With Bevacizumab in Adults With Ovarian, Fallopian Tube, or Primary Peritoneal Cancers",PHASE3,Phase 3,NOT_YET_RECRUITING,600,BeOne Medicines,BeiGene/BeOne,149,1,0,active_comparator,2,bevacizumab,bevacizumab;bg-c9074,B7H4,ADC,,1,1,1,0,0,0,0,1,BRCA/HRD+,
NCT07811297,"A Study of Catequentinib Hydrochloride (AL3818) in Endometrial, LGSOC, STS or GBM Cancers",PHASE1;PHASE2,Phase 2,NOT_YET_RECRUITING,138,"Advenchen Pharmaceuticals, LLC.",Advenchen Pharmaceuticals,3,1,0,multi_experimental,7,al3818,al3818;al58805;ccnu;temozolomide (tmz),,Small Molecule,,0,1,0,0,0,0,0,0,,metastatic · measurable (RECIST)
NCT07814248,"A Phase 1, First-in-Human (FIH), Open-Label, Dose-Escalation and Dose Expansion Study of the Peptide Drug Conjugate (PDC), TS-104, as a Monotherapy in Subjects With Select Advanced Solid Tumors",PHASE1,Phase 1,NOT_YET_RECRUITING,74,"TwoStep Therapeutics, Inc.",TwoStep Therapeutics,1,1,0,multi_experimental,3,ts-104,ts-104,,ADC,MET,1,1,0,0,0,0,0,0,,metastatic · squamous · measurable (RECIST)
