nct_id,brief_title,phase,phase_simple,overall_status,enrollment,lead_sponsor,company,sponsor_scale,is_industry,is_big_pharma,arm_structure,n_arms,comparator_B,experimental_A,targets,modalities,biomarkers_pipeline,tme_relevant,is_combination,PD-L1,FGFR,HER2,MSI-H/dMMR,first_line,later_line,biomarker_selected,biomarker_detail,elig_summary
NCT01366144,"Veliparib, Paclitaxel, and Carboplatin in Treating Patients With Solid Tumors That Are Metastatic or Cannot Be Removed by Surgery and Liver or Kidney Dysfunction",PHASE1,Phase 1,ACTIVE_NOT_RECRUITING,94,National Cancer Institute (NCI),National Cancer Institute (NCI),18,0,0,single_arm,1,carboplatin;laboratory biomarker analysis;paclitaxel;pharmacological study;veliparib,carboplatin;laboratory biomarker analysis;paclitaxel;pharmacological study;veliparib,PARP,Small Molecule,BRCA1;BRCA2,0,1,0,0,0,0,0,0,0,,metastatic
NCT02138734,A Study of Intravesical BCG in Combination With ALT-803 in Patients With Non-Muscle Invasive Bladder Cancer,PHASE1;PHASE2,Phase 2,ACTIVE_NOT_RECRUITING,369,"ImmunityBio, Inc.",ImmunityBio,63,1,0,active_comparator,2,bcg (,bcg (,IL-15,Cell Therapy,,1,1,0,0,0,0,0,0,0,,metastatic · squamous
NCT02202772,"Intravesical Cabazitaxel, Gemcitabine, and Cisplatin (CGC) in the Treatment Urothelial Carcinoma of the Bladder",PHASE1;PHASE2,Phase 2,ACTIVE_NOT_RECRUITING,51,Guarionex J. Decastro,Guarionex J. Decastro,1,0,1,multi_experimental,5,cabazitaxel;gemcitabine,cabazitaxel;cisplatin;gemcitabine,TUBB3,Small Molecule,,0,1,0,0,0,0,0,1,0,,recurrent · 2nd-line+ · ECOG 0
NCT02365597,An Efficacy and Safety Study of Erdafitinib (JNJ-42756493) in Participants With Urothelial Cancer,PHASE2,Phase 2,ACTIVE_NOT_RECRUITING,239,"Janssen Research & Development, LLC",Johnson & Johnson,363,1,1,single_arm,1,erdafitinib;metformin;midazolam,erdafitinib;metformin;midazolam,FGFR,Small Molecule,FGFR;PR;genomic,0,1,1,0,0,0,0,1,1,PD-L1+,metastatic · 2nd-line+ · squamous · measurable (RECIST)
NCT02500121,Testing the PD-1 Inhibitor Pembrolizumab as Maintenance Therapy After Initial Chemotherapy in Metastatic Bladder Cancer,PHASE2,Phase 2,COMPLETED,108,Matthew Galsky,Matthew Galsky,11,0,1,placebo_comparator,2,,pembrolizumab,PD-1,Monoclonal Antibody,PD-L1,1,0,1,0,0,0,1,1,1,PD-L1+,metastatic · 1st-line · squamous
NCT02516241,Study of MEDI4736 (Durvalumab) With or Without Tremelimumab Versus Standard of Care Chemotherapy in Urothelial Cancer,PHASE3,Phase 3,ACTIVE_NOT_RECRUITING,1126,AstraZeneca,AstraZeneca,780,1,1,active_comparator,3,carboplatin;cisplatin;gemcitabine,medi4736 (durvalumab);tremelimumab,PD-L1,Monoclonal Antibody,PD-L1,1,1,1,0,0,0,1,1,1,PD-L1+,metastatic · 1st-line
NCT02546661,"Open-Label, Randomised, Multi-Drug, Biomarker-Directed, Phase 1b Study in Pts w/ Muscle Invasive Bladder Cancer",PHASE1,Phase 1,ACTIVE_NOT_RECRUITING,117,AstraZeneca,AstraZeneca,780,1,1,multi_experimental,8,,azd1775;azd4547;azd9150;medi4736;olaparib;selumetinib;vistusertib,FGFR1,Small Molecule,FGFR1;FGFR1 Polysomy;biomarker,0,1,0,1,0,0,0,1,1,FGFR-alt,metastatic · 2nd-line+
NCT02560636,Pembrolizumab in Muscle Invasive/Metastatic Bladder Cancer,PHASE1,Phase 1,ACTIVE_NOT_RECRUITING,34,Royal Marsden NHS Foundation Trust,Royal Marsden NHS Foundation Trust,40,0,1,multi_experimental,5,pembrolizumab;radiotherapy,pembrolizumab;radiotherapy,PD-1,Monoclonal Antibody,PD-L1,1,1,1,0,0,0,0,1,1,PD-L1+,metastatic · 2nd-line+ · squamous · measurable (RECIST)
NCT02621151,"Pembrolizumab (MK3475), Gemcitabine, and Concurrent Hypofractionated Radiation Therapy for Muscle-Invasive Urothelial Cancer of the Bladder",PHASE2,Phase 2,ACTIVE_NOT_RECRUITING,60,NYU Langone Health,NYU Langone Health,39,0,1,single_arm,1,external beam radiation therapy;gemcitabine;pembrolizumab;transurethral resection of bladder tumor,external beam radiation therapy;gemcitabine;pembrolizumab;transurethral resection of bladder tumor,PD-1,Monoclonal Antibody,PD-L1,1,1,1,0,0,0,0,0,1,PD-L1+,neoadjuvant
NCT02845323,Neoadjuvant Nivolumab With and Without Urelumab in Cisplatin-Ineligible or Chemotherapy-refusing Patients With Muscle-Invasive Urothelial Carcinoma of the Bladder,PHASE2,Phase 2,ACTIVE_NOT_RECRUITING,15,Sidney Kimmel Comprehensive Cancer Center at Johns Hopkins,Sidney Kimmel Comprehensive Cancer Center at Johns Hopkins,160,0,1,active_comparator,2,nivolumab monotherapy,nivolumab in combination with urelumab,PD-1,Monoclonal Antibody,PD-L1,1,1,1,0,0,0,0,1,1,PD-L1+,metastatic · 2nd-line+ · ECOG 2
NCT02869217,Study of TBI-1301 (NY-ESO-1 Specific TCR Gene Transduced Autologous T Lymphocytes) in Patients With Solid Tumors,PHASE1,Phase 1,ACTIVE_NOT_RECRUITING,22,"University Health Network, Toronto","University Health Network, Toronto",91,0,0,multi_experimental,2,cyclophosphamide;fludarabine;tbi-1301,cyclophosphamide;fludarabine;tbi-1301,NY-ESO-1,Cell Therapy,HLA-A*02:01;HLA-A*02:06;MET;NY-ESO-1,1,1,0,0,0,0,0,0,0,,metastatic · ductal · measurable (RECIST)
NCT02989584,A Phase II Study of Atezolizumab in Combination With Cisplatin + Gemcitabine Before Surgery to Remove the Bladder Cancer,PHASE1;PHASE2,Phase 2,ACTIVE_NOT_RECRUITING,54,Memorial Sloan Kettering Cancer Center,Memorial Sloan Kettering Cancer Center,411,0,1,single_arm,1,atezolizumab;cisplatin;gemcitabine,atezolizumab;cisplatin;gemcitabine,PD-L1,Monoclonal Antibody,CMMRD;MSI-H;PD-L1;TMB,1,1,1,0,0,0,0,0,1,PD-L1+,metastatic · squamous · measurable (RECIST)
NCT03022825,QUILT-3.032: A Multicenter Clinical Trial of Intravesical Bacillus Calmette-Guerin (BCG) in Combination With ALT-803 (N-803) in Patients With BCG Unresponsive High Grade Non-Muscle Invasive Bladder Cancer,PHASE2;PHASE3,Phase 3,ACTIVE_NOT_RECRUITING,190,"ImmunityBio, Inc.",ImmunityBio,63,1,0,single_arm,1,n-803;n-803 and bcg,n-803;n-803 and bcg,IL-15Rα,Cell Therapy,,1,1,0,0,0,0,0,0,0,,metastatic · squamous
NCT03036098,Study of Nivolumab in Combination With Ipilimumab or Standard of Care Chemotherapy Compared to the Standard of Care Chemotherapy Alone in Treatment of Participants With Untreated Inoperable or Metastatic Urothelial Cancer,PHASE3,Phase 3,ACTIVE_NOT_RECRUITING,1314,Bristol-Myers Squibb,Bristol Myers Squibb,764,1,1,active_comparator,4,carboplatin;cisplatin;gemcitabine,cisplatin;gemcitabine;ipilimumab;nivolumab,PD-1,Monoclonal Antibody,CD30;PD-L1,1,1,1,0,0,0,0,0,1,PD-L1+,metastatic
NCT03093922,A Study of Two Dosing Schedules of Atezolizumab in Combination With Gemcitabine and Cisplatin as First-Line Treatment for Metastatic Bladder Cancer,PHASE2,Phase 2,ACTIVE_NOT_RECRUITING,32,Memorial Sloan Kettering Cancer Center,Memorial Sloan Kettering Cancer Center,411,0,1,multi_experimental,3,atezolizumab;cisplatin;gemcitabine,atezolizumab;cisplatin;gemcitabine,PD-L1,Monoclonal Antibody,CMMRD;MET;MSI-H;PD-L1;TMB,1,1,1,0,0,0,0,0,1,PD-L1+,metastatic · squamous · measurable (RECIST)
NCT03132922,MAGE-A4ᶜ¹º³²T for Multi-Tumor,PHASE1,Phase 1,ACTIVE_NOT_RECRUITING,71,"USWM CT, LLC",USWM CT,8,1,0,multi_experimental,2,,autologous genetically modified mage-a4c1032t cells combined with low dose radiation;autologous genetically modified mage-a4ᶜ¹º³²t cells,MAGE-A4,Cell Therapy,HLA-A2;MAGE-A4,1,1,0,0,0,0,0,0,0,,metastatic · measurable (RECIST)
NCT03170960,Study of Cabozantinib Alone or in Combination With Atezolizumab to Subjects With Locally Advanced or Metastatic Solid Tumors,PHASE1,Phase 1,ACTIVE_NOT_RECRUITING,914,Exelixis,Exelixis,52,1,0,multi_experimental,25,,atezolizumab;cabozantinib,MET,Small Molecule,PD-L1,0,1,1,0,0,0,0,0,1,PD-L1+,metastatic · measurable (RECIST)
NCT03171025,Adjuvant Nivolumab Following Chemo-Radiation in Localized Muscle-Invasive Bladder Cancer,PHASE2,Phase 2,ACTIVE_NOT_RECRUITING,200,University of Utah,University of Utah,55,0,1,single_arm,1,nivolumab,nivolumab,PD-1,Monoclonal Antibody,CD30;biomarker,1,1,0,0,0,0,0,0,0,,metastatic · adenoca.
NCT03212404,Phase 1 Study of CK-301 (Cosibelimab) as a Single Agent in Subjects With Advanced Cancers,PHASE1,Phase 1,ACTIVE_NOT_RECRUITING,272,"Checkpoint Therapeutics, Inc.",Checkpoint Therapeutics,3,1,0,single_arm,1,ck-301 (cosibelimab),ck-301 (cosibelimab),PD-L1,Monoclonal Antibody,MMR;MSI;MSI-H;PD-L1;dMMR,1,1,1,0,0,1,0,0,1,"PD-L1+, MSI-H/dMMR",metastatic · squamous · measurable (RECIST)
NCT03216525,Alvimopan Versus Placebo in Patients Undergoing Radical Cystectomy on an Enhanced Recovery Protocol,PHASE3,Phase 3,RECRUITING,136,Brigham and Women's Hospital,Brigham and Women's Hospital,15,0,1,active_comparator,2,alvimopan,,,,MET,0,0,0,0,0,0,0,0,0,,neoadjuvant
NCT03228667,QUILT-3.055: A Study of Combination Immunotherapies in Patients Who Have Previously Received Treatment With Immune Checkpoint Inhibitors,PHASE2,Phase 2,ACTIVE_NOT_RECRUITING,40,"ImmunityBio, Inc.",ImmunityBio,63,1,0,multi_experimental,6,,n-803 + atezolizumab;n-803 + atezolizumab + pd-l1 t-hank;n-803 + avelumab;n-803 + avelumab + pd-l1 t-hank;n-803 + docetaxel + nivolumab;n-803 + docetaxel + pembrolizumab;n-803 + durvalumab;n-803 + durvalumab + pd-l1 t-hank;n-803 + nivolumab;n-803 + nivolumab + pd-l1 t-hank;n-803 + pembrolizumab;n-803 + pembrolizumab + pd-l1 t-hank,PD-1,Monoclonal Antibody,ALK;BRAF;HER2;KRAS;MET;NTRK;PD-L1;PR;RET;ROS1,1,1,1,0,1,0,0,0,1,"PD-L1+, HER2+",recurrent · measurable (RECIST)
NCT03252938,Feasibility and Safety of IMP321 (Eftilagimod Alpha) for Advanced Stage Solid Tumors,PHASE1,Phase 1,ACTIVE_NOT_RECRUITING,83,Institut für Klinische Krebsforschung IKF GmbH at Krankenhaus Nordwest,Institut für Klinische Krebsforschung IKF GmbH at Krankenhaus Nordwest,28,0,0,multi_experimental,5,imp321,avelumab;imp321,LAG-3,Monoclonal Antibody,MET;PD-L1,1,1,1,0,0,0,1,1,1,PD-L1+,metastatic · 1st-line · adenoca. · measurable (RECIST) · ECOG 0
NCT03317158,"Modern Immunotherapy in BCG-Unresponsive, BCG-Relapsing and High Risk BCG-Naive Non-Muscle Invasive Urothelial Carcinoma of the Bladder",PHASE1;PHASE2,Phase 2,ACTIVE_NOT_RECRUITING,186,"Noah Hahn, M.D.","Noah Hahn, M.D.",5,0,1,multi_experimental,10,,bacillus calmette-guérin (bcg);docetaxel;durvalumab (cohort 1-3);durvalumab (cohort 4/5);external beam radiotherapy (ebrt);gemcitabine;intravesical nai (cohorts 6-7);subcutaneous nai (cohort 8);to be determined;tremelimumab,CTLA-4,Monoclonal Antibody,MET;PD-L1,1,1,1,0,0,0,0,1,1,PD-L1+,metastatic · 2nd-line+
NCT03333616,Nivolumab Combined With Ipilimumab for Patients With Advanced Rare Genitourinary Tumors,PHASE2,Phase 2,ACTIVE_NOT_RECRUITING,100,Dana-Farber Cancer Institute,Dana-Farber Cancer Institute,326,0,1,single_arm,1,ipilimumab;nivolumab,ipilimumab;nivolumab,CTLA-4,Monoclonal Antibody,PD-L1,1,1,1,0,0,0,0,1,1,PD-L1+,metastatic · 2nd-line+ · adenoca. · measurable (RECIST)
NCT03390504,A Study of Erdafitinib Compared With Vinflunine or Docetaxel or Pembrolizumab in Participants With Advanced Urothelial Cancer and Selected Fibroblast Growth Factor Receptor (FGFR) Gene Aberrations,PHASE3,Phase 3,ACTIVE_NOT_RECRUITING,629,"Janssen Research & Development, LLC",Johnson & Johnson,363,1,1,multi_experimental,4,device: fibroblast growth factor receptor inhibitor clinical trial assay (fgfri cta),device: fibroblast growth factor receptor inhibitor clinical trial assay (fgfri cta);docetaxel;erdafitinib;pembrolizumab;vinflunine,FGFR,Small Molecule,FGFR,0,1,0,1,0,0,0,0,1,FGFR-alt,metastatic · squamous
NCT03459846,"A Study of Durvalumab Alone and Durvalumab+Olaparib in Advanced, Platinum-Ineligible Bladder Cancer (BAYOU)",PHASE2,Phase 2,ACTIVE_NOT_RECRUITING,154,AstraZeneca,AstraZeneca,780,1,1,multi_experimental,2,durvalumab,durvalumab;olaparib,PD-L1,Monoclonal Antibody,EGFR,1,1,0,0,0,0,0,0,0,,metastatic · measurable (RECIST) · ECOG 2
NCT03473743,A Study of Erdafitinib in Participants With Metastatic or Locally Advanced Urothelial Cancer,PHASE1;PHASE2,Phase 2,ACTIVE_NOT_RECRUITING,125,"Janssen Research & Development, LLC",Johnson & Johnson,363,1,1,multi_experimental,2,cetrelimab;erdafitinib,carboplatin;cetrelimab;cisplatin;erdafitinib,FGFR,Small Molecule,FGFR;PD-L1,0,1,1,0,0,0,0,0,1,PD-L1+,metastatic · squamous · measurable (RECIST) · ECOG 0-1
NCT03504163,Pembrolizumab (MK-3475) and Bacillus Calmette-Guérin (BCG) as First-Line Treatment for High-Risk T1 Non-Muscle-Invasive Bladder Cancer (NMIBC) and High-Grade Non-Muscle-Invasive Upper Tract Urothelial Carcinoma (NMI-UTUC)],PHASE2,Phase 2,ACTIVE_NOT_RECRUITING,45,Memorial Sloan Kettering Cancer Center,Memorial Sloan Kettering Cancer Center,411,0,1,multi_experimental,2,bacillus calmette-guérin (bcg);pembrolizumab (mk-3475),bacillus calmette-guérin (bcg);pembrolizumab (mk-3475),PD-1,Monoclonal Antibody,PD-L1,1,1,1,0,0,0,0,0,1,PD-L1+,metastatic · squamous
NCT03528694,Assessment of Efficacy and Safety of Durvalumab Plus BCG Compared to the Standard Therapy With BCG in Non-muscle Invasive Bladder Cancer,PHASE3,Phase 3,ACTIVE_NOT_RECRUITING,1018,AstraZeneca,AstraZeneca,780,1,1,active_comparator,3,bacillus calmette-guerin (bcg),bacillus calmette-guerin (bcg);durvalumab (medi4736),PD-L1,Monoclonal Antibody,MET;PD-L1,1,1,1,0,0,0,0,0,1,PD-L1+,metastatic
NCT03547973,Study of Sacituzumab Govitecan in Participants With Urothelial Cancer That Cannot Be Removed or Has Spread,PHASE2,Phase 2,ACTIVE_NOT_RECRUITING,502,Gilead Sciences,Gilead Sciences,168,1,1,multi_experimental,16,,avelumab;carboplatin;cisplatin;domvanalimab;enfortumab vedotin;gemcitabine;pembrolizumab;sacituzumab govitecan-hziy;zimberelimab,PD-1,Monoclonal Antibody,PD-L1;PR,1,1,1,0,0,0,1,1,1,PD-L1+,metastatic · 1st-line · measurable (RECIST)
NCT03582475,Pembrolizumab With Combination Chemotherapy in Treating Participants With Locally Advanced or Metastatic Small Cell/Neuroendocrine Cancers of Urothelium or Prostate,PHASE1,Phase 1,ACTIVE_NOT_RECRUITING,15,Jonsson Comprehensive Cancer Center,Jonsson Comprehensive Cancer Center,117,0,1,single_arm,1,carboplatin;cisplatin;docetaxel;etoposide;pembrolizumab,carboplatin;cisplatin;docetaxel;etoposide;pembrolizumab,PD-1,Monoclonal Antibody,MET;PD-L1,1,1,1,0,0,0,0,1,1,PD-L1+,metastatic · 2nd-line+ · squamous · measurable (RECIST)
NCT03589339,NBTXR3 Activated by Radiotherapy for Patients With Advanced Cancers Treated With An Anti-PD-1 Therapy,PHASE1,Phase 1,ACTIVE_NOT_RECRUITING,145,Nanobiotix,Nanobiotix,6,1,0,single_arm,1,nbtxr3;nivolumab;pembrolizumab;sabr,nbtxr3;nivolumab;pembrolizumab;sabr,PD-1,Radiopharmaceutical,,0,1,0,0,0,0,0,0,0,,metastatic · measurable (RECIST)
NCT03601455,"Radiation Therapy and Durvalumab With or Without Tremelimumab in Treating Participants With Unresectable, Locally Advanced, or Metastatic Bladder Cancer",PHASE2,Phase 2,ACTIVE_NOT_RECRUITING,13,Jonsson Comprehensive Cancer Center,Jonsson Comprehensive Cancer Center,117,0,1,multi_experimental,2,durvalumab;external beam radiation therapy,durvalumab;external beam radiation therapy;tremelimumab,PD-L1,Monoclonal Antibody,EGFR,1,1,0,0,0,0,0,0,0,,metastatic · measurable (RECIST) · ECOG 2
NCT03682068,"Study of Durvalumab Given With Chemotherapy, Durvalumab in Combination With Tremelimumab Given With Chemotherapy, or Chemotherapy in Patients With Unresectable Urothelial Cancer",PHASE3,Phase 3,ACTIVE_NOT_RECRUITING,1246,AstraZeneca,AstraZeneca,780,1,1,active_comparator,3,carboplatin + gemcitabine;cisplatin + gemcitabine,carboplatin + gemcitabine;cisplatin + gemcitabine;durvalumab;tremelimumab,PD-L1,Monoclonal Antibody,EGFR,1,1,1,0,0,0,1,1,1,PD-L1+,metastatic · 1st-line · measurable (RECIST)
NCT03682289,Ceralasertib (AZD6738) Alone and in Combination With Olaparib or Durvalumab in Patients With Solid Tumors,PHASE2,Phase 2,ACTIVE_NOT_RECRUITING,83,Rahul Aggarwal,Rahul Aggarwal,7,0,1,multi_experimental,3,ceralasertib,ceralasertib;durvalumab;olaparib,ATM,Small Molecule,BRCA1;BRCA2;HRR;MET;MMR;MSI,0,1,0,0,0,0,0,1,0,,metastatic · 2nd-line+ · ductal · measurable (RECIST)
NCT03697850,Atezolizumab After Chemo-radiotherapy for MIBC Patients Not Eligible for Radical Cystectomy,PHASE2,Phase 2,ACTIVE_NOT_RECRUITING,79,UNICANCER,UNICANCER,64,0,1,single_arm,1,atezolizumab,atezolizumab,PD-L1,Monoclonal Antibody,CMMRD;MSI-H;PD-L1;TMB;biomarker,1,1,1,0,0,0,0,0,1,PD-L1+,metastatic · adenoca.
NCT03711032,Efficacy and Safety of Pembrolizumab (MK-3475) in Combination With Bacillus Calmette-Guerin (BCG) in High-Risk Non-Muscle Invasive Bladder Cancer (HR NMIBC) (MK-3475-676/KEYNOTE-676),PHASE3,Phase 3,ACTIVE_NOT_RECRUITING,1397,Merck Sharp & Dohme LLC,Merck (MSD),649,1,1,multi_experimental,5,bcg,bcg;pembrolizumab,PD-1,Monoclonal Antibody,PD-L1;biomarker;biomarker analysis,1,1,1,0,0,0,0,0,1,PD-L1+,metastatic
NCT03732677,Durvalumab+ Gemcitabine/Cisplatin (Neoadjuvant Treatment) and Durvalumab (Adjuvant Treatment) in Patients With MIBC,PHASE3,Phase 3,ACTIVE_NOT_RECRUITING,1063,AstraZeneca,AstraZeneca,780,1,1,active_comparator,2,cisplatin;gemcitabine,cisplatin;durvalumab;gemcitabine,PD-L1,Monoclonal Antibody,EGFR;PD-L1,1,1,1,0,0,0,0,0,1,PD-L1+,metastatic
NCT03768570,Trimodality Therapy With/Out Durvalumab to Treat Patients With Muscle-Invasive Bladder Cancer,PHASE2,Phase 2,ACTIVE_NOT_RECRUITING,82,Canadian Cancer Trials Group,Canadian Cancer Trials Group,48,0,1,active_comparator,2,durvalumab,,PD-L1,Monoclonal Antibody,EGFR;PD-L1,1,0,1,0,0,0,0,0,1,PD-L1+,metastatic · small-cell
NCT03799835,Atezolizumab Plus One-year BCG Bladder Instillation in BCG-naive High-risk Non-muscle Invasive Bladder Cancer Patients,PHASE3,Phase 3,ACTIVE_NOT_RECRUITING,517,UNICANCER,UNICANCER,64,0,1,active_comparator,2,bcg,atezolizumab;bcg,PD-L1,Monoclonal Antibody,CMMRD;MSI-H;PD-L1;TMB,1,1,1,0,0,0,1,0,1,PD-L1+,metastatic · 1st-line · squamous
NCT03836352,"Study of an Immunotherapeutic, DPX-Survivac, in Combination With Low Dose Cyclophosphamide & Pembrolizumab, in Subjects With Selected Advanced & Recurrent Solid Tumors",PHASE2,Phase 2,ACTIVE_NOT_RECRUITING,184,"ImmunoVaccine Technologies, Inc. (IMV Inc.)","ImmunoVaccine Technologies, Inc. (IMV Inc.)",8,1,1,multi_experimental,2,dpx-survivac;pembrolizumab,cyclophosphamide;dpx-survivac;pembrolizumab,PD-1,Monoclonal Antibody,ALK;EGFR;MSI;PD-L1,1,1,1,0,0,0,1,0,1,PD-L1+,metastatic · 1st-line · small-cell · measurable (RECIST) · ECOG 0-1
NCT03837821,(CLONEVO): Cell cycLe inhbitiON to Target the EVolution of UrOthelial Cancer,EARLY_PHASE1,Phase 1,ACTIVE_NOT_RECRUITING,20,Weill Medical College of Cornell University,Weill Medical College of Cornell University,90,0,1,single_arm,1,abemaciclib,abemaciclib,ER,Small Molecule,ER;HER2,0,1,0,0,0,0,0,0,0,,metastatic
NCT03872947,A Study of TRK-950 in Combinations With Anti-Cancer Treatment Regimens in Patients With Advanced Solid Tumors,PHASE1,Phase 1,ACTIVE_NOT_RECRUITING,138,"Toray Industries, Inc",Toray Industries,4,1,0,multi_experimental,15,trk-950,bevacizumab;carboplatin;cisplatin;fluorouracil;gemcitabine;imiquimod cream;irinotecan;leucovorin;nivolumab;paclitaxel;pembrolizumab;pld;ramucirumab;trk-950,PD-1,Monoclonal Antibody,CAPRIN-1;PR,1,1,0,0,0,0,0,1,0,,metastatic · 2nd-line+ · adenoca. · measurable (RECIST)
NCT03915678,Atezolizumab Combined With BDB001 AnD Immunogenic Radiotherapy in Patients With Advanced Solid Tumors,PHASE2,Phase 2,ACTIVE_NOT_RECRUITING,247,Institut Bergonié,Institut Bergonié,27,0,1,multi_experimental,6,,association atezolizumab + bdb001 + rt;association atezolizumab + bdb001+ rt,PD-L1,Monoclonal Antibody,PD-L1,1,1,0,0,0,0,0,0,0,,metastatic · small-cell · measurable (RECIST) · ECOG 1
NCT03924895,Perioperative Pembrolizumab (MK-3475) Plus Cystectomy or Perioperative Pembrolizumab Plus Enfortumab Vedotin Plus Cystectomy Versus Cystectomy Alone in Participants Who Are Cisplatin-ineligible or Decline Cisplatin With Muscle-invasive Bladder Cancer (MK-3475-905/KEYNOTE-905/EV-303),PHASE3,Phase 3,ACTIVE_NOT_RECRUITING,595,Merck Sharp & Dohme LLC,Merck (MSD),649,1,1,active_comparator,3,surgery (radical cystectomy (rc) plus pelvic lymph node dissection [plnd]),enfortumab vedotin;pembrolizumab;surgery (radical cystectomy (rc) plus pelvic lymph node dissection [plnd]),PD-1,Monoclonal Antibody,PD-L1,1,1,1,0,0,0,0,0,1,PD-L1+,metastatic
NCT03945162,"Intravesical Photodynamic Therapy (""PDT"") in BCG-Unresponsive/Intolerant Non-Muscle Invasive Bladder Cancer (""NMIBC"") Patients",PHASE2,Phase 2,RECRUITING,90,Theralase® Technologies Inc.,Theralase® Technologies,2,1,0,single_arm,1,ruvidar (tld-1433) bladder infusion and pdt,ruvidar (tld-1433) bladder infusion and pdt,,,MET,0,1,0,0,0,0,0,0,0,,metastatic · squamous
NCT03967977,Study of Tislelizumab in Combination With Chemotherapy Compared to Chemotherapy Alone for Participants With Urothelial Carcinoma,PHASE3,Phase 3,ACTIVE_NOT_RECRUITING,420,BeiGene,BeiGene/BeOne,149,1,1,active_comparator,2,carboplatin;cisplatin;gemcitabine hydrochloride;tislelizumab,,PD-1,Monoclonal Antibody,PD-L1,1,1,1,0,0,0,0,0,1,PD-L1+,metastatic · measurable (RECIST)
NCT03978624,Window of Opportunity Study of Pembrolizumab Alone and in Combinations in Bladder Cancer,PHASE2,Phase 2,ACTIVE_NOT_RECRUITING,20,UNC Lineberger Comprehensive Cancer Center,UNC Lineberger Comprehensive Cancer Center,85,0,1,multi_experimental,2,pembrolizumab;procedure/surgery,entinostat;pembrolizumab;procedure/surgery,PD-1,Monoclonal Antibody,PD-L1;genomic,1,1,1,0,0,0,0,0,1,PD-L1+,neoadjuvant · adenoca.
NCT03983954,"Naptumomab Estafenatox in Combination With Durvalumab in Subjects With Selected Advanced or Metastatic Solid Tumor, Including a Cohort Expansion in Esophageal Cancer.",PHASE1,Phase 1,ACTIVE_NOT_RECRUITING,120,NeoTX Therapeutics Ltd.,NeoTX Therapeutics,2,1,1,multi_experimental,11,naptumomab estafenatox and durvalumab,naptumomab estafenatox and durvalumab;obinutuzumab,5T4,Monoclonal Antibody,CD20;ER;HER2;PD-L1;biomarker;biomarker analysis,1,1,1,0,1,0,1,0,1,"PD-L1+, HER2+",metastatic · 1st-line · adenoca. · measurable (RECIST)
NCT04004442,Avelumab in Combination With AVB-S6-500 in Patients With Advanced Urothelial Carcinoma,PHASE1,Phase 1,ACTIVE_NOT_RECRUITING,19,University of Oklahoma,University of Oklahoma,23,0,1,single_arm,1,avb-s6-500;avelumab,avb-s6-500;avelumab,PD-L1,Monoclonal Antibody,PD-L1,1,1,1,0,0,0,0,0,1,PD-L1+,metastatic · adenoca. · measurable (RECIST)
NCT04044859,ADP-A2M4CD8 as Monotherapy or in Combination With Either Nivolumab or Pembrolizumab in HLA-A2+ Subjects With MAGE-A4 Positive Tumors (SURPASS),PHASE1,Phase 1,ACTIVE_NOT_RECRUITING,120,"USWM CT, LLC",USWM CT,8,1,0,single_arm,1,autologous genetically modified adp-a2m4cd8 cells alone or in combination with nivolumab every four weeks or pembrolizumab every 6 weeks,autologous genetically modified adp-a2m4cd8 cells alone or in combination with nivolumab every four weeks or pembrolizumab every 6 weeks,MAGE-A4,Cell Therapy,HLA-A2;MAGE-A4,1,1,0,0,0,0,0,0,0,,metastatic · small-cell · measurable (RECIST)
NCT04106115,DURvalumab in Combination With S-488210/S-488211 vAccine in Non-muscle Invasive Bladder CancEr,PHASE1;PHASE2,Phase 2,RECRUITING,52,"University College, London","University College, London",51,0,1,single_arm,1,durvalumab;s-488210/s-488211,durvalumab;s-488210/s-488211,PD-L1,Monoclonal Antibody,EGFR;PD-L1,1,1,1,0,0,0,0,0,1,PD-L1+,metastatic
NCT04140526,"Safety, PK and Efficacy of ONC-392 in Monotherapy and in Combination of Anti-PD-1 in Advanced Solid Tumors and NSCLC",PHASE1;PHASE2,Phase 2,ACTIVE_NOT_RECRUITING,733,"OncoC4, Inc.",OncoC4,10,1,0,multi_experimental,3,onc-392,docetaxel;onc-392;pembrolizumab,PD-1,Monoclonal Antibody,PD-L1,1,1,0,0,0,0,0,0,0,,metastatic · small-cell · measurable (RECIST)
NCT04152499,"Phase I-II, FIH, TROP2 ADC, Advanced Unresectable/Metastatic Solid Tumors, Refractory to Standard Therapies (KL264-01)",PHASE1;PHASE2,Phase 2,ACTIVE_NOT_RECRUITING,1410,Klus Pharma Inc.,Klus Pharma,4,1,0,multi_experimental,11,skb264,skb264,TROP2,ADC,ER;HER2;PR;TROP2,1,1,0,0,1,0,0,1,1,HER2+,metastatic · 2nd-line+ · adenoca. · measurable (RECIST)
NCT04165317,A Study of Sasanlimab in People With Non-muscle Invasive Bladder Cancer,PHASE3,Phase 3,ACTIVE_NOT_RECRUITING,1068,Pfizer,Pfizer,687,1,1,active_comparator,5,bacillus calmette-guerin,bacillus calmette-guerin;pf-06801591,PD-1,Monoclonal Antibody,PD-L1,1,1,1,0,0,0,0,0,1,PD-L1+,metastatic
NCT04180371,Study BT5528-100 in Patients With Advanced Solid Tumors Associated With EphA2 Expression,PHASE1;PHASE2,Phase 2,ACTIVE_NOT_RECRUITING,288,BicycleTx Limited,BicycleTx,8,1,0,multi_experimental,3,bt5528,bt5528;nivolumab,EphA2,Monoclonal Antibody,EPHA2;biomarker,1,1,0,0,0,0,0,0,0,,metastatic · squamous · measurable (RECIST)
NCT04186013,Efficacy of Atezolizumab Concurrent With Radiotherapy in Patients With Muscle-invasive Bladder cáncer,PHASE2,Phase 2,ACTIVE_NOT_RECRUITING,39,Spanish Oncology Genito-Urinary Group,Spanish Oncology Genito-Urinary,14,0,1,single_arm,1,atezolizumab injection [tecentriq];external beam radiation therapy (ebrt),atezolizumab injection [tecentriq];external beam radiation therapy (ebrt),PD-L1,Monoclonal Antibody,TMB,1,1,0,0,0,0,0,1,0,,metastatic · 2nd-line+
NCT04198766,Study of INBRX-106 and INBRX-106 in Combination With Pembrolizumab (Keytruda®) in Subjects With Locally Advanced or Metastatic Solid Tumors (Hexavalent OX40 Agonist),PHASE1;PHASE2,Phase 2,RECRUITING,340,"Inhibrx Biosciences, Inc",Inhibrx Biosciences,4,1,1,active_comparator,15,inbrx-106 - hexavalent ox40 agonist antibody,carboplatin auc-5;carboplatin auc-6;cisplatin;gemcitabine (;inbrx-106 - hexavalent ox40 agonist antibody;nab-paclitaxel;paclitaxel;pembrolizumab;pemetrexed,OX40,Monoclonal Antibody,ALK;EGFR;MSI;MSI-H;PD-L1;TMB,1,1,1,0,0,0,1,1,1,PD-L1+,metastatic · 1st-line · squamous
NCT04223856,Enfortumab Vedotin and Pembrolizumab vs. Chemotherapy Alone in Untreated Locally Advanced or Metastatic Urothelial Cancer,PHASE3,Phase 3,ACTIVE_NOT_RECRUITING,886,"Astellas Pharma Global Development, Inc.",Astellas,171,1,1,active_comparator,2,carboplatin;cisplatin;gemcitabine,enfortumab vedotin;pembrolizumab,PD-1,Monoclonal Antibody,PD-L1,1,1,1,0,0,0,0,0,1,PD-L1+,metastatic · measurable (RECIST)
NCT04241185,Efficacy and Safety of Pembrolizumab (MK-3475) in Combination With Chemoradiotherapy (CRT) Versus CRT Alone in Muscle-invasive Bladder Cancer (MIBC) (MK-3475-992/KEYNOTE-992),PHASE3,Phase 3,ACTIVE_NOT_RECRUITING,520,Merck Sharp & Dohme LLC,Merck (MSD),649,1,1,placebo_comparator,2,cisplatin;conventional radiotherapy (bladder and pelvic nodes);conventional radiotherapy (bladder only);fluorouracil (5-fu);gemcitabine;hypofractionated radiotherapy (bladder only);mitomycin c (mmc);placebo to pembrolizumab,cisplatin;conventional radiotherapy (bladder and pelvic nodes);conventional radiotherapy (bladder only);fluorouracil (5-fu);gemcitabine;hypofractionated radiotherapy (bladder only);mitomycin c (mmc);pembrolizumab,PD-1,Monoclonal Antibody,PD-L1,1,1,1,0,0,0,0,0,1,PD-L1+,metastatic · squamous
NCT04289779,Study of CAbozantinib in Combination with AtezolizumaB for Muscle-Invasive BladdEr Cancer,PHASE2,Phase 2,ACTIVE_NOT_RECRUITING,46,Deepak Kilari,Deepak Kilari,2,0,1,single_arm,1,atezolizumab;cabozantinib;cystectomy,atezolizumab;cabozantinib;cystectomy,MET,Small Molecule,PD-L1,0,1,1,0,0,0,0,0,1,PD-L1+,metastatic · squamous
NCT04389632,A Study of Sigvotatug Vedotin in Advanced Solid Tumors,PHASE1,Phase 1,RECRUITING,1006,"Seagen, a wholly owned subsidiary of Pfizer",Pfizer,687,1,1,multi_experimental,5,sigvotatug vedotin,carboplatin;cisplatin;pembrolizumab;sigvotatug vedotin,PD-1,Monoclonal Antibody,HER2;PD-L1,1,1,0,0,1,0,1,1,1,HER2−,metastatic · 1st-line · adenoca. · measurable (RECIST)
NCT04452591,"Study of Cretostimogene Given in Patients With Non-Muscle Invasive Bladder Cancer ,Unresponsive to Bacillus-Calmette-Guerin",PHASE3,Phase 3,ACTIVE_NOT_RECRUITING,190,"CG Oncology, Inc.",CG Oncology,7,1,0,multi_experimental,2,cretostimogene grenadenorepvec;n-dodecyl-b-d-maltoside,cretostimogene grenadenorepvec;n-dodecyl-b-d-maltoside,,Oncolytic Virus,,1,1,0,0,0,0,0,1,0,,metastatic · 2nd-line+ · squamous
NCT04561362,Study BT8009-100 in Subjects With Nectin-4 Expressing Advanced Malignancies,PHASE1;PHASE2,Phase 2,ACTIVE_NOT_RECRUITING,329,BicycleTx Limited,BicycleTx,8,1,0,multi_experimental,13,bt8009,bt8009;pembrolizumab,NECTIN4,Monoclonal Antibody,ALK;BRAF;ER;HER2;KRAS;MET;NECTIN-4;PR;ROS1,1,1,0,0,1,0,0,1,1,HER2−,metastatic · 2nd-line+ · squamous · measurable (RECIST)
NCT04585750,The Evaluation of PC14586 in Patients With Advanced Solid Tumors Harboring a TP53 Y220C Mutation (PYNNACLE),PHASE1;PHASE2,Phase 2,RECRUITING,300,"PMV Pharmaceuticals, Inc",PMV Pharmaceuticals,2,1,1,multi_experimental,9,rezatapopt,pembrolizumab;rezatapopt,PD-1,Monoclonal Antibody,KRAS;PD-L1,1,1,1,0,0,0,0,1,1,PD-L1+,metastatic · 2nd-line+ · measurable (RECIST) · ECOG 0
NCT04640623,"A Study of TAR-200 in Combination With Cetrelimab, TAR-200 Alone, or Cetrelimab Alone in Participants With Non-Muscle Invasive Bladder Cancer (NMIBC) Unresponsive to Intravesical Bacillus Calmette-Guérin Who Are Ineligible for or Elected Not to Undergo Radical Cystectomy",PHASE2,Phase 2,ACTIVE_NOT_RECRUITING,220,"Janssen Research & Development, LLC",Johnson & Johnson,363,1,1,multi_experimental,4,,cetrelimab;tar-200,gemcitabine,Small Molecule,,0,1,0,0,0,0,0,0,0,,metastatic
NCT04644068,Study of AZD5305 as Monotherapy and in Combination With Anti-cancer Agents in Patients With Advanced Solid Malignancies,PHASE1;PHASE2,Phase 2,ACTIVE_NOT_RECRUITING,702,AstraZeneca,AstraZeneca,780,1,1,multi_experimental,6,azd5305,azd5305;camizestrant;carboplatin;dato-dxd;paclitaxel;t- dxd,PARP,Small Molecule,,0,1,0,0,0,0,0,1,0,,metastatic · 2nd-line+ · ECOG 0
NCT04658862,A Study of TAR-200 in Combination With Cetrelimab Versus Concurrent Chemoradiotherapy in Participants With Muscle-invasive Bladder Cancer (MIBC) of the Bladder,PHASE3,Phase 3,ACTIVE_NOT_RECRUITING,518,"Janssen Research & Development, LLC",Johnson & Johnson,363,1,1,active_comparator,2,cisplatin;conventional radiation therapy;gemcitabine;hypo-fractioned radiation therapy,cetrelimab;tar-200,PD-1,Monoclonal Antibody,PD-L1,1,1,0,0,0,0,0,0,0,,
NCT04660344,A Study of Atezolizumab Versus Placebo as Adjuvant Therapy in Participants With High-risk Muscle-invasive Bladder Cancer (MIBC) Who Are ctDNA Positive Following Cystectomy,PHASE3,Phase 3,ACTIVE_NOT_RECRUITING,761,Hoffmann-La Roche,Roche/Genentech,922,1,1,placebo_comparator,3,device: signatera,atezolizumab;device: signatera,PD-L1,Monoclonal Antibody,CMMRD;MSI-H;PD-L1;TMB,1,1,1,0,0,0,0,0,1,PD-L1+,metastatic
NCT04678362,TALazoparib and Avelumab as Maintenance Therapy in Platinum-Sensitive Metastatic or Locally Advanced URothelial Carcinoma,PHASE2,Phase 2,RECRUITING,50,Centre Francois Baclesse,Centre Francois Baclesse,7,0,1,single_arm,1,talazoparib + avelumab,talazoparib + avelumab,PARP,Small Molecule,BRCA1;BRCA2;HRD;PR,0,1,1,0,0,0,1,0,1,PD-L1+,metastatic · 1st-line · ductal · measurable (RECIST)
NCT04688931,A Phase 3 Study of UGN-102 for Low-Grade Intermediate-Risk Non-Muscle Invasive Bladder Cancer,PHASE3,Phase 3,TERMINATED,282,UroGen Pharma Ltd.,UroGen Pharma,14,1,0,active_comparator,2,turbt,turbt;ugn-102,mitomycin,Cell Therapy,,1,1,0,0,0,0,0,0,0,,metastatic
NCT04700124,Perioperative Enfortumab Vedotin (EV) Plus Pembrolizumab (MK-3475) Versus Neoadjuvant Chemotherapy for Cisplatin-Eligible Muscle Invasive Bladder Cancer (MIBC) (MK-3475-B15/ KEYNOTE-B15 / EV-304),PHASE3,Phase 3,ACTIVE_NOT_RECRUITING,808,Merck Sharp & Dohme LLC,Merck (MSD),649,1,1,active_comparator,2,cisplatin;gemcitabine;rc + plnd,enfortumab vedotin (ev);pembrolizumab;rc + plnd,PD-1,Monoclonal Antibody,PD-L1,1,1,1,0,0,0,0,0,1,PD-L1+,metastatic
NCT04724018,Sacituzumab Govitecan Plus EV in Metastatic UC,PHASE1;PHASE2,Phase 2,RECRUITING,106,Dana-Farber Cancer Institute,Dana-Farber Cancer Institute,326,0,1,multi_experimental,3,enfortumab vedotin-ejfv (ev);sacituzumab govitecan (sg),enfortumab vedotin-ejfv (ev);pembrolizumab;sacituzumab govitecan (sg),PD-1,Monoclonal Antibody,PD-L1,1,1,1,0,0,0,0,1,1,PD-L1+,metastatic · 2nd-line+ · squamous · measurable (RECIST)
NCT04752722,LEGEND Study: EG-70 in NMIBC Patients BCG-Unresponsive and High-Risk NMIBC Incompletely Treated With BCG or BCG-Naïve,PHASE1;PHASE2,Phase 2,RECRUITING,350,"enGene, Inc.",enGene,1,1,0,multi_experimental,3,,eg-70 (phase 1);eg-70 (phase 2) master protocol;surfactant bladder pre-rinse and eg-70 (substudy),TRAIL,Cell Therapy,PD-L1,1,1,1,0,0,0,0,0,1,PD-L1+,metastatic
NCT04802876,Efficacy of Tislelizumab and Spartalizumab Across Multiple Cancer-types in Patients with PD1-high MRNA Expressing Tumors,PHASE2,Phase 2,ACTIVE_NOT_RECRUITING,184,SOLTI Breast Cancer Research Group,SOLTI Breast Cancer Research Group,18,0,1,multi_experimental,3,,spartalizumab;tislelizumab,PD-1,Monoclonal Antibody,BRAF,1,1,1,0,0,0,0,0,1,PD-L1+,metastatic · squamous · measurable (RECIST)
NCT04863885,Combination of Ipi/Nivo Plus Sacituzumab Govitecan in Metastatic Cisplatin Ineligible Urothelial Carcinoma Patients,PHASE1;PHASE2,Phase 2,ACTIVE_NOT_RECRUITING,46,H. Lee Moffitt Cancer Center and Research Institute,H. Lee Moffitt Cancer Center and Research Institute,228,0,1,multi_experimental,4,ipilimumab;nivolumab;sacituzumab govitecan,ipilimumab;nivolumab;sacituzumab govitecan,CTLA-4,Monoclonal Antibody,PD-L1,1,1,1,0,0,0,0,1,1,PD-L1+,metastatic · 2nd-line+ · small-cell · measurable (RECIST)
NCT04878029,Cabozantinib in Combination With Enfortumab Vedotin for Locally Advanced or Metastatic Urothelial Cancer,PHASE1,Phase 1,RECRUITING,32,Emory University,Emory University,116,0,0,single_arm,1,cabozantinib s-malate;enfortumab vedotin;quality-of-life assessment;questionnaire administration,cabozantinib s-malate;enfortumab vedotin;quality-of-life assessment;questionnaire administration,MET,Small Molecule,MET;PD-L1,0,1,1,0,0,0,0,0,1,PD-L1+,metastatic · squamous · measurable (RECIST)
NCT04879329,A Study of Disitamab Vedotin Alone or With Pembrolizumab in Urothelial Cancer That Expresses HER2,PHASE2,Phase 2,RECRUITING,372,"Seagen, a wholly owned subsidiary of Pfizer",Pfizer,687,1,1,multi_experimental,8,disitamab vedotin,disitamab vedotin;pembrolizumab,PD-1,Monoclonal Antibody,HER2;MET;PD-L1,1,1,0,0,1,0,1,1,1,HER2+,metastatic · 1st-line · measurable (RECIST)
NCT04895709,A Study of BMS-986340 as Monotherapy and as Combination Therapy in Participants With Advanced Solid Tumors,PHASE1;PHASE2,Phase 2,RECRUITING,1109,Bristol-Myers Squibb,Bristol Myers Squibb,764,1,1,multi_experimental,9,bms-986340,bms-936558-01;bms-986340;docetaxel;pumitamig,PD-1,Monoclonal Antibody,PD-L1;biomarker;biomarker analysis,1,1,0,0,0,0,0,1,0,,metastatic · 2nd-line+ · measurable (RECIST)
NCT04919512,A Study of TAR-200 in Combination With Cetrelimab and Cetrelimab Alone in Participants With Muscle-Invasive Urothelial Carcinoma of the Bladder,PHASE2,Phase 2,COMPLETED,163,"Janssen Research & Development, LLC",Johnson & Johnson,363,1,1,multi_experimental,2,cetrelimab,cetrelimab;tar-200,gemcitabine,Small Molecule,,0,1,0,0,0,0,0,0,0,,small-cell
NCT04960709,"Treatment Combination of Durvalumab, Tremelimumab and Enfortumab Vedotin or Durvalumab and Enfortumab Vedotin in Patients With Muscle Invasive Bladder Cancer Ineligible to Cisplatin or Who Refuse Cisplatin",PHASE3,Phase 3,ACTIVE_NOT_RECRUITING,712,AstraZeneca,AstraZeneca,780,1,1,active_comparator,3,radical cystectomy,durvalumab;enfortumab vedotin;radical cystectomy;tremelimumab,PD-L1,Monoclonal Antibody,EGFR;PD-L1,1,1,1,0,0,0,0,0,1,PD-L1+,metastatic
NCT04969835,"A Study Evaluating the Safety, Pharmacokinetics and Early Efficacy of AVA6000 in Solid Tumours",PHASE1,Phase 1,RECRUITING,158,Avacta Life Sciences Ltd,Avacta Life Sciences,2,1,0,multi_experimental,4,ava6000,ava6000,FAP,ADC,FAP;PR,1,1,0,0,0,0,1,1,0,,metastatic · 1st-line · measurable (RECIST)
NCT04977453,GI-101/GI-101A as a Single Agent or in Combination With Pembrolizumab or Lenvatinib in Advanced Solid Tumors,PHASE1;PHASE2,Phase 2,RECRUITING,317,"GI Innovation, Inc.",GI Innovation,4,1,1,multi_experimental,5,,gi-101;gi-101a;lenvatinib;pembrolizumab (keytruda),PD-1,Bispecific Antibody,,1,1,0,0,0,0,0,0,0,,metastatic · measurable (RECIST)
NCT05000294,Atezolizumab Plus Tivozanib in Immunologically Cold Tumor Types,PHASE1;PHASE2,Phase 2,RECRUITING,29,University of Florida,University of Florida,28,0,1,single_arm,1,atezolizumab;tivozanib,atezolizumab;tivozanib,PD-L1,Monoclonal Antibody,CMMRD;HER2;MET;MSI;MSI-H;PD-L1;TMB;dMMR,1,1,1,0,1,1,0,0,1,"PD-L1+, HER2+, MSI-H/dMMR",metastatic · adenoca. · measurable (RECIST)
NCT05024773,Study of ONCOFID-P-B (PACLITAXEL-HYALURONIC ACID),PHASE3,Phase 3,ACTIVE_NOT_RECRUITING,130,Fidia Farmaceutici s.p.a.,Fidia Farmaceutici s.p.a.,5,1,0,single_arm,1,oncofid p-b (paclitaxel-hyaluronic acid),oncofid p-b (paclitaxel-hyaluronic acid),Tubulin,Small Molecule,MET,0,1,0,0,0,0,0,0,0,,metastatic · squamous
NCT05037279,Evaluating Safety and Efficacy of Verity-BCG in BCG-naïve Patients With Intermediate and High-risk Non-muscle Invasive Bladder (NMIBC),PHASE3,Phase 3,RECRUITING,540,Verity Pharmaceuticals Inc.,Verity Pharmaceuticals,1,1,0,active_comparator,2,bacillus calmette-guerin: strain tice,bacillus calmette-guerin: strain russian bcg-i,,Oncolytic Virus,,1,1,0,0,0,0,0,0,0,,metastatic · adenoca.
NCT05057013,A Phase I/IIa Trial of HMBD-001 in Advanced HER3 Positive Solid Tumours,PHASE1;PHASE2,Phase 2,ACTIVE_NOT_RECRUITING,81,Cancer Research UK,Cancer Research UK,16,0,0,multi_experimental,2,,hmbd-001;hmbd-001 and enzalutamide,HER3,Monoclonal Antibody,HER3,1,1,0,0,0,0,0,1,0,,metastatic · 2nd-line+ · adenoca.
NCT05059522,Continued Access Study for Participants Deriving Benefit in Pfizer-Sponsored Avelumab Parent Studies That Are Closing,PHASE3,Phase 3,ACTIVE_NOT_RECRUITING,77,Pfizer,Pfizer,687,1,1,multi_experimental,9,avelumab,avelumab;axitinib;cmp 001;lorlatanib;pemetrexed;pf04518600;talazoparib;utomilumab,PD-L1,Monoclonal Antibody,PD-L1,1,1,0,0,0,0,0,0,0,,
NCT05086692,A Beta-only IL-2 ImmunoTherapY Study,PHASE1;PHASE2,Phase 2,RECRUITING,115,"Medicenna Therapeutics, Inc.",Medicenna Therapeutics,2,1,1,single_arm,1,mdna11;pembrolizumab (keytruda),mdna11;pembrolizumab (keytruda),IL-2,Cell Therapy,MSI-H,1,1,0,0,0,0,0,1,0,,metastatic · 2nd-line+ · measurable (RECIST)
NCT05101096,Study of Sacituzumab Govitecan (SG) in Japanese Participants With Advanced Solid Tumors,PHASE1;PHASE2,Phase 2,ACTIVE_NOT_RECRUITING,135,Gilead Sciences,Gilead Sciences,168,1,1,multi_experimental,8,sacituzumab govitecan-hziy,sacituzumab govitecan-hziy,TROP2,ADC,HER2;PD-L1,1,1,1,0,1,0,0,1,1,"PD-L1+, HER2+",metastatic · 2nd-line+ · measurable (RECIST)
NCT05107674,A Study of NX-1607 in Adults With Advanced Malignancies,PHASE1,Phase 1,RECRUITING,345,"Nurix Therapeutics, Inc.",Nurix Therapeutics,7,1,0,multi_experimental,12,nx-1607,nx-1607;paclitaxel,CBL-B,Small Molecule,PD-L1,0,1,1,0,0,0,0,1,1,PD-L1+,metastatic · 2nd-line+ · squamous · measurable (RECIST)
NCT05136898,Feasibility of Home Instillation of UGN-102 for Treatment of Low-Grade (LG) Non-Muscle Invasive Bladder Cancer (NMIBC),PHASE3,Phase 3,COMPLETED,8,UroGen Pharma Ltd.,UroGen Pharma,14,1,0,single_arm,1,ugn-102,ugn-102,mitomycin,Cell Therapy,,1,1,0,0,0,0,0,0,0,,metastatic
NCT05137262,A Phase II Multicenter Study of Chemotherapy Versus Chemotherapy Plus Durvalumab (MEDI 4736) in Patients With Lymph Node Positive Urothelial Carcinoma of the Bladder,PHASE2,Phase 2,ACTIVE_NOT_RECRUITING,12,M.D. Anderson Cancer Center,M.D. Anderson Cancer Center,697,0,1,multi_experimental,2,abiraterone acetate;cisplatin;doxorubicin hydrochloride;durvalumab;methotrexate;vinblastine,abiraterone acetate;cisplatin;doxorubicin hydrochloride;durvalumab;methotrexate;vinblastine,PD-L1,Monoclonal Antibody,EGFR;PD-L1,1,1,1,0,0,0,0,0,1,PD-L1+,metastatic · adenoca.
NCT05176483,Study of Zanzalintinib in Combination With Immuno-Oncology or Other Agents in Participants With Solid Tumors,PHASE1,Phase 1,RECRUITING,1394,Exelixis,Exelixis,52,1,0,multi_experimental,9,zanzalintinib,ddi probe cocktail;docetaxel;ipilimumab;nivolumab;nivolumab + relatlimab;zanzalintinib,EGFR,Small Molecule,PD-L1;biomarker,0,1,1,0,0,0,1,1,1,PD-L1+,metastatic · 1st-line · adenoca. · measurable (RECIST)
NCT05200988,Checkpoint Inhibition and Chemoradiotherapy as Bladder Sparing Treatment in UC,PHASE2,Phase 2,ACTIVE_NOT_RECRUITING,50,The Netherlands Cancer Institute,The Netherlands Cancer Institute,72,0,1,single_arm,1,ipilimumab + nivolumab,ipilimumab + nivolumab,CTLA-4,Monoclonal Antibody,PD-L1,1,1,0,0,0,0,1,0,0,,1st-line · small-cell
NCT05215574,Study of NGM831 as Monotherapy and in Combination With Pembrolizumab or Pembrolizumab and NGM438 in Advanced or Metastatic Solid Tumors,PHASE1,Phase 1,ACTIVE_NOT_RECRUITING,130,"NGM Biopharmaceuticals, Inc",NGM Biopharmaceuticals,6,1,1,multi_experimental,3,,ngm831;ngm831 and ngm438 plus pembrolizumab (keytruda);ngm831 plus pembrolizumab (keytruda),ILT3,Monoclonal Antibody,,1,1,0,0,0,0,0,0,0,,metastatic
NCT05239624,Enfortumab Vedotin and Pembrolizumab in People With Bladder Cancer,PHASE2,Phase 2,RECRUITING,23,Memorial Sloan Kettering Cancer Center,Memorial Sloan Kettering Cancer Center,411,0,1,single_arm,1,enfortumab vedotin;pembrolizumab,enfortumab vedotin;pembrolizumab,PD-1,Monoclonal Antibody,MET;PD-L1,1,1,1,0,0,0,0,0,1,PD-L1+,metastatic · squamous
NCT05241340,Neoadjuvant Sasanlimab With Radiation as an in Situ Vaccine for Cisplatin-ineligible Muscle Invasive Bladder Cancer,PHASE2,Phase 2,ACTIVE_NOT_RECRUITING,33,The Methodist Hospital Research Institute,The Methodist Hospital Research Institute,27,0,1,single_arm,1,radical cystectomy + pelvic lymph node dissection + urinary diversion;sasanlimab;stereotactic body radiation therapy,radical cystectomy + pelvic lymph node dissection + urinary diversion;sasanlimab;stereotactic body radiation therapy,PD-1,Monoclonal Antibody,PD-L1,1,1,1,0,0,0,0,0,1,PD-L1+,metastatic · squamous
NCT05243550,A Phase 3 Single-Arm Study of UGN-102 for Treatment of Low-Grade Intermediate-Risk Non-Muscle Invasive Bladder Cancer,PHASE3,Phase 3,ACTIVE_NOT_RECRUITING,240,UroGen Pharma Ltd.,UroGen Pharma,14,1,0,single_arm,1,ugn-102,ugn-102,mitomycin,Cell Therapy,,1,1,0,0,0,0,0,0,0,,metastatic · squamous
NCT05302284,A Study of RC48-ADC Combined With Toripalimab For First-line Treatment of Urothelial Carcinoma,PHASE3,Phase 3,RECRUITING,452,"RemeGen Co., Ltd.",RemeGen,51,1,0,active_comparator,2,carboplatin;cisplatin;gemcitabine,rc48-adc;toripalimab,HER2,ADC,HER2;PD-L1,1,1,1,0,1,0,0,0,1,"PD-L1+, HER2+",metastatic · measurable (RECIST)
NCT05312671,Atezolizumab Plus Etoposide and Platinum in Small Cell Bladder Cancer,PHASE2,Phase 2,RECRUITING,63,Sidney Kimmel Comprehensive Cancer Center at Johns Hopkins,Sidney Kimmel Comprehensive Cancer Center at Johns Hopkins,160,0,1,single_arm,1,atezolizumab;carboplatin;cisplatin;cystectomy;etoposide,atezolizumab;carboplatin;cisplatin;cystectomy;etoposide,PD-L1,Monoclonal Antibody,CMMRD;MET;MSI-H;PD-L1;TMB,1,1,1,0,0,0,0,1,1,PD-L1+,metastatic · 2nd-line+ · small-cell
NCT05316155,Study of Erdafitinib Intravesical Delivery System for Localized Bladder Cancer,PHASE1;PHASE2,Phase 2,ACTIVE_NOT_RECRUITING,235,"Janssen Research & Development, LLC",Johnson & Johnson,363,1,1,multi_experimental,4,erdafitinib intravesical delivery system,erdafitinib intravesical delivery system,FGFR,Small Molecule,FGFR;biomarker,0,1,0,1,0,0,0,0,1,FGFR-alt,metastatic
NCT05318573,"A Study to Evaluate Safety, Efficacy of FF-10832 in Combo With Pembrolizumab in Urothelial & Non-small Cell Lung Cancer",PHASE2,Phase 2,ACTIVE_NOT_RECRUITING,120,"Fujifilm Pharmaceuticals U.S.A., Inc.",Fujifilm Pharmaceuticals U.,7,1,1,multi_experimental,5,ff-10832,ff-10832;pembrolizumab,PD-1,Monoclonal Antibody,ALK;EGFR;PD-L1,1,1,1,0,0,0,0,1,1,PD-L1+,metastatic · 2nd-line+ · measurable (RECIST)
NCT05327530,A Study of the Safety and Efficacy of Various Combinations of Avelumab as Therapy in Locally Advanced or Metastatic Urothelial Carcinoma (JAVELIN Bladder Medley),PHASE2,Phase 2,ACTIVE_NOT_RECRUITING,256,"EMD Serono Research & Development Institute, Inc.",Merck KGaA,166,1,1,multi_experimental,5,avelumab,avelumab;m6223;nktr-255;sacituzumab govitecan (sg),PD-L1,Monoclonal Antibody,PD-L1;TROP2,1,1,1,0,0,0,1,0,1,PD-L1+,metastatic · 1st-line · measurable (RECIST)
NCT05406713,Pembrolizumab in Muscle-invasive Bladder Cancer,PHASE2,Phase 2,ACTIVE_NOT_RECRUITING,46,Matthew Galsky,Matthew Galsky,11,0,1,single_arm,1,pembrolizumab,pembrolizumab,PD-1,Monoclonal Antibody,PD-L1,1,1,1,0,0,0,0,0,1,PD-L1+,neoadjuvant · ECOG 0-1
NCT05483868,"A Phase 1, Open-label Trial of Belzupacap Sarotalocan (AU-011) in Bladder Cancer",PHASE1,Phase 1,ACTIVE_NOT_RECRUITING,55,Aura Biosciences,Aura Biosciences,5,1,0,multi_experimental,10,,au-011;au-011 in combination with medical laser administration;au-011 in combination with medical laser adminstration,HSPG,ADC,,1,1,0,0,0,0,0,1,0,,metastatic · 2nd-line+
NCT05489211,Study of Dato-DXd as Monotherapy and in Combination With Anti-cancer Agents in Patients With Advanced Solid Tumours (TROPION-PanTumor03),PHASE2,Phase 2,RECRUITING,454,AstraZeneca,AstraZeneca,780,1,1,multi_experimental,14,datopotamab deruxtecan (dato-dxd),bevacizumab;capecitabine;carboplatin;cisplatin;datopotamab deruxtecan (dato-dxd);fluorouracil;prednisone/ prednisolone;rilvegostomig;volrustomig,VEGF/VEGFR,Monoclonal Antibody,TROP2;genomic,1,1,0,0,0,0,0,0,0,,metastatic · squamous
NCT05506943,"A Study of CTX-009 in Combination With Paclitaxel in Adult Patients With Unresectable Advanced, Metastatic or Recurrent Biliary Tract Cancers (COMPANION-002)",PHASE2;PHASE3,Phase 3,ACTIVE_NOT_RECRUITING,168,Compass Therapeutics,Compass Therapeutics,6,1,0,active_comparator,2,paclitaxel,ctx-009;paclitaxel,DLL4,Bispecific Antibody,MET,1,1,0,0,0,0,1,0,0,,metastatic · 1st-line · measurable (RECIST)
NCT05544552,Safety and Preliminary Anti-Tumor Activity of TYRA-300 in Advanced Urothelial Carcinoma and Other Solid Tumors With FGFR3 Gene Alterations,PHASE1;PHASE2,Phase 2,ACTIVE_NOT_RECRUITING,310,"Tyra Biosciences, Inc",Tyra Biosciences,5,1,0,multi_experimental,3,tyra-300,tyra-300,FGFR,Small Molecule,FGFR3,0,1,0,1,0,0,0,0,1,FGFR-alt,metastatic · measurable (RECIST)
NCT05562830,A Substudy of Investigational Agents in Programmed Cell Death-1/Ligand 1 (PD-1/L1) Refractory Locally Advanced or Metastatic Urothelial Carcinoma (mUC) (MK-3475-04A),PHASE1;PHASE2,Phase 2,RECRUITING,48,Merck Sharp & Dohme LLC,Merck (MSD),649,1,1,multi_experimental,2,,mk-3120;pembrolizumab;zilovertamab vedotin,PD-1,Monoclonal Antibody,PD-L1;biomarker,1,1,0,0,0,0,0,1,0,,metastatic · 2nd-line+
NCT05567185,A Study of Erdafitinib Intravesical Delivery System in Japanese Participants With Bladder Cancer,PHASE1,Phase 1,ACTIVE_NOT_RECRUITING,5,Janssen Pharmaceutical K.K.,Johnson & Johnson,363,1,1,single_arm,1,erdafitinib intravesical delivery system,erdafitinib intravesical delivery system,FGFR,Small Molecule,FGFR,0,1,0,1,0,0,0,0,1,FGFR-alt,
NCT05581004,"A Study to Evaluate the Safety, Pharmacokinetics, and Activity of Enzelkitug as a Single Agent and in Combination With Checkpoint Inhibitor in Participants With Locally Advanced or Metastatic Solid Tumors",PHASE1,Phase 1,ACTIVE_NOT_RECRUITING,165,"Genentech, Inc.",Roche/Genentech,922,1,1,multi_experimental,4,enzelkitug,atezolizumab;enzelkitug;pembrolizumab,PD-L1,Monoclonal Antibody,CMMRD;MSI-H;TMB,1,1,0,0,0,0,0,0,0,,metastatic · measurable (RECIST)
NCT05600127,Chemotherapy and Sequential Immunotherapy for Locally Advanced Urothelial Cancer,PHASE2,Phase 2,RECRUITING,64,Erasmus Medical Center,Erasmus Medical Center,8,0,1,single_arm,1,avelumab,avelumab,PD-L1,Monoclonal Antibody,PD-L1,1,1,1,0,0,0,0,0,1,PD-L1+,metastatic · squamous · measurable (RECIST)
NCT05614739,FORAGER-1: A Study of Vepugratinib (LY3866288; LOXO-435) in Participants With Cancer With a Change in a Gene Called FGFR3,PHASE1,Phase 1,RECRUITING,677,Eli Lilly and Company,Eli Lilly,535,1,1,multi_experimental,8,vepugratinib,digoxin;enfortumab vedotin;midazolam;pembrolizumab;rosuvastatin;trastuzumab deruxtecan;vepugratinib,FGFR,Small Molecule,FGFR3;HER2,0,1,0,0,1,0,0,0,1,HER2−,metastatic · measurable (RECIST)
NCT05620134,Study of JK08 in Patients with Unresectable Locally Advanced or Metastatic Cancer,PHASE1;PHASE2,Phase 2,ACTIVE_NOT_RECRUITING,263,Salubris Biotherapeutics Inc,Salubris Biotherapeutics,2,1,0,multi_experimental,4,jk08,jk08;lenvatinib pill;pembrolizumab,CTLA-4,Monoclonal Antibody,ER;HER2;PR;genomic,1,1,0,0,1,0,0,1,1,HER2+,metastatic · 2nd-line+ · adenoca. · measurable (RECIST)
NCT05645692,"A Study Evaluating Different Immunotherapies (LAG-3 and PD-1 With or Without TIGIT, Compared to PD-L1 Alone) in Participants With Untreated Locally Advanced Metastatic Urothelial Cancer",PHASE2,Phase 2,ACTIVE_NOT_RECRUITING,204,Hoffmann-La Roche,Roche/Genentech,922,1,1,active_comparator,3,atezolizumab,tiragolumab;tobemstomig,PD-L1,Monoclonal Antibody,CMMRD;MSI-H;PD-L1;TMB,1,1,1,0,0,0,0,0,1,PD-L1+,metastatic · squamous · measurable (RECIST)
NCT05651022,Study of DECOY20 With or Without Tislelizumab in Patients With Advanced Solid Tumors,PHASE1;PHASE2,Phase 2,ACTIVE_NOT_RECRUITING,120,"Indaptus Therapeutics, Inc",Indaptus Therapeutics,1,1,0,multi_experimental,3,decoy20,decoy20;tislelizumab,PD-1,Cell Therapy,ALK;BRAF;KRAS;MET;MSI;MSI-H;RET;dMMR,1,1,0,0,0,1,0,0,1,MSI-H/dMMR,metastatic · adenoca. · measurable (RECIST)
NCT05661955,"A Study to Investigate the Antitumor Activity, Safety, Tolerability, and Pharmacokinetics of BGB-A445 in Combination With Tislelizumab in Participants With Select Advanced Solid Tumors.",PHASE1;PHASE2,Phase 2,ACTIVE_NOT_RECRUITING,113,BeiGene,BeiGene/BeOne,149,1,1,multi_experimental,9,bgb-a445,bgb-a445;tislelizumab,OX40,Monoclonal Antibody,PD-L1,1,1,1,0,0,0,0,0,1,PD-L1+,metastatic · measurable (RECIST) · ECOG 1
NCT05704244,"Safety and Efficacy of FE 999326 Administered Intravesically to Japanese Subjects With High-grade, BCG Unresponsive, Non-muscle Invasive Bladder Cancer (NMIBC)",PHASE3,Phase 3,ACTIVE_NOT_RECRUITING,25,Ferring Pharmaceuticals,Ferring Pharmaceuticals,42,1,0,single_arm,1,fe 999326,fe 999326,,Cell Therapy,,1,1,0,0,0,0,0,0,0,,metastatic · squamous · ECOG 2
NCT05706129,"A Study to Assess Safety, Tolerability and Imaging Characteristics of [68Ga]Ga-DPI-4452 and to Assess Safety, Tolerability, and Efficacy of [177Lu]Lu-DPI-4452 in Participants With Unresectable Locally Advanced or Metastatic Solid Tumors",PHASE1;PHASE2,Phase 2,RECRUITING,270,Lumara Bio Oncologics GmbH,Lumara Bio Oncologics,1,1,0,multi_experimental,5,[68ga]ga-dpi-4452,[177lu]lu-dpi-4452;[68ga]ga-dpi-4452,CA IX,Radiopharmaceutical,CA IX,0,1,0,0,0,0,0,0,0,,metastatic · adenoca. · measurable (RECIST)
NCT05710848,A Study of STM-416 Administered to Patients Undergoing TURBT for Recurrent Bladder Cancer,PHASE1;PHASE2,Phase 2,RECRUITING,75,SURGE Therapeutics,SURGE Therapeutics,4,1,0,single_arm,1,stm-416,stm-416,,,,0,1,0,0,0,0,0,0,0,,recurrent
NCT05714202,A Study of TAR-200 in Combination With Cetrelimab or TAR-200 Alone Versus Intravesical Bacillus Calmette-Guérin (BCG) in Participants With BCG-naïve High-risk Non-muscle Invasive Bladder Cancer (HR-NMIBC),PHASE3,Phase 3,ACTIVE_NOT_RECRUITING,1135,"Janssen Research & Development, LLC",Johnson & Johnson,363,1,1,active_comparator,3,bcg vesiculture,cetrelimab;tar-200,gemcitabine,Small Molecule,PD-L1,0,1,0,0,0,0,0,0,0,,metastatic
NCT05756569,Enfortumab Vedotin Plus Pembrolizumab for the Treatment of Locally Advanced or Metastatic Bladder Cancer of Variant Histology,PHASE2,Phase 2,RECRUITING,25,Emory University,Emory University,116,0,1,single_arm,1,biospecimen collection;computed tomography;enfortumab vedotin;magnetic resonance imaging;pembrolizumab;questionnaire administration,biospecimen collection;computed tomography;enfortumab vedotin;magnetic resonance imaging;pembrolizumab;questionnaire administration,PD-1,Monoclonal Antibody,PD-L1,1,1,1,0,0,0,0,0,1,PD-L1+,metastatic · adenoca. · measurable (RECIST)
NCT05775471,Pembrolizumab and Enfortumab Vedotin With Pembrolizumab Prior to and After Radical Nephroureterectomy for High-Risk Upper Tract Urothelial Cancer,PHASE2,Phase 2,RECRUITING,21,Jonsson Comprehensive Cancer Center,Jonsson Comprehensive Cancer Center,117,0,1,single_arm,1,biopsy;biospecimen collection;enfortumab vedotin;mr urography;nephroureterectomy;pembrolizumab,biopsy;biospecimen collection;enfortumab vedotin;mr urography;nephroureterectomy;pembrolizumab,PD-1,Monoclonal Antibody,PD-L1,1,1,1,0,0,0,0,1,1,PD-L1+,metastatic · 2nd-line+ · squamous
NCT05786716,"DETERMINE Trial Treatment Arm 04: Trastuzumab in Combination With Pertuzumab in Adult, Paediatric and Teenage/Young Adult Patients With Cancers With HER2 Amplification or Activating Mutations",PHASE2;PHASE3,Phase 3,RECRUITING,30,Cancer Research UK,Cancer Research UK,16,0,1,single_arm,1,pertuzumab;trastuzumab,pertuzumab;trastuzumab,HER2,ADC,HER2;MET,1,1,0,0,1,0,0,0,1,HER2+,metastatic
NCT05833867,Adaptive RADiation Therapy With Concurrent Sacituzumab Govitecan (SG) for Muscle Invasive Bladder Cancer,PHASE1,Phase 1,RECRUITING,20,"Shilpa Gupta, MD","Shilpa Gupta, MD",1,0,1,single_arm,1,adaptive radiotherapy;sacituzumab govitecan,adaptive radiotherapy;sacituzumab govitecan,TROP2,ADC,TROP2,1,1,0,0,0,0,0,0,0,,small-cell
NCT05843448,"IDO and PD-L1 Peptide Based Immune-Modulatory Therapeutic (IO102-IO103) in Combination With Pembrolizumab for BCG-Unresponsive or Intolerant, Non-Muscle Invasive Bladder Cancer",PHASE1,Phase 1,ACTIVE_NOT_RECRUITING,6,"University of California, Davis","University of California, Davis",42,0,0,single_arm,1,pd-l1/ido peptide vaccine;pembrolizumab,pd-l1/ido peptide vaccine;pembrolizumab,PD-1,Vaccine,PD-L1,1,1,0,0,0,0,0,0,0,,
NCT05845814,A Study of Efficacy and Safety of Pembrolizumab Plus Enfortumab Vedotin (EV) +/- Investigational Agents in First-Line Metastatic Urothelial Carcinoma (mUC) (MK-3475-04B/KEYMAKER-U04),PHASE1;PHASE2,Phase 2,ACTIVE_NOT_RECRUITING,390,Merck Sharp & Dohme LLC,Merck (MSD),649,1,1,active_comparator,3,ev;pembrolizumab,coformulated favezelimab/pembrolizumab;coformulated vibostolimab/pembrolizumab;ev,PD-1,Monoclonal Antibody,PD-L1;biomarker,1,1,1,0,0,0,0,0,1,PD-L1+,metastatic
NCT05858736,"Safety, PK and Efficacy of AI-061 in Advanced Solid Tumors",PHASE1,Phase 1,COMPLETED,18,"OncoC4, Inc.",OncoC4,10,1,0,multi_experimental,3,ai-061,ai-061,PD-1,Bispecific Antibody,PD-L1,1,1,0,0,0,0,0,0,0,,metastatic · measurable (RECIST)
NCT05868265,A Study of Enfortumab Vedotin in People With Urothelial Carcinoma of the Upper Urinary Tract,PHASE2,Phase 2,ACTIVE_NOT_RECRUITING,9,Memorial Sloan Kettering Cancer Center,Memorial Sloan Kettering Cancer Center,411,0,1,single_arm,1,enfortumab vedotin;radical surgery,enfortumab vedotin;radical surgery,Nectin-4,ADC,NECTIN-4,1,1,0,0,0,0,0,0,0,,metastatic
NCT05879653,Pembrolizumab and EV With Radiation Therapy for MIBC Patients (PEVRAD),PHASE2,Phase 2,RECRUITING,30,Kyoto University Hospital,Kyoto University Hospital,1,0,1,single_arm,1,asg-22ce;maximal turbt;mk-3475;radiation therapy,asg-22ce;maximal turbt;mk-3475;radiation therapy,PD-1,Monoclonal Antibody,PD-L1,1,1,1,0,0,0,0,0,1,PD-L1+,metastatic · squamous
NCT05891171,Study of AB598 Monotherapy and Combination Therapy in Participants With Advanced Cancers,PHASE1,Phase 1,ACTIVE_NOT_RECRUITING,40,"Arcus Biosciences, Inc.",Arcus Biosciences,21,1,0,multi_experimental,8,ab598,ab598;fluorouracil;leucovorin;oxaliplatin;zimberelimab,CD39,Monoclonal Antibody,HER2,1,1,0,0,1,0,0,0,1,HER2−,metastatic · adenoca. · measurable (RECIST)
NCT05911295,Disitamab Vedotin With Pembrolizumab vs Chemotherapy in Previously Untreated Urothelial Cancer Expressing HER2,PHASE3,Phase 3,ACTIVE_NOT_RECRUITING,412,"Seagen, a wholly owned subsidiary of Pfizer",Pfizer,687,1,1,active_comparator,2,carboplatin;cisplatin;gemcitabine,disitamab vedotin;pembrolizumab,PD-1,Monoclonal Antibody,HER2;MET;PD-L1,1,1,0,0,1,0,0,0,1,HER2+,metastatic · measurable (RECIST)
NCT05929235,"A Study of FX-909 in Patients With Advanced Solid Malignancies, Including Advanced Urothelial Carcinoma",PHASE1,Phase 1,ACTIVE_NOT_RECRUITING,120,Flare Therapeutics Inc.,Flare Therapeutics,2,1,1,multi_experimental,3,fx-909,fx-909;keytruda ( pembrolizumab);pembrolizumab (keytruda ),PD-1,Small Molecule,MET,0,1,0,0,0,0,0,1,0,,metastatic · 2nd-line+ · squamous · measurable (RECIST)
NCT05943106,"BCG in Combination With Durvalumab in Adult BCG-naïve, High-risk NMIBC Participants",PHASE3,Phase 3,ACTIVE_NOT_RECRUITING,100,AstraZeneca,AstraZeneca,780,1,1,single_arm,1,bcg;durvalumab,bcg;durvalumab,PD-L1,Monoclonal Antibody,EGFR,1,1,0,0,0,0,0,0,0,,metastatic · squamous
NCT05944237,HTL0039732 in Participants With Advanced Solid Tumours,PHASE1;PHASE2,Phase 2,RECRUITING,150,Cancer Research UK,Cancer Research UK,16,0,0,multi_experimental,3,,htl0039732 capsules;htl0039732 capsules and atezolizumab infusion,PD-L1,,HER2;PD-L1;genomic,0,1,1,0,1,0,0,1,1,"PD-L1+, HER2+",metastatic · 2nd-line+ · adenoca. · measurable (RECIST)
NCT05951179,Safety and Efficacy Study of Intravesical Instillation of TARA-002 in Adults With High-grade Non-muscle Invasive Bladder Cancer,PHASE2,Phase 2,RECRUITING,131,Protara Therapeutics,Protara Therapeutics,4,1,0,single_arm,1,tara-002,tara-002,,Cell Therapy,,1,1,0,0,0,0,0,0,0,,metastatic
NCT05965856,A Study of SI-B003 and BL-B01D1+SI-B003 in Patients With Locally Advanced or Metastatic Urothelial Carcinoma and Other Solid Tumors,PHASE2,Phase 2,RECRUITING,52,"Sichuan Baili Pharmaceutical Co., Ltd.",Sichuan Baili Pharmaceutical,127,1,0,single_arm,1,bl-b01d1;si-b003,bl-b01d1;si-b003,EGFR/HER3,ADC,,1,1,0,0,0,0,1,1,0,,metastatic · 1st-line · adenoca. · measurable (RECIST) · ECOG 0-1
NCT06022029,A Dose Escalation and Dose Expansion Study of Intratumoral ONM-501 Alone and in Combination With Cemiplimab in Patients With Advanced Solid Tumors and Lymphomas.,PHASE1,Phase 1,RECRUITING,168,"OncoNano Medicine, Inc.",OncoNano Medicine,4,1,0,multi_experimental,3,onm-501,cemiplimab;onm-501,PD-1,Small Molecule,,0,1,0,0,0,0,0,1,0,,metastatic · 2nd-line+ · squamous
NCT06036121,A Study of ADRX-0706 in Select Advanced Solid Tumors,PHASE1,Phase 1,ACTIVE_NOT_RECRUITING,144,Adcentrx Therapeutics,Adcentrx Therapeutics,2,1,0,multi_experimental,2,adrx-0706,adrx-0706,Nectin-4,ADC,Nectin-4 expression (H-score ≥100),1,1,0,0,0,0,0,0,0,,metastatic · squamous · measurable (RECIST)
NCT06047379,"Safety and Efficacy of NEO212 in Patients With Astrocytoma IDH-mutant, Glioblastoma IDH-wildtype or Brain Metastasis",PHASE1;PHASE2,Phase 2,RECRUITING,134,"Neonc Technologies, Inc.",Neonc Technologies,4,1,0,multi_experimental,8,neo212 oral capsule,bevacizumab;carboplatin;folfiri protocol;ipilimumab;neo212 oral capsule;nivolumab;paclitaxel;pembrolizumab;regorafenib,,Small Molecule,,0,1,0,0,0,0,0,0,0,,metastatic · squamous · measurable (RECIST)
NCT06079112,9MW2821 Combined With Toripalimab Injection in Subjects With Local Advanced or Metastatic Urothelial Cancer,PHASE1;PHASE2,Phase 2,RECRUITING,100,"Mabwell (Shanghai) Bioscience Co., Ltd.",Mabwell (Shanghai) Bioscience,33,1,0,single_arm,1,9mw2821;toripalimab,9mw2821;toripalimab,Nectin-4,ADC,PD-L1;TROP-1,1,1,1,0,0,0,0,0,1,PD-L1+,metastatic · measurable (RECIST) · ECOG 0
NCT06108492,A Phase I Clinical Study of SHR-2005 Intravesical Instillation in the Treatment of Intermediate and High-risk Non-muscle Invasive Bladder Cancer (NMIBC),PHASE1,Phase 1,RECRUITING,170,"Shanghai Hengrui Pharmaceutical Co., Ltd.",Hengrui,312,1,0,single_arm,1,shr-2005,shr-2005,,,,0,1,0,0,0,0,0,0,0,,
NCT06111235,A Study of Adjuvant Cretostimogene Grenadenorepvec for Treatment of Intermediate Risk NMIBC Following TURBT,PHASE3,Phase 3,ACTIVE_NOT_RECRUITING,367,"CG Oncology, Inc.",CG Oncology,7,1,0,multi_experimental,2,cretostimogene grenadenorepvec;n-dodecyl-b-d-maltoside,cretostimogene grenadenorepvec;n-dodecyl-b-d-maltoside,,Oncolytic Virus,,1,1,0,0,0,0,0,0,0,,metastatic
NCT06133517,PeRioperative Immunotherapy Combined With Sacituzumab Govitecan in Muscle Invasive blAdder Cancer,PHASE2,Phase 2,ACTIVE_NOT_RECRUITING,70,Fundación para el Progreso de la Oncología en Cantabria,Fundación para el Progreso de la Oncología en Cantabria,1,0,0,single_arm,1,domvanalimab;sacituzumab govitecan;zimberelimab,domvanalimab;sacituzumab govitecan;zimberelimab,PD-1,Monoclonal Antibody,MET;PD-L1,1,1,0,0,0,0,1,0,0,,neoadjuvant · 1st-line · ductal
NCT06172478,A Study of HER3-DXd in Subjects With Locally Advanced or Metastatic Solid Tumors,PHASE2,Phase 2,RECRUITING,740,Daiichi Sankyo,Daiichi Sankyo,178,1,1,single_arm,1,her3-dxd,her3-dxd,HER3,ADC,ALK;BRAF;CLDN18.2;ER;HER2;HER3;KRAS;MET;MMR;MSI;NTRK;PD-L1;RET;ROS1;genomic,1,1,1,1,1,0,1,1,1,"PD-L1+, FGFR-alt, HER2+",metastatic · 1st-line · adenoca. · measurable (RECIST) · ECOG 0
NCT06181266,A Phase 1/1b Study of ZH9 Treatment in Patients With Non-Muscle Invasive Bladder Cancer,PHASE1,Phase 1,ACTIVE_NOT_RECRUITING,22,Prokarium Ltd,Prokarium,1,1,0,multi_experimental,4,zh9,zh9,,,,0,1,0,0,0,0,0,0,0,,
NCT06186414,"A Study to Investigate the Safety, Tolerability, Pharmacokinetics, and Preliminary Efficacy of SIM0237 Alone or in Combination with BCG in NMIBC",PHASE1,Phase 1,RECRUITING,152,"Jiangsu Simcere Pharmaceutical Co., Ltd.",Jiangsu Simcere Pharmaceutical,44,1,0,multi_experimental,6,,sim0237;sim0237 and bcg,EGFR,Monoclonal Antibody,EGFR;PD-L1;biomarker;biomarker analysis,1,1,1,0,0,0,0,0,1,PD-L1+,metastatic
NCT06196736,A Study to Evaluate 9MW2821 Versus Chemotherapy in Subjects With Previously Treated Locally Advanced or Metastatic Urothelial Cancer,PHASE3,Phase 3,RECRUITING,432,"Mabwell (Shanghai) Bioscience Co., Ltd.",Mabwell (Shanghai) Bioscience,33,1,0,active_comparator,2,,9mw2821,Nectin-4,ADC,TROP-1,1,0,0,0,0,0,0,0,0,,metastatic · measurable (RECIST)
NCT06211764,A Study of TAR-200 Versus Intravesical Chemotherapy in Participants With Recurrent High-Risk Non-Muscle-Invasive Bladder Cancer (HR-NMIBC) After Bacillus Calmette-Guérin (BCG),PHASE3,Phase 3,ACTIVE_NOT_RECRUITING,272,"Janssen Research & Development, LLC",Johnson & Johnson,363,1,1,active_comparator,2,gemcitabine;mitomycin c,tar-200,gemcitabine,Small Molecule,,0,1,0,0,0,0,0,0,0,,metastatic · small-cell
NCT06225596,Study BT8009-230 in Participants With Locally Advanced or Metastatic Urothelial Cancer (Duravelo-2),PHASE2,Phase 2,ACTIVE_NOT_RECRUITING,375,BicycleTx Limited,BicycleTx,8,1,0,active_comparator,5,avelumab;gemcitabine + cisplatin or carboplatin,pembrolizumab;zelenectide pevedotin,PD-1,Monoclonal Antibody,PD-L1,1,1,0,0,0,0,1,1,0,,metastatic · 1st-line · measurable (RECIST)
NCT06237920,Stage II-IIIa Urothelial Cancer Randomizing Pre-operative Nivolumab With or Without Relatlimab,PHASE2,Phase 2,ACTIVE_NOT_RECRUITING,90,The Netherlands Cancer Institute,The Netherlands Cancer Institute,72,0,1,multi_experimental,2,nivolumab,nivolumab;relatlimab,PD-1,Monoclonal Antibody,CD30;PD-L1,1,1,1,0,0,0,1,0,1,PD-L1+,neoadjuvant · 1st-line · adenoca.
NCT06238479,"A Study of LY4101174 in Participants With Recurrent, Advanced or Metastatic Solid Tumors",PHASE1,Phase 1,ACTIVE_NOT_RECRUITING,490,Eli Lilly and Company,Eli Lilly,535,1,1,multi_experimental,3,ly4101174,ly4101174,NECTIN4,ADC,NECTIN-4,1,1,0,0,0,0,0,0,0,,metastatic · squamous · measurable (RECIST)
NCT06242470,A Study of MGC026 in Participants With Advanced Solid Tumors,PHASE1,Phase 1,RECRUITING,250,MacroGenics,MacroGenics,29,1,0,multi_experimental,12,,mgc026 dose escalation;mgc026 dose for expansion,,,,0,1,0,0,0,0,0,0,0,,metastatic · squamous · measurable (RECIST)
NCT06253871,A Phase 1/1b Study of IAM1363 in HER2 Cancers,PHASE1,Phase 1,RECRUITING,383,"Iambic Therapeutics, Inc",Iambic Therapeutics,1,1,0,single_arm,1,iam1363,iam1363,HER2,Small Molecule,HER2,0,1,0,0,1,0,0,1,1,HER2+,metastatic · 2nd-line+ · measurable (RECIST)
NCT06255964,A Study of IAP0971 in Combination With Bacillus Calmette Guerin in High Risk Non-muscular Invasive Bladder Cancer,PHASE1;PHASE2,Phase 2,NOT_YET_RECRUITING,236,"SUNHO（China）BioPharmaceutical CO., Ltd.",SUNHO（China）BioPharmaceutical,14,1,0,multi_experimental,3,iap0971＋bcg,iap0971＋bcg,PD-1,Bispecific Antibody,,1,1,0,0,0,0,0,1,0,,metastatic · 2nd-line+ · squamous
NCT06257264,A Study to Examine the Safety of Different Doses of BG-68501 Given to Participants With Advanced-Stage Tumors,PHASE1,Phase 1,ACTIVE_NOT_RECRUITING,103,BeiGene,BeiGene/BeOne,149,1,1,multi_experimental,5,bg-68501,bg-68501;bgb-43395;fulvestrant,CDK2,Small Molecule,HER2,0,1,0,0,1,0,0,1,1,HER2+,metastatic · 2nd-line+ · adenoca. · measurable (RECIST)
NCT06293898,Open Label Study to Evaluate BL-M07D1 in HER2 Expressing Malignant Solid Tumors,PHASE1,Phase 1,RECRUITING,280,SystImmune Inc.,SystImmune,7,1,0,multi_experimental,3,bl-m07d1,bl-m07d1,HER2,ADC,HER2;MET;PD-L1,1,1,1,0,1,0,0,1,1,"PD-L1+, HER2+",metastatic · 2nd-line+ · squamous · measurable (RECIST) · ECOG 0-1
NCT06305767,A Clinical Study of Intismeran Autogene (V940) Treatment and Pembrolizumab in People With Bladder Cancer (V940-005/INTerpath-005),PHASE1;PHASE2,Phase 2,ACTIVE_NOT_RECRUITING,230,Merck Sharp & Dohme LLC,Merck (MSD),649,1,1,active_comparator,3,pembrolizumab,enfortumab vedotin;intismeran autogene;pembrolizumab;surgery (rc plus plnd),PD-1,Monoclonal Antibody,PD-L1,1,1,0,0,0,0,0,0,0,,neoadjuvant
NCT06319820,A Study to Evaluate TAR-210 Versus Single Agent Intravesical Cancer Treatment in Participants With Bladder Cancer,PHASE3,Phase 3,RECRUITING,641,"Janssen Research & Development, LLC",Johnson & Johnson,363,1,1,active_comparator,4,gemcitabine;mmc,tar-210,FGFR,Small Molecule,FGFR,0,1,0,1,0,0,0,0,1,FGFR-alt,recurrent
NCT06331299,A Phase 3 Study of UGN-103 for Treatment of Patients With Low-grade Intermediate-risk Non-muscle Invasive Bladder Cancer,PHASE3,Phase 3,ACTIVE_NOT_RECRUITING,99,UroGen Pharma Ltd.,UroGen Pharma,14,1,0,single_arm,1,ugn-103,ugn-103,mitomycin,Cell Therapy,,1,1,0,0,0,0,0,0,0,,metastatic · squamous
NCT06332755,"Study to Evaluate LB-LR1109, Administered Alone for the Treatment of Solid Tumor and in Combination With Atezolizumab for the Treatment of NSCLC",PHASE1,Phase 1,RECRUITING,76,LG Chem,LG Chem,2,1,0,multi_experimental,2,,phase 1a: lb-lr1109;phase 1b: lb-lr1109 and atezolizumab,PD-L1,Monoclonal Antibody,genomic,1,1,0,0,0,0,0,0,0,,metastatic · measurable (RECIST)
NCT06337084,Diagnostic Efficacy and Dosimetry of MNPR-101-DFO*-89Zr in Patients With Solid Tumors,PHASE1,Phase 1,ACTIVE_NOT_RECRUITING,12,Monopar Therapeutics,Monopar Therapeutics,3,1,0,single_arm,1,diagnostic test: pet/ct diagnostic imaging;mnpr-101-dfo*-89zr,diagnostic test: pet/ct diagnostic imaging;mnpr-101-dfo*-89zr,,Radiopharmaceutical,,0,1,0,0,0,0,0,0,0,,metastatic · measurable (RECIST)
NCT06378242,"To Evaluate the Safety, Efficacy, and Pharmacokinetics of Intravesical Instiliations of Disitamab Vedotin in Patients With High-risk Non-muscular Invasive Bladder Cancer (NMIBC) That Express HER2",PHASE1;PHASE2,Phase 2,RECRUITING,24,"RemeGen Co., Ltd.",RemeGen,51,1,0,single_arm,1,disitamab vedotin for injection,disitamab vedotin for injection,HER2,ADC,HER2;MET,1,1,0,0,1,0,0,0,1,HER2+,metastatic
NCT06394570,"Enfortumab Vedotin and Stereotactic Radiation for Localized, Cisplatin Ineligible Muscle Invasive Bladder Cancer",PHASE1;PHASE2,Phase 2,RECRUITING,19,University of Texas Southwestern Medical Center,University of Texas Southwestern Medical Center,48,0,1,multi_experimental,3,enfortumab vedotin,enfortumab vedotin,Nectin-4,ADC,NECTIN-4,1,1,0,0,0,0,0,0,0,,neoadjuvant · adenoca. · ECOG 0-1
NCT06405425,A Study of BL-B01D1 + PD-1 in Patients With Locally Advanced or Metastatic Urothelial Carcinoma,PHASE2,Phase 2,RECRUITING,52,"Sichuan Baili Pharmaceutical Co., Ltd.",Sichuan Baili Pharmaceutical,127,1,0,single_arm,1,bl-b01d1;pd-1,bl-b01d1;pd-1,PD-1,ADC,PD-L1,1,1,1,0,0,0,0,0,1,PD-L1+,metastatic · measurable (RECIST) · ECOG 0-1
NCT06444815,A Study of VET3-TGI in Patients With Solid Tumors,PHASE1,Phase 1,RECRUITING,60,KaliVir Immunotherapeutics,KaliVir Immunotherapeutics,1,1,0,multi_experimental,4,vet3-tgi,atezolizumab;vet3-tgi,TGF-β,Oncolytic Virus,,1,1,1,0,0,0,0,0,1,PD-L1+,metastatic · squamous · measurable (RECIST)
NCT06451497,"This is a Phase 1 Trial of ZM008, an Anti-LLT1 Antibody, Used as Single Agent Followed by Combination Treatment With Toripalimab in Patients With Advanced Solid Tumors",PHASE1,Phase 1,RECRUITING,100,Zumutor Biologics Inc.,Zumutor Biologics,1,1,0,single_arm,1,zm008,zm008,LLT1,Monoclonal Antibody,,1,1,0,0,0,0,0,1,0,,metastatic · 2nd-line+ · adenoca. · measurable (RECIST)
NCT06465069,A Study of LY4052031 in Participants With Advanced or Metastatic Urothelial Cancer or Other Solid Tumors,PHASE1,Phase 1,RECRUITING,420,Eli Lilly and Company,Eli Lilly,535,1,1,multi_experimental,3,ly4052031,ly4052031,NECTIN4,ADC,NECTIN-4,1,1,0,0,0,0,0,0,0,,metastatic · squamous · measurable (RECIST)
NCT06470282,Enfortumab Vedotin and Pembrolizumab Combined With Radiotherapy in Muscle Invasive Bladder Cancer,PHASE1;PHASE2,Phase 2,RECRUITING,47,"University of California, San Francisco","University of California, San Francisco",90,0,1,multi_experimental,4,computed tomography (ct);cystoscopy (cs);enfortumab vedotin;intensity modulated radiation therapy (imrt);magnetic resonance imaging (mri);pembrolizumab;positron emission tomography (pet);transurethral resection of bladder tumor,computed tomography (ct);cystoscopy (cs);enfortumab vedotin;intensity modulated radiation therapy (imrt);magnetic resonance imaging (mri);pembrolizumab;positron emission tomography (pet);transurethral resection of bladder tumor,PD-1,Monoclonal Antibody,MET;PD-L1,1,1,0,0,0,0,0,0,0,,metastatic · small-cell
NCT06483334,A Study of Efficacy and Safety of Sacituzumab Tirumotecan (MK-2870) Plus Enfortumab Vedotin (EV) With and Without Pembrolizumab in Advanced Urothelial Carcinoma (MK-3475-04C/KEYMAKER-U04),PHASE1;PHASE2,Phase 2,ACTIVE_NOT_RECRUITING,38,Merck Sharp & Dohme LLC,Merck (MSD),649,1,1,multi_experimental,2,enfortumab vedotin;sacituzumab tirumotecan;supportive care measures,enfortumab vedotin;pembrolizumab;sacituzumab tirumotecan;supportive care measures,PD-1,Monoclonal Antibody,PD-L1;biomarker,1,1,0,0,0,0,0,0,0,,metastatic
NCT06493552,Modular Trial of sEphB4-HSA in EphrinB2-High Solid Tumors,PHASE2;PHASE3,Phase 3,RECRUITING,700,"Vasgene Therapeutics, Inc",Vasgene Therapeutics,3,1,0,active_comparator,4,cisplatin;enfortumab vedotin;gemcitabine;pembrolizumab,pembrolizumab;sephb4-hsa,EphrinB2,Small Molecule,EPHRINB2;MET;PD-L1,0,1,1,0,0,0,0,0,1,PD-L1+,metastatic · small-cell · measurable (RECIST)
NCT06503614,A Trial of Durvalumab (MEDI4736) Plus Monalizumab in Non-Muscle-Invasive Bladder Cancer,PHASE2,Phase 2,RECRUITING,60,John Sfakianos,John Sfakianos,1,0,1,multi_experimental,2,durvalumab;monalizumab,durvalumab;monalizumab,PD-L1,Monoclonal Antibody,EGFR;PD-L1,1,1,1,0,0,0,0,0,1,PD-L1+,metastatic · adenoca.
NCT06510374,Trial of Nadofaragene Firadenovec vs. Observation in Participants With Intermediate Risk Non-Muscle Invasive Bladder Cancer,PHASE3,Phase 3,RECRUITING,454,Ferring Pharmaceuticals,Ferring Pharmaceuticals,42,1,0,multi_experimental,2,nadofaragene firadenovec,nadofaragene firadenovec,,Recombinant Protein,,0,1,0,0,0,0,0,0,0,,metastatic
NCT06511648,Erdafitinib Monotherapy or in Combination With Cetrelimab in Muscle-invasive Bladder Cancer Patients With Fibroblast Growth Factor Receptor (FGFR ) Gene Alterations,PHASE2,Phase 2,RECRUITING,90,Spanish Oncology Genito-Urinary Group,Spanish Oncology Genito-Urinary,14,0,1,multi_experimental,2,,cetrelimab and erdafitinib combination;erdafitinib monotherapy,FGFR,Small Molecule,FGFR,0,1,1,1,0,0,0,0,1,"PD-L1+, FGFR-alt",metastatic · small-cell
NCT06528483,Bladder Preservation With Sacituzumab Govitecan + Zimberelimab for Muscle-Invasive Bladder Cancer,PHASE2,Phase 2,NOT_YET_RECRUITING,63,"Fondazione IRCCS Istituto Nazionale dei Tumori, Milano","Fondazione IRCCS Istituto Nazionale dei Tumori, Milano",8,0,1,single_arm,1,sacituzumab govitecan + zimberelimab,sacituzumab govitecan + zimberelimab,TROP2,ADC,TROP-2,1,1,0,0,0,0,0,0,0,,metastatic · squamous
NCT06529822,Personalized Cancer Vaccine (PCV) Strategy in Patients With Solid Tumors and Molecular Residual Disease,PHASE1,Phase 1,RECRUITING,64,Washington University School of Medicine,Washington University School of Medicine,178,0,0,multi_experimental,4,device: signatera assay;poly iclc;synthetic long peptide personalized cancer vaccine,device: signatera assay;poly iclc;synthetic long peptide personalized cancer vaccine,,Vaccine,ALK;RET;ROS1,1,1,0,0,0,0,0,0,0,,metastatic · adenoca.
NCT06534983,A Study to Evaluate the Efficacy and Safety of Autogene Cevumeran With Nivolumab Versus Nivolumab Alone in Participants With High-risk Muscle-invasive Urothelial Carcinoma (MIUC),PHASE2,Phase 2,ACTIVE_NOT_RECRUITING,62,Hoffmann-La Roche,Roche/Genentech,922,1,1,active_comparator,2,nivolumab,autogene cevumeran;nivolumab,PD-1,Monoclonal Antibody,CD30;biomarker;biomarker analysis,1,1,0,0,0,0,0,0,0,,metastatic
NCT06545955,A Trial to Evaluate Intravesical Nadofaragene Firadenovec Alone or in Combination With Chemotherapy or Immunotherapy in Participants With High-grade BCG Unresponsive Non-muscle Invasive Bladder Cancer,PHASE3,Phase 3,RECRUITING,250,Ferring Pharmaceuticals,Ferring Pharmaceuticals,42,1,0,multi_experimental,3,nadofaragene firadenovec,docetaxel;gemcitabine;nadofaragene firadenovec;pembrolizumab,PD-1,Monoclonal Antibody,PD-L1,1,1,0,0,0,0,0,0,0,,metastatic · ECOG 2
NCT06567743,Phase 2 Study to Evaluate Safety and Efficacy of Cretostimogene Grenadenorepvec in High-Risk NMIBC,PHASE2,Phase 2,RECRUITING,325,"CG Oncology, Inc.",CG Oncology,7,1,0,multi_experimental,7,cretostimogene grenadenorepvec,cretostimogene grenadenorepvec,,Oncolytic Virus,,1,1,0,0,0,0,0,0,0,,metastatic
NCT06571708,Gemcitabine/Cisplatin Plus Cemiplimab With or Without Fianlimab in Localized Muscle-invasive Bladder Cancer (NeoSTOP-IT),PHASE2,Phase 2,RECRUITING,36,Columbia University,Columbia University,40,0,1,multi_experimental,2,cemiplimab;cisplatin;gemcitabine,cemiplimab;cisplatin;fianlimab;gemcitabine,PD-1,Monoclonal Antibody,PD-L1,1,1,1,0,0,0,0,0,1,PD-L1+,metastatic
NCT06582017,"Safety, PK and Efficacy of QXL138AM in Patients With Solid Tumors and Multiple Myeloma",PHASE1,Phase 1,RECRUITING,100,Nammi Therapeutics Inc,Nammi Therapeutics,1,1,0,multi_experimental,4,qxl138am injection every 2 weeks by iv infusion,qxl138am injection every 2 weeks by iv infusion,,Recombinant Protein,,0,1,0,0,0,0,0,0,0,,metastatic · measurable (RECIST)
NCT06592326,9MW2821 in Combination With Toripalimab vs Standard Chemotherapy in Locally Advanced or Metastatic Urothelial Cancer,PHASE3,Phase 3,RECRUITING,460,"Mabwell (Shanghai) Bioscience Co., Ltd.",Mabwell (Shanghai) Bioscience,33,1,0,active_comparator,2,cisplatin/carboplatin;gemcitabine,9mw2821;toripalimab,Nectin-4,ADC,PD-L1;TROP-1,1,1,1,0,0,0,1,1,1,PD-L1+,metastatic · 1st-line · measurable (RECIST) · ECOG 0
NCT06617169,Dose-Escalation of MNPR-101-PCTA-177Lu in Solid Tumors,PHASE1,Phase 1,ACTIVE_NOT_RECRUITING,12,Monopar Therapeutics,Monopar Therapeutics,3,1,0,multi_experimental,5,mnpr-101-pcta-177lu,mnpr-101-pcta-177lu,,Radiopharmaceutical,,0,1,0,0,0,0,0,0,0,,metastatic
NCT06632262,A Phase 2 Clinical Study of ABSK061 and ABSK043,PHASE2,Phase 2,RECRUITING,202,"Abbisko Therapeutics Co, Ltd",AbbVie,274,1,0,multi_experimental,4,,absk061 + absk043;absk061+absk043 in combination with capox,FGFR,Small Molecule,ALK;BRAF;EGFR;FGFR2;FGFR2/3;FGFR2B;HER2;KRAS;MET;NTRK;RET;ROS1,0,1,0,1,1,0,0,0,1,"FGFR-alt, HER2−",metastatic · squamous · measurable (RECIST)
NCT06632951,Study to Evaluate Adverse Events and Change in Disease Activity When Intravenously (IV) Infused Livmoniplimab is Used in Combination With IV Infused Budigalimab in Adult Participants With Urothelial Carcinoma (UC),PHASE2,Phase 2,ACTIVE_NOT_RECRUITING,150,AbbVie,AbbVie,274,1,1,multi_experimental,3,,budigalimab;docetaxel;gemcitabine;livmoniplimab;paclitaxel,PD-1,Monoclonal Antibody,PD-L1,1,1,1,0,0,0,0,0,1,PD-L1+,metastatic · squamous · measurable (RECIST)
NCT06637423,A Clinical Study of Sacituzumab Tirumotecan (MK-2870) in Patients With Bladder Cancer (MK-2870-027),PHASE1;PHASE2,Phase 2,RECRUITING,32,Merck Sharp & Dohme LLC,Merck (MSD),649,1,1,single_arm,1,rescue medication;sacituzumab tirumotecan;supportive care measures,rescue medication;sacituzumab tirumotecan;supportive care measures,TROP-1,ADC,TROP-1,1,1,0,0,0,0,0,0,0,,metastatic
NCT06639347,A Trial of SHR-A2102 With Antitumor Therapy in Advanced Urothelial Carcinoma,PHASE1;PHASE2,Phase 2,RECRUITING,90,"Shanghai Hengrui Pharmaceutical Co., Ltd.",Hengrui,312,1,0,single_arm,1,adebrelimab injection;shr-8068 injection;shr-a2102,adebrelimab injection;shr-8068 injection;shr-a2102,Nectin-4,ADC,EGFR;Nectin-4 H-score,1,1,0,0,0,0,0,0,0,,metastatic · measurable (RECIST)
NCT06645808,PET-imaging of Two Vartumabs in Patients With Solid Tumors,EARLY_PHASE1,Phase 1,RECRUITING,32,Var2 Pharmaceuticals,Var2 Pharmaceuticals,1,1,0,multi_experimental,2,pet/ct scan,89zr-dfo-n-suc-c9scfv;89zr-dfo-n-suc-f8scfv;pet/ct scan,oncofetal chondroitin sulfate,Radiopharmaceutical,,0,1,0,0,0,0,0,0,0,,adjuvant · squamous
NCT06663137,A Study to Evaluate the Safety and Efficacy of NDV-01 in Participants With NMIBC,PHASE2,Phase 2,RECRUITING,70,"Relmada Therapeutics, Inc.",Relmada Therapeutics,4,1,0,single_arm,1,ndv01 intravesical controlled release formulation of gemcitabine and docetaxel,ndv01 intravesical controlled release formulation of gemcitabine and docetaxel,,,,0,1,0,0,0,0,0,0,0,,metastatic · squamous · ECOG 2
NCT06668493,Low-grade UTUC Treated With Nadofaragene Firadenovec Administered to Renal Pelvis,PHASE1;PHASE2,Phase 2,RECRUITING,20,Ferring Pharmaceuticals,Ferring Pharmaceuticals,42,1,0,single_arm,1,nadofaragene firadenovec,nadofaragene firadenovec,,Cell Therapy,,1,1,0,0,0,0,0,0,0,,squamous · ECOG 2
NCT06682728,Adjuvant Sacituzumab Govitecan and Nivolumab in Muscle-Invasive Urothelial Carcinoma at High-Risk Recurrence,PHASE2,Phase 2,RECRUITING,23,"University of California, Irvine","University of California, Irvine",22,0,1,single_arm,1,nivolumab;sacituzumab govitecan (sg),nivolumab;sacituzumab govitecan (sg),PD-1,Monoclonal Antibody,CD30;MET;PD-L1,1,1,1,0,0,0,0,0,1,PD-L1+,metastatic · small-cell
NCT06686381,Tetra-modality Bladder Preservation Strategies in Muscle-invasive Bladder Cancer: TURBT+ Chemo/Immunotherapy+ Radiation Therapy+ Maintenance Immunotherapy vs. W&W,PHASE2,Phase 2,NOT_YET_RECRUITING,80,American University of Beirut Medical Center,American University of Beirut Medical Center,4,0,1,multi_experimental,2,chemotherapy + immunotherapy induction;maximum turbt;radiotherapy,chemotherapy + immunotherapy induction;immunotherapy maintenance;maximum turbt;radiotherapy;watchful waiting with supportive care,PD-L1,Monoclonal Antibody,,1,1,0,0,0,0,0,0,0,,metastatic · adenoca.
NCT06695845,A Phase 2 Study of Zanidatamab in Patients With HER2-expressing Tumors,PHASE2,Phase 2,RECRUITING,200,Jazz Pharmaceuticals,Jazz Pharmaceuticals,59,1,0,single_arm,1,zanidatamab,zanidatamab,HER2,Bispecific Antibody,ALK;BRAF;EGFR;HER2;KRAS;MET;ROS1,1,1,0,0,1,0,0,0,1,HER2+,metastatic · small-cell · measurable (RECIST)
NCT06714617,Evaluate BL-M17D1 in Patients w/HER2-Expressing/Mutant Advanced or Metastatic Solid Tumors,PHASE1,Phase 1,ACTIVE_NOT_RECRUITING,120,SystImmune Inc.,SystImmune,7,1,0,multi_experimental,3,bl-m17d1,bl-m17d1,HER2,ADC,HER2;MET,1,1,0,0,1,0,0,1,1,HER2+,metastatic · 2nd-line+ · squamous · measurable (RECIST) · ECOG 0-1
NCT06732531,"Safety, Tolerability, and Preliminary Efficacy of BH011 in Subjects With Non-Muscle-Invasive Bladder Cancer",PHASE1;PHASE2,Phase 2,RECRUITING,48,"Zhuhai Beihai Biotech Co., Ltd",Zhuhai Beihai Biotech,4,1,0,single_arm,1,bh011,bh011,docetaxel,Small Molecule,MET,0,1,0,0,0,0,0,1,0,,metastatic · 2nd-line+ · squamous · ECOG 0-1
NCT06738251,A Phase III Study of SHR-A2102 Versus Investigator-selected Therapy in Advanced Urothelial Carcinoma,PHASE3,Phase 3,RECRUITING,402,"Shanghai Hengrui Pharmaceutical Co., Ltd.",Hengrui,312,1,0,active_comparator,2,docetaxel injection;gemcitabine hydrochloride for injection;paclitaxel injection;pemetrexed disodium for injection,shr-a2102 for injection,TROP-1,ADC,TROP-1,1,1,0,0,0,0,1,0,0,,metastatic · 1st-line · squamous · measurable (RECIST)
NCT06774131,A Phase 3 Single-arm Study of UGN-104 for the Treatment of Low-grade Upper Tract Urothelial Cancer,PHASE3,Phase 3,RECRUITING,70,UroGen Pharma Ltd.,UroGen Pharma,14,1,0,single_arm,1,ugn-104,ugn-104,,Cell Therapy,,1,1,0,0,0,0,0,1,0,,recurrent · 2nd-line+ · squamous
NCT06778863,A Study of CLSP-1025 in Adult Patients With Solid Tumors That Harbor the p53 R175H Mutation,PHASE1,Phase 1,RECRUITING,90,"Clasp Therapeutics, Inc.",Clasp Therapeutics,2,1,0,multi_experimental,2,clsp-1025,clsp-1025,p53,Bispecific Antibody,HLA-A*02:01;P53,1,1,0,0,0,0,0,0,0,,metastatic
NCT06809140,Enfortumab Vedotin Plus Pembrolizumab With Selective Bladder Sparing for Treatment of Muscle-invasive Bladder Cancer,PHASE2,Phase 2,RECRUITING,75,Matthew Galsky,Matthew Galsky,11,0,1,single_arm,1,enfortumab vedotin;pembrolizumab,enfortumab vedotin;pembrolizumab,PD-1,Monoclonal Antibody,PD-L1,1,1,1,0,0,0,0,0,1,PD-L1+,squamous
NCT06814496,Radiation Combined With BIspecific T-Cell Engager in DLL3 Expressing Tumors,PHASE1;PHASE2,Phase 2,RECRUITING,30,University of Arizona,University of Arizona,8,0,1,multi_experimental,4,tarlatamab,concurrent radiation therapy;sequential radiation therapy;tarlatamab,DLL3,Bispecific Antibody,DLL3;MET,1,1,0,0,0,0,1,1,0,,metastatic · 1st-line · small-cell · measurable (RECIST)
NCT06823427,9MW2821 + Toripalimab vs 9MW2821 for 1st Line Locally Advanced or Metastatic Urothelial Carcinoma,PHASE2,Phase 2,RECRUITING,60,"Mabwell (Shanghai) Bioscience Co., Ltd.",Mabwell (Shanghai) Bioscience,33,1,0,active_comparator,2,9mw2821,9mw2821;toripalimab (js001 ),Nectin-4,ADC,PD-L1;TROP-1,1,1,1,0,0,0,0,0,1,PD-L1+,metastatic · squamous · measurable (RECIST) · ECOG 0-1
NCT06829823,Clinical Trial of Ablation Therapy in Participants With Intermediate-Risk Non-Muscle Invasive Papillary Bladder Cancer,PHASE2,Phase 2,NOT_YET_RECRUITING,20,"ImmunityBio, Inc.",ImmunityBio,63,1,0,multi_experimental,2,,n-803 and bcg;n-803 and gemcitabine,,,,0,1,0,0,0,0,0,0,0,,metastatic · squamous
NCT06833073,A Clinical Study of Intismeran Autogene (V940) and BCG in People With Bladder Cancer (V940-011/INTerpath-011),PHASE2,Phase 2,RECRUITING,308,Merck Sharp & Dohme LLC,Merck (MSD),649,1,1,active_comparator,3,bcg,bcg;intismeran autogene,,Oncolytic Virus,,1,1,0,0,0,0,0,0,0,,metastatic
NCT06857175,A Study Comparing BL-B01D1 With Chemotherapy of Physician's Choice in Patients With Recurrent or Metastatic Urothelial Carcinoma(PANKU-Bladder01),PHASE3,Phase 3,RECRUITING,508,"Sichuan Baili Pharmaceutical Co., Ltd.",Sichuan Baili Pharmaceutical,127,1,0,active_comparator,2,docetaxel or paclitaxel,bl-b01d1,PD-1,ADC,PD-L1,1,1,1,0,0,0,0,0,1,PD-L1+,metastatic · measurable (RECIST) · ECOG 0
NCT06879145,Clinical Study on the Treatment of MIBC Patients With SHR-A2102 Injection Combined With Adebrelimab (SHR-1316),PHASE2;PHASE3,Phase 3,RECRUITING,840,"Suzhou Suncadia Biopharmaceuticals Co., Ltd.",Suzhou Suncadia Biopharmaceuticals,86,1,0,single_arm,1,shr-a2102；adebrelimab,shr-a2102；adebrelimab,Nectin-4,ADC,PD-L1,1,1,0,0,0,0,0,0,0,,metastatic · measurable (RECIST) · ECOG 0
NCT06910657,IDOV-Immune for Advanced Solid Tumors,PHASE1,Phase 1,RECRUITING,78,"ViroMissile, Inc.",ViroMissile,1,1,0,single_arm,1,idov-immune (oncolytic vaccinia virus),idov-immune (oncolytic vaccinia virus),,Oncolytic Virus,,1,1,0,0,0,0,0,0,0,,metastatic · measurable (RECIST)
NCT06919965,A Study to Evaluate TAR-210 Versus Intravesical Chemotherapy Treatment in Participants With High Risk Non-Muscle-Invasive Bladder Cancer,PHASE3,Phase 3,RECRUITING,220,"Janssen Research & Development, LLC",Johnson & Johnson,363,1,1,active_comparator,2,gemcitabine;mitomycin c,tar-210,FGFR,Small Molecule,FGFR,0,1,0,1,0,0,0,0,1,FGFR-alt,metastatic · small-cell
NCT06943521,A Study of MT-4561 in Patients With Various Advanced Solid Tumors,PHASE1;PHASE2,Phase 2,RECRUITING,27,"Tanabe Pharma America, Inc.",Tanabe Pharma America,3,1,0,single_arm,1,mt-4561,mt-4561,BRD4,Small Molecule,,0,1,0,0,0,0,0,0,0,,metastatic · adenoca. · measurable (RECIST)
NCT06960577,Perioperative Durvalumab With Neoadjuvant ddMVAC or Gemcitabine/Cisplatin in Patients With Muscle-invasive Bladder Cancer (NIAGARA-2),PHASE3,Phase 3,RECRUITING,150,AstraZeneca,AstraZeneca,780,1,1,multi_experimental,2,cisplatin;durvalumab,cisplatin;doxorubicin;durvalumab;gemcitabine;methotrexate;vinblastine,PD-L1,Monoclonal Antibody,EGFR,1,1,1,0,0,0,0,0,1,PD-L1+,metastatic
NCT06963346,Study Investigating Intravesical HDAC Inhibition to Improve Response to Immuno-Oncology Agents,PHASE1,Phase 1,RECRUITING,12,H. Lee Moffitt Cancer Center and Research Institute,H. Lee Moffitt Cancer Center and Research Institute,228,0,1,multi_experimental,3,durvalumab;romidepsin,durvalumab;romidepsin,PD-L1,Monoclonal Antibody,EGFR;PD-L1,1,1,1,0,0,0,0,0,1,PD-L1+,ECOG 2
NCT06966024,Study of DCC-2812 in Participants With Advanced Genitourinary Cancers,PHASE1,Phase 1,RECRUITING,60,"Deciphera Pharmaceuticals, LLC",Deciphera,17,1,0,single_arm,1,dcc-2812,dcc-2812,GCN2,Small Molecule,,0,1,0,0,0,0,0,0,0,,metastatic
NCT06971614,"A Study of T3011 in Patients With BCG-Unresponsive NMIBC or BCG-Exposed, Chemotherapy-Unresponsive NMIBC",PHASE2,Phase 2,RECRUITING,160,ImmVira Pharma Co. Ltd,ImmVira Pharma,8,1,0,single_arm,1,t3011,t3011,PD-1,Oncolytic Virus,PD-L1,1,1,1,0,0,0,0,0,1,PD-L1+,metastatic
NCT06999187,"A Study of DR-0202 in Patients With Locally Advanced or Metastatic, Relapsed or Refractory Carcinomas",PHASE1,Phase 1,RECRUITING,96,Dren Bio,Dren Bio,2,1,0,multi_experimental,8,dr-0202,dr-0202,,Bispecific Antibody,HER2,1,1,0,0,1,0,0,1,1,HER2+,metastatic · 2nd-line+ · measurable (RECIST)
NCT07020117,A Study of [225Ac]Ac-AKY-1189 in Patients With Solid Tumors,PHASE1,Phase 1,RECRUITING,150,"Aktis Oncology, Inc.",Aktis Oncology,2,1,0,single_arm,1,[225ac]ac-aky-1189 (therapeutic);[64cu]cu-aky-1189 (imaging),[225ac]ac-aky-1189 (therapeutic);[64cu]cu-aky-1189 (imaging),NECTIN4,Radiopharmaceutical,NECTIN4,0,1,0,0,0,0,0,0,0,,metastatic · measurable (RECIST)
NCT07030257,Study of CP-383 in Patients With Advanced or Metastatic Solid Tumors,PHASE1;PHASE2,Phase 2,RECRUITING,150,Tasca Therapeutics,Tasca Therapeutics,1,1,0,multi_experimental,10,cp-383,cp-383,,,,0,1,0,0,0,0,0,0,0,,metastatic · small-cell
NCT07038343,AVENTINE-1: Study of AVZO-1418 as a Single Agent and in Combination Therapy in Patients With Locally Advanced or Metastatic Solid Tumors (AVZO-1418-1001),PHASE1;PHASE2,Phase 2,RECRUITING,480,"Avenzo Therapeutics, Inc.",Avenzo Therapeutics,4,1,0,multi_experimental,4,avzo-1418,avzo-1418;combination agent 1;combination agent 2,,,,0,1,0,0,0,0,0,0,0,,metastatic · measurable (RECIST)
NCT07090499,A Study to Learn About the Study Medicine Called PF-08046876 in People With Advanced Solid Tumors,PHASE1,Phase 1,RECRUITING,540,Pfizer,Pfizer,687,1,1,multi_experimental,3,pf-08046876,pf-08046876,ITGB6,ADC,,1,1,0,0,0,0,0,0,0,,advanced · measurable (RECIST)
NCT07106762,Phase 2/3 Trial of Izalontamab Brengitecan vs Platinum-based Chemotherapy for Metastatic Urothelial Cancer With Disease Progression on or After Immunotherapy,PHASE2;PHASE3,Phase 3,RECRUITING,470,Bristol-Myers Squibb,Bristol Myers Squibb,764,1,1,active_comparator,5,carboplatin;cisplatin;gemcitabine,iza-bren,EGFR,ADC,ER;HER2;TNBC,1,1,0,0,0,0,0,1,0,,metastatic · 2nd-line+ · measurable (RECIST)
NCT07122414,A Study of Intravesical FL115 Alone or in Combination With BCG in Non-Muscle Invasive Bladder Cancer,PHASE1;PHASE2,Phase 2,RECRUITING,80,"Suzhou Forlong Biotechnology Co., Ltd",Suzhou Forlong Biotechnology,5,1,0,single_arm,1,fl115;fl115+bcg,fl115;fl115+bcg,IL-15,Monoclonal Antibody,,1,1,0,0,0,0,0,0,0,,metastatic · ECOG 0
NCT07129993,Study of Datopotamab Deruxtecan Plus Carboplatin or Cisplatin Versus Gemcitabine Plus Carboplatin or Cisplatin in Participants With Locally Advanced or Metastatic Urothelial Carcinoma,PHASE2;PHASE3,Phase 3,RECRUITING,630,Daiichi Sankyo,Daiichi Sankyo,178,1,1,active_comparator,4,carboplatin;cisplatin;gemcitabine,carboplatin;cisplatin;dato-dxd,TROP1,ADC,PD-L1;TROP1;TROP2;biomarker,1,1,1,0,0,0,0,0,1,PD-L1+,metastatic · squamous
NCT07169734,A Study to Investigate ALE.P03 as Monotherapy in Adult Patients With Selected Advanced or Metastatic CLDN1+ Solid Tumors,PHASE1;PHASE2,Phase 2,RECRUITING,180,Alentis Therapeutics AG,Alentis Therapeutics,3,1,0,multi_experimental,3,ale.p03,ale.p03,CLDN1,ADC,CLDN1,1,1,0,0,0,0,0,1,0,,metastatic · 2nd-line+ · adenoca. · measurable (RECIST)
NCT07183319,Circulating Tumor DNA Response In Urothelial Cancer,PHASE2,Phase 2,RECRUITING,30,University of Oklahoma,University of Oklahoma,23,0,0,single_arm,1,pembrolizumab;pembrolizumab & enfortumab vedotin (pev),pembrolizumab;pembrolizumab & enfortumab vedotin (pev),PD-1,Monoclonal Antibody,PD-L1,1,1,1,0,0,0,0,0,1,PD-L1+,metastatic · squamous · measurable (RECIST)
NCT07185945,Zanzalintinib for Advanced Urothelial Carcinoma Progressing After Prior Therapy,PHASE2,Phase 2,NOT_YET_RECRUITING,44,Guru Sonpavde,Guru Sonpavde,2,0,0,single_arm,1,zanzalintinib,zanzalintinib,EGFR,Small Molecule,PD-L1,0,1,0,0,0,0,0,0,0,,metastatic · measurable (RECIST)
NCT07193511,BEACON-1: Study of AVZO-103 as a Single Agent and in Combination Therapy in Patients With Locally Advanced or Metastatic Urothelial Cancer or Other Solid Tumors (AVZO-103-1001),PHASE1;PHASE2,Phase 2,RECRUITING,355,"Avenzo Therapeutics, Inc.",Avenzo Therapeutics,4,1,0,multi_experimental,4,avzo-103,avzo-103;combination agent,Nectin4,ADC,NECTIN4,1,1,0,0,0,0,0,0,0,,metastatic · measurable (RECIST)
NCT07206225,A Study to Learn About the Study Medicine PF-08052667 in People With Bladder Cancer,PHASE1,Phase 1,RECRUITING,294,Pfizer,Pfizer,687,1,1,multi_experimental,3,pf-02921367;pf-08052667,bcg;pf-02921367;pf-08052667;sasanlimab,ITGB6,ADC,PD-L1;biomarker,1,1,0,0,0,0,0,0,0,,recurrent · ECOG 0
NCT07217171,"A Study Evaluating the Safety, Efficacy, and Pharmacokinetics (PK) of EVOLVE104 in Participants With Advanced Urothelial and Squamous Cell Carcinomas",PHASE1,Phase 1,RECRUITING,160,"EvolveImmune United, Inc",EvolveImmune United,1,1,0,multi_experimental,12,evolve104,evolve104,CD3,Bispecific Antibody,,1,1,0,0,0,0,0,1,0,,metastatic · 2nd-line+ · squamous
NCT07218003,A Phase 1/1b of RNDO-564 Single Agent or in Combination With Pembrolizumab in Bladder Cancer and Other Solid Tumors Associated With Nectin-4,PHASE1,Phase 1,ENROLLING_BY_INVITATION,149,Rondo Therapeutics,Rondo Therapeutics,1,1,0,multi_experimental,15,rndo-564,pembrolizumab;rndo-564,NECTIN4,Bispecific Antibody,NECTIN-4,1,1,0,0,0,0,0,0,0,,metastatic · squamous · measurable (RECIST)
NCT07218380,A Study of Vepugratinib (LY3866288) in Participants With Cancer in the Urinary Tract,PHASE3,Phase 3,RECRUITING,450,Eli Lilly and Company,Eli Lilly,535,1,1,placebo_comparator,3,ev;pembrolizumab,ev;pembrolizumab;vepugratinib,FGFR3,Small Molecule,FGFR3,0,1,0,0,0,0,0,0,0,,metastatic · small-cell · measurable (RECIST)
NCT07222488,A Clinical Study of MK-3120 in People With Bladder Cancer (MK-3120-003),PHASE1;PHASE2,Phase 2,RECRUITING,45,Merck Sharp & Dohme LLC,Merck (MSD),649,1,1,single_arm,1,mk-3120,mk-3120,Nectin-4,ADC,PD-L1,1,1,0,0,0,0,0,0,0,,metastatic
NCT07227168,A Study of STRO-004 in Adults With Refractory/Recurrent Metastatic Cancer,PHASE1,Phase 1,RECRUITING,200,"Sutro Biopharma, Inc.",Sutro Biopharma,8,1,0,multi_experimental,3,stro-004,pembrolizumab;stro-004,PD-1,ADC,genomic,1,1,0,0,0,0,0,0,0,,metastatic · adenoca. · measurable (RECIST)
NCT07232602,KEYMAKER-U04 Substudy 04D: A Clinical Study of New Treatments Given With Enfortumab Vedotin and Pembrolizumab in People With Urothelial Cancer (MK-3475-04D/KEYMAKER-U04),PHASE1;PHASE2,Phase 2,RECRUITING,55,Merck Sharp & Dohme LLC,Merck (MSD),649,1,1,single_arm,1,ev;mk-3120;pembrolizumab;rescue medication,ev;mk-3120;pembrolizumab;rescue medication,Nectin-4,ADC,PD-L1,1,1,0,0,0,0,0,0,0,,metastatic
NCT07252661,Study of ACC-1898 in Adult Participants With Advanced Solid Tumors,PHASE1,Phase 1,NOT_YET_RECRUITING,40,"AccSalus Biosciences, Inc.",AccSalus Biosciences,1,1,0,multi_experimental,2,acc-1898,acc-1898,,Cell Therapy,,1,1,0,0,0,0,0,0,0,,metastatic · measurable (RECIST)
NCT07265947,Phase 2A/B Efficacy and Safety of Dabogratinib in Participants With Low Grade Upper Tract Urothelial Carcinoma,PHASE2,Phase 2,RECRUITING,230,"Tyra Biosciences, Inc",Tyra Biosciences,5,1,0,multi_experimental,3,,dabogratinib (tyra-300);dabogratinib (tyra-300) tbd,BRAF,Small Molecule,BRAF;genomic,0,1,0,1,0,0,0,0,1,FGFR-alt,metastatic · adenoca. · ECOG 0
NCT07277413,A Study of IDE892 as Monotherapy and Combination in MTAP-deleted Advanced Solid Tumors,PHASE1,Phase 1,RECRUITING,260,IDEAYA Biosciences,IDEAYA Biosciences,11,1,0,multi_experimental,4,ide892,ide397;ide892,PRMT5,Small Molecule,MTAP-DELETED;PD-L1;biomarker,0,1,1,0,0,0,0,0,1,PD-L1+,metastatic · adenoca. · measurable (RECIST)
NCT07278479,Study of [212Pb]Pb-DOTAM-MAM279 ([212Pb]Pb-MP0712) in Patients With Small Cell Lung Cancer and Other DLL3 Expressing Solid Tumors,PHASE1;PHASE2,Phase 2,RECRUITING,138,Molecular Partners AG,Molecular Partners,7,1,0,single_arm,1,[203pb]pb-mp0712;[212pb]pb-mp0712,[203pb]pb-mp0712;[212pb]pb-mp0712,DLL3,Radiopharmaceutical,DLL3,0,1,0,0,0,0,0,1,0,,metastatic · 2nd-line+ · measurable (RECIST)
NCT07283835,"Study of Cretostimogene Given in Patients With Non-Muscle Invasive Bladder Cancer ,Unresponsive to Bacillus-Calmette-Guerin",PHASE2,Phase 2,RECRUITING,16,"Lepu Biopharma Co., Ltd.",Lepu Biopharma,16,1,0,single_arm,1,cretostimogene grenadenorepvec;n-dodecyl-b-d-maltoside,cretostimogene grenadenorepvec;n-dodecyl-b-d-maltoside,,Oncolytic Virus,,1,1,0,0,0,0,0,0,0,,metastatic
NCT07296705,Neoadjuvant Zanidatamab + Tislelizumab + Chemotherapy for Selective Bladder Preservation in HER2-Positive MIBC,PHASE2,Phase 2,RECRUITING,25,Fujian Medical University Union Hospital,Fujian Medical University Union Hospital,3,0,1,single_arm,1,cisplatin;gemcitabine;nab-paclitaxel;tislelizumab;zanidatamab,cisplatin;gemcitabine;nab-paclitaxel;tislelizumab;zanidatamab,HER2,Bispecific Antibody,HER2,1,1,0,0,1,0,0,0,1,HER2+,
NCT07313891,A Study of Adjuvant NDV-01 (Sustained-release Gemcitabine-docetaxel) for the Treatment of Intermediate Risk NMIBC Following TURBT,PHASE3,Phase 3,WITHDRAWN,0,"Relmada Therapeutics, Inc.",Relmada Therapeutics,4,1,0,multi_experimental,2,ndv-01 (sustained-release gemcitabine-docetaxel),ndv-01 (sustained-release gemcitabine-docetaxel),,,,0,1,0,0,0,0,0,0,0,,metastatic · squamous
NCT07314723,9MW2821 Combined With Toripalimab in Perioperative Patients With Urothelial Cancer,PHASE2,Phase 2,RECRUITING,90,"Mabwell (Shanghai) Bioscience Co., Ltd.",Mabwell (Shanghai) Bioscience,33,1,0,multi_experimental,3,9mw2821;toripalimab injection,9mw2821;toripalimab injection,Nectin-4,ADC,PD-L1;TROP-1,1,1,1,0,0,0,0,1,1,PD-L1+,metastatic · 2nd-line+ · ECOG 0
NCT07332351,"Neoadjuvant Intravesical Nadofaragene Firadenovec With Gemcitabine, Cisplatin and Durvalumab for the Treatment of Muscle Invasive Bladder Cancer, TRIFECTA Trial",PHASE2,Phase 2,NOT_YET_RECRUITING,33,University of Washington,University of Washington,74,0,0,single_arm,1,biospecimen collection;cisplatin;computed tomography;durvalumab;gemcitabine;magnetic resonance imaging;nadofaragene firadenovec;positron emission tomography;radical cystectomy,biospecimen collection;cisplatin;computed tomography;durvalumab;gemcitabine;magnetic resonance imaging;nadofaragene firadenovec;positron emission tomography;radical cystectomy,PD-L1,Monoclonal Antibody,EGFR,1,1,0,0,0,0,0,0,0,,neoadjuvant
NCT07341737,SL-28 for Advanced Solid Tumours,PHASE1;PHASE2,Phase 2,RECRUITING,60,Second Life Therapeutics,Second Life Therapeutics,1,1,0,multi_experimental,3,sl-28,sl-28,,,biomarker,0,1,0,0,0,0,0,1,0,,metastatic · 2nd-line+ · adenoca. · measurable (RECIST)
NCT07342517,"A Study of NDV-01 as an Intravesical Administration to Patients With BCG-Unresponsive Non-Muscle Invasive Bladder Cancer (NMIBC), Refractory to First-line Therapy",PHASE3,Phase 3,WITHDRAWN,0,"Relmada Therapeutics, Inc.",Relmada Therapeutics,4,1,0,single_arm,1,ndv-01 (sustained-release gemcitabine-docetaxel),ndv-01 (sustained-release gemcitabine-docetaxel),,,,0,1,0,0,0,0,1,0,0,,1st-line · squamous
NCT07374549,SYS6002 vs PADCEV in Patients With Advanced Urothelial Carcinoma,PHASE2,Phase 2,NOT_YET_RECRUITING,100,"CSPC Megalith Biopharmaceutical Co.,Ltd.",CSPC Megalith Biopharmaceutical,29,1,0,active_comparator,2,enfortumab vedotin;sys6002,,Nectin-4,ADC,NECTIN-4,1,1,0,0,0,0,0,0,0,,metastatic · measurable (RECIST)
NCT07393542,A Trial of SHR-A2102 With Adebrelimab in Locally Advanced or Metastatic Urothelial Carcinoma,PHASE3,Phase 3,RECRUITING,453,"Suzhou Suncadia Biopharmaceuticals Co., Ltd.",Suzhou Suncadia Biopharmaceuticals,86,1,0,active_comparator,2,gemcitabine and cisplatin / carboplatin,shr-a2102 and adebrelimab,PD-1,Monoclonal Antibody,PD-L1,1,1,1,0,0,0,0,0,1,PD-L1+,metastatic · measurable (RECIST)
NCT07416123,A Study of GEN1106 in Participants With Solid Tumors,PHASE1,Phase 1,RECRUITING,103,Genmab,Genmab,65,1,1,multi_experimental,3,gen1106,gen1106,,,PD-L1,0,1,1,0,0,0,0,0,1,PD-L1+,metastatic · measurable (RECIST)
NCT07419295,"A Clinical Trial of Sacituzumab Tirumotecan (Sac-TMT, MK-2870) to Treat Urothelial Cancer (MK-2870-031)",PHASE3,Phase 3,RECRUITING,590,Merck Sharp & Dohme LLC,Merck (MSD),649,1,1,active_comparator,2,docetaxel;paclitaxel;rescue medications for;vinflunine,rescue medications for sacituzumab tirumotecan;sacituzumab tirumotecan,TROP-1,ADC,TROP-1;TROP2,1,1,0,0,0,0,0,0,0,,metastatic · measurable (RECIST)
NCT07421700,Symbiotic-GU-06: A Study to Learn About PF-08634404 Alone or In Combination With Enfortumab Vedotin in Urothelial Cancer,PHASE1;PHASE2,Phase 2,RECRUITING,132,Pfizer,Pfizer,687,1,1,multi_experimental,2,pf-08634404,enfortumab vedotin;pf-08634404,PD-1,Bispecific Antibody,BRAF;MMR;MMR-PROFICIENT;MSI-H;PD-L1;RAS;ctDNA;dMMR;pMMR,1,1,0,0,0,0,0,0,0,,metastatic · measurable (RECIST)
NCT07464145,A Study of NDV-01 (Sustained-release Gemcitabine-docetaxel) in Participants With Non-muscle Invasive Bladder Cancer,PHASE3,Phase 3,NOT_YET_RECRUITING,393,"Relmada Therapeutics, Inc.",Relmada Therapeutics,4,1,0,multi_experimental,3,ndv-01 (sustained-release gemcitabine-docetaxel),ndv-01 (sustained-release gemcitabine-docetaxel),,,,0,1,0,0,0,0,1,0,0,,metastatic · 1st-line · squamous
NCT07468851,A Study of HS-10566 in Patients With High-risk Non-muscle-invasive Bladder Cancer Who Are Ineligible for or Refuse Radical Cystectomy,PHASE1;PHASE2,Phase 2,RECRUITING,180,"Jiangsu Hansoh Pharmaceutical Co., Ltd.",Hansoh,82,1,0,multi_experimental,3,hs-10566,hs-10566,,,,0,1,0,0,0,0,0,0,0,,metastatic · squamous
NCT07475806,A Study to Find Out if Enfortumab Vedotin Given With Pembrolizumab Helps People With Muscle-invasive Bladder Cancer Keep Their Bladder,PHASE2,Phase 2,RECRUITING,240,"Astellas Pharma Global Development, Inc.",Astellas,171,1,1,single_arm,1,enfortumab vedotin;pembrolizumab,enfortumab vedotin;pembrolizumab,PD-1,Monoclonal Antibody,PD-L1,1,1,1,0,0,0,0,0,1,PD-L1+,metastatic
NCT07480356,Efficacy and Safety of Intravesical TARA-002 Compared With Investigator's Choice of Intravesical Chemotherapy in Participants With BCG-naïve High-grade Non-muscle Invasive Bladder Cancer,PHASE3,Phase 3,RECRUITING,284,Protara Therapeutics,Protara Therapeutics,4,1,0,active_comparator,2,investigator's choice of intravesical,tara-002,,Cell Therapy,,1,1,0,0,0,0,0,0,0,,metastatic
NCT07483970,A Phase I/II Study of JL19001 Injection Alone or in Combination With BCG in Subjects With High Risk Non-Muscle Invasive Bladder Cancer.,PHASE1,Phase 1,RECRUITING,18,"Jecho Biopharmaceuticals Co., Ltd.",Jecho Biopharmaceuticals,5,1,0,multi_experimental,3,jl19001 injection,jl19001 injection,,Cell Therapy,,1,1,0,0,0,0,0,0,0,,metastatic · squamous
NCT07484022,Study of GB-4362 With Enfortumab Vedotin and Pembrolizumab for Advanced Urothelial Cancer,PHASE1,Phase 1,RECRUITING,37,Generate Biomedicines,Generate Biomedicines,1,1,0,single_arm,1,enfortumab vedotin (ev);gb-4362;pembrolizumab,enfortumab vedotin (ev);gb-4362;pembrolizumab,Nectin-4,ADC,MET;PD-L1,1,1,0,0,0,0,0,0,0,,metastatic · ECOG 2
NCT07492628,Dual-Target Nectin-4/HER2 CAR-NK Cells in Advanced Urothelial Carcinoma,PHASE1,Phase 1,RECRUITING,42,Beijing Biotech,Beijing Biotech,30,1,0,multi_experimental,2,cyclophosphamide;eb-dt-nk-uc101;fludarabine,cyclophosphamide;eb-dt-nk-uc101;fludarabine,Nectin-4,CAR-T,HER2;NECTIN-4;PD-L1,1,1,1,0,1,0,0,1,1,"PD-L1+, HER2+",metastatic · 2nd-line+ · measurable (RECIST)
NCT07498907,Disitamab Vedotin Plus Radiotherapy for Adjuvant Treatment of HER2-Expressing Cisplatin-Ineligible Upper Tract Urothelial Carcinoma,PHASE2,Phase 2,NOT_YET_RECRUITING,192,Peking University First Hospital,Peking University First Hospital,4,0,0,active_comparator,2,carboplatin;gemcitabine (,disitamab vedotin (rc48);radiotherapy,HER2,ADC,HER2,1,1,0,0,1,0,0,0,1,HER2+,
NCT07518043,A Study of HLX18 vs. OPDIVO® in Multiple Resected Solid Tumors,PHASE1,Phase 1,RECRUITING,174,Shanghai Henlius Biotech,Shanghai Henlius,98,1,0,active_comparator,2,nivolumab,hlx18,PD-1,Monoclonal Antibody,PD-L1,1,1,1,0,0,0,0,0,1,PD-L1+,stage IV
NCT07526792,SYS6002 vs Chemotherapy in Patients With Locally Advanced or Metastatic Urothelial Carcinoma,PHASE3,Phase 3,NOT_YET_RECRUITING,406,"CSPC Megalith Biopharmaceutical Co.,Ltd.",CSPC Megalith Biopharmaceutical,29,1,0,active_comparator,2,investigator's choice of,sys6002,Nectin-4,ADC,NECTIN-4,1,1,0,0,0,0,0,0,0,,metastatic · measurable (RECIST)
NCT07532902,A Study of BMS-986504 With Standard-of-Care Therapy for People With Solid Tumor Cancer,PHASE1,Phase 1,RECRUITING,60,Memorial Sloan Kettering Cancer Center,Memorial Sloan Kettering Cancer Center,411,0,1,multi_experimental,3,bms-986504,bms-986504;fluorouracil;gemcitabine;ipilimumab;leucovorin;nivolumab;oxaliplatin;platinum,MTAP,Small Molecule,HER2;MTAP-DEFICIENT;PD-L1,0,1,1,0,1,0,0,1,1,"PD-L1+, HER2+",metastatic · 2nd-line+ · adenoca. · measurable (RECIST) · ECOG 1
NCT07545122,"A Phase 1a/1b, First-Time-in-Human Study of CT-202, a Nectin-4 Directed Bispecific Antibody, in Participants With Recurring Triple Negative Breast, Colorectal, Urothelial Cancers",PHASE1,Phase 1,RECRUITING,162,Context Therapeutics Inc.,Context Therapeutics,5,1,0,multi_experimental,2,ct-202,ct-202,NECTIN4,Bispecific Antibody,,1,1,0,0,0,0,0,0,0,,measurable (RECIST) · ECOG 0-1
NCT07566156,Enfortumab Vedotin in Combination With Pembrolizumab vs. Concurrent Chemoradiotherapy (cCRT) in People With Muscle Invasive Bladder Cancer (EV-309),PHASE3,Phase 3,RECRUITING,390,"Astellas Pharma Global Development, Inc.",Astellas,171,1,1,active_comparator,2,cisplatin;conventional radiotherapy;fluorouracil;gemcitabine;hypofractionated radiotherapy;mitomycin c,enfortumab vedotin;pembrolizumab,PD-1,Monoclonal Antibody,PD-L1,1,1,1,0,0,0,0,1,1,PD-L1+,metastatic · 2nd-line+
NCT07623369,A First-in-Human Study of HH160 in Participants With Advanced or Metastatic Solid Tumors,PHASE1,Phase 1,RECRUITING,299,Huahui Health,Huahui Health,3,1,0,multi_experimental,3,hh160,hh160,PD-1,Bispecific Antibody,,1,1,0,0,0,0,0,0,0,,metastatic · measurable (RECIST)
NCT07636772,A Phase II Study of AK146D1 Mono or Combined With AK112 in Advanced Urothelial Carcinoma,PHASE2,Phase 2,NOT_YET_RECRUITING,132,Akeso,Akeso,103,1,0,multi_experimental,2,ak146d1 for injection,ak112 injection;ak146d1 for injection,TROP2,ADC,TROP2,1,1,0,0,0,0,0,0,0,,metastatic · measurable (RECIST) · ECOG 0
NCT07660055,Study of [177Lu]Lu-DWJ155 and [68Ga]Ga-DWJ155 in Patients With Solid Tumors,PHASE1,Phase 1,RECRUITING,156,Novartis Pharmaceuticals,Novartis,836,1,1,multi_experimental,2,[177lu]lu-dwj155;diagnostic test: [68ga]ga-dwj155,[177lu]lu-dwj155;diagnostic test: [68ga]ga-dwj155,HER2,Radiopharmaceutical,HER2,0,1,0,0,1,0,0,0,1,HER2+,advanced · measurable (RECIST)
NCT07663747,Enfortumab Vedotin + Pembrolizumab Induction to Spare the Bladder in MIBC,PHASE2,Phase 2,NOT_YET_RECRUITING,56,The Netherlands Cancer Institute,The Netherlands Cancer Institute,72,0,1,multi_experimental,4,enfortumab vedotin;pembrolizumab,enfortumab vedotin;pembrolizumab;radiation,PD-1,Monoclonal Antibody,PD-L1,1,1,0,0,0,0,1,0,0,,1st-line · adenoca.
NCT07664397,Imaging Study of [89Zr]DFO-YS5 for Cancer Detection,PHASE1,Phase 1,NOT_YET_RECRUITING,40,"Robert Flavell, MD, PhD","Robert Flavell, MD, PhD",4,0,0,single_arm,1,[89zr]dfo-ys5;positron emission tomography (pet)-computerized tomography (ct);positron emission tomography (pet)-magnetic resonance imaging (mri),[89zr]dfo-ys5;positron emission tomography (pet)-computerized tomography (ct);positron emission tomography (pet)-magnetic resonance imaging (mri),,,,0,1,0,0,0,0,0,0,0,,
NCT07667335,"Enfortumab Vedotin, Pembrolizumab and Quemliclustat for the Treatment of Unresectable Locally Advanced and Metastatic Urothelial Cancer",PHASE1;PHASE2,Phase 2,RECRUITING,27,Fred Hutchinson Cancer Center,Fred Hutchinson Cancer Center,52,0,0,single_arm,1,biopsy procedure;biospecimen collection;computed tomography;enfortumab vedotin;magnetic resonance imaging;pembrolizumab;quemliclustat,biopsy procedure;biospecimen collection;computed tomography;enfortumab vedotin;magnetic resonance imaging;pembrolizumab;quemliclustat,PD-1,Monoclonal Antibody,PD-L1,1,1,0,0,0,0,1,0,0,,metastatic · 1st-line · squamous · measurable (RECIST)
NCT07671092,"Imaging Study in Metastatic UC, HR+ and HER2- Breast Cancer, TNBC, and NSCLC",EARLY_PHASE1,Phase 1,NOT_YET_RECRUITING,40,"RayzeBio, Inc.",RayzeBio,7,1,0,single_arm,1,diagnostic test: ryz211/212,diagnostic test: ryz211/212,HER2,,HER2,0,1,0,0,1,0,0,0,1,HER2+,metastatic
NCT07705035,DBC-664 in Adult Patients With Solid Tumors,PHASE1,Phase 1,RECRUITING,210,"Duboce Biopharmaceuticals, Inc.",Duboce Biopharmaceuticals,1,1,0,multi_experimental,2,dbc-664,dbc-664,,,,0,1,0,0,0,0,0,1,0,,metastatic · 2nd-line+ · squamous · measurable (RECIST)
NCT07716917,Genitourinary Tumors With Sacituzumab Tirumotecan,PHASE2,Phase 2,NOT_YET_RECRUITING,100,Alianza multidisciplinar para la investigación de los tumores genitourinarios -GUARD,Alianza multidisciplinar para la investigación de los tumores genitourinarios -GUARD,3,0,1,multi_experimental,2,sacituzumab tirumotecan (skb264),sacituzumab tirumotecan (skb264),,Monoclonal Antibody,PD-L1,1,1,1,0,0,0,1,0,1,PD-L1+,metastatic · 1st-line · adenoca. · measurable (RECIST) · ECOG 0 - 1
NCT07720284,An Open-label Study to Investigate the Efficacy and Safety of Dato-DXd + Rilvegostomig vs SoC in Adult Participants With High-risk MIUC,PHASE3,Phase 3,RECRUITING,915,AstraZeneca,AstraZeneca,780,1,1,active_comparator,3,durvalumab;enfortumab vedotin;nivolumab;pembrolizumab,dato-dxd;rilvegostomig,TROP1,ADC,TROP1;TROP2,1,1,0,0,0,0,0,0,0,,metastatic
NCT07725796,A Phase 1 Dose-escalation Study of UGN-501 Administered Intravesically in Adult Participants With Recurrent NMIBC,PHASE1,Phase 1,NOT_YET_RECRUITING,30,"UroGen Pharma, Inc., a subsidiary of UroGen Pharma Ltd.","UroGen Pharma, Inc., a subsidiary of UroGen Pharma",1,1,0,single_arm,1,ugn-501,ugn-501,,Cell Therapy,,1,1,0,0,0,0,0,1,0,,metastatic · 2nd-line+ · squamous
NCT07726992,A Study of SHR-1501 Combination With BCG Versus Placebo Combined With BCG in Subjects With Papillary-Only NMIBC,PHASE3,Phase 3,RECRUITING,750,"Suzhou Suncadia Biopharmaceuticals Co., Ltd.",Suzhou Suncadia Biopharmaceuticals,86,1,0,placebo_comparator,2,placebo +bcg,shr-1501+bcg,,,,0,1,0,0,0,0,0,0,0,,metastatic
NCT07738939,IKS04 Regimen in Advanced Solid Tumors That Express CA242,PHASE1,Phase 1,NOT_YET_RECRUITING,120,Iksuda Therapeutics Ltd.,Iksuda Therapeutics,3,1,0,multi_experimental,5,iks04 antibody drug conjugate adc + isumab04 monoclonal antibody,iks04 antibody drug conjugate adc + isumab04 monoclonal antibody,,ADC,,1,1,0,0,0,0,0,0,0,,metastatic · measurable (RECIST)
NCT07781852,Evaluation of the Distribution of 64Cu/68Ga Labeled CM500 in Healthy Volunteers and Patients With Cancer,EARLY_PHASE1,Phase 1,NOT_YET_RECRUITING,40,Lumina Pharmaceuticals Inc,Lumina Pharmaceuticals,1,1,0,active_comparator,4,[64cu]cm500;[68ga]cm500;blood collection;device: pet/ct;device: pet/mr,[64cu]cm500;[68ga]cm500;blood collection;device: pet/ct;device: pet/mr,,Peptide,,0,1,0,0,0,0,0,0,0,,metastatic
NCT07793318,TR115 in ARID1A-Mutated Advanced Solid Tumors,PHASE2,Phase 2,NOT_YET_RECRUITING,50,Tarapeutics Science Inc.,Tarapeutics Science,7,1,0,single_arm,1,tr115,tr115,,,biomarker;biomarker analysis,0,1,0,0,0,0,0,0,0,,metastatic · measurable (RECIST)
NCT07804056,A Study to Investigate the Efficacy and Safety of Alpha1H as a Neoadjuvant Therapy in Participants With Low- to Intermediate-Risk/Low-Grade Papillary Non-Muscle Invasive Bladder Cancer,PHASE3,Phase 3,NOT_YET_RECRUITING,194,Hamlet Pharma AB,Hamlet Pharma,2,1,0,active_comparator,2,intravesical;transurethral resection of bladder tumor (turbt),alpha1h;intravesical;transurethral resection of bladder tumor (turbt),,Cell Therapy,,1,1,0,0,0,0,0,0,0,,recurrent
NCT07807345,Phase 1 Study of STRO-006 in Adults With Refractory Solid Tumors That Are Recurrent or Metastatic,PHASE1,Phase 1,NOT_YET_RECRUITING,285,"Sutro Biopharma, Inc.",Sutro Biopharma,8,1,0,multi_experimental,3,stro-006,pembrolizumab;stro-006,PD-1,,HER2,0,1,0,0,1,0,0,1,1,HER2+,metastatic · 2nd-line+ · adenoca. · measurable (RECIST)
NCT07815665,A Study of Ivonescimab in Combination With Enfortumab Vedotin vs Pembrolizumab in Combination With Enfortumab Vedotin in Metastatic Urothelial Carcinoma,PHASE2;PHASE3,Phase 3,RECRUITING,800,Summit Therapeutics,Summit Therapeutics,5,1,0,active_comparator,4,enfortumab vedotin (ev);pembrolizumab,enfortumab vedotin (ev);ivonescimab dose 1;ivonescimab dose 2;ivonescimab rp3d,PD-1,Monoclonal Antibody,PD-L1,1,1,0,0,0,0,0,0,0,,unresectable · small-cell · measurable (RECIST) · ECOG 0-1
