nct_id,brief_title,phase,phase_simple,overall_status,enrollment,lead_sponsor,company,sponsor_scale,is_industry,is_big_pharma,arm_structure,n_arms,comparator_B,experimental_A,targets,modalities,biomarkers_pipeline,tme_relevant,is_combination,HER2,CLDN18.2,MSI-H/dMMR,PD-L1_CPS,EBV,first_line,later_line,biomarker_selected,biomarker_detail,elig_summary
NCT02584244,Feasibility of the LUM Imaging System for Detection of Gastrointestinal Cancers,PHASE1;PHASE2,Phase 2,RECRUITING,66,"Lumicell, Inc.",Lumicell,9,1,0,multi_experimental,6,device: lum 2.6 imaging device;lum015,device: lum 2.6 imaging device;lum015,,,,0,1,0,0,0,0,0,0,0,0,,neoadjuvant · adenoca.
NCT02678182,Planning Treatment for Oesophago-gastric Cancer: a Maintenance Therapy Trial,PHASE2,Phase 2,ACTIVE_NOT_RECRUITING,494,Royal Marsden NHS Foundation Trust,Royal Marsden NHS Foundation Trust,40,0,1,active_comparator,6,trastuzumab,capecitabine;medi4736 (durvalumab);ramucirumab;rucaparib,PD-L1,Monoclonal Antibody,HER2;PD-L1;biomarker;biomarker analysis,1,1,1,0,0,0,0,1,0,1,HER2+,metastatic · 1st-line · adenoca.
NCT02734004,A Phase I/II Study of MEDI4736 in Combination With Olaparib in Patients With Advanced Solid Tumors.,PHASE1;PHASE2,Phase 2,ACTIVE_NOT_RECRUITING,264,AstraZeneca,AstraZeneca,780,1,1,multi_experimental,3,medi4736;olaparib,bevacizumab;medi4736;olaparib,PARP,Small Molecule,BRCA1;BRCA2;ER;HER2;PD-L1;PR,0,1,1,0,0,1,0,0,1,1,"HER2−, PD-L1+",metastatic · 2nd-line+ · adenoca. · measurable (RECIST)
NCT02962063,"Durvalumab, an Anti-PDLI Antibody, and Tremelimumab, an Anti-CTLA4 Antibody, and Chemoradiation Before Surgery for Esophageal Cancer",PHASE1;PHASE2,Phase 2,ACTIVE_NOT_RECRUITING,64,Memorial Sloan Kettering Cancer Center,Memorial Sloan Kettering Cancer Center,411,0,1,single_arm,1,carboplatin auc 2/paclitaxel;durvalumab;esophagogastrectomy;external beam radiation (ebrt);tremelimumab,carboplatin auc 2/paclitaxel;durvalumab;esophagogastrectomy;external beam radiation (ebrt);tremelimumab,PD-L1,Monoclonal Antibody,EGFR;HER2;PD-L1,1,1,1,0,0,1,0,0,0,1,"HER2+, PD-L1+",metastatic · adenoca.
NCT03044613,Nivolumab +/- Relatlimab Prior to Chemoradiation With II/III Gastro/Esophageal Cancer,PHASE1,Phase 1,ACTIVE_NOT_RECRUITING,32,Sidney Kimmel Comprehensive Cancer Center at Johns Hopkins,Sidney Kimmel Comprehensive Cancer Center at Johns Hopkins,160,0,1,multi_experimental,2,carboplatin;nivolumab;paclitaxel;radiation,carboplatin;nivolumab;paclitaxel;radiation;relatlimab,PD-1,Monoclonal Antibody,CD30;MET;PD-L1;PR;biomarker,1,1,0,0,0,1,0,0,0,1,PD-L1+,metastatic · adenoca.
NCT03132922,MAGE-A4ᶜ¹º³²T for Multi-Tumor,PHASE1,Phase 1,ACTIVE_NOT_RECRUITING,71,"USWM CT, LLC",USWM CT,8,1,0,multi_experimental,2,,autologous genetically modified mage-a4c1032t cells combined with low dose radiation;autologous genetically modified mage-a4ᶜ¹º³²t cells,MAGE-A4,Cell Therapy,HLA-A2;MAGE-A4,1,1,0,0,0,0,0,0,0,0,,metastatic · measurable (RECIST)
NCT03170960,Study of Cabozantinib Alone or in Combination With Atezolizumab to Subjects With Locally Advanced or Metastatic Solid Tumors,PHASE1,Phase 1,ACTIVE_NOT_RECRUITING,914,Exelixis,Exelixis,52,1,0,multi_experimental,25,,atezolizumab;cabozantinib,MET,Small Molecule,PD-L1,0,1,0,0,0,1,0,0,0,1,PD-L1+,metastatic · measurable (RECIST)
NCT03175224,APL-101 Study of Subjects With NSCLC With c-Met EXON 14 Skip Mutations and c-Met Dysregulation Advanced Solid Tumors,PHASE2,Phase 2,RECRUITING,497,Apollomics Inc.,Apollomics,4,1,0,multi_experimental,9,apl-101 oral capsules,apl-101 oral capsules,MET,Small Molecule,ALK;BRAF;KRAS;MET;NTRK;PR;RET;ROS1;c-MET Dysregulation,0,1,0,0,0,0,0,1,1,0,,metastatic · 1st-line · measurable (RECIST)
NCT03228667,QUILT-3.055: A Study of Combination Immunotherapies in Patients Who Have Previously Received Treatment With Immune Checkpoint Inhibitors,PHASE2,Phase 2,ACTIVE_NOT_RECRUITING,40,"ImmunityBio, Inc.",ImmunityBio,63,1,0,multi_experimental,6,,n-803 + atezolizumab;n-803 + atezolizumab + pd-l1 t-hank;n-803 + avelumab;n-803 + avelumab + pd-l1 t-hank;n-803 + docetaxel + nivolumab;n-803 + docetaxel + pembrolizumab;n-803 + durvalumab;n-803 + durvalumab + pd-l1 t-hank;n-803 + nivolumab;n-803 + nivolumab + pd-l1 t-hank;n-803 + pembrolizumab;n-803 + pembrolizumab + pd-l1 t-hank,PD-1,Monoclonal Antibody,ALK;BRAF;HER2;KRAS;MET;NTRK;PD-L1;PR;RET;ROS1,1,1,1,0,0,1,0,0,0,1,"HER2+, PD-L1+",recurrent · measurable (RECIST)
NCT03259867,Combination of TATE and PD-1 Inhibitor in Liver Cancer,PHASE2,Phase 2,RECRUITING,54,Teclison Ltd.,Teclison,4,1,0,multi_experimental,2,nivolumab injectable product;trans-arterial tirapazamine embolization,nivolumab injectable product;trans-arterial tirapazamine embolization,PD-1,Monoclonal Antibody,PD-L1,1,1,0,0,0,0,0,0,0,0,,metastatic · ECOG 2
NCT03368963,TAS102 in Combination With NAL-IRI in Advanced GI Cancers,PHASE1;PHASE2,Phase 2,ACTIVE_NOT_RECRUITING,64,Emory University,Emory University,116,0,0,single_arm,1,nanoliposomal irinotecan;trifluridine/tipiracil,nanoliposomal irinotecan;trifluridine/tipiracil,TOP1,Small Molecule,,0,1,0,0,0,0,0,0,1,0,,metastatic · 2nd-line+ · adenoca. · measurable (RECIST)
NCT03421288,Study of Atezolizumab + FLOT vs. FLOT Alone in Patients With GC/GEJ and High Immune Responsiveness,PHASE2,Phase 2,ACTIVE_NOT_RECRUITING,677,Institut für Klinische Krebsforschung IKF GmbH at Krankenhaus Nordwest,Institut für Klinische Krebsforschung IKF GmbH at Krankenhaus Nordwest,28,0,1,active_comparator,2,calciumfolinat;docetaxel;fluorouracil;oxaliplatin,atezolizumab;calciumfolinat;docetaxel;fluorouracil;oxaliplatin,PD-L1,Monoclonal Antibody,CMMRD;MET;MSI;MSI-H;PD-L1;TMB,1,1,0,0,0,1,1,0,0,1,"PD-L1+, EBV+",metastatic · adenoca. · ECOG 1
NCT03448835,"Neoadjuvant Capecitabine, Oxaliplatin, Docetaxel and Atezolizumab in Resectable Gastric and GE-junction Cancer (PANDA)",PHASE2,Phase 2,ACTIVE_NOT_RECRUITING,20,The Netherlands Cancer Institute,The Netherlands Cancer Institute,72,0,1,single_arm,1,atezolizumab;capecitabine;docetaxel;oxaliplatin,atezolizumab;capecitabine;docetaxel;oxaliplatin,PD-L1,Monoclonal Antibody,CMMRD;MSI-H;TMB,1,1,0,0,0,0,0,0,0,0,,metastatic · adenoca.
NCT03488667,Perioperative mFOLFOX Plus Pembrolizumab in Gastroesophageal Junction (GEJ) and Stomach Adenocarcinoma,PHASE2,Phase 2,ACTIVE_NOT_RECRUITING,40,University of Kansas Medical Center,University of Kansas Medical Center,27,0,1,single_arm,1,adjuvant treatment - mfolfox & pembrolizumab;neoadjuvant treatment - mfolfox6 & pembrolizumab,adjuvant treatment - mfolfox & pembrolizumab;neoadjuvant treatment - mfolfox6 & pembrolizumab,PD-1,Monoclonal Antibody,PD-L1,1,1,0,0,0,1,0,0,0,1,PD-L1+,metastatic · adenoca.
NCT03504397,A Study to Compare Zolbetuximab (IMAB362) and Chemotherapy With Placebo and Chemotherapy in Adults With Gastric Cancer.,PHASE3,Phase 3,ACTIVE_NOT_RECRUITING,565,"Astellas Pharma Global Development, Inc.",Astellas,171,1,1,placebo_comparator,2,fluorouracil;leucovorin;oxaliplatin,fluorouracil;leucovorin;oxaliplatin;zolbetuximab,CLDN18.2,Monoclonal Antibody,CLDN18.2;HER2;PD-L1,1,1,1,1,0,0,0,0,0,1,"HER2−, CLDN18.2+",metastatic · adenoca. · measurable (RECIST)
NCT03505320,A Study of Zolbetuximab (IMAB362) in Adults With Gastric Cancer,PHASE2,Phase 2,ACTIVE_NOT_RECRUITING,143,"Astellas Pharma Global Development, Inc.",Astellas,171,1,1,multi_experimental,5,zolbetuximab,docetaxel;fluorouracil;leucovorin;nivolumab;oxaliplatin;pembrolizumab;zolbetuximab,CLDN18.2,Monoclonal Antibody,CLDN18.2;HER2;MMR;MSI;PD-L1,1,1,1,1,1,0,0,0,0,1,"HER2−, CLDN18.2+, MSI-H/dMMR",metastatic · adenoca. · measurable (RECIST)
NCT03526835,A Study of Bispecific Antibody MCLA-158 in Patients With Advanced Solid Tumors,PHASE1;PHASE2,Phase 2,RECRUITING,560,Merus B.V.,Merus,8,1,0,multi_experimental,4,,mcla-158;mcla-158 + folfiri;mcla-158 + folfox;mcla-158 + pembrolizumab,EGFR,Monoclonal Antibody,BRAF;HER2;KRAS;PD-L1,1,1,1,0,0,1,0,1,1,1,"HER2+, PD-L1+",metastatic · 1st-line · adenoca. · measurable (RECIST)
NCT03539822,Cabozantinib Plus Durvalumab With or Without Tremelimumab in Patients With Gastroesophageal Cancer and Other Gastrointestinal Malignancies,PHASE1;PHASE2,Phase 2,RECRUITING,117,Anwaar Saeed,Anwaar Saeed,3,0,1,multi_experimental,4,cabozantinib;durvalumab,cabozantinib;durvalumab;tremelimumab,MET,Small Molecule,MET;MMR;MSI;PD-L1,0,1,0,0,1,1,0,1,0,1,"MSI-H/dMMR, PD-L1+",metastatic · 1st-line · adenoca. · measurable (RECIST)
NCT03610711,REACTION (Radiation Enhanced Assessment of Combination Therapies in Immuno-ONcology) - Nivolumab or Nivolumab in Combination With Other Immuno-oncology (IO) Agents After Targeted Systemic Radiation in Patients With Advanced Esophagogastric Cancer,PHASE1;PHASE2,Phase 2,ACTIVE_NOT_RECRUITING,21,Sidney Kimmel Comprehensive Cancer Center at Johns Hopkins,Sidney Kimmel Comprehensive Cancer Center at Johns Hopkins,160,0,1,multi_experimental,2,nivolumab,nivolumab;relatlimab,PD-1,Monoclonal Antibody,CD30;PR;biomarker,1,1,0,0,0,0,0,1,0,0,,metastatic · 1st-line · adenoca.
NCT03653507,"A Study of Zolbetuximab (IMAB362) Plus CAPOX Compared With Placebo Plus CAPOX as First-line Treatment of Subjects With Claudin (CLDN) 18.2-positive, HER2-negative, Locally Advanced Unresectable or Metastatic Gastric or Gastroesophageal Junction (GEJ) Adenocarcinoma (GLOW).",PHASE3,Phase 3,ACTIVE_NOT_RECRUITING,507,"Astellas Pharma Global Development, Inc.",Astellas,171,1,1,placebo_comparator,2,capecitabine;oxaliplatin,capecitabine;oxaliplatin;zolbetuximab,CLDN18.2,Monoclonal Antibody,CLDN18.2;HER2;PD-L1,1,1,1,1,0,0,0,0,0,1,"HER2−, CLDN18.2+",metastatic · adenoca. · measurable (RECIST)
NCT03872947,A Study of TRK-950 in Combinations With Anti-Cancer Treatment Regimens in Patients With Advanced Solid Tumors,PHASE1,Phase 1,ACTIVE_NOT_RECRUITING,138,"Toray Industries, Inc",Toray Industries,4,1,0,multi_experimental,15,trk-950,bevacizumab;carboplatin;cisplatin;fluorouracil;gemcitabine;imiquimod cream;irinotecan;leucovorin;nivolumab;paclitaxel;pembrolizumab;pld;ramucirumab;trk-950,PD-1,Monoclonal Antibody,CAPRIN-1;PR,1,1,0,0,0,0,0,0,1,0,,metastatic · 2nd-line+ · adenoca. · measurable (RECIST)
NCT03983954,"Naptumomab Estafenatox in Combination With Durvalumab in Subjects With Selected Advanced or Metastatic Solid Tumor, Including a Cohort Expansion in Esophageal Cancer.",PHASE1,Phase 1,ACTIVE_NOT_RECRUITING,120,NeoTX Therapeutics Ltd.,NeoTX Therapeutics,2,1,1,multi_experimental,11,naptumomab estafenatox and durvalumab,naptumomab estafenatox and durvalumab;obinutuzumab,5T4,Monoclonal Antibody,CD20;ER;HER2;PD-L1;biomarker;biomarker analysis,1,1,1,0,0,1,0,1,0,1,"HER2+, PD-L1+",metastatic · 1st-line · adenoca. · measurable (RECIST)
NCT04021108,Phase II Study of Short Course FOLFOX Chemotherapy With Either Nivolumab or Nivolumab + Radiation in the First Line Treatment of Metastatic or Unresectable Gastroesophageal Cancers (BMS Protocol CA209-76L),PHASE2,Phase 2,ACTIVE_NOT_RECRUITING,80,Weill Medical College of Cornell University,Weill Medical College of Cornell University,90,0,1,multi_experimental,2,nivolumab,nivolumab,PD-1,Monoclonal Antibody,CD30;HER2;PD-L1,1,1,1,0,0,1,0,0,0,1,"HER2+, PD-L1+",metastatic · adenoca.
NCT04044859,ADP-A2M4CD8 as Monotherapy or in Combination With Either Nivolumab or Pembrolizumab in HLA-A2+ Subjects With MAGE-A4 Positive Tumors (SURPASS),PHASE1,Phase 1,ACTIVE_NOT_RECRUITING,120,"USWM CT, LLC",USWM CT,8,1,0,single_arm,1,autologous genetically modified adp-a2m4cd8 cells alone or in combination with nivolumab every four weeks or pembrolizumab every 6 weeks,autologous genetically modified adp-a2m4cd8 cells alone or in combination with nivolumab every four weeks or pembrolizumab every 6 weeks,MAGE-A4,Cell Therapy,HLA-A2;MAGE-A4,1,1,0,0,0,0,0,0,0,0,,metastatic · small-cell · measurable (RECIST)
NCT04069273,Novel SEQUEnced Immunotherapy With Anti-angiogenesis and Chemotherapy in Advanced gastroesophageaL Adenocarcinoma,PHASE2,Phase 2,ACTIVE_NOT_RECRUITING,58,Harry H Yoon,Harry H Yoon,1,0,1,multi_experimental,2,paclitaxel;pembrolizumab monotherapy;ramucirumab,paclitaxel;pembrolizumab monotherapy;ramucirumab,VEGF/VEGFR,Monoclonal Antibody,BRAF;KRAS;MSI-H;PD-L1;PR,1,1,0,0,0,1,0,0,0,1,PD-L1+,metastatic · adenoca. · measurable (RECIST) · ECOG 0-1
NCT04140526,"Safety, PK and Efficacy of ONC-392 in Monotherapy and in Combination of Anti-PD-1 in Advanced Solid Tumors and NSCLC",PHASE1;PHASE2,Phase 2,ACTIVE_NOT_RECRUITING,733,"OncoC4, Inc.",OncoC4,10,1,0,multi_experimental,3,onc-392,docetaxel;onc-392;pembrolizumab,PD-1,Monoclonal Antibody,PD-L1,1,1,0,0,0,0,0,0,0,0,,metastatic · small-cell · measurable (RECIST)
NCT04152499,"Phase I-II, FIH, TROP2 ADC, Advanced Unresectable/Metastatic Solid Tumors, Refractory to Standard Therapies (KL264-01)",PHASE1;PHASE2,Phase 2,ACTIVE_NOT_RECRUITING,1410,Klus Pharma Inc.,Klus Pharma,4,1,0,multi_experimental,11,skb264,skb264,TROP2,ADC,ER;HER2;PR;TROP2,1,1,1,0,0,0,0,0,1,1,HER2+,metastatic · 2nd-line+ · adenoca. · measurable (RECIST)
NCT04180371,Study BT5528-100 in Patients With Advanced Solid Tumors Associated With EphA2 Expression,PHASE1;PHASE2,Phase 2,ACTIVE_NOT_RECRUITING,288,BicycleTx Limited,BicycleTx,8,1,0,multi_experimental,3,bt5528,bt5528;nivolumab,EphA2,Monoclonal Antibody,EPHA2;biomarker,1,1,0,0,0,0,0,0,0,0,,metastatic · squamous · measurable (RECIST)
NCT04198766,Study of INBRX-106 and INBRX-106 in Combination With Pembrolizumab (Keytruda®) in Subjects With Locally Advanced or Metastatic Solid Tumors (Hexavalent OX40 Agonist),PHASE1;PHASE2,Phase 2,RECRUITING,340,"Inhibrx Biosciences, Inc",Inhibrx Biosciences,4,1,1,active_comparator,15,inbrx-106 - hexavalent ox40 agonist antibody,carboplatin auc-5;carboplatin auc-6;cisplatin;gemcitabine (;inbrx-106 - hexavalent ox40 agonist antibody;nab-paclitaxel;paclitaxel;pembrolizumab;pemetrexed,OX40,Monoclonal Antibody,ALK;EGFR;MSI;MSI-H;PD-L1;TMB,1,1,0,0,0,1,0,1,1,1,PD-L1+,metastatic · 1st-line · squamous
NCT04282044,Study of CRX100 as Monotherapy and in Combination With Pembrolizumab in Patients With Advanced Solid Malignancies,PHASE1,Phase 1,RECRUITING,60,BioEclipse Therapeutics,BioEclipse Therapeutics,1,1,0,multi_experimental,2,crx100 suspension for infusion;cyclophosphamide;fludarabine,crx100 suspension for infusion;cyclophosphamide;fludarabine,PD-1,,ER;HER2;PR,0,1,1,0,0,0,0,0,1,1,HER2−,metastatic · 2nd-line+ · adenoca. · measurable (RECIST)
NCT04342910,Study to Evaluate the Efficacy and Safety of Camrelizumab and Apatinib in Patients With GC/GEJC,PHASE3,Phase 3,RECRUITING,550,"Jiangsu HengRui Medicine Co., Ltd.",Hengrui,312,1,0,active_comparator,2,irinotecan;paclitaxel,apatinib mesylate;camrelizumab,PD-1,Monoclonal Antibody,HER2;PD-L1;biomarker;biomarker analysis,1,1,1,0,0,1,0,1,0,1,"HER2+, PD-L1+",metastatic · 1st-line · adenoca.
NCT04379596,Ph1b/2 Study of the Safety and Efficacy of T-DXd Combinations in Advanced HER2-expressing Gastric Cancer (DESTINY-Gastric03),PHASE2,Phase 2,ACTIVE_NOT_RECRUITING,452,AstraZeneca,AstraZeneca,780,1,1,active_comparator,18,capecitabine;cisplatin;fluorouracil (5-fu);oxaliplatin;trastuzumab,capecitabine;durvalumab;fluorouracil (5-fu);oxaliplatin;pembrolizumab;rilvegostomig;trastuzumab deruxtecan;volrustomig,PD-L1,Monoclonal Antibody,EGFR;HER2,1,1,1,0,0,0,0,1,0,1,HER2+,metastatic · 1st-line · adenoca. · measurable (RECIST)
NCT04389632,A Study of Sigvotatug Vedotin in Advanced Solid Tumors,PHASE1,Phase 1,RECRUITING,1006,"Seagen, a wholly owned subsidiary of Pfizer",Pfizer,687,1,1,multi_experimental,5,sigvotatug vedotin,carboplatin;cisplatin;pembrolizumab;sigvotatug vedotin,PD-1,Monoclonal Antibody,HER2;PD-L1,1,1,1,0,0,0,0,1,1,1,HER2−,metastatic · 1st-line · adenoca. · measurable (RECIST)
NCT04396821,A Trial to Evaluate Safety and Tolerability of TST001 in Advanced or Metastatic Solid Tumors,PHASE1;PHASE2,Phase 2,ACTIVE_NOT_RECRUITING,150,"Transcenta Therapeutics (Hangzhou) Co., Ltd.",Transcenta Therapeutics (Hangzhou),8,1,1,multi_experimental,5,tst001,FOLFOX;albumin-bound paclitaxel;gemcitabine;nivolumab injection [opdivo];tst001,PD-1,Monoclonal Antibody,CLDN18.2,1,1,0,1,0,0,0,1,0,1,CLDN18.2+,metastatic · 1st-line · adenoca. · ECOG 0-1
NCT04404595,"Claudin18.2 CAR-T (CT041) in Patients With Gastric, Pancreatic Cancer, or Other Specified Digestive Cancers",PHASE1;PHASE2,Phase 2,ACTIVE_NOT_RECRUITING,110,"CARsgen Therapeutics Co., Ltd.",CARsgen Therapeutics,11,1,0,single_arm,1,ct041,ct041,CLDN18.2,CAR-T,CLDN18.2,1,1,0,1,0,0,0,1,0,1,CLDN18.2+,metastatic · 1st-line · adenoca. · measurable (RECIST)
NCT04421820,BOLD-100 in Combination With FOLFOX for the Treatment of Advanced Solid Tumours,PHASE1;PHASE2,Phase 2,RECRUITING,220,"Bold Therapeutics, Inc.",Bold Therapeutics,1,1,0,active_comparator,9,bold-100 +/- folfox chemotherapy (arm vii),bold-100 in combination with folfox chemotherapy (arms i-vi),,Small Molecule,BRAF;ER;HER2;MSI;MSI-H,0,1,1,0,1,0,0,0,0,1,"HER2+, MSI-H/dMMR",metastatic · measurable (RECIST)
NCT04430738,Tucatinib Plus Trastuzumab and Oxaliplatin-based Chemotherapy or Pembrolizumab-containing Combinations for HER2+ Gastrointestinal Cancers,PHASE2,Phase 2,ACTIVE_NOT_RECRUITING,40,"Seagen, a wholly owned subsidiary of Pfizer",Pfizer,687,1,1,multi_experimental,9,trastuzumab;tucatinib,capecitabine;fluorouracil;leucovorin;oxaliplatin;pembrolizumab;trastuzumab;tucatinib,HER2,Small Molecule,HER2;MET;PD-L1,0,1,1,0,0,1,0,0,0,1,"HER2+, PD-L1+",metastatic · adenoca. · measurable (RECIST)
NCT04492488,A Study of MRG002 in Patients with HER2-Positive Advanced Solid Tumors and Locally Advanced or Metastatic Gastric/Gastroesophageal Junction (GEJ) Cancer,PHASE1;PHASE2,Phase 2,ACTIVE_NOT_RECRUITING,129,Shanghai Miracogen Inc.,Shanghai Miracogen,12,1,0,multi_experimental,2,mrg002,mrg002,HER2,ADC,HER2,1,1,1,0,0,0,0,0,0,1,HER2+,metastatic · measurable (RECIST)
NCT04511039,Trifluridine/Tipiracil and Talazoparib for the Treatment of Patients With Locally Advanced or Metastatic Colorectal or Gastroesophageal Cancer,PHASE1,Phase 1,RECRUITING,45,Roswell Park Cancer Institute,Roswell Park Cancer Institute,73,0,1,single_arm,1,talazoparib tosylate;trifluridine/tipiracil,talazoparib tosylate;trifluridine/tipiracil,TS,Small Molecule,,0,1,0,0,0,0,0,0,1,0,,metastatic · 2nd-line+ · adenoca. · measurable (RECIST)
NCT04511871,A Phase I Trial of CCT303-406 in Patients With Relapsed or Refractory HER2 Positive Solid Tumors,PHASE1,Phase 1,ACTIVE_NOT_RECRUITING,12,"Shanghai PerHum Therapeutics Co., Ltd.",Shanghai PerHum Therapeutics,4,1,0,single_arm,1,cct303-406,cct303-406,HER2,CAR-T,HER2,1,1,1,0,0,0,0,0,1,1,HER2+,metastatic · 2nd-line+ · squamous · measurable (RECIST)
NCT04581473,"Study to Evaluate the Efficacy, Safety and Pharmacokinetics of CT041 Autologous CAR T-cell Injection",PHASE1;PHASE2,Phase 2,ACTIVE_NOT_RECRUITING,192,"CARsgen Therapeutics Co., Ltd.",CARsgen Therapeutics,11,1,0,active_comparator,2,physician's choice（paclitaxel or irinotecan or apatinib or anti-pd-1 antibody）,ct041 autologous car t-cell injection,CLDN18.2,CAR-T,CD19;CLDN18.2;HER2;MET,1,1,1,1,0,0,1,0,0,1,"HER2−, CLDN18.2+, EBV+",metastatic · adenoca. · measurable (RECIST)
NCT04644068,Study of AZD5305 as Monotherapy and in Combination With Anti-cancer Agents in Patients With Advanced Solid Malignancies,PHASE1;PHASE2,Phase 2,ACTIVE_NOT_RECRUITING,702,AstraZeneca,AstraZeneca,780,1,1,multi_experimental,6,azd5305,azd5305;camizestrant;carboplatin;dato-dxd;paclitaxel;t- dxd,PARP,Small Molecule,,0,1,0,0,0,0,0,0,1,0,,metastatic · 2nd-line+ · ECOG 0
NCT04656041,Folfox+Irinotecan+Chemort In Esophageal Cancer,PHASE2,Phase 2,RECRUITING,40,Massachusetts General Hospital,Massachusetts General Hospital,170,0,0,single_arm,1,carboplatin;folfox/ nal-iri;paclitaxel;proton radiation therapy,carboplatin;folfox/ nal-iri;paclitaxel;proton radiation therapy,,,,0,1,0,0,0,0,0,0,0,0,,metastatic · squamous
NCT04704934,Trastuzumab Deruxtecan for Subjects With HER2-Positive Gastric Cancer or Gastro-Esophageal Junction Adenocarcinoma After Progression on or After a Trastuzumab-Containing Regimen (DESTINY-Gastric04),PHASE3,Phase 3,ACTIVE_NOT_RECRUITING,490,Daiichi Sankyo,Daiichi Sankyo,178,1,1,active_comparator,2,paclitaxel;ramucirumab,trastuzumab deruxtecan,VEGF/VEGFR,Monoclonal Antibody,BRAF;HER2;KRAS;MSI-H,1,1,1,0,0,0,0,1,1,1,HER2+,metastatic · 1st-line · adenoca.
NCT04725994,"Study to Assess the Safety, Tolerability, and Efficacy of IDX-1197 in Combination With XELOX or Irinotecan in Patients With Advanced Gastric Cancer",PHASE1;PHASE2,Phase 2,ACTIVE_NOT_RECRUITING,87,"Idience Co., Ltd.",Idience,3,1,0,multi_experimental,2,,,PARP,Small Molecule,ATM;ATR;BARD1;BRCA1;BRCA2;CHEK2;HRD,0,0,0,0,0,0,0,1,0,0,,metastatic · 1st-line · measurable (RECIST)
NCT04745988,"An Open Label Phase 2 Study to Evaluate the Safety and Efficacy of Lenvatinib With Pembrolizumab or Lenvatinib, Pembrolizumab and FLOT in the Neoadjuvant / Adjuvant Treatment for Patients With Gastric Cancer",PHASE2,Phase 2,ACTIVE_NOT_RECRUITING,43,National Cancer Center Hospital East,National Cancer Center Hospital East,10,0,1,multi_experimental,2,lenvatinib;pembrolizumab,docetaxel;fluorouracil;lenvatinib;levofolinate;oxaliplatin;pembrolizumab,VEGF/VEGFR,Small Molecule,PD-L1,0,1,0,0,0,0,0,0,0,0,,metastatic · adenoca.
NCT04802876,Efficacy of Tislelizumab and Spartalizumab Across Multiple Cancer-types in Patients with PD1-high MRNA Expressing Tumors,PHASE2,Phase 2,ACTIVE_NOT_RECRUITING,184,SOLTI Breast Cancer Research Group,SOLTI Breast Cancer Research Group,18,0,1,multi_experimental,3,,spartalizumab;tislelizumab,PD-1,Monoclonal Antibody,BRAF,1,1,0,0,0,1,0,0,0,1,PD-L1+,metastatic · squamous · measurable (RECIST)
NCT04868877,"Phase 1/2 Study Evaluating MCLA-129, a Human Anti-EGFR, Anti-c-MET Bispecific Antibody, in Advanced NSCLC and Other Solid Tumors, Alone and in Combination",PHASE1;PHASE2,Phase 2,ACTIVE_NOT_RECRUITING,194,Merus B.V.,Merus,8,1,0,multi_experimental,7,mcla-129,mcla-129;osimertinib,EGFR,Bispecific Antibody,MET,1,1,0,0,0,0,0,1,0,0,,metastatic · 1st-line · measurable (RECIST)
NCT04895709,A Study of BMS-986340 as Monotherapy and as Combination Therapy in Participants With Advanced Solid Tumors,PHASE1;PHASE2,Phase 2,RECRUITING,1109,Bristol-Myers Squibb,Bristol Myers Squibb,764,1,1,multi_experimental,9,bms-986340,bms-936558-01;bms-986340;docetaxel;pumitamig,PD-1,Monoclonal Antibody,PD-L1;biomarker;biomarker analysis,1,1,0,0,0,0,0,0,1,0,,metastatic · 2nd-line+ · measurable (RECIST)
NCT04900818,Study of TJ033721 (Givastomig) in Subjects With Advanced or Metastatic Solid Tumors,PHASE1,Phase 1,RECRUITING,330,I-Mab Biopharma US Limited,I-Mab Biopharma US,6,1,1,multi_experimental,4,tj033721 (givastomig),durvalumab;nivolumab;tj033721 (givastomig),,Bispecific Antibody,CLDN18.2;PD-L1,1,1,0,1,0,1,0,1,1,1,"CLDN18.2+, PD-L1+",metastatic · 1st-line · adenoca.
NCT04931654,A Study to Assess the Safety and Efficacy of AZD7789 in Participants With Advanced or Metastatic Solid Cancer,PHASE1;PHASE2,Phase 2,ACTIVE_NOT_RECRUITING,136,AstraZeneca,AstraZeneca,780,1,1,multi_experimental,6,azd7789,azd7789,PD-1,Bispecific Antibody,ALK;HER2;PD-L1;genomic,1,1,1,0,0,1,0,1,0,1,"HER2+, PD-L1+",metastatic · 1st-line · adenoca. · measurable (RECIST)
NCT04950322,A Trial of SHR1701 Plus Chemotherapy in Patients With Gastric or Gastroesophageal Cancer,PHASE3,Phase 3,ACTIVE_NOT_RECRUITING,737,"Suzhou Suncadia Biopharmaceuticals Co., Ltd.",Suzhou Suncadia Biopharmaceuticals,86,1,0,placebo_comparator,2,placebo、capox,shr-1701、capox,MET,,HER2;MET;PD-L1,0,1,1,0,0,1,0,0,0,1,"HER2+, PD-L1+",metastatic · adenoca.
NCT04999761,AB122 Platform Study,PHASE1,Phase 1,RECRUITING,917,"Taiho Pharmaceutical Co., Ltd.",Taiho,86,1,0,multi_experimental,18,ab122,ab122;ab154;bevacizumab;carboplatin;cisplatin;fluorouracil;gemcitabine;nab-paclitaxel;ramucirumab;tas-115;tas-116;tas-120;trifluridine/tipiracil,PD-1,Monoclonal Antibody,KRAS;MET;PD-L1,1,1,0,0,0,1,0,1,1,1,PD-L1+,metastatic · 1st-line · adenoca.
NCT05002127,A Study of Evorpacept (ALX148) in Patients With Advanced HER2+ Gastric Cancer (ASPEN-06),PHASE2;PHASE3,Phase 3,ACTIVE_NOT_RECRUITING,127,ALX Oncology Inc.,ALX Oncology,8,1,1,active_comparator,4,paclitaxel;ramucirumab;trastuzumab,evorpacept (alx148);paclitaxel;ramucirumab;trastuzumab,CD47,Monoclonal Antibody,HER2,1,1,1,0,0,0,0,0,1,1,HER2+,metastatic · 2nd-line+ · adenoca.
NCT05005403,"Study to Assess Adverse Events and Pharmacokinetics in Adult Participants With Non-Small Cell Lung Cancer, Head and Neck Squamous Cell Carcinoma and Other Solid Tumors, Receiving Intravenous Infusion of Azirkitug Alone or in Combination(s) With Budigalimab, Bevacizumab, or Telisotuzumab Adizutecan",PHASE1,Phase 1,RECRUITING,694,AbbVie,AbbVie,274,1,1,multi_experimental,17,azirkitug,azirkitug;bevacizumab;budigalimab;telisotuzumab adizutecan,PD-1,Monoclonal Antibody,BRAF;HER2;MSI;MSI-H;PD-L1,1,1,1,0,1,1,0,1,0,1,"HER2+, MSI-H/dMMR, PD-L1+",metastatic · 1st-line · adenoca. · measurable (RECIST)
NCT05029882,Study to Assess Adverse Events and Change in Disease Activity in Adult Participants With Advanced Solid Tumors Receiving Intravenous (IV) ABBV-400 as Monotherapy and in Combination With IV Bevacizumab,PHASE1,Phase 1,ACTIVE_NOT_RECRUITING,520,AbbVie,AbbVie,274,1,1,multi_experimental,12,,abbv-400;bevacizumab;trifluridine/tipiracil,EGFR,ADC,BRAF;HER2;MET;MSI;MSI-H;dMMR,1,1,1,0,1,0,0,0,0,1,"HER2+, MSI-H/dMMR",metastatic · adenoca. · measurable (RECIST)
NCT05034887,"Phase 2 Study of Trastuzumab Deruxtecan in the Neoadjuvant Treatment, or Trastuzumab Deruxtecan Plus Capecitabine Plus Durvalumab(MEDI4736) in the Preoperative and Postoperative Adjuvant Treatment for Patients With HER2 Positive Gastric and Gastroesophageal Junction Adenocarcinoma",PHASE2,Phase 2,ACTIVE_NOT_RECRUITING,64,National Cancer Center Hospital East,National Cancer Center Hospital East,10,0,1,multi_experimental,2,,durvalumab and capecitabine combination;t-dxd;trastuzumab deruxtecan (t-dxd) monotherapy,HER2,ADC,HER2,1,1,1,0,0,0,0,1,0,1,HER2+,recurrent · 1st-line · adenoca.
NCT05057013,A Phase I/IIa Trial of HMBD-001 in Advanced HER3 Positive Solid Tumours,PHASE1;PHASE2,Phase 2,ACTIVE_NOT_RECRUITING,81,Cancer Research UK,Cancer Research UK,16,0,0,multi_experimental,2,,hmbd-001;hmbd-001 and enzalutamide,HER3,Monoclonal Antibody,HER3,1,1,0,0,0,0,0,0,1,0,,metastatic · 2nd-line+ · adenoca.
NCT05075993,Study of LVGN3616 and LVGN6051±LVGN7409 in Combination With Nab-Paclitaxel or Bevacizumab and Cyclophosphamide in Metastatic Solid Tumors,PHASE1,Phase 1,ACTIVE_NOT_RECRUITING,352,M.D. Anderson Cancer Center,M.D. Anderson Cancer Center,697,0,0,multi_experimental,4,lvgn3616 + lvgn6051 + bevacizumab + cyclophosphamide;lvgn3616 + lvgn6051 + lvgn7409 + bevacizumab + cyclophosphamide;lvgn3616 + lvgn6051 + lvgn7409 + nab-paclitaxel;lvgn3616 + lvgn6051 + nab-paclitaxel,lvgn3616 + lvgn6051 + bevacizumab + cyclophosphamide;lvgn3616 + lvgn6051 + lvgn7409 + bevacizumab + cyclophosphamide;lvgn3616 + lvgn6051 + lvgn7409 + nab-paclitaxel;lvgn3616 + lvgn6051 + nab-paclitaxel,,,PD-L1;molecular profiling,0,1,0,0,0,1,0,0,1,1,PD-L1+,metastatic · 2nd-line+ · measurable (RECIST)
NCT05086692,A Beta-only IL-2 ImmunoTherapY Study,PHASE1;PHASE2,Phase 2,RECRUITING,115,"Medicenna Therapeutics, Inc.",Medicenna Therapeutics,2,1,1,single_arm,1,mdna11;pembrolizumab (keytruda),mdna11;pembrolizumab (keytruda),IL-2,Cell Therapy,MSI-H,1,1,0,0,0,0,0,0,1,0,,metastatic · 2nd-line+ · measurable (RECIST)
NCT05107674,A Study of NX-1607 in Adults With Advanced Malignancies,PHASE1,Phase 1,RECRUITING,345,"Nurix Therapeutics, Inc.",Nurix Therapeutics,7,1,0,multi_experimental,12,nx-1607,nx-1607;paclitaxel,CBL-B,Small Molecule,PD-L1,0,1,0,0,0,1,0,0,1,1,PD-L1+,metastatic · 2nd-line+ · squamous · measurable (RECIST)
NCT05128487,A Study of NDI 1150-101 in Patients With Solid Tumors,PHASE1;PHASE2,Phase 2,ACTIVE_NOT_RECRUITING,106,"Nimbus Saturn, Inc.",Nimbus Saturn,1,1,0,multi_experimental,2,ndi-101150,ndi-101150;pembrolizumab,PD-1,Small Molecule,PD-L1;PSLP76,0,1,0,0,0,1,0,0,1,1,PD-L1+,metastatic · 2nd-line+ · measurable (RECIST)
NCT05143970,A Phase 1 First-In-Human Study of the Anti-CD73 IPH5301 Alone or in Combination With Chemotherapy and Trastuzumab in Patients With Advanced Solid Tumors,PHASE1,Phase 1,ACTIVE_NOT_RECRUITING,27,Institut Paoli-Calmettes,Institut Paoli-Calmettes,12,0,0,single_arm,1,iph5301 alone or in combination with chemotherapy and trastuzumab,iph5301 alone or in combination with chemotherapy and trastuzumab,CD73,Monoclonal Antibody,ER;HER2;MET;PD-L1;PR,1,1,1,0,0,1,0,1,1,1,"HER2+, PD-L1+",metastatic · 1st-line · ductal · measurable (RECIST)
NCT05144854,A Study to Evaluate the Efficacy and Safety of ONO-4538 in Combination With Ipilimumab and Chemotherapy in Chemotherapy-naïve Participants With HER2-negative Unresectable Advanced or Recurrent Gastric Cancer (Including Esophagogastric Junction Cancer),PHASE3,Phase 3,ACTIVE_NOT_RECRUITING,626,"Ono Pharmaceutical Co., Ltd.",Ono Pharmaceutical,44,1,0,active_comparator,2,capecitabine;oxaliplatin;s-1,capecitabine;ipilimumab;ono-4538;oxaliplatin;s-1,CTLA-4,Monoclonal Antibody,HER2,1,1,0,0,0,0,0,0,0,0,,unresectable · adenoca.
NCT05152147,A Study of Zanidatamab in Combination With Chemotherapy Plus or Minus Tislelizumab in Patients With HER2-positive Advanced or Metastatic Gastric and Esophageal Cancers,PHASE3,Phase 3,ACTIVE_NOT_RECRUITING,920,Jazz Pharmaceuticals,Jazz Pharmaceuticals,59,1,0,active_comparator,3,capecitabine;cisplatin;fluorouracil;oxaliplatin;trastuzumab,capecitabine;cisplatin;fluorouracil;oxaliplatin;tislelizumab;zanidatamab,HER2,Bispecific Antibody,HER2;PD-L1,1,1,1,0,0,1,0,0,0,1,"HER2+, PD-L1+",metastatic · adenoca. · measurable (RECIST)
NCT05156866,First in Human Study of TORL-2-307-ADC in Participants With Advanced Cancer,PHASE1,Phase 1,ACTIVE_NOT_RECRUITING,163,"TORL Biotherapeutics, LLC",TORL Biotherapeutics,8,1,0,multi_experimental,2,torl-2-307-adc,torl-2-307-adc,CLDN18.2,ADC,CLDN18.2;HER2,1,1,0,0,0,0,0,0,0,0,,metastatic · squamous · measurable (RECIST)
NCT05159440,First in Human Study of TORL-2-307-MAB in Participants With Advanced Cancer,PHASE1,Phase 1,ACTIVE_NOT_RECRUITING,70,"TORL Biotherapeutics, LLC",TORL Biotherapeutics,8,1,0,multi_experimental,2,torl-2-307-mab,torl-2-307-mab,CLDN18.2,Monoclonal Antibody,,1,1,0,0,0,0,0,0,0,0,,metastatic · squamous · measurable (RECIST)
NCT05177133,Anti-PD-1 and CapOx for the First-line Treatment of dMMR Esophagogastric Cancer (AuspiCiOus),PHASE2,Phase 2,RECRUITING,25,Academisch Medisch Centrum - Universiteit van Amsterdam (AMC-UvA),Academisch Medisch Centrum - Universiteit van Amsterdam (AMC-UvA),19,0,0,single_arm,1,capecitabine;oxaliplatin;retifanlimab,capecitabine;oxaliplatin;retifanlimab,PD-1,Monoclonal Antibody,HER2;MMR;PD-L1;dMMR,1,1,1,0,1,0,0,0,1,1,"HER2+, MSI-H/dMMR",metastatic · 2nd-line+ · adenoca. · measurable (RECIST)
NCT05187182,CA-4948 in Combination With FOLFOX/PD-1 Inhibitor +/- Trastuzumab for Untreated Unresectable Gastric and Esophageal Cancer,PHASE1,Phase 1,RECRUITING,42,Washington University School of Medicine,Washington University School of Medicine,178,0,0,multi_experimental,3,ca-4948;mfolfox7,ca-4948;mfolfox7;nivolumab;pembrolizumab;trastuzumab,IRAK-4,Small Molecule,HER2,0,1,1,0,0,0,0,0,0,1,HER2+,metastatic · adenoca. · measurable (RECIST)
NCT05190445,Cinrebafusp Alfa in Combination With Ramucirumab and Paclitaxel in HER2-High Gastric or GEJ Adenocarcinoma and in Combination With Tucatinib in HER2-Low Gastric or GEJ Andenocarinoma,PHASE2,Phase 2,ACTIVE_NOT_RECRUITING,80,"Pieris Pharmaceuticals, Inc.",Pieris Pharmaceuticals,4,1,0,multi_experimental,2,,cinrebafusp alfa (prs-343) in combination with ramucirumab and paclitaxel;cinrebafusp alfa (prs-343) in combination with tucatinib,HER2,Bispecific Antibody,HER2,1,1,1,0,0,0,0,0,0,1,HER2+,metastatic · adenoca. · measurable (RECIST)
NCT05205330,"Vorbipiprant (CR6086) / Balstilimab (AGEN2034) Combination in Stage IV Refractory pMMR - MSS CRC, and Other Metastatic GI Cancers",PHASE1;PHASE2,Phase 2,ACTIVE_NOT_RECRUITING,107,Rottapharm Biotech,Rottapharm Biotech,1,1,0,multi_experimental,5,agen2034;cr6086,agen2034;cr6086,PTGER4,Small Molecule,BRAF;MMR-PROFICIENT;MSI-STABLE;PD-L1,0,1,0,0,0,1,0,0,0,1,PD-L1+,metastatic · adenoca. · measurable (RECIST)
NCT05208762,A Study of PF-08046054/SGN-PDL1V in Advanced Solid Tumors,PHASE1,Phase 1,RECRUITING,714,"Seagen, a wholly owned subsidiary of Pfizer",Pfizer,687,1,1,multi_experimental,2,pf-08046054,pembrolizumab;pf-08046054,PD-L1,Monoclonal Antibody,MET;PD-L1,1,1,0,0,0,1,0,0,1,1,PD-L1+,metastatic · 2nd-line+ · squamous · measurable (RECIST)
NCT05215574,Study of NGM831 as Monotherapy and in Combination With Pembrolizumab or Pembrolizumab and NGM438 in Advanced or Metastatic Solid Tumors,PHASE1,Phase 1,ACTIVE_NOT_RECRUITING,130,"NGM Biopharmaceuticals, Inc",NGM Biopharmaceuticals,6,1,1,multi_experimental,3,,ngm831;ngm831 and ngm438 plus pembrolizumab (keytruda);ngm831 plus pembrolizumab (keytruda),ILT3,Monoclonal Antibody,,1,1,0,0,0,0,0,0,0,0,,metastatic
NCT05238883,A Study of HFB200301 as a Single Agent and in Combination With Tislelizumab in Adult Patients With Advanced Solid Tumors,PHASE1,Phase 1,ACTIVE_NOT_RECRUITING,72,HiFiBiO Therapeutics,HiFiBiO Therapeutics,3,1,0,multi_experimental,4,hfb200301,hfb200301;tislelizumab,TNFR2,Monoclonal Antibody,BRAF,1,1,0,0,0,0,0,0,0,0,,metastatic · squamous · measurable (RECIST)
NCT05239143,P-MUC1C-ALLO1 Allogeneic CAR-T Cells in the Treatment of Subjects With Advanced or Metastatic Solid Tumors,PHASE1,Phase 1,ACTIVE_NOT_RECRUITING,180,"Poseida Therapeutics, Inc.",Poseida Therapeutics,6,1,0,multi_experimental,8,p-muc1c-allo1 car-t cells;rimiducid,p-muc1c-allo1 car-t cells;rimiducid,MUC1,CAR-T,MUC1,1,1,0,0,0,0,0,0,0,0,,metastatic · squamous · measurable (RECIST)
NCT05274048,Neratinib and Fam-Trastuzumab Deruxtecan in Advanced Gastro-esophageal Cancer Patients,PHASE1,Phase 1,RECRUITING,18,Fox Chase Cancer Center,Fox Chase Cancer Center,34,0,0,single_arm,1,fam-trastuzumab deruxtecan-nxki (tdxd);neratinib pill,fam-trastuzumab deruxtecan-nxki (tdxd);neratinib pill,HER2,Small Molecule,HER2,0,1,1,0,0,0,0,0,0,1,HER2+,metastatic · adenoca. · measurable (RECIST)
NCT05365581,"A Study of ASP2138 Given by Itself or Given With Other Cancer Treatments in Adults With Stomach Cancer, Gastroesophageal Junction Cancer, or Pancreatic Cancer",PHASE1,Phase 1,RECRUITING,398,"Astellas Pharma Global Development, Inc.",Astellas,171,1,1,multi_experimental,10,asp2138,asp2138;capecitabine;fluorouracil;irinotecan;leucovorin;oxaliplatin;paclitaxel;pembrolizumab;ramucirumab,CLDN18.2,Monoclonal Antibody,CLDN18.2;HER2;PD-L1,1,1,1,1,0,1,0,1,1,1,"HER2−, CLDN18.2+, PD-L1+",metastatic · 1st-line · adenoca. · measurable (RECIST)
NCT05382364,Safety and Pharmacokinetics of Tucatinib (MK-7119) in Chinese Participants With Cancer (MK-7119-002),PHASE1,Phase 1,ACTIVE_NOT_RECRUITING,25,Pfizer,Pfizer,687,1,1,single_arm,1,tucatinib,tucatinib,HER2,Small Molecule,HER2,0,1,1,0,0,0,0,0,1,1,HER2+,metastatic · 2nd-line+ · squamous · measurable (RECIST)
NCT05427383,KN026 in Combination With Chemotherapy in HER2 Positive Gastric Cancer Subjects Who Have Failed First-line Therapy,PHASE2;PHASE3,Phase 3,RECRUITING,286,Shanghai JMT-Bio Inc.,Shanghai JMT-Bio,33,1,0,multi_experimental,2,docetaxel injection;irinotecan injection;kn026/placbo injection;paclitaxel injection,docetaxel injection;irinotecan injection;kn026/placbo injection;paclitaxel injection,HER2,Monoclonal Antibody,HER2;MMR;MSI;MSI-H;PD-L1;dMMR,1,1,1,0,1,1,0,1,0,1,"HER2+, MSI-H/dMMR, PD-L1+",metastatic · 1st-line · adenoca. · measurable (RECIST)
NCT05427487,Study of Intratumoral IVX037 in Patients With Advanced or Metastatic Solid Tumours,PHASE1,Phase 1,RECRUITING,70,ImmVirx Pty Ltd,ImmVirx Pty,1,1,0,multi_experimental,2,ivx037,ivx037;sintilimab,PD-1,Oncolytic Virus,MMR;MSI;PD-L1,1,1,0,0,1,1,0,0,1,1,"MSI-H/dMMR, PD-L1+",metastatic · 2nd-line+ · adenoca. · measurable (RECIST)
NCT05438420,Oral Axl/Mer/CSF1R Selective Tyrosine Kinase Inhibitor Q702 in Combination With Pembrolizumab in Patients With Selected Advanced Solid Tumors,PHASE1;PHASE2,Phase 2,ACTIVE_NOT_RECRUITING,120,"Qurient Co., Ltd.",Qurient,3,1,1,multi_experimental,2,pembrolizumab;q702,pembrolizumab;q702,PD-1,Small Molecule,PD-L1,0,1,0,0,0,1,0,0,0,1,PD-L1+,metastatic · measurable (RECIST)
NCT05438459,GAIA-102 Intraperitoneal Administration in Patients With Advanced Gastrointestinal Cancer of Microsatellite Stable With Malignant Ascites,PHASE1;PHASE2,Phase 2,RECRUITING,176,Kyushu University,Kyushu University,1,0,0,active_comparator,6,calcium levofolinate hydrate;fluorouracil;irinotecan hydrochloride hydrate;trifluridine/tipiracil hydrochloride (ftd/tpi),calcium levofolinate hydrate;fluorouracil;gaia-102;irinotecan hydrochloride hydrate;pembrolizumab,PD-1,Monoclonal Antibody,MMR;MSI;MSI-H,1,1,1,0,1,0,0,0,1,1,"HER2−, MSI-H/dMMR",metastatic · 2nd-line+ · adenoca.
NCT05447234,TCRx_T Cells for Advanced or Recurrent Gastric/Gastroesophageal Junction Cancer After Failure of First Chemotherapy,EARLY_PHASE1,Phase 1,NOT_YET_RECRUITING,50,"Second Affiliated Hospital, Zhejiang University, School of Medicine","Second Affiliated Hospital, Zhejiang University, School of Medicine",12,0,0,single_arm,1,tcrx t cell,tcrx t cell,,,,0,1,0,0,0,0,0,1,0,0,,metastatic · 1st-line · measurable (RECIST) · ECOG 0
NCT05476796,"Oxaliplatin ± Nivolumab in Combination With Trifluridine/Tipiracil or 5-fluorouracile in Frail Patients With Advanced, Recurrent or Metastatic Gastric, Oesophageal or Gastroesophageal Junction Cancer",PHASE2,Phase 2,ACTIVE_NOT_RECRUITING,118,UNICANCER,UNICANCER,64,0,1,active_comparator,2,FOLFOX;nivolumab,nivolumab;oxaliplatin;trifluridine/tipiracil,PD-1,Monoclonal Antibody,CD30;HER2;MMR;MSI;PD-L1;dMMR,1,1,1,0,1,1,0,0,0,1,"HER2+, MSI-H/dMMR, PD-L1+",metastatic · adenoca. · measurable (RECIST) · ECOG 2
NCT05480384,Adjuvant Trastuzumab Deruxtecan (Enhertu) & Nivolumab For Patients Who Are Disease Free After Completion of Trimodality Treatment For HER-2+ Cancers of Esophagus & Gastroesophageal Junction,PHASE2,Phase 2,ACTIVE_NOT_RECRUITING,1,Brown University,Brown University,22,0,1,multi_experimental,3,nivolumab;trastuzumab deruxtecan,nivolumab;trastuzumab deruxtecan,PD-1,Monoclonal Antibody,CD30;HER2,1,1,1,0,0,0,0,0,0,1,HER2+,adenoca.
NCT05482516,Evaluating Novel Therapies in ctDNA Positive GI Cancers,PHASE3,Phase 3,RECRUITING,20,Georgetown University,Georgetown University,55,0,1,single_arm,1,atezolizumab;bevacizumab,atezolizumab;bevacizumab,PD-L1,Monoclonal Antibody,CMMRD;MET;MSI-H;PD-L1;TMB,1,1,0,0,0,1,0,0,0,1,PD-L1+,metastatic · adenoca.
NCT05482893,"Spevatamig (PT886) as Monotherapy or in Combination With Chemo and/or ICI, for the Treatment of Patients With Advanced Gastric, Gastroesophageal Junction, Pancreatic Ductal or Biliary Tract Carcinomas (the TWINPEAK Study)",PHASE1;PHASE2,Phase 2,RECRUITING,258,Phanes Therapeutics,Phanes Therapeutics,3,1,1,multi_experimental,4,spevatamig (pt886),CAPOX;FOLFIRINOX;FOLFOX;gemcitabine;keytruda (pembrolizumab);nab-paclitaxel;paclitaxel;spevatamig (pt886),,Bispecific Antibody,CLDN18.2;HER2;biomarker,1,1,1,1,0,0,0,0,1,1,"HER2+, CLDN18.2+",metastatic · 2nd-line+ · measurable (RECIST)
NCT05483491,"KK-LC-1 TCR-T Cell Therapy for Gastric, Breast, Cervical, and Lung Cancer",PHASE1,Phase 1,RECRUITING,30,Christian Hinrichs,Christian Hinrichs,3,0,0,single_arm,1,aldesleukin;kk-lc-1 tcr-t cells,aldesleukin;kk-lc-1 tcr-t cells,KK-LC-1,CAR-T,KK-LC-1;genomic,1,1,0,0,0,0,0,0,0,0,,metastatic · measurable (RECIST)
NCT05489211,Study of Dato-DXd as Monotherapy and in Combination With Anti-cancer Agents in Patients With Advanced Solid Tumours (TROPION-PanTumor03),PHASE2,Phase 2,RECRUITING,454,AstraZeneca,AstraZeneca,780,1,1,multi_experimental,14,datopotamab deruxtecan (dato-dxd),bevacizumab;capecitabine;carboplatin;cisplatin;datopotamab deruxtecan (dato-dxd);fluorouracil;prednisone/ prednisolone;rilvegostomig;volrustomig,VEGF/VEGFR,Monoclonal Antibody,TROP2;genomic,1,1,0,0,0,0,0,0,0,0,,metastatic · squamous
NCT05494060,XELOX Combined With Anlotinib and Penpulimab vs XELOX as Adjuvant Therapy in ctDNA Positive Gastric and Esophagogastric Junction Adenocarcinoma,PHASE2,Phase 2,RECRUITING,80,The First Affiliated Hospital with Nanjing Medical University,The First Affiliated Hospital with Nanjing Medical University,30,0,0,active_comparator,2,CAPOX,CAPOX;anlotinib hydrochloride capsule;penpulimab injection,VEGF/VEGFR,Small Molecule,MET,0,1,0,0,0,0,0,0,0,0,,metastatic
NCT05539430,"Claudin 18.2-Targeted Chimeric Antigen Receptor T-cells in Subjects With Unresectable, Locally Advanced, or Metastatic Gastric, Gastroesophageal Junction (GEJ), Esophageal, or Pancreatic Adenocarcinoma",PHASE1,Phase 1,ACTIVE_NOT_RECRUITING,56,Legend Biotech USA Inc,Johnson & Johnson,363,1,0,single_arm,1,lb1908,lb1908,CLDN18.2,CAR-T,CLDN18.2;HER2;PR,1,1,1,1,0,0,0,1,1,1,"HER2+, CLDN18.2+",metastatic · 1st-line · adenoca. · measurable (RECIST)
NCT05581004,"A Study to Evaluate the Safety, Pharmacokinetics, and Activity of Enzelkitug as a Single Agent and in Combination With Checkpoint Inhibitor in Participants With Locally Advanced or Metastatic Solid Tumors",PHASE1,Phase 1,ACTIVE_NOT_RECRUITING,165,"Genentech, Inc.",Roche/Genentech,922,1,1,multi_experimental,4,enzelkitug,atezolizumab;enzelkitug;pembrolizumab,PD-L1,Monoclonal Antibody,CMMRD;MSI-H;TMB,1,1,0,0,0,0,1,0,0,1,EBV+,metastatic · measurable (RECIST)
NCT05620134,Study of JK08 in Patients with Unresectable Locally Advanced or Metastatic Cancer,PHASE1;PHASE2,Phase 2,ACTIVE_NOT_RECRUITING,263,Salubris Biotherapeutics Inc,Salubris Biotherapeutics,2,1,0,multi_experimental,4,jk08,jk08;lenvatinib pill;pembrolizumab,CTLA-4,Monoclonal Antibody,ER;HER2;PR;genomic,1,1,1,0,0,0,0,0,1,1,HER2+,metastatic · 2nd-line+ · adenoca. · measurable (RECIST)
NCT05632939,"ASKB589 in Combination With CAPOX and PD-1 Inhibitors in Patients With Advanced, and Unresectable G/GEJ Cancer.",PHASE1;PHASE2,Phase 2,ACTIVE_NOT_RECRUITING,62,"AskGene Pharma, Inc.",AskGene Pharma,4,1,0,single_arm,1,askb589 +capox+sintilimab/tislelizumab,askb589 +capox+sintilimab/tislelizumab,HER2,ADC,CLDN18.2;HER2,1,1,0,1,0,0,0,1,0,1,CLDN18.2+,metastatic · 1st-line · adenoca.
NCT05671822,Ph1b/2 Study of the Safety and Efficacy of SHR-A1811 Combinations in Advanced HER2 Expression Gastric Cancer,PHASE2,Phase 2,RECRUITING,258,"Suzhou Suncadia Biopharmaceuticals Co., Ltd.",Suzhou Suncadia Biopharmaceuticals,86,1,0,multi_experimental,12,,and 5-fu;and capecitabine;and oxaliplatin;capecitabine;shr-1316;shr-1316 and shr-a1811;shr-1701;shr-a181;shr-a1811;shr-a1811 and capecitabine;shr-a1811 and shr-1701;shr-a1811and 5-fu,HER2,ADC,HER2,1,1,1,0,0,0,0,1,0,1,HER2+,metastatic · 1st-line · adenoca. · ECOG 0-1
NCT05702229,Novel Combinations in Participants With Locally Advanced Unresectable or Metastatic Gastric or Gastroesophageal Junction Adenocarcinoma,PHASE2,Phase 2,RECRUITING,163,AstraZeneca,AstraZeneca,780,1,1,multi_experimental,6,,CAPOX;FOLFOX;azd0901;capecitabine;fluorouracil;rilvegostomig;volrustomig,CLDN18.2,ADC,CLDN18.2;HER2,1,1,1,1,0,0,0,1,0,1,"HER2+, CLDN18.2+",metastatic · 1st-line · adenoca. · measurable (RECIST)
NCT05733689,Response Adapted Neoadjuvant Therapy in Gastroesophageal Cancers (RANT-GC Trial),PHASE1,Phase 1,RECRUITING,20,"University of California, Irvine","University of California, Irvine",22,0,0,single_arm,1,FLOT;FOLFIRI;FOLFIRINOX;FOLFOX;docetaxel and irinotecan (alone or combined);durvalumab;nivolumab (alone or when added to a regimen above);paclitaxel with or without carboplatin;pembrolizumab (alone or when added to a regimen above);trastuzumab,FLOT;FOLFIRI;FOLFIRINOX;FOLFOX;docetaxel and irinotecan (alone or combined);durvalumab;nivolumab (alone or when added to a regimen above);paclitaxel with or without carboplatin;pembrolizumab (alone or when added to a regimen above);trastuzumab,PD-L1,Monoclonal Antibody,EGFR,1,1,0,0,0,0,0,0,0,0,,metastatic · adenoca.
NCT05768932,BAL0891 in Patients With Advanced Solid Tumors or Relapsed or Refractory Acute Myeloid Leukemia,PHASE1,Phase 1,RECRUITING,260,"SillaJen, Inc.",SillaJen,3,1,0,multi_experimental,8,bal0891,bal0891;paclitaxel;tislelizumab,TTK,Small Molecule,BRAF;ER;HER2;KRAS;MET;PIK3CA;PTEN,0,1,1,0,0,0,0,0,1,1,HER2+,metastatic · 2nd-line+ · adenoca. · measurable (RECIST) · ECOG 0
NCT05771584,"Therapeutic Cancer Vaccine (AST-301, pNGVL3-hICD) in Gastric Cancer",PHASE2,Phase 2,ACTIVE_NOT_RECRUITING,24,Aston Sci. Inc.,Aston Sci.,4,1,0,multi_experimental,2,ast-301;rhugm-csf,ast-301;rhugm-csf,HER2,mRNA,HER2,0,1,1,0,0,0,0,0,0,1,HER2+,adjuvant
NCT05789069,A Study of HFB200603 as a Single Agent and in Combination With Tislelizumab in Adult Patients With Advanced Solid Tumors,PHASE1,Phase 1,ACTIVE_NOT_RECRUITING,83,HiFiBiO Therapeutics,HiFiBiO Therapeutics,3,1,0,multi_experimental,4,hfb200603,hfb200603;tislelizumab,BTLA,Monoclonal Antibody,BRAF,1,1,0,0,0,0,0,0,0,0,,metastatic · small-cell · measurable (RECIST)
NCT05858736,"Safety, PK and Efficacy of AI-061 in Advanced Solid Tumors",PHASE1,Phase 1,COMPLETED,18,"OncoC4, Inc.",OncoC4,10,1,0,multi_experimental,3,ai-061,ai-061,PD-1,Bispecific Antibody,PD-L1,1,1,0,0,0,0,0,0,0,0,,metastatic · measurable (RECIST)
NCT05872295,IKS014 in Advanced Solid Tumors That Express HER2,PHASE1,Phase 1,RECRUITING,165,Iksuda Therapeutics Ltd.,Iksuda Therapeutics,3,1,0,multi_experimental,6,iks014,iks014,HER2,ADC,HER2,1,1,1,0,0,0,0,0,1,1,HER2+,metastatic · 2nd-line+ · adenoca.
NCT05891171,Study of AB598 Monotherapy and Combination Therapy in Participants With Advanced Cancers,PHASE1,Phase 1,ACTIVE_NOT_RECRUITING,40,"Arcus Biosciences, Inc.",Arcus Biosciences,21,1,0,multi_experimental,8,ab598,ab598;fluorouracil;leucovorin;oxaliplatin;zimberelimab,CD39,Monoclonal Antibody,HER2,1,1,1,0,0,0,0,0,0,1,HER2−,metastatic · adenoca. · measurable (RECIST)
NCT05944237,HTL0039732 in Participants With Advanced Solid Tumours,PHASE1;PHASE2,Phase 2,RECRUITING,150,Cancer Research UK,Cancer Research UK,16,0,0,multi_experimental,3,,htl0039732 capsules;htl0039732 capsules and atezolizumab infusion,PD-L1,,HER2;PD-L1;genomic,0,1,1,0,0,1,0,0,1,1,"HER2+, PD-L1+",metastatic · 2nd-line+ · adenoca. · measurable (RECIST)
NCT05945823,Phase 2 Futibatinib in Combination With PD-1 Antibody Based Standard of Care in Solid Tumors,PHASE2,Phase 2,ACTIVE_NOT_RECRUITING,53,"Taiho Oncology, Inc.",Taiho,86,1,0,multi_experimental,2,fluorouracil;futibatinib;leucovorin;oxaliplatin;pembrolizumab,cisplatin;fluorouracil;futibatinib;irinotecan;leucovorin;oxaliplatin;pembrolizumab,FGFR2,Small Molecule,FGFR2;PD-L1,0,1,0,0,0,1,0,0,0,1,PD-L1+,metastatic · adenoca. · measurable (RECIST)
NCT05980481,A Study of RC48-ADC Combination Therapies as First-line Treatment in Advanced Metastatic Gastric Cancer,PHASE2;PHASE3,Phase 3,ACTIVE_NOT_RECRUITING,201,"RemeGen Co., Ltd.",RemeGen,51,1,0,active_comparator,8,capecitabine（;oxaliplatin（;toripalimab;trastuzumab,capecitabine（;oxaliplatin（;rc48-adc（2.;toripalimab;trastuzumab,HER2,ADC,HER2,1,1,1,0,0,0,0,1,0,1,HER2+,metastatic · 1st-line · adenoca.
NCT05989724,A First-in-Human Study of SON-DP in Participants With Relapsed/Refractory Intolerant to Standard of Care Therapies for Advanced/Metastatic Solid Tumors,PHASE1,Phase 1,UNKNOWN,150,Qurgen Inc.,Qurgen,2,1,0,multi_experimental,15,son-dp,son-dp,,,MET,0,1,0,0,0,0,0,0,0,0,,
NCT06005493,Study of AZD5863 in Adult Participants With Advanced or Metastatic Solid Tumors,PHASE1;PHASE2,Phase 2,RECRUITING,280,AstraZeneca,AstraZeneca,780,1,1,multi_experimental,2,azd5863,azd5863,CLDN18.2,Bispecific Antibody,CLDN18.2,1,1,0,1,0,0,1,0,0,1,"CLDN18.2+, EBV+",metastatic · adenoca. · measurable (RECIST) · ECOG 0-1
NCT06008054,"A Study of SI-B003, BL-B01D1+SI-B003 and BL-B01D1+PD-1 Monoclonal Antibody in Patients With Locally Advanced or Metastatic Esophageal Cancer, Gastric Cancer, Colorectal Cancer and Other Gastrointestinal Tumors",PHASE2,Phase 2,RECRUITING,376,"Sichuan Baili Pharmaceutical Co., Ltd.",Sichuan Baili Pharmaceutical,127,1,0,single_arm,1,bl-b01d1;pd-1 monoclonal antibody;si-b003,bl-b01d1;pd-1 monoclonal antibody;si-b003,PD-1,Bispecific Antibody,,1,1,0,0,0,0,0,0,1,0,,metastatic · 2nd-line+ · measurable (RECIST) · ECOG 0
NCT06010862,Clinical Study of CEA-targeted CAR-T Therapy for CEA-positive Advanced/Metastatic Malignant Solid Tumors,PHASE1,Phase 1,RECRUITING,36,"Chongqing Precision Biotech Co., Ltd",Chongqing Precision Biotech,41,1,0,multi_experimental,2,cea car-t cells,cea car-t cells,CEA,CAR-T,CEA,1,1,0,0,0,0,0,0,1,0,,metastatic · 2nd-line+ · measurable (RECIST) · ECOG 0
NCT06038578,A Study of TRK-950 When Used in Combination With Ramucirumab and Paclitaxel in Patients With Gastric Cancer,PHASE2,Phase 2,RECRUITING,146,"Toray Industries, Inc",Toray Industries,4,1,0,active_comparator,3,paclitaxel;ramucirumab,paclitaxel;ramucirumab;trk-950,VEGF/VEGFR,Monoclonal Antibody,CAPRIN-1;HER2;MET,1,1,1,0,0,0,0,0,0,1,HER2+,metastatic · adenoca. · measurable (RECIST)
NCT06043466,A Clinical Trial Targeting CEA Chimeric Antigen Receptor T (CAR-T) for CEA Positive Advanced Malignant Solid Tumors,PHASE1,Phase 1,RECRUITING,30,"Chongqing Precision Biotech Co., Ltd",Chongqing Precision Biotech,41,1,0,single_arm,1,cea-targeted car-t cells,cea-targeted car-t cells,CEA,CAR-T,ALK;BRAF;CEA;MET;NTRK;PD-L1;RET;ROS1,1,1,0,0,0,1,0,1,1,1,PD-L1+,metastatic · 1st-line · squamous · measurable (RECIST) · ECOG 0
NCT06047379,"Safety and Efficacy of NEO212 in Patients With Astrocytoma IDH-mutant, Glioblastoma IDH-wildtype or Brain Metastasis",PHASE1;PHASE2,Phase 2,RECRUITING,134,"Neonc Technologies, Inc.",Neonc Technologies,4,1,0,multi_experimental,8,neo212 oral capsule,bevacizumab;carboplatin;folfiri protocol;ipilimumab;neo212 oral capsule;nivolumab;paclitaxel;pembrolizumab;regorafenib,,Small Molecule,,0,1,0,0,0,0,0,0,0,0,,metastatic · squamous · measurable (RECIST)
NCT06055439,"A Phase 1/2 Study to Evaluate CHM-2101, an Autologous Cadherin 17 Chimeric Antigen Receptor (CAR) T Cell Therapy",PHASE1;PHASE2,Phase 2,RECRUITING,135,Chimeric Therapeutics,Chimeric Therapeutics,2,1,0,single_arm,1,chm-2101 car-t cells,chm-2101 car-t cells,CDH17,CAR-T,,1,1,0,0,0,0,0,0,0,0,,metastatic · adenoca. · measurable (RECIST) · ECOG 1
NCT06093425,"Combination of Osemitamab (TST001), Pembrolizumab and Chemotherapy as First-line Therapy in Advanced or Metastatic GC/GEJ Adenocarcinoma",PHASE3,Phase 3,NOT_YET_RECRUITING,820,"Transcenta Therapeutics (Hangzhou) Co., Ltd.",Transcenta Therapeutics (Hangzhou),8,1,0,active_comparator,2,pembrolizumab and either capcecitabine + oxaliplatin or oxaliplatin+leucovorin + 5-fluorouracil,,PD-1,Monoclonal Antibody,CLDN18.2;Claudin18.2;PD-L1,1,0,0,1,0,1,0,1,0,1,"CLDN18.2+, PD-L1+",metastatic · 1st-line · adenoca. · measurable (RECIST)
NCT06109467,Neratinib In Combination With Chemotherapy/Trastuzumab/Pembrolizumab In HER2 Gastroesophageal Cancer,PHASE2,Phase 2,ACTIVE_NOT_RECRUITING,8,H. Lee Moffitt Cancer Center and Research Institute,H. Lee Moffitt Cancer Center and Research Institute,228,0,0,single_arm,1,5-fluorouracil + leucovorin;neratinib;oxaliplatin;pembrolizumab;trastuzumab,5-fluorouracil + leucovorin;neratinib;oxaliplatin;pembrolizumab;trastuzumab,HER2,Small Molecule,HER2,0,1,1,0,0,0,0,1,0,1,HER2+,metastatic · 1st-line · adenoca. · measurable (RECIST)
NCT06116136,A Study to Evaluate the Safety and the Activity of S095029 as Part of Combination Therapy in Advanced Gastroesophageal Junction/Gastric Cancers.,PHASE1;PHASE2,Phase 2,ACTIVE_NOT_RECRUITING,48,Servier Bio-Innovation LLC,Servier,42,1,1,single_arm,1,pembrolizumab;s095029,pembrolizumab;s095029,NKG2A,Monoclonal Antibody,MMR;MSI;MSI-H;dMMR,1,1,0,0,1,1,0,0,0,1,"MSI-H/dMMR, PD-L1+",metastatic · adenoca.
NCT06123338,A Study of Pembrolizumab With Trastuzumab and Chemotherapy in People With Esophagogastric Cancer,PHASE2,Phase 2,RECRUITING,49,Memorial Sloan Kettering Cancer Center,Memorial Sloan Kettering Cancer Center,411,0,1,single_arm,1,capecitabine;docetaxel;fluorouracil;nutrition questionnaires (optional);oxaliplatin;pembrolizumab;stool and saliva samples (optional);trastuzumab,capecitabine;docetaxel;fluorouracil;nutrition questionnaires (optional);oxaliplatin;pembrolizumab;stool and saliva samples (optional);trastuzumab,PD-1,Monoclonal Antibody,HER2;PD-L1,1,1,1,0,0,1,0,0,0,1,"HER2+, PD-L1+",metastatic · adenoca.
NCT06123494,SHR-A1811 for Subjects With Her2-positive Gastric Cancer and Gastroesophageal Junction Adenocarcinoma After Progression on or After First-line Anti-HER2 Therapy-containing Regimen,PHASE3,Phase 3,RECRUITING,360,"Jiangsu HengRui Medicine Co., Ltd.",Hengrui,312,1,0,active_comparator,2,ramucirumab / paclitaxel/ docetaxel/ irinotecan,shr-a1811,HER2,ADC,HER2,1,1,1,0,0,0,0,1,0,1,HER2+,metastatic · 1st-line · adenoca. · measurable (RECIST) · ECOG 0-1
NCT06126406,Clinical Study of CEA Targeting Chimeric Antigen Receptor T Lymphocytes（CAR-T） for CEA Positive Advanced Malignant Solid Tumors,PHASE1,Phase 1,RECRUITING,60,"Chongqing Precision Biotech Co., Ltd",Chongqing Precision Biotech,41,1,0,multi_experimental,2,cea-targeted car-t cells,cea-targeted car-t cells,CEA,CAR-T,CEA,1,1,0,0,0,0,0,0,1,0,,metastatic · 2nd-line+ · measurable (RECIST) · ECOG 0
NCT06131840,A Study of SGN-CEACAM5C in Adults With Advanced Solid Tumors,PHASE1,Phase 1,RECRUITING,914,"Seagen, a wholly owned subsidiary of Pfizer",Pfizer,687,1,1,multi_experimental,6,pf-08046050,5-fluorouracil (5-fu);bevacizumab;leucovorin (lv);oxaliplatin;pf-08046050,CEA,ADC,CEACAM5;PD-L1;genomic,1,1,0,0,0,1,0,0,1,1,PD-L1+,metastatic · 2nd-line+ · adenoca. · measurable (RECIST)
NCT06147037,"A Phase 1, Dose-escalation Study of [225Ac]-FPI-2068 in Adult Patients With Advanced Solid Tumours",PHASE1,Phase 1,ACTIVE_NOT_RECRUITING,13,AstraZeneca,AstraZeneca,780,1,1,single_arm,1,[111in]-fpi-2107;[225ac]-fpi-2068;fpi-2053,[111in]-fpi-2107;[225ac]-fpi-2068;fpi-2053,,Bispecific Antibody,,1,1,0,0,0,0,0,0,0,0,,metastatic · measurable (RECIST)
NCT06155383,Perioperative Disitamab Vedotin Plus Toripalimab and XELOX in Gastric or Gastroesophageal Junction Adenocarcinoma.,PHASE2,Phase 2,RECRUITING,90,"RemeGen Co., Ltd.",RemeGen,51,1,0,active_comparator,3,capecitabine;oxaliplatin,capecitabine;disitamab vedotin;oxaliplatin;toripalimab,PD-1,Monoclonal Antibody,HER2;MET;PD-L1,1,1,1,0,0,0,0,0,1,1,HER2+,metastatic · 2nd-line+ · adenoca.
NCT06157892,A Study of Disitamab Vedotin With Other Anticancer Drugs in Solid Tumors,PHASE2,Phase 2,ACTIVE_NOT_RECRUITING,54,"Seagen, a wholly owned subsidiary of Pfizer",Pfizer,687,1,1,multi_experimental,7,disitamab vedotin;tucatinib,disitamab vedotin;tucatinib,HER2,Small Molecule,HER2;PD-L1,0,1,1,0,0,1,0,0,1,1,"HER2+, PD-L1+",metastatic · 2nd-line+ · adenoca. · measurable (RECIST)
NCT06172478,A Study of HER3-DXd in Subjects With Locally Advanced or Metastatic Solid Tumors,PHASE2,Phase 2,RECRUITING,740,Daiichi Sankyo,Daiichi Sankyo,178,1,1,single_arm,1,her3-dxd,her3-dxd,HER3,ADC,ALK;BRAF;CLDN18.2;ER;HER2;HER3;KRAS;MET;MMR;MSI;NTRK;PD-L1;RET;ROS1;genomic,1,1,1,1,1,1,0,1,1,1,"HER2+, CLDN18.2+, MSI-H/dMMR, PD-L1+",metastatic · 1st-line · adenoca. · measurable (RECIST) · ECOG 0
NCT06177041,"M108 Plus CAPOX Versus Placebo Plus CAPOX as First-line Treatment for Claudin (CLDN) 18.2-Positive, HER2-Negative, PD-L1 CPS<5, Locally Advanced Unresectable or Metastatic Gastric or Gastroesophageal Junction (GEJ) Adenocarcinoma.",PHASE3,Phase 3,RECRUITING,486,"FutureGen Biopharmaceutical (Beijing) Co., Ltd",FutureGen Biopharmaceutical (Beijing),6,1,0,placebo_comparator,2,capecitabine;oxaliplatin,capecitabine;m108 monoclonal antibody;oxaliplatin,CLDN18,Monoclonal Antibody,CLDN18.2;HER2;PD-L1,1,1,1,1,0,1,0,0,0,1,"HER2+, CLDN18.2+, PD-L1+",metastatic · adenoca. · measurable (RECIST)
NCT06219941,AZD0901 in Participants With Advanced Solid Tumours Expressing Claudin18.2,PHASE2,Phase 2,RECRUITING,226,AstraZeneca,AstraZeneca,780,1,1,multi_experimental,3,azd0901,azd0901;fluorouracil;gemcitabine;irinotecan;l-leucovorin;leucovorin;nanoliposomal irinotecan,CLDN18.2,ADC,CLDN18.2;HER2,1,1,1,1,0,0,0,0,0,1,"HER2+, CLDN18.2+",metastatic · adenoca. · measurable (RECIST)
NCT06221748,DV Combined With Cadonilimab in Subjects With HER2-expressing Gastric Cancer and Gastroesophageal Junction Adenocarcinoma After Progression on First-line Therapy,PHASE2;PHASE3,Phase 3,RECRUITING,90,"RemeGen Co., Ltd.",RemeGen,51,1,0,multi_experimental,3,,cadonilimab injection;disitamab vedotin injection;paclitaxel injection,HER2,ADC,HER2;PD-L1,1,1,1,0,0,1,0,1,0,1,"HER2+, PD-L1+",metastatic · 1st-line · adenoca. · measurable (RECIST)
NCT06239194,Dose Escalation and Dose Expansion Study of MDX2001 in Patients With Advanced Solid Tumors,PHASE1;PHASE2,Phase 2,RECRUITING,285,"ModeX Therapeutics, An OPKO Health Company","ModeX Therapeutics, An OPKO Health",3,1,0,multi_experimental,4,mdx2001,mdx2001,CD3,Bispecific Antibody,MET;TROP2,1,1,0,0,0,0,0,0,0,0,,metastatic · measurable (RECIST)
NCT06242470,A Study of MGC026 in Participants With Advanced Solid Tumors,PHASE1,Phase 1,RECRUITING,250,MacroGenics,MacroGenics,29,1,0,multi_experimental,12,,mgc026 dose escalation;mgc026 dose for expansion,,,,0,1,0,0,0,0,0,0,0,0,,metastatic · squamous · measurable (RECIST)
NCT06245356,Safety of Trifluridine/Tipiracil in Patients With Dihydropyrimidine Dehydrogenase Deficiency Diagnosed With Metastatic Colorectal or Gastroesophageal Cancer,PHASE2,Phase 2,RECRUITING,73,UNICANCER,UNICANCER,64,0,1,multi_experimental,2,oxaliplatin;trifluridine/tipiracil,,EGFR,Monoclonal Antibody,RAS,1,1,0,0,0,0,0,0,0,0,,metastatic · adenoca. · measurable (RECIST)
NCT06247956,Study of SHR-8068 Combined With Adebrelimab and Platinum-containing Chemotherapy in the Treatment of Advanced Gastric and Esophageal Cancer,PHASE2,Phase 2,ACTIVE_NOT_RECRUITING,153,"Suzhou Suncadia Biopharmaceuticals Co., Ltd.",Suzhou Suncadia Biopharmaceuticals,86,1,0,active_comparator,2,adebrelimab;oxaliplatin;capecitabine tablets;paclitaxel injection;cisplatin injection,shr-8068;adebrelimab;oxaliplatin;capecitabine tablets;paclitaxel injection;cisplatin injection,PD-1,Monoclonal Antibody,HER2;PD-L1,1,1,1,0,0,0,0,0,0,1,HER2+,metastatic · adenoca. · measurable (RECIST) · ECOG 0-1
NCT06253871,A Phase 1/1b Study of IAM1363 in HER2 Cancers,PHASE1,Phase 1,RECRUITING,383,"Iambic Therapeutics, Inc",Iambic Therapeutics,1,1,0,single_arm,1,iam1363,iam1363,HER2,Small Molecule,HER2,0,1,1,0,0,0,0,0,1,1,HER2+,metastatic · 2nd-line+ · measurable (RECIST)
NCT06256328,A Study to Investigate the Efficacy and Safety of ONO-4578 in Combination With Nivolumab and Chemotherapy in Chemotherapy-naïve Participants With HER2-negative Unresectable Advanced or Recurrent Gastric Cancer (Including Esophagogastric Junction Cancer),PHASE2,Phase 2,ACTIVE_NOT_RECRUITING,226,"Ono Pharmaceutical Co., Ltd.",Ono Pharmaceutical,44,1,0,placebo_comparator,2,capecitabine;nivolumab;oxaliplatin;s-1,capecitabine;nivolumab;ono-4578;oxaliplatin;s-1,PD-1,Monoclonal Antibody,HER2;PD-L1,1,1,1,0,0,0,0,1,0,1,HER2+,metastatic · 1st-line · adenoca.
NCT06257264,A Study to Examine the Safety of Different Doses of BG-68501 Given to Participants With Advanced-Stage Tumors,PHASE1,Phase 1,ACTIVE_NOT_RECRUITING,103,BeiGene,BeiGene/BeOne,149,1,1,multi_experimental,5,bg-68501,bg-68501;bgb-43395;fulvestrant,CDK2,Small Molecule,HER2,0,1,1,0,0,0,0,0,1,1,HER2+,metastatic · 2nd-line+ · adenoca. · measurable (RECIST)
NCT06266299,A Study of KK2269 in Adult Participants With Solid Tumors,PHASE1,Phase 1,RECRUITING,101,"Kyowa Kirin Co., Ltd.",Kyowa Kirin,63,1,0,multi_experimental,2,kk2269,docetaxel;kk2269,CD40,Bispecific Antibody,EPCAM,1,1,0,0,0,0,0,0,0,0,,metastatic · adenoca. · measurable (RECIST) · ECOG 0
NCT06271837,A Study of T-DXd as Monotherapy or in Combination With Anti-cancer Agents in Patients With Selected HER2-expressing Tumors,PHASE2,Phase 2,ACTIVE_NOT_RECRUITING,127,AstraZeneca,AstraZeneca,780,1,1,multi_experimental,4,trastuzumab deruxtecan,bevacizumab;trastuzumab deruxtecan,VEGF/VEGFR,Monoclonal Antibody,HER2,1,1,1,0,0,0,0,0,0,1,HER2+,metastatic · adenoca. · measurable (RECIST)
NCT06283121,A Clinical Study of BioTTT001 in Combination With SOX and Toripalimab in Patients With Gastric Cancer,PHASE2,Phase 2,NOT_YET_RECRUITING,30,"China Medical University, China","China Medical University, China",4,0,0,single_arm,1,SOX;biottt001 intraperitoneal infusion;toripalimab,SOX;biottt001 intraperitoneal infusion;toripalimab,,Oncolytic Virus,HER2,1,1,1,0,0,0,0,0,0,1,HER2−,metastatic · measurable (RECIST) · ECOG 0
NCT06293898,Open Label Study to Evaluate BL-M07D1 in HER2 Expressing Malignant Solid Tumors,PHASE1,Phase 1,RECRUITING,280,SystImmune Inc.,SystImmune,7,1,0,multi_experimental,3,bl-m07d1,bl-m07d1,HER2,ADC,HER2;MET;PD-L1,1,1,1,0,0,1,0,0,1,1,"HER2+, PD-L1+",metastatic · 2nd-line+ · squamous · measurable (RECIST) · ECOG 0-1
NCT06296706,A Clinical Study of Docetaxel for Injection (Albumin-bound) in Patients With Gastric Cancer,PHASE3,Phase 3,RECRUITING,630,"CSPC ZhongQi Pharmaceutical Technology Co., Ltd.",CSPC ZhongQi Pharmaceutical Technology,92,1,0,active_comparator,2,taxotere (docetaxel),docetaxel for injection (albumin-bound),Tubulin,Small Molecule,MMR;MSI;MSI-H;dMMR,0,1,0,0,1,1,0,1,0,1,"MSI-H/dMMR, PD-L1+",metastatic · 1st-line · adenoca. · measurable (RECIST) · ECOG 0-1
NCT06298916,64Cu-LNTH-1363S in Patients With Sarcoma or Gastrointestinal Tract Cancer,PHASE1;PHASE2,Phase 2,RECRUITING,26,Lantheus Medical Imaging,Lantheus Medical Imaging,4,1,0,multi_experimental,2,64cu-lnth-1363s,64cu-lnth-1363s,FAP,Radiopharmaceutical,FAP,0,1,0,0,0,0,0,0,0,0,,metastatic
NCT06324357,Beamion BCGC-1: A Study to Find a Suitable Dose of Zongertinib Used Alone and in Combination With Other Treatments to Test Whether it Helps People With Different Types of HER2+ Cancer That Has Spread,PHASE1;PHASE2,Phase 2,RECRUITING,768,Boehringer Ingelheim,Boehringer Ingelheim,237,1,1,multi_experimental,18,zongertinib,FOLFOX;capecitabine;trastuzumab;trastuzumab deruxtecan;trastuzumab emtansine;zanidatamab;zongertinib,HER2,Small Molecule,HER2,0,1,1,0,0,0,0,0,0,1,HER2+,metastatic · adenoca. · measurable (RECIST) · ECOG 0
NCT06328738,"ELVN-002 With Trastuzumab +/- Chemotherapy in HER2+ Solid Tumors, Colorectal and Breast Cancer",PHASE1,Phase 1,ACTIVE_NOT_RECRUITING,275,Enliven Therapeutics,Enliven Therapeutics,4,1,0,multi_experimental,13,elvn-002;trastuzumab,capecitabine;elvn-002;eribulin;fluorouracil;leucovorin;oxaliplatin;paclitaxel;trastuzumab,HER2,ADC,BRAF;HER2;MMR;MSI;dMMR,1,1,1,0,1,0,0,1,1,1,"HER2+, MSI-H/dMMR",metastatic · 1st-line · measurable (RECIST)
NCT06333314,Dostarlimab for Locally Advanced or Metastatic Cancer (Non-colorectal/Non-endometrial) With Tumor dMMR/MSI,PHASE2,Phase 2,RECRUITING,120,UNICANCER,UNICANCER,64,0,1,active_comparator,2,,dostarlimab,PD-1,Monoclonal Antibody,HER2;MMR;MSI;MSI-H;PD-L1;dMMR,1,0,1,0,1,1,0,1,0,1,"HER2+, MSI-H/dMMR, PD-L1+",metastatic · 1st-line · adenoca. · measurable (RECIST) · ECOG 0-1
NCT06337084,Diagnostic Efficacy and Dosimetry of MNPR-101-DFO*-89Zr in Patients With Solid Tumors,PHASE1,Phase 1,ACTIVE_NOT_RECRUITING,12,Monopar Therapeutics,Monopar Therapeutics,3,1,0,single_arm,1,diagnostic test: pet/ct diagnostic imaging;mnpr-101-dfo*-89zr,diagnostic test: pet/ct diagnostic imaging;mnpr-101-dfo*-89zr,,Radiopharmaceutical,,0,1,0,0,0,0,0,0,0,0,,metastatic · measurable (RECIST)
NCT06346197,Combination of Immune Checkpoint in Locally Advanced or Metastatic MSI/dMMR Esogastric Adenocarcinomas,PHASE3,Phase 3,RECRUITING,132,Centre Leon Berard,Centre Leon Berard,30,0,0,active_comparator,2,CAPOX;folfox protocol;nivolumab,balstilimab;botensilimab,PD-1,Monoclonal Antibody,HER2;MET;MSI;MSI-H;PD-L1;dMMR,1,1,1,1,1,1,0,1,1,1,"HER2−, CLDN18.2+, MSI-H/dMMR, PD-L1+",metastatic · 1st-line · adenoca. · measurable (RECIST) · ECOG 0
NCT06346392,AZD0901 Compared With Investigator's Choice of Therapy in Participants With Second- or Later-line Advanced or Metastatic Gastric or Gastroesophageal Junction Adenocarcinoma Expressing Claudin18.2,PHASE3,Phase 3,ACTIVE_NOT_RECRUITING,594,AstraZeneca,AstraZeneca,780,1,1,active_comparator,3,apatinib;docetaxel;irinotecan;paclitaxel;ramucirumab+ paclitaxel;trifluridine/tipiracil,azd0901,CLDN18.2,ADC,CLDN18.2;HER2,1,1,1,1,0,0,0,0,0,1,"HER2+, CLDN18.2+",metastatic · adenoca. · measurable (RECIST)
NCT06356311,A Study to Evaluate Sacituzumab Tirumotecan (MK-2870) in Advanced/Metastatic Gastroesophageal Adenocarcinoma (MK-2870-015),PHASE3,Phase 3,ACTIVE_NOT_RECRUITING,450,Merck Sharp & Dohme LLC,Merck (MSD),649,1,1,active_comparator,2,docetaxel;irinotecan;paclitaxel;supportive care measures;trifluridine-tipiracil,rescue medications;sacituzumab tirumotecan;supportive care measures,TROP-1,ADC,HER2;TROP-1;TROP2,1,1,1,0,0,0,0,0,0,1,HER2+,metastatic · adenoca. · measurable (RECIST)
NCT06374888,Nilatinib Maleate Tablets Combined With Capecitabine in the Treatment of HER2-positive Advanced Esophageal/Esophagogastric Junction/Gastric Adenocarcinoma With Brain Metastases,PHASE2,Phase 2,NOT_YET_RECRUITING,28,"Convalife (Shanghai) Co., Ltd.",Convalife (Shanghai),7,1,0,single_arm,1,neratinib maleate in combination with capecitabine,neratinib maleate in combination with capecitabine,HER2,Small Molecule,HER2,0,1,1,0,0,0,0,0,0,1,HER2+,metastatic · adenoca. · measurable (RECIST)
NCT06380816,A Phase I/II Trial of UCB4594 in Participants With Advanced Cancer,PHASE1;PHASE2,Phase 2,RECRUITING,167,Cancer Research UK,Cancer Research UK,16,0,0,multi_experimental,2,ucb4594,ucb4594,,,,0,1,0,0,0,0,0,0,1,0,,metastatic · 2nd-line+ · squamous · measurable (RECIST)
NCT06395519,A Study of PARG Inhibitor ETX-19477 in Patients With Advanced Solid Malignancies,PHASE1;PHASE2,Phase 2,RECRUITING,120,"858 Therapeutics, Inc.",858 Therapeutics,1,1,0,multi_experimental,2,etx-19477,etx-19477,PARG,Small Molecule,,0,1,0,0,0,0,0,0,0,0,,metastatic · squamous · measurable (RECIST)
NCT06399757,A Study to Investigate APL-5125 in Adults With Advanced Solid Tumors,PHASE1;PHASE2,Phase 2,ACTIVE_NOT_RECRUITING,100,Apollo Therapeutics Ltd,Apollo Therapeutics,2,1,0,multi_experimental,2,apl-5125,apl-5125,,,KRAS,0,1,0,0,0,0,0,0,0,0,,metastatic · adenoca. · ECOG 1
NCT06427941,"A Phase 1/2 Study of BGB-B2033, Alone or in Combination With Tislelizumab With or Without Bevacizumab, in Participants With Advanced or Metastatic Solid Tumors",PHASE1;PHASE2,Phase 2,RECRUITING,630,BeOne Medicines,BeiGene/BeOne,149,1,0,multi_experimental,7,bgb-b2033,bevacizumab;bgb-b2033;tislelizumab,4-1BB/GPC3,Bispecific Antibody,GPC3,1,1,0,0,0,0,0,0,1,0,,metastatic · 2nd-line+ · squamous · measurable (RECIST)
NCT06445972,Substudy 06D: Combination Therapies in Second Line (2L) Gastroesophageal Adenocarcinoma (MK-3475-06D/Keymaker-U06),PHASE1;PHASE2,Phase 2,RECRUITING,210,Merck Sharp & Dohme LLC,Merck (MSD),649,1,1,active_comparator,3,paclitaxel;ramucirumab,her3-dxd;paclitaxel;ramucirumab;rescue medications;sacituzumab tirumotecan,VEGF/VEGFR,Monoclonal Antibody,BRAF;HER2;KRAS;MSI-H;TROP2,1,1,1,0,0,0,0,1,1,1,HER2+,metastatic · 1st-line · adenoca.
NCT06469944,Substudy 06C: A Study of Investigational Agents With Pembrolizumab (MK-3475) and Chemotherapy in Participants With First-Line Locally Advanced Unresectable/Metastatic Gastroesophageal Adenocarcinoma (MK-3475-06C/KEYMAKER-U06),PHASE1;PHASE2,Phase 2,RECRUITING,160,Merck Sharp & Dohme LLC,Merck (MSD),649,1,1,active_comparator,3,5-fluorouracil (5-fu);capecitabine;leucovorin;oxaliplatin;pembrolizumab,5-fluorouracil (5-fu);capecitabine;leucovorin;patritumab deruxtecan;pembrolizumab;sacituzumab tirumotecan (sac-tmt),PD-1,Monoclonal Antibody,HER2;PD-L1;TROP2,1,1,1,0,0,1,0,1,0,1,"HER2+, PD-L1+",metastatic · 1st-line · adenoca. · measurable (RECIST)
NCT06487221,Avutometinib and Defactinib in Diffuse Gastric Cancer,PHASE2,Phase 2,RECRUITING,27,"Ryan H. Moy, MD, PhD","Ryan H. Moy, MD, PhD",1,0,0,single_arm,1,avutometinib;defactinib,avutometinib;defactinib,MEK,Small Molecule,BRAF;KRAS,0,1,0,0,0,0,0,0,0,0,,metastatic · ductal · measurable (RECIST)
NCT06487429,Short Course Radiotherapy With Sequential Disitamab Vedotin Combined With S-1 and Sintilimab as Whole Course Neoadjuvant Therapy for HER2 Expressed Locally Progressive Gastric Cancer,PHASE2,Phase 2,RECRUITING,28,"Union Hospital, Tongji Medical College, Huazhong University of Science and Technology","Union Hospital, Tongji Medical College, Huazhong University of Science and Technology",29,0,0,single_arm,1,short range radiotherapy with sequential disitamab vedotin combined with s-1 and xindilizumab,short range radiotherapy with sequential disitamab vedotin combined with s-1 and xindilizumab,HER2,ADC,HER2;PD-L1,1,1,1,0,0,1,0,0,0,1,"HER2+, PD-L1+",resectable · adenoca. · ECOG 0-1
NCT06500052,A Study of BL-M17D1 in Patients With Locally Advanced or Metastatic HER2 Positive/Lower Expression Gastrointestinal Cancer and Other Solid Tumors,PHASE1,Phase 1,RECRUITING,20,"Sichuan Baili Pharmaceutical Co., Ltd.",Sichuan Baili Pharmaceutical,127,1,0,single_arm,1,bl-m17d1,bl-m17d1,HER2,ADC,HER2,1,1,1,0,0,0,0,0,0,1,HER2+,metastatic · measurable (RECIST) · ECOG 0
NCT06504732,To Evaluate IAH0968 in Combination With CAPEOX in HER2-positive Gastric Cancer,PHASE2;PHASE3,Phase 3,RECRUITING,574,"SUNHO（China）BioPharmaceutical CO., Ltd.",SUNHO（China）BioPharmaceutical,14,1,0,active_comparator,2,trastuzumab injection,iah0968,HER2,Monoclonal Antibody,BRAF;HER2;KRAS;MMR;MSI;MSI-H;PD-L1;dMMR,1,1,1,0,1,1,0,0,0,1,"HER2+, MSI-H/dMMR, PD-L1+",metastatic · adenoca. · measurable (RECIST)
NCT06529822,Personalized Cancer Vaccine (PCV) Strategy in Patients With Solid Tumors and Molecular Residual Disease,PHASE1,Phase 1,RECRUITING,64,Washington University School of Medicine,Washington University School of Medicine,178,0,0,multi_experimental,4,device: signatera assay;poly iclc;synthetic long peptide personalized cancer vaccine,device: signatera assay;poly iclc;synthetic long peptide personalized cancer vaccine,,Vaccine,ALK;RET;ROS1,1,1,0,0,0,0,0,0,0,0,,metastatic · adenoca.
NCT06532006,A Phase Ⅲ Clinical Study of HLX22 in Combination With Trastuzumab and Chemotherapy for the Treatment of Gastroesophageal Junction and Gastric Cancer,PHASE3,Phase 3,RECRUITING,550,Shanghai Henlius Biotech,Shanghai Henlius,98,1,0,active_comparator,2,capecitabine;oxaliplatin;pembrolizumab;trastuzumab,capecitabine;hlx22;oxaliplatin;trastuzumab,HER2,Monoclonal Antibody,HER2,1,1,1,0,0,0,0,1,0,1,HER2+,metastatic · 1st-line · adenoca. · measurable (RECIST)
NCT06586957,A Study With NKT3964 for Adults With Advanced/Metastatic Solid Tumors,PHASE1,Phase 1,RECRUITING,150,"NiKang Therapeutics, Inc.",NiKang Therapeutics,5,1,0,multi_experimental,2,nkt3964,nkt3964,CDK2,Small Molecule,HER2,0,1,1,0,0,0,0,0,1,1,HER2+,metastatic · 2nd-line+ · adenoca.
NCT06614751,A PARG Inhibitor DAT-2645 Monotherapy in Patients with Advanced/Metastatic Solid Tumors Harboring BRCA1/2 Loss of Function Alterations And/or Other Defects in the DDR Pathway,PHASE1,Phase 1,NOT_YET_RECRUITING,112,"Danatlas Pharmaceuticals Co., Ltd",Danatlas Pharmaceuticals,3,1,0,multi_experimental,3,dat-2645 tablet,dat-2645 tablet,PARP,Small Molecule,BRCA1;BRCA2,0,1,0,0,0,0,0,0,0,0,,metastatic · measurable (RECIST)
NCT06617169,Dose-Escalation of MNPR-101-PCTA-177Lu in Solid Tumors,PHASE1,Phase 1,ACTIVE_NOT_RECRUITING,12,Monopar Therapeutics,Monopar Therapeutics,3,1,0,multi_experimental,5,mnpr-101-pcta-177lu,mnpr-101-pcta-177lu,,Radiopharmaceutical,,0,1,0,0,0,0,0,0,0,0,,metastatic
NCT06632262,A Phase 2 Clinical Study of ABSK061 and ABSK043,PHASE2,Phase 2,RECRUITING,202,"Abbisko Therapeutics Co, Ltd",AbbVie,274,1,0,multi_experimental,4,,absk061 + absk043;absk061+absk043 in combination with capox,FGFR,Small Molecule,ALK;BRAF;EGFR;FGFR2;FGFR2/3;FGFR2B;HER2;KRAS;MET;NTRK;RET;ROS1,0,1,1,0,0,0,0,0,0,1,HER2−,metastatic · squamous · measurable (RECIST)
NCT06645808,PET-imaging of Two Vartumabs in Patients With Solid Tumors,EARLY_PHASE1,Phase 1,RECRUITING,32,Var2 Pharmaceuticals,Var2 Pharmaceuticals,1,1,0,multi_experimental,2,pet/ct scan,89zr-dfo-n-suc-c9scfv;89zr-dfo-n-suc-f8scfv;pet/ct scan,oncofetal chondroitin sulfate,Radiopharmaceutical,,0,1,0,0,0,0,0,0,0,0,,adjuvant · squamous
NCT06646783,Phase IIT Trial of SNA014,EARLY_PHASE1,Phase 1,NOT_YET_RECRUITING,28,SmartNuclide Biopharma,SmartNuclide Biopharma,8,1,0,single_arm,1,[68ga]ga-nodaga-sna014,[68ga]ga-nodaga-sna014,CLDN18.2,Radiopharmaceutical,CLDN18.2,0,1,0,1,0,0,0,0,0,1,CLDN18.2+,adenoca.
NCT06666166,SHR-A1811 Combined with Apatinib in the Treatment of Advanced Gastric or Gastroesophageal Junction Adenocarcinoma and Colorectal Cancer,PHASE2,Phase 2,NOT_YET_RECRUITING,28,Yunpeng Liu,Yunpeng Liu,3,0,0,multi_experimental,2,shr-a1811 & apartinib,shr-a1811 & apartinib,VEGFR-2,Monoclonal Antibody,,1,1,0,0,0,0,0,0,0,0,,metastatic · adenoca. · measurable (RECIST)
NCT06673329,Brodalumab in the Treatment of Immune-Related Adverse Events,PHASE1,Phase 1,RECRUITING,11,"Brian Henick, MD","Brian Henick, MD",1,0,0,single_arm,1,brodalumab;ct scan,brodalumab;ct scan,IL-17RA,Monoclonal Antibody,,1,1,0,0,0,0,0,0,0,0,,metastatic
NCT06685887,A Clinical Study Evaluating the Efficacy of Systemic Chemotherapy and Immune Checkpoint Inhibitors Combined With Hyperthermic Intraperitoneal Chemotherapy in the Treatment of Gastric Cancer Patients With Peritoneal Metastasis,PHASE2,Phase 2,RECRUITING,34,"Union Hospital, Tongji Medical College, Huazhong University of Science and Technology","Union Hospital, Tongji Medical College, Huazhong University of Science and Technology",29,0,1,single_arm,1,SOX;hipec;immune checkpoint inhibitors,SOX;hipec;immune checkpoint inhibitors,,,,0,1,0,0,0,0,0,0,0,0,,metastatic · ECOG 0-1
NCT06695845,A Phase 2 Study of Zanidatamab in Patients With HER2-expressing Tumors,PHASE2,Phase 2,RECRUITING,200,Jazz Pharmaceuticals,Jazz Pharmaceuticals,59,1,0,single_arm,1,zanidatamab,zanidatamab,HER2,Bispecific Antibody,ALK;BRAF;EGFR;HER2;KRAS;MET;ROS1,1,1,1,0,0,0,0,0,0,1,HER2+,metastatic · small-cell · measurable (RECIST)
NCT06710132,Study of Anti-CEACAM5 ADC M9140 in Participants With Advanced Solid Tumors (PROCEADE PanTumor),PHASE1;PHASE2,Phase 2,ACTIVE_NOT_RECRUITING,184,"EMD Serono Research & Development Institute, Inc.",Merck KGaA,166,1,1,multi_experimental,5,m9140,m9140,CEA,ADC,CEACAM5;EGFR;HER2;MSI;MSI-H;PD-L1;genomic,1,1,1,0,1,1,0,0,1,1,"HER2−, MSI-H/dMMR, PD-L1+",metastatic · 2nd-line+ · adenoca. · measurable (RECIST)
NCT06710756,Lead-212 PSV359 Therapy for Patients With Solid Tumors,PHASE1;PHASE2,Phase 2,RECRUITING,112,Perspective Therapeutics,Perspective Therapeutics,4,1,0,multi_experimental,2,[203pb]pb-psv359;[212pb]pb-psv359,[203pb]pb-psv359;[212pb]pb-psv359,FAP,Radiopharmaceutical,FAP,0,1,0,0,0,0,0,0,0,0,,metastatic · ECOG 0-1
NCT06714617,Evaluate BL-M17D1 in Patients w/HER2-Expressing/Mutant Advanced or Metastatic Solid Tumors,PHASE1,Phase 1,ACTIVE_NOT_RECRUITING,120,SystImmune Inc.,SystImmune,7,1,0,multi_experimental,3,bl-m17d1,bl-m17d1,HER2,ADC,HER2;MET,1,1,1,0,0,0,0,0,1,1,HER2+,metastatic · 2nd-line+ · squamous · measurable (RECIST) · ECOG 0-1
NCT06730581,Utidelone Capsule Monotherapy for Patients with Advanced Solid Tumors,PHASE2,Phase 2,NOT_YET_RECRUITING,100,"Beijing Biostar Pharmaceuticals Co., Ltd.",Beijing Biostar Pharmaceuticals,12,1,0,multi_experimental,3,utidelone capsule,utidelone capsule,Tubulin,Small Molecule,HER2;MET,0,1,1,0,0,0,0,0,1,1,HER2+,metastatic · 2nd-line+ · adenoca. · measurable (RECIST) · ECOG 0-1
NCT06731478,"Study of TDXd, Chemotherapy, Pembrolizumab, and Trastuzumab in First-Line Metastatic HER2-Positive Gastric or Gastroesophageal Junction Cancer",PHASE3,Phase 3,RECRUITING,726,Daiichi Sankyo,Daiichi Sankyo,178,1,1,multi_experimental,4,,pembrolizumab;trastuzumab;trastuzumab deruxtecan,PD-1,Monoclonal Antibody,HER2;PD-L1,1,1,1,0,0,1,0,1,0,1,"HER2+, PD-L1+",metastatic · 1st-line · adenoca. · measurable (RECIST)
NCT06764875,A Phase Ⅲ Study of Rilvegostomig in Combination With Fluoropyrimidine and Trastuzumab Deruxtecan as the First-line Treatment for HER2-positive Gastric Cancer,PHASE3,Phase 3,RECRUITING,840,AstraZeneca,AstraZeneca,780,1,1,active_comparator,3,capecitabine;cisplatin;fluorouracil;oxaliplatin;pembrolizumab;rilvegostomig;trastuzumab,capecitabine;fluorouracil;rilvegostomig;trastuzumab deruxtecan,HER2,Monoclonal Antibody,HER2;PD-L1,1,1,1,0,0,1,0,1,0,1,"HER2+, PD-L1+",metastatic · 1st-line · adenoca. · measurable (RECIST)
NCT06769425,HS-10502 Combination Treatment in Patients With Advanced Solid Tumors,PHASE1,Phase 1,RECRUITING,157,"Jiangsu Hansoh Pharmaceutical Co., Ltd.",Hansoh,82,1,0,multi_experimental,7,,hs-10502 + bevacizumab;hs-10502 + hs-20089;hs-10502 + hs-20093;hs-10502 + nab-paclitaxel or docetaxel or irinotecan;hs-10502 + nha;hs-10502 + platinum + bevacizumab;hs-10502+ apatinib,,,,0,1,0,0,0,0,0,0,0,0,,metastatic · measurable (RECIST)
NCT06773312,BC001 in Combination with Sintilimab and XELOX in the Treatment of HER-2 Negative Advanced or Metastatic Gastric Cancer or Gastroesophageal Junction Adenocarcinoma.,PHASE1,Phase 1,RECRUITING,80,"Sichuan Luzhou Buchang Biopharmaceutical Co., Ltd.",Sichuan Luzhou Buchang Biopharmaceutical,3,1,0,single_arm,1,bc001+sintilimab+xelox,bc001+sintilimab+xelox,PD-1,Monoclonal Antibody,PD-L1,1,1,0,0,0,0,0,0,1,0,,metastatic · 2nd-line+ · adenoca. · measurable (RECIST)
NCT06783569,A First-in-Human Escalation and Expansion Study of Patients With Advanced Solid Tumors,PHASE1,Phase 1,RECRUITING,94,JiaRay Group,JiaRay Group,1,1,0,multi_experimental,9,jr8603,jr8603,,,BRAF;HER2;MMR;MSI;MSI-H;PD-L1;dMMR,0,1,1,0,1,1,0,1,0,1,"HER2+, MSI-H/dMMR, PD-L1+",metastatic · 1st-line · squamous · measurable (RECIST)
NCT06789172,"A Phase 1, First-in-human Study of OKN4395 and Pembrolizumab in Patients With Solid Tumors",PHASE1,Phase 1,RECRUITING,146,Epkin,Epkin,1,1,0,multi_experimental,7,okn4395,fasting;fed;h2 receptor antagonist;okn4395;pembrolizumab,EP2,Small Molecule,ALK;HER2;MSI;PD-L1,0,1,1,0,1,1,0,1,1,1,"HER2−, MSI-H/dMMR, PD-L1+",metastatic · 1st-line · adenoca. · measurable (RECIST)
NCT06792435,XNW27011 Study of Advanced Solid Tumor Subjects Who Failed Standard Therapies.,PHASE1;PHASE2,Phase 2,ACTIVE_NOT_RECRUITING,240,"Astellas Pharma Global Development, Inc.",Astellas,171,1,1,multi_experimental,2,xnw27011,xnw27011,CLDN18.2,ADC,CLDN18.2,1,1,0,1,0,0,0,0,0,1,CLDN18.2+,metastatic · adenoca. · measurable (RECIST)
NCT06821048,Study of CEA Targeting CAR-T (PTC13) in the Treatment of CEA-Positive Advanced Malignant Solid Tumors,PHASE1,Phase 1,RECRUITING,18,"Weijia Fang, MD","Weijia Fang, MD",3,0,0,single_arm,1,intraperitoneal infusion of fast cea-targeted car-t,intraperitoneal infusion of fast cea-targeted car-t,CEA,CAR-T,CEA,1,1,0,0,0,0,0,0,1,0,,metastatic · 2nd-line+ · measurable (RECIST) · ECOG 0
NCT06846346,Testing Ivonescimab in Combination With Chemotherapy in Advanced or Metastatic Gastric/Gastroesophageal Adenocarcinoma,PHASE2,Phase 2,RECRUITING,88,UNICANCER,UNICANCER,64,0,0,multi_experimental,2,ivonescimab,FOLFOX;irinotecan;ivonescimab;paclitaxel,PD-1,Bispecific Antibody,BRAF;HER2;MET;MSI;MSI-H;MSS;PD-L1;biomarker;dMMR;pMMR,1,1,1,1,1,1,0,0,0,1,"HER2+, CLDN18.2+, MSI-H/dMMR, PD-L1+",metastatic · adenoca. · measurable (RECIST)
NCT06873659,SON-DP in Participants With Relapsed/Refractory Intolerant to Standard of Care Therapies for Advanced/Metastatic Solid Tumors,PHASE1,Phase 1,RECRUITING,96,Qurgen Inc.,Qurgen,2,1,0,multi_experimental,8,son-dp,son-dp,,,MET,0,1,0,0,0,0,0,0,0,0,,metastatic · adenoca. · measurable (RECIST)
NCT06882746,"A Study to Test Different Doses of BI 765049 in People With Advanced Cancer of the Colon, Rectum, Stomach, or Pancreas",PHASE1,Phase 1,ACTIVE_NOT_RECRUITING,135,Boehringer Ingelheim,Boehringer Ingelheim,237,1,1,multi_experimental,2,bi 765049,bi 765049,,,,0,1,0,0,0,0,0,0,0,0,,metastatic · adenoca.
NCT06901531,A Study of Zolbetuximab Together With Pembrolizumab and Chemotherapy in Adults With Gastric Cancer,PHASE3,Phase 3,RECRUITING,500,"Astellas Pharma Global Development, Inc.",Astellas,171,1,1,active_comparator,2,5-fluorouracil (5-fu);capecitabine;folinic acid (leucovorin or local equivalent);oxaliplatin;pembrolizumab,5-fluorouracil (5-fu);capecitabine;folinic acid (leucovorin or local equivalent);oxaliplatin;pembrolizumab;zolbetuximab,CLDN18.2,Monoclonal Antibody,CLDN18.2;HER2;MMR;MSI;PD-L1,1,1,1,1,1,1,0,0,0,1,"HER2−, CLDN18.2+, MSI-H/dMMR, PD-L1+",metastatic · adenoca. · measurable (RECIST)
NCT06910657,IDOV-Immune for Advanced Solid Tumors,PHASE1,Phase 1,RECRUITING,78,"ViroMissile, Inc.",ViroMissile,1,1,0,single_arm,1,idov-immune (oncolytic vaccinia virus),idov-immune (oncolytic vaccinia virus),,Oncolytic Virus,,1,1,0,0,0,0,0,0,0,0,,metastatic · measurable (RECIST)
NCT06921837,A First-in-Human Study Using BDC-4182 as a Single Agent in Advanced Gastric and Gastroesophageal Cancer,PHASE1;PHASE2,Phase 2,RECRUITING,122,"Bolt Biotherapeutics, Inc.",Bolt Biotherapeutics,4,1,0,multi_experimental,2,bdc-4182,bdc-4182,CLDN18.2,ADC,,1,1,0,0,0,0,0,0,0,0,,metastatic · measurable (RECIST)
NCT06921928,Study for AZD4360 in Participants With Advanced Solid Tumours,PHASE1;PHASE2,Phase 2,ACTIVE_NOT_RECRUITING,31,AstraZeneca,AstraZeneca,780,1,1,single_arm,1,azd4360,azd4360,VEGF/VEGFR,Small Molecule,CLDN18.2;HER2,0,1,1,1,0,0,0,0,0,1,"HER2+, CLDN18.2+",metastatic · adenoca. · measurable (RECIST)
NCT06937567,CDH17 CAR-T Therapy in Advanced Malignant Solid Tumors,EARLY_PHASE1,Phase 1,RECRUITING,36,Zhejiang University,Zhejiang University,58,0,0,multi_experimental,2,,cdh17 car-t;fast laco-stim cdh17 car-t,CDH17,CAR-T,CDH17,1,1,0,0,0,0,0,0,0,0,,metastatic · measurable (RECIST)
NCT06942767,"Combination of QLS31905, QL2107 and Chemotherapy as First-line Therapy in CLDN18.2-positive Unresectable Locally Advanced or Metastatic Gastric or Gastroesophageal Junction (GEJ) Adenocarcinoma",PHASE2,Phase 2,NOT_YET_RECRUITING,100,"Qilu Pharmaceutical Co., Ltd.",Qilu Pharmaceutical,108,1,0,single_arm,1,capecitabine tablets;oxaliplatin;ql2107 injection;qls31905 for injection,capecitabine tablets;oxaliplatin;ql2107 injection;qls31905 for injection,CLDN18.2,Monoclonal Antibody,CLDN18.2,1,1,0,0,0,0,0,0,0,0,,metastatic · adenoca. · measurable (RECIST)
NCT06943521,A Study of MT-4561 in Patients With Various Advanced Solid Tumors,PHASE1;PHASE2,Phase 2,RECRUITING,27,"Tanabe Pharma America, Inc.",Tanabe Pharma America,3,1,0,single_arm,1,mt-4561,mt-4561,BRD4,Small Molecule,,0,1,0,0,0,0,0,0,0,0,,metastatic · adenoca. · measurable (RECIST)
NCT06944496,A Study of Disitamab Vedotin Combined With Tislelizumab and Chemotherapy Versus Tislelizumab Combined With Chemotherapy in HER2-Low Advanced Gastric or Gastroesophageal Junction Adenocarcinoma,PHASE3,Phase 3,NOT_YET_RECRUITING,616,"RemeGen Co., Ltd.",RemeGen,51,1,0,active_comparator,2,tislelizumab+oxaliplatin+capecitabine,disitamab vedotin+tislelizumab+oxaliplatin+capecitabine,HER2,ADC,HER2,1,1,1,0,0,0,0,0,0,1,HER2−,metastatic · adenoca. · measurable (RECIST)
NCT06947291,Safety and Efficacy of Glumetinib Combined With Docetaxel for Injection (Albumin-bound) in Patients With Advanced Gastric Cancer/Gastroesophageal Junction Adenocarcinoma and Other Solid Tumors,PHASE2,Phase 2,RECRUITING,350,"CSPC ZhongQi Pharmaceutical Technology Co., Ltd.",CSPC ZhongQi Pharmaceutical Technology,92,1,0,active_comparator,2,glumetinib tablets,docetaxel for injection (albumin-bound);glumetinib tablets,MET,Small Molecule,MET,0,1,0,0,0,0,0,0,0,0,,metastatic · measurable (RECIST)
NCT06974110,Study of Orally Administered MOMA-341 in Participants With Advanced or Metastatic Solid Tumors,PHASE1,Phase 1,RECRUITING,132,MOMA Therapeutics,MOMA Therapeutics,2,1,0,multi_experimental,3,moma-341,immunotherapy;irinotecan;moma-341,WRN,Small Molecule,MET;MMR;MSI;MSI-H;TA repeat expansions;dMMR,0,1,0,0,1,0,0,0,0,1,MSI-H/dMMR,metastatic · measurable (RECIST) · ECOG 2
NCT06988475,DETERMINE Trial Treatment Arm 06: Capmatinib in Adult Patients With Cancers Harbouring MET Dysregulations,PHASE2;PHASE3,Phase 3,RECRUITING,30,Cancer Research UK,Cancer Research UK,16,0,1,single_arm,1,capmatinib,capmatinib,MET,Small Molecule,MET,0,1,0,0,0,0,0,0,0,0,,metastatic · squamous
NCT06998771,JSKN003 Combined Treatment of HER2-positive Gastric Cancer,PHASE2,Phase 2,NOT_YET_RECRUITING,153,Shanghai JMT-Bio Inc.,Shanghai JMT-Bio,33,1,0,multi_experimental,4,capecitabine,capecitabine;enlonstobart;jskn003;kn026;oxaliplatin;pembolizumab;trastuzumab,HER2,Monoclonal Antibody,HER2;PD-L1,1,1,1,0,0,1,0,1,0,1,"HER2+, PD-L1+",metastatic · 1st-line · measurable (RECIST) · ECOG 0 - 1
NCT06999187,"A Study of DR-0202 in Patients With Locally Advanced or Metastatic, Relapsed or Refractory Carcinomas",PHASE1,Phase 1,RECRUITING,96,Dren Bio,Dren Bio,2,1,0,multi_experimental,8,dr-0202,dr-0202,,Bispecific Antibody,HER2,1,1,1,0,0,0,0,0,1,1,HER2+,metastatic · 2nd-line+ · measurable (RECIST)
NCT07018570,An Open Label Phase 2 Study of Total Neoadjuvant Therapy (TNT) Consisting of FLOT With Pembrolizumab and Short Radiation for Patients With Locally Advanced Gastroesophageal Junction Adenocarcinoma,PHASE2,Phase 2,RECRUITING,26,National Cancer Center Hospital East,National Cancer Center Hospital East,10,0,1,single_arm,1,docetaxel;fluorouracil (5-fu);levofolinate;oxaliplatin;pembrolizumab;radiation therapy,docetaxel;fluorouracil (5-fu);levofolinate;oxaliplatin;pembrolizumab;radiation therapy,PD-1,Monoclonal Antibody,PD-L1;biomarker;biomarker analysis,1,1,0,0,0,1,0,0,0,1,PD-L1+,recurrent · adenoca.
NCT07021066,"Evaluate the Safety, Tolerability, Pharmacokinetics and Efficacy of BL-M05D1 in Subjects With Solid Tumors",PHASE1,Phase 1,ACTIVE_NOT_RECRUITING,160,SystImmune Inc.,SystImmune,7,1,0,single_arm,1,bl-m05d1,bl-m05d1,CLDN18,ADC,BRAF;CLDN18.2;HER2;KRAS;MET;MMR;MSI;MSI-H;NTRK;PD-L1;dMMR,1,1,1,1,1,1,0,0,1,1,"HER2+, CLDN18.2+, MSI-H/dMMR, PD-L1+",metastatic · 2nd-line+ · adenoca. · measurable (RECIST) · ECOG 0-1
NCT07023315,A Phase III Clinical Study of Cadonilimab Plus SOX as Perioperative Treatment for Patients With Resectable G/GEJ Adenocarcinoma,PHASE3,Phase 3,RECRUITING,760,Akeso,Akeso,103,1,0,placebo_comparator,2,SOX,SOX;cadonilimab,PD-1,Monoclonal Antibody,PD-L1,1,1,0,0,0,0,0,0,0,0,,metastatic · adenoca.
NCT07036185,A Clinical Trail of KJ015 in Patients With HER2-Expressing Solid Tumors,PHASE1,Phase 1,NOT_YET_RECRUITING,66,"Shanghai Bao Pharmaceuticals Co., Ltd.",Shanghai Bao Pharmaceuticals,1,1,0,single_arm,1,kj015 injection (subcutaneous injection),kj015 injection (subcutaneous injection),HER2,Monoclonal Antibody,HER2,1,1,0,0,0,0,0,0,0,0,,metastatic
NCT07059299,A Phase Ib Trial Evaluating the Safety and Activity of Neoadjuvant Combination of Tislelizumab Plus FLOT for Resectable Esophagogastric Adenocarcinoma,PHASE1,Phase 1,RECRUITING,18,Institut für Klinische Krebsforschung IKF GmbH at Krankenhaus Nordwest,Institut für Klinische Krebsforschung IKF GmbH at Krankenhaus Nordwest,28,0,1,single_arm,1,FLOT;tislelizumab,FLOT;tislelizumab,PD-1,Monoclonal Antibody,MSI;PD-L1;dMMR,1,1,0,0,1,1,0,0,0,1,"MSI-H/dMMR, PD-L1+",locally advanced · adenoca.
NCT07066657,A Study of MRG007 (ARR-217) in Patients With Advanced Solid Tumors,PHASE1,Phase 1,RECRUITING,572,"ArriVent BioPharma, Inc.",ArriVent BioPharma,5,1,0,multi_experimental,2,,mrg007;mrg007 and bevacizumab,EGFR,Monoclonal Antibody,EGFR,1,1,0,0,0,0,0,0,0,0,,metastatic · measurable (RECIST)
NCT07069712,A Study of Novel Agents or Combinations as Perioperative Treatment in Participants With Locally Advanced Resectable Gastroesophageal Adenocarcinoma,PHASE2,Phase 2,RECRUITING,100,AstraZeneca,AstraZeneca,780,1,1,multi_experimental,5,rilvegostomig,5-fluorouracil (5-fu);FLOT;capecitabine;leucovorin;rilvegostomig;sonesitatug vedotin;trastuzumab deruxtecan (t-dxd),,,CLDN18.2;HER2,0,1,1,1,0,0,0,0,0,1,"HER2+, CLDN18.2+",metastatic · adenoca.
NCT07070466,Ivonescimab in Comb. With FOLFOX in Advanced HER2 Neg. GEA,PHASE2,Phase 2,RECRUITING,40,Massachusetts General Hospital,Massachusetts General Hospital,170,0,0,single_arm,1,fluorouracil;ivonescimab;leucovorin;oxaliplatin,fluorouracil;ivonescimab;leucovorin;oxaliplatin,PD-1,Bispecific Antibody,BRAF;HER2;MSS;PD-L1;pMMR,1,1,1,0,0,1,0,0,0,1,"HER2+, PD-L1+",metastatic · adenoca. · measurable (RECIST)
NCT07072728,Psilocybin-Assisted Psychotherapy in Cancer Patients With Adjustment Disorder,PHASE2,Phase 2,RECRUITING,87,Psyence Australia Pty Ltd,Psyence Australia Pty,1,1,0,active_comparator,3,psilocybin therapy,,,,,0,0,0,0,0,0,0,0,0,0,,metastatic
NCT07090499,A Study to Learn About the Study Medicine Called PF-08046876 in People With Advanced Solid Tumors,PHASE1,Phase 1,RECRUITING,540,Pfizer,Pfizer,687,1,1,multi_experimental,3,pf-08046876,pf-08046876,ITGB6,ADC,,1,1,0,0,0,0,0,0,0,0,,advanced · measurable (RECIST)
NCT07102901,Safety and Efficacy of SHR2554 Combined With Other Antitumor Therapies in Gastric or Gastro-oesophageal Junction Adenocarcinoma,PHASE2,Phase 2,RECRUITING,351,"Jiangsu HengRui Medicine Co., Ltd.",Hengrui,312,1,0,multi_experimental,4,shr2554 tablets,shr-1701 injection;shr-a1811 injection;shr-a1904 injection;shr2554 tablets,,,,0,1,0,0,0,0,0,0,0,0,,metastatic · measurable (RECIST) · ECOG 0
NCT07103668,A Phase III Randomized Study in CLDN18.2-positive Unresectable Locally Advanced Gastric Cancer Patients,PHASE3,Phase 3,RECRUITING,150,"Suzhou Immunofoco Biotechnology Co., Ltd",Suzhou Immunofoco Biotechnology,7,1,0,active_comparator,2,control,car t cells,MSLN,CAR-T,CLDN18.2;HER2;Mesothelin;PR,1,1,1,1,0,0,1,1,1,1,"HER2+, CLDN18.2+, EBV+",metastatic · 1st-line · adenoca. · measurable (RECIST)
NCT07110571,A Trial of Adebrelimab Plus (SHR-A1811/SHR-A1904 With Chemotherapy) or SHR-8068 as Treatment for Gastric/GEJ Cancer,PHASE2,Phase 2,RECRUITING,200,"Suzhou Suncadia Biopharmaceuticals Co., Ltd.",Suzhou Suncadia Biopharmaceuticals,86,1,0,multi_experimental,3,adebrelimab injection,adebrelimab injection;shr-8068 injection;shr-a1811 for injection;shr-a1904 for injection,PD-1,Monoclonal Antibody,PD-L1;biomarker,1,1,0,0,0,0,0,0,0,0,,adenoca.
NCT07114601,A Study of LY4257496 in Participants With Cancer (OMNIRAY),PHASE1,Phase 1,RECRUITING,421,Eli Lilly and Company,Eli Lilly,535,1,1,multi_experimental,5,diagnostic test: ly4257529;ly4257496,diagnostic test: ly4257529;ly4257496;standard of care anticancer therapies,GRPR,Radiopharmaceutical,ER;GRPR;HER2,0,1,1,0,0,0,0,0,1,1,HER2+,metastatic · 2nd-line+ · adenoca. · measurable (RECIST)
NCT07115043,A Study to Investigate Safety of AZD6750 in Adult Participants With Select Advanced or Metastatic Solid Tumors,PHASE1;PHASE2,Phase 2,RECRUITING,120,AstraZeneca,AstraZeneca,780,1,1,multi_experimental,2,azd6750,azd6750;rilvegostomig,IL-2,Small Molecule,PD-L1,0,1,0,0,0,1,0,0,0,1,PD-L1+,metastatic · squamous · measurable (RECIST) · ECOG 0-1
NCT07143604,A Study to Investigate the Effects of AZD0901 Monotherapy in Adult Participants With 2L+ Advanced or Metastatic Gastric or GEJ Adenocarcinoma Expressing CLDN18.2,PHASE2,Phase 2,ACTIVE_NOT_RECRUITING,33,AstraZeneca,AstraZeneca,780,1,1,single_arm,1,azd0901,azd0901,CLDN18.2,ADC,CLDN18.2;HER2,1,1,1,1,0,0,0,0,0,1,"HER2+, CLDN18.2+",metastatic · adenoca. · measurable (RECIST)
NCT07151040,Phase 1/2 Study to Evaluate TH9619 in the Treatment of Advanced Solid Tumors,PHASE1;PHASE2,Phase 2,RECRUITING,43,One-carbon Therapeutics AB,One-carbon Therapeutics,1,1,0,single_arm,1,th9619,th9619,MTHFD1,Small Molecule,,0,1,0,0,0,0,0,0,0,0,,metastatic · squamous
NCT07166263,Safety and Efficacy of NK510 to Treat Gastric Cancer and Colorectal Cancer,EARLY_PHASE1,Phase 1,NOT_YET_RECRUITING,15,"Base Therapeutics (Shanghai) Co., Ltd.",Base Therapeutics (Shanghai),8,1,0,multi_experimental,2,nk510,nk510,,Cell Therapy,,1,1,0,0,0,0,0,0,0,0,,metastatic · measurable (RECIST)
NCT07176312,Zanidatamab in Combination With Pembrolizumab and Chemotherapy in HER2 and PD-L1 Positive Metastatic Gastroesophageal Adenocarcinoma (GEA) Patients,PHASE2,Phase 2,RECRUITING,80,Institut für Klinische Krebsforschung IKF GmbH at Krankenhaus Nordwest,Institut für Klinische Krebsforschung IKF GmbH at Krankenhaus Nordwest,28,0,0,single_arm,1,FOLFOX;pembrolizumab;zanidatamab,FOLFOX;pembrolizumab;zanidatamab,HER2,Bispecific Antibody,HER2;PD-L1,1,1,1,0,0,1,0,0,0,1,"HER2+, PD-L1+",metastatic · adenoca. · measurable (RECIST)
NCT07179692,CEA-Targeted CAR-T Therapy in CEA-Positive Advanced Solid Tumors,PHASE1,Phase 1,RECRUITING,108,"Chongqing Precision Biotech Co., Ltd",Chongqing Precision Biotech,41,1,0,multi_experimental,3,cea-targeted car-t cells,cea-targeted car-t cells,CEA,CAR-T,CEA;MET,1,1,0,0,0,0,0,0,1,0,,metastatic · 2nd-line+ · measurable (RECIST)
NCT07182149,A Phase 1 Study of NRM-823 in Participants With Locally Advanced or Metastatic Refractory Solid Tumors,PHASE1,Phase 1,RECRUITING,150,"Normunity AccelCo, Inc.",Normunity AccelCo,1,1,0,single_arm,1,nrm-823,nrm-823,,Bispecific Antibody,,1,1,0,0,0,0,0,0,0,0,,metastatic · adenoca.
NCT07213791,A Study of LY4337713 in Participants With FAP-Positive Solid Tumors,PHASE1,Phase 1,RECRUITING,241,Eli Lilly and Company,Eli Lilly,535,1,1,multi_experimental,6,ly4337713,ly4337713,FAP,Radiopharmaceutical,FAP;HER2,0,1,1,0,0,0,0,0,1,1,HER2+,metastatic · 2nd-line+ · adenoca. · ECOG 0-1
NCT07217704,Using 18F-FAPI PET to Detect Metastatic Disease in Patients That Have Gastric or Esophageal Cancer.,PHASE3,Phase 3,RECRUITING,200,SOFIE,SOFIE,3,1,0,single_arm,1,[18f]fapi-74 pet/ct,[18f]fapi-74 pet/ct,,Radiopharmaceutical,ALK,0,1,0,0,0,0,0,0,0,0,,metastatic
NCT07218003,A Phase 1/1b of RNDO-564 Single Agent or in Combination With Pembrolizumab in Bladder Cancer and Other Solid Tumors Associated With Nectin-4,PHASE1,Phase 1,ENROLLING_BY_INVITATION,149,Rondo Therapeutics,Rondo Therapeutics,1,1,0,multi_experimental,15,rndo-564,pembrolizumab;rndo-564,NECTIN4,Bispecific Antibody,NECTIN-4,1,1,0,0,0,0,0,0,0,0,,metastatic · squamous · measurable (RECIST)
NCT07219238,"Study to Evaluate the Diagnostic Performance of GEH300079 (68Ga) Injection PET/CT for Detection of PC in Patients With Colorectal, Gastric, Ovarian, or Pancreatic Cancers (PERISCOPE)",PHASE2;PHASE3,Phase 3,RECRUITING,175,GE Healthcare,GE Healthcare,18,1,0,single_arm,1,geh300079 (68ga) injection positron-emission tomography (pet)/computed tomography (ct),geh300079 (68ga) injection positron-emission tomography (pet)/computed tomography (ct),,Radiopharmaceutical,,0,1,0,0,0,0,0,1,0,0,,metastatic · 1st-line
NCT07221149,"A Study to Evaluate the Safety and Efficacy of Pumitamig in Combination With Chemotherapy Versus Nivolumab in Combination With Chemotherapy in Participants With Previously Untreated Advanced or Metastatic Gastric, Gastroesophageal Junction, or Esophageal Adenocarcinoma (ROSETTA Gastric-204)",PHASE2;PHASE3,Phase 3,RECRUITING,690,Bristol-Myers Squibb,Bristol Myers Squibb,764,1,1,multi_experimental,4,CAPOX;FOLFOX,CAPOX;FOLFOX;nivolumab;pumitamig,PD-1,Monoclonal Antibody,CD30;HER2;PD-L1,1,1,1,0,0,1,0,1,0,1,"HER2−, PD-L1+",metastatic · 1st-line · adenoca. · measurable (RECIST)
NCT07227168,A Study of STRO-004 in Adults With Refractory/Recurrent Metastatic Cancer,PHASE1,Phase 1,RECRUITING,200,"Sutro Biopharma, Inc.",Sutro Biopharma,8,1,0,multi_experimental,3,stro-004,pembrolizumab;stro-004,PD-1,ADC,genomic,1,1,0,0,0,0,0,0,0,0,,metastatic · adenoca. · measurable (RECIST)
NCT07233850,A Phase II Clinical Study Evaluating SSGJ-706 in Combination Therapy for Advanced Gastrointestinal Cancers,PHASE2,Phase 2,NOT_YET_RECRUITING,300,"Shenyang Sunshine Pharmaceutical Co., LTD.",Shenyang Sunshine Pharmaceutical,14,1,0,multi_experimental,4,,ssgj-706+ag;ssgj-706+bevacizumab+xelox;ssgj-706+tp;ssgj-706+xelox,,,HER2;MSI;MSI-H;dMMR,0,1,1,0,1,0,0,0,1,1,"HER2+, MSI-H/dMMR",metastatic · 2nd-line+ · adenoca. · measurable (RECIST) · ECOG 0-1
NCT07252661,Study of ACC-1898 in Adult Participants With Advanced Solid Tumors,PHASE1,Phase 1,NOT_YET_RECRUITING,40,"AccSalus Biosciences, Inc.",AccSalus Biosciences,1,1,0,multi_experimental,2,acc-1898,acc-1898,,Cell Therapy,,1,1,0,0,0,0,0,0,0,0,,metastatic · measurable (RECIST)
NCT07257575,A Randomized Controlled Study of Serplulimab Combined With Chemotherapy for Locally Advanced Gastric Adenocarcinoma,PHASE2,Phase 2,ACTIVE_NOT_RECRUITING,138,Guangdong Provincial People's Hospital,Guangdong Provincial People's Hospital,5,0,0,active_comparator,2,flot (fluorouracil+leucovorin+oxaliplatin+docetaxel),flot (fluorouracil+leucovorin+oxaliplatin+docetaxel)+serplulimab,PD-1,Monoclonal Antibody,HER2;MSI;MSI-H;PD-L1;dMMR,1,1,1,0,1,1,0,0,0,1,"HER2+, MSI-H/dMMR, PD-L1+",adenoca.
NCT07262619,"EIK1005-002: A Clinical Research Study Evaluating EIK1005, a Werner Helicase Inhibitor, as Monotherapy and in Combination With Pembrolizumab in Participants With Advanced Solid Tumors Including Microsatellite Instability High (MSI-H) Tumors",PHASE1;PHASE2,Phase 2,RECRUITING,160,Eikon Therapeutics,Eikon Therapeutics,10,1,1,multi_experimental,3,eik1005,eik1005;pembrolizumab (keytruda ),WRN,Small Molecule,MMR;MSI;MSI-H;dMMR,0,1,0,0,1,0,0,0,1,1,MSI-H/dMMR,metastatic · 2nd-line+ · measurable (RECIST) · ECOG 0-1
NCT07277413,A Study of IDE892 as Monotherapy and Combination in MTAP-deleted Advanced Solid Tumors,PHASE1,Phase 1,RECRUITING,260,IDEAYA Biosciences,IDEAYA Biosciences,11,1,0,multi_experimental,4,ide892,ide397;ide892,PRMT5,Small Molecule,MTAP-DELETED;PD-L1;biomarker,0,1,0,0,0,1,0,0,0,1,PD-L1+,metastatic · adenoca. · measurable (RECIST)
NCT07284186,First-in-Human Study of PLX-61639 in Locally Advanced or Metastatic Solid Tumors,PHASE1,Phase 1,RECRUITING,155,"Plexium, Inc.",Plexium,1,1,0,single_arm,1,plx-61639,plx-61639,SMARCA2,Small Molecule,SMARCA4,0,1,0,0,0,0,0,0,1,0,,metastatic · 2nd-line+ · measurable (RECIST) · ECOG 0
NCT07298200,"Clinical Trial on the Safety, Tolerance and Preliminary Efficacy of XH001 Injection Combined With Neoantigen Vaccine-induced Tumor-specific T-cell Injection in Advanced Gastric Cancer",PHASE1,Phase 1,RECRUITING,18,Jia Wei,Jia Wei,1,0,0,multi_experimental,2,tumor vaccine-induced specific t-cell injection;xh001 injection,tumor vaccine-induced specific t-cell injection;xh001 injection,,Vaccine,,1,1,0,0,0,0,0,0,1,0,,metastatic · 2nd-line+ · measurable (RECIST)
NCT07315750,A Study of Disitamab Vedotin Combined With Trastuzumab and Tislelizumab Versus Chemotherapy Combined With Trastuzumab With or Without Pembrolizumab in HER2-high Expression Advanced Gastric or Gastroesophageal Junction Adenocarcinoma.,PHASE3,Phase 3,RECRUITING,555,"RemeGen Co., Ltd.",RemeGen,51,1,0,active_comparator,2,capox (oxaliplatin/capecitabine);pembrolizumab;trastuzumab,disitamab vedotin;tislelizumab;trastuzumab,PD-1,Monoclonal Antibody,HER2;PD-L1,1,1,1,0,0,0,0,0,0,1,HER2+,metastatic · adenoca. · measurable (RECIST)
NCT07332533,A Study of KN026-based Combination Therapy in HER2-positive Gastric Cancer,PHASE2;PHASE3,Phase 3,NOT_YET_RECRUITING,490,Shanghai JMT-Bio Inc.,Shanghai JMT-Bio,33,1,0,multi_experimental,4,capecitabine;cisplatin;fluorouracil;oxaliplatin,capecitabine;cisplatin;enlonstobart;fluorouracil;kn026;oxaliplatin;pembolizumab;trastuzumab,HER2,ADC,HER2;PD-L1,1,1,1,0,0,1,0,0,0,1,"HER2+, PD-L1+",metastatic · measurable (RECIST) · ECOG 0 - 1
NCT07341737,SL-28 for Advanced Solid Tumours,PHASE1;PHASE2,Phase 2,RECRUITING,60,Second Life Therapeutics,Second Life Therapeutics,1,1,0,multi_experimental,3,sl-28,sl-28,,,biomarker,0,1,0,0,0,0,0,0,1,0,,metastatic · 2nd-line+ · adenoca. · measurable (RECIST)
NCT07354711,A First-in-human Study of 3H-10000 in Patients With Unresectable or Metastatic Solid Tumors,PHASE1;PHASE2,Phase 2,RECRUITING,170,"3H Pharmaceuticals Co., Ltd.",3H Pharmaceuticals,1,1,0,multi_experimental,2,3h-10000,3h-10000,FGFR2b,ADC,,1,1,0,0,0,0,0,0,0,0,,measurable (RECIST)
NCT07358806,Study to Assess the Effect of OCT-598 in Patients With Advanced Solid Tumors,PHASE1,Phase 1,RECRUITING,51,Oscotec Inc.,Oscotec,3,1,0,multi_experimental,9,oct-598,docetaxel;oct-598,EP2/EP4,Small Molecule,,0,1,0,0,0,0,0,0,1,0,,metastatic · 2nd-line+ · squamous · measurable (RECIST)
NCT07358884,First in Human Study of QLS5316 in Solid Tumors,PHASE1,Phase 1,NOT_YET_RECRUITING,300,"Qilu Pharmaceutical Co., Ltd.",Qilu Pharmaceutical,108,1,0,single_arm,1,qls5316,qls5316,,,MET,0,1,0,0,0,0,0,0,0,0,,metastatic · measurable (RECIST)
NCT07364422,To Evaluate the Safety and Tolerability of Study Drug as a Third-line and Beyond Therapy for Recurrent or Metastatic Gastric Cancer,PHASE1;PHASE2,Phase 2,NOT_YET_RECRUITING,49,Onconic Therapeutics Inc.,Onconic Therapeutics,5,1,0,single_arm,1,irinotecan (drug);jpi-547,irinotecan (drug);jpi-547,PARP,Small Molecule,BRCA1;BRCA2;HRD,0,1,0,0,0,0,0,0,1,0,,metastatic · 2nd-line+ · adenoca. · measurable (RECIST)
NCT07371663,An Phase Ib/II Clinical Trial of TCC1727 Combination Therapy in Advanced Solid Tumors,PHASE1;PHASE2,Phase 2,RECRUITING,266,"Beijing Tide Pharmaceutical Co., Ltd",Beijing Tide Pharmaceutical,2,1,0,multi_experimental,3,benmelstobart injection;tcc1727 tablet,benmelstobart injection;tcc1727 tablet,PARP,Cell Therapy,ALK;BRAF;KRAS;MET;MSI;MSI-H;PD-L1;RET;ROS1;biomarker,1,1,0,0,1,1,0,1,1,1,"MSI-H/dMMR, PD-L1+",metastatic · 1st-line · small-cell · measurable (RECIST)
NCT07390838,A Study of SH009 Injection in Patients With Advanced Solid Tumors.,PHASE1,Phase 1,RECRUITING,150,"Nanjing Sanhome Pharmaceutical, Co., Ltd.",Nanjing Sanhome Pharmaceutical,16,1,0,single_arm,1,sh009,sh009,,,PD-L1;biomarker,0,1,0,0,0,1,0,0,0,1,PD-L1+,metastatic · squamous · measurable (RECIST)
NCT07392892,Symbiotic-GI-16: A Study to Learn About the Study Medicine Called PF-08634404 in Combination With Chemotherapy in Gastroesophageal Cancer,PHASE2;PHASE3,Phase 3,RECRUITING,840,Pfizer,Pfizer,687,1,1,active_comparator,3,nivolumab,pf-08634404,PD-1,Bispecific Antibody,MMR-PROFICIENT;MSI-H;PD-L1;dMMR,1,1,0,0,0,1,0,0,0,1,PD-L1+,metastatic · adenoca. · ECOG 0-1
NCT07394205,Clinical Study of CBG131 CAR-T Cell Injection for the Treatment of CLDN18.2-Positive Advanced Gastric and Pancreatic Cancer,EARLY_PHASE1,Phase 1,NOT_YET_RECRUITING,18,First Affiliated Hospital of Wenzhou Medical University,First Affiliated Hospital of Wenzhou Medical University,3,0,0,single_arm,1,cbg131 car-t cell infusion,cbg131 car-t cell infusion,CLDN18.2,CAR-T,CLDN18.2;PD-L1,1,1,0,1,0,1,0,0,0,1,"CLDN18.2+, PD-L1+",metastatic · adenoca. · measurable (RECIST)
NCT07419841,A Phase 1 Study of the Safety and Tolerability of CTX-10726,PHASE1,Phase 1,RECRUITING,70,Compass Therapeutics,Compass Therapeutics,6,1,0,multi_experimental,2,ctx-10726,ctx-10726,,,MET;MMR;MSI;PD-L1;dMMR,0,1,0,0,1,1,0,0,1,1,"MSI-H/dMMR, PD-L1+",metastatic · 2nd-line+ · squamous · measurable (RECIST)
NCT07431281,"Sonesitatug Vedotin in Combination With Capecitabine With or Without Rilvegostomig in Participants With Advanced or Metastatic Gastric, Gastroesophageal Junction, or Esophageal Adenocarcinoma Expressing Claudin18.2",PHASE3,Phase 3,RECRUITING,2130,AstraZeneca,AstraZeneca,780,1,1,active_comparator,5,capecitabine;fluorouracil;leucovorin;nivolumab;oxaliplatin;zolbetuximab,capecitabine;nivolumab;rilvegostomig;sonesitatug vedotin,PD-1,Monoclonal Antibody,CD30;CLDN18.2;HER2;PD-L1,1,1,1,1,0,1,0,1,0,1,"HER2+, CLDN18.2+, PD-L1+",metastatic · 1st-line · adenoca. · measurable (RECIST)
NCT07432295,Givastomig Combined With Nivolumab and Chemotherapy in Adults With CLDN18.2 Positive Metastatic Gastric Cancer (GIVA-2),PHASE2,Phase 2,RECRUITING,180,I-Mab Biopharma US Limited,I-Mab Biopharma US,6,1,0,active_comparator,3,5fluorouracil;capecitabine;leucovorin;nivolumab;oxaliplatin,5fluorouracil;capecitabine;givastomig;leucovorin;nivolumab;oxaliplatin,PD-1,Monoclonal Antibody,CD30;CLDN18.2;HER2;PD-L1,1,1,1,1,0,1,0,1,1,1,"HER2+, CLDN18.2+, PD-L1+",metastatic · 1st-line · adenoca. · measurable (RECIST)
NCT07432633,[18F]FPyQCP PET Imaging of Fibroblast Activation Protein in Selected Oncology Indications,PHASE1;PHASE2,Phase 2,RECRUITING,71,Blue Earth Diagnostics,Blue Earth Diagnostics,11,1,0,single_arm,1,[18f]fpyqcp,[18f]fpyqcp,FAP,Radiopharmaceutical,,0,1,0,0,0,0,0,1,0,0,,metastatic · 1st-line · squamous
NCT07453394,QLS5132 Combination Therapy in Advanced Solid Tumors,PHASE1;PHASE2,Phase 2,NOT_YET_RECRUITING,626,"Qilu Pharmaceutical Co., Ltd.",Qilu Pharmaceutical,108,1,0,multi_experimental,5,,qls5132; bevacizumab;qls5132; olaparib; bevacizumab;qls5132; platinum; bevacizumab;qls5132; ql1706; ql2107;qls5132; ql1706; ql2107; carboplatin; cisplatin; oxaliplatin,VEGF/VEGFR,Monoclonal Antibody,,1,1,0,0,0,0,0,0,0,0,,metastatic · measurable (RECIST)
NCT07454642,AVA6103 in Subjects With Locally Advanced or Metastatic Selected Solid Tumors,PHASE1,Phase 1,RECRUITING,174,Avacta Life Sciences Ltd,Avacta Life Sciences,2,1,0,multi_experimental,3,ava6103,ava6103,FAP,Peptide,FAP;SLFN11,0,1,0,0,0,0,0,0,0,0,,metastatic
NCT07481357,A First-In-Human Phase I/IIa Study to Evaluate DA 3501 in Patients With Advanced Gastric or Gastro-esophageal Junction Adenocarcinoma and Pancreatic Ductal Adenocarcinoma,PHASE1,Phase 1,RECRUITING,51,"Dong-A ST Co., Ltd.",Dong-A ST,6,1,0,multi_experimental,11,da-3501,da-3501,CLDN18.2,ADC,CLDN18.2,1,1,0,1,0,0,0,0,0,1,CLDN18.2+,advanced · adenoca. · measurable (RECIST)
NCT07483554,IBI343 in Combination Therapy for Advanced Malignant Solid Tumors,PHASE2,Phase 2,RECRUITING,389,Innovent Biologics (Suzhou) Co. Ltd.,Innovent,107,1,0,single_arm,1,albumin-bound paclitaxel;gemcitabine;ibi343,albumin-bound paclitaxel;gemcitabine;ibi343,CLDN18.2,Monoclonal Antibody,CLDN18.2,1,1,0,1,0,0,0,0,0,1,CLDN18.2+,metastatic · measurable (RECIST)
NCT07488611,PROGAIN Trial in Gastric Cancer Surgery,PHASE3,Phase 3,RECRUITING,110,Soonchunhyang University Hospital,Soonchunhyang University Hospital,1,0,0,active_comparator,2,standard peripheral parenteral nutrition (winuf injection),protein-enriched peripheral parenteral nutrition (winuf a+ injection),,,,0,1,0,0,0,0,0,0,0,0,,
NCT07488676,"A Study of ASP546C in Adults With Gastroesophageal Cancer, Pancreatic Cancer or Other Solid Tumors",PHASE1;PHASE2,Phase 2,RECRUITING,150,"Astellas Pharma Global Development, Inc.",Astellas,171,1,1,multi_experimental,4,asp546c,asp546c,CLDN18.2,Monoclonal Antibody,CLDN18.2;ER;HER2;PR;biomarker,1,1,1,1,0,0,0,0,0,1,"HER2+, CLDN18.2+",metastatic · adenoca. · measurable (RECIST)
NCT07507526,"A Study of Disitamab Vedotin, Tunlametinib, and PD-1 Antibody for Advanced Gastric Cancer",PHASE2,Phase 2,NOT_YET_RECRUITING,76,Sun Yat-sen University,Sun Yat-sen University,73,0,0,single_arm,1,tunlametinib+pd-1 mab,tunlametinib+pd-1 mab,MEK,Small Molecule,HER2,0,1,1,0,0,0,0,0,1,1,HER2+,advanced · 2nd-line+ · measurable (RECIST)
NCT07517198,Dose Determining Study of EXS74539 (REC-4539) in Participants With Select Solid Tumors,PHASE1,Phase 1,RECRUITING,40,"Exscientia AI Ltd., a wholly owned subsidiary of Recursion Pharmaceuticals, Inc.","Exscientia AI Ltd., a wholly owned subsidiary of Recursion Pharmaceuticals",3,1,0,single_arm,1,exs74539,exs74539,LSD1,Small Molecule,,0,1,0,0,0,0,0,0,1,0,,metastatic · 2nd-line+ · squamous · measurable (RECIST)
NCT07518147,A Study Comparing BL-M05D1 With the Investigator's Choice of Treatment Regimen in Patients With Claudin (CLDN)18.2-Positive Advanced Gastric Cancer or Gastroesophageal Junction Adenocarcinoma (GC/GEJC) Who Have Received Prior First-Line Treatment,PHASE3,Phase 3,RECRUITING,438,"Sichuan Baili Pharmaceutical Co., Ltd.",Sichuan Baili Pharmaceutical,127,1,0,active_comparator,2,docetaxel;irinotecan hydrochloride;paclitaxel,bl-m05d1,CLDN18,ADC,CLDN18.2;HER2,1,1,1,0,0,0,0,1,0,1,HER2+,metastatic · 1st-line · adenoca. · measurable (RECIST)
NCT07522151,Clinical Study of Adebrelimab Therapy in the Perioperative Treatment of Gastric Cancer or Gastroesophageal Junction Cancer,PHASE3,Phase 3,RECRUITING,874,"Shanghai Shengdi Pharmaceutical Co., Ltd",Shanghai Shengdi Pharmaceutical,5,1,0,multi_experimental,2,,adebrelimab blank preparation plus s-1 and oxaliplatin.;adebrelimab plus s-1 and oxaliplatin,PD-1,Monoclonal Antibody,PD-L1,1,1,0,0,0,0,0,0,0,0,,neoadjuvant · adenoca.
NCT07529808,Phase 1/2 Study of BHB810 in Advanced Gastric and GEJ Adenocarcinoma,PHASE1;PHASE2,Phase 2,RECRUITING,164,"BigHat Biosciences, Inc.",BigHat Biosciences,1,1,0,multi_experimental,3,bhb810,bhb810,CDH17,ADC,,1,1,0,0,0,0,0,0,0,0,,metastatic · adenoca. · measurable (RECIST)
NCT07532902,A Study of BMS-986504 With Standard-of-Care Therapy for People With Solid Tumor Cancer,PHASE1,Phase 1,RECRUITING,60,Memorial Sloan Kettering Cancer Center,Memorial Sloan Kettering Cancer Center,411,0,1,multi_experimental,3,bms-986504,bms-986504;fluorouracil;gemcitabine;ipilimumab;leucovorin;nivolumab;oxaliplatin;platinum,MTAP,Small Molecule,HER2;MTAP-DEFICIENT;PD-L1,0,1,1,0,0,1,0,0,1,1,"HER2+, PD-L1+",metastatic · 2nd-line+ · adenoca. · measurable (RECIST) · ECOG 1
NCT07544589,A Phase 1 Study Evaluating DISP-10 in Participants With Advanced Gastrointestinal Cancers,PHASE1,Phase 1,RECRUITING,66,Dispatch Biotherapeutics,Dispatch Biotherapeutics,1,1,1,single_arm,1,disp-10,disp-10,BCMA,,,0,1,0,0,0,0,0,0,0,0,,metastatic · adenoca. · measurable (RECIST)
NCT07551362,Dual-target CLDN18.2/HER2 CAR-NK Cells for Advanced Gastric/GEJ Cancer,PHASE1;PHASE2,Phase 2,RECRUITING,36,Beijing Biotech,Beijing Biotech,30,1,0,multi_experimental,2,cyclophosphamide;eb-dt-car-nk;fludarabine,cyclophosphamide;eb-dt-car-nk;fludarabine,CLDN18.2,CAR-T,CLDN18.2;HER2;biomarker,1,1,1,1,0,0,0,0,0,1,"HER2+, CLDN18.2+",metastatic · adenoca. · measurable (RECIST)
NCT07554521,A Study to Evaluate Efficacy and Safety of Tislelizumab Plus Chemotherapy for Locally Advanced Unresectable or Metastatic Gastric or Gastroesophageal Adenocarcinoma and Esophageal Squamous Cell Carcinoma in Racial and Ethnic Minority Patients in the United States,PHASE2,Phase 2,RECRUITING,30,BeOne Medicines,BeiGene/BeOne,149,1,0,multi_experimental,2,5-fluorouracil (5-fu);leucovorin;oxaliplatin;tislelizumab,5-fluorouracil (5-fu);capecitabine;leucovorin;oxaliplatin;tislelizumab,PD-1,Monoclonal Antibody,HER2;PD-L1,1,1,1,0,0,1,0,0,0,1,"HER2+, PD-L1+",metastatic · adenoca. · measurable (RECIST)
NCT07578571,A Phase 1 Study of IM-1617 in Participants With Advanced Cancer,PHASE1,Phase 1,RECRUITING,175,"Immunome, Inc.",Immunome,4,1,0,multi_experimental,2,im-1617,im-1617,,ADC,HER2;PD-L1;biomarker,1,1,1,0,0,1,0,0,1,1,"HER2+, PD-L1+",metastatic · 2nd-line+ · adenoca. · measurable (RECIST)
NCT07594964,"To Evaluate the Safety, Tolerability, and Preliminary Efficacy of XH001 Injection as Adjuvant Therapy in Patients With High-risk Recurrent Solid Tumors",PHASE1,Phase 1,RECRUITING,48,Shenzhen Xinhe Biomedical,Shenzhen Xinhe Biomedical,1,1,0,single_arm,1,mfolfirinox treatment;xh001 injection,mfolfirinox treatment;xh001 injection,,Vaccine,,1,1,0,0,0,0,0,0,0,0,,metastatic · adenoca. · ECOG 0-1
NCT07595237,A IIT Study of 177Lu-DOTA-SNA040,EARLY_PHASE1,Phase 1,RECRUITING,12,SmartNuclide Biopharma,SmartNuclide Biopharma,8,1,0,multi_experimental,4,177lu-dota-sna040,177lu-dota-sna040,CLDN18.2,Radiopharmaceutical,Claudin 18.2,0,1,0,1,0,0,0,1,0,1,CLDN18.2+,metastatic · 1st-line · adenoca. · measurable (RECIST)
NCT07623369,A First-in-Human Study of HH160 in Participants With Advanced or Metastatic Solid Tumors,PHASE1,Phase 1,RECRUITING,299,Huahui Health,Huahui Health,3,1,0,multi_experimental,3,hh160,hh160,PD-1,Bispecific Antibody,,1,1,0,0,0,0,0,0,0,0,,metastatic · measurable (RECIST)
NCT07646106,THE-0504 in Patients With Solid Tumors,PHASE1,Phase 1,RECRUITING,30,Thena Biotech S.r.l.,Thena Biotech,1,1,0,single_arm,1,the-0504,the-0504,,,,0,1,0,0,0,0,0,0,0,0,,metastatic · adenoca.
NCT07660055,Study of [177Lu]Lu-DWJ155 and [68Ga]Ga-DWJ155 in Patients With Solid Tumors,PHASE1,Phase 1,RECRUITING,156,Novartis Pharmaceuticals,Novartis,836,1,1,multi_experimental,2,[177lu]lu-dwj155;diagnostic test: [68ga]ga-dwj155,[177lu]lu-dwj155;diagnostic test: [68ga]ga-dwj155,HER2,Radiopharmaceutical,HER2,0,1,1,0,0,0,0,0,0,1,HER2+,advanced · measurable (RECIST)
NCT07670312,Evaluation of XYA02 in Patients With Advanced Solid Tumors,PHASE1;PHASE2,Phase 2,NOT_YET_RECRUITING,190,"XYone Therapeutics, Inc",XYone Therapeutics,1,1,0,multi_experimental,2,xya02,xya02,MUC1,ADC,ALK;BRAF,1,1,0,0,0,0,0,0,1,0,,metastatic · 2nd-line+ · adenoca. · measurable (RECIST)
NCT07673887,A Study of ASP2138 Together With Chemotherapy and Pembrolizumab in Adults With Gastric Cancer,PHASE3,Phase 3,RECRUITING,570,"Astellas Pharma Global Development, Inc.",Astellas,171,1,1,placebo_comparator,2,capecitabine;fluorouracil;leucovorin;oxaliplatin;pembrolizumab;placebo for asp2138;placebo for pembrolizumab,asp2138;capecitabine;fluorouracil;leucovorin;oxaliplatin;pembrolizumab,CLDN18.2,Monoclonal Antibody,CLDN18.2;HER2;MMR;MSI;PD-L1,1,1,1,1,1,1,0,0,1,1,"HER2+, CLDN18.2+, MSI-H/dMMR, PD-L1+",metastatic · 2nd-line+ · adenoca. · measurable (RECIST)
NCT07689851,Chemoradiotherapy and SHR-1701 in Patients With Unresectable Gastric Cancer,PHASE2,Phase 2,RECRUITING,60,"Cancer Institute and Hospital, Chinese Academy of Medical Sciences","Cancer Institute and Hospital, Chinese Academy of Medical Sciences",24,0,0,single_arm,1,copox;radiotherapy;shr-1701,copox;radiotherapy;shr-1701,PD-1,Monoclonal Antibody,HER2;PD-L1,1,1,1,0,0,1,0,0,0,1,"HER2−, PD-L1+",metastatic · adenoca. · measurable (RECIST)
NCT07692204,A Dose Optimization/Expansion Study of SAR445877 in Adult Chinese Participants With Advanced Gastric or Gastroesophageal Junction Cancer,PHASE2,Phase 2,RECRUITING,30,Sanofi,Sanofi,413,1,1,multi_experimental,2,sar445877,sar445877,EGFR,Monoclonal Antibody,HER2;KRAS;MMR;MSI;MSI-H;PD-L1;dMMR,1,1,1,1,1,1,0,0,1,1,"HER2+, CLDN18.2+, MSI-H/dMMR, PD-L1+",metastatic · 2nd-line+ · measurable (RECIST)
NCT07700979,"Phase 3 Study of Cadonilimab Combined With Chemotherapy vs Chemotherapy in Combination With or Without Nivolumab for the 1L Treatment of Participants With HER2-negative, Previously Untreated, Unresectable or Metastatic Gastric/GEJ Adenocarcinoma",PHASE3,Phase 3,NOT_YET_RECRUITING,900,Akeso,Akeso,103,1,0,active_comparator,2,CAPOX;nivolumab,CAPOX;cadonilimab,PD-1,Monoclonal Antibody,HER2;PD-L1,1,1,1,0,0,1,0,0,1,1,"HER2+, PD-L1+",metastatic · 2nd-line+ · adenoca. · measurable (RECIST) · ECOG 0
NCT07702292,[68Ga]BED003 PET Imaging of Fibroblast Activation Protein in Selected Oncology Indications,PHASE2,Phase 2,RECRUITING,71,Blue Earth Diagnostics,Blue Earth Diagnostics,11,1,0,single_arm,1,[68ga]bed003,[68ga]bed003,,,,0,1,0,0,0,0,0,1,0,0,,neoadjuvant · 1st-line · ductal
NCT07705035,DBC-664 in Adult Patients With Solid Tumors,PHASE1,Phase 1,RECRUITING,210,"Duboce Biopharmaceuticals, Inc.",Duboce Biopharmaceuticals,1,1,0,multi_experimental,2,dbc-664,dbc-664,,,,0,1,0,0,0,0,0,0,1,0,,metastatic · 2nd-line+ · squamous · measurable (RECIST)
NCT07705334,"A Study of SHY-ONC6, a Novel Proteasome Inhibitor, in Adults With Advanced or Metastatic Solid Tumors",PHASE1,Phase 1,RECRUITING,30,SHY Therapeutics,SHY Therapeutics,1,1,0,single_arm,1,shy-onc6,shy-onc6,,Cell Therapy,,1,1,0,0,0,0,0,0,0,0,,metastatic · squamous · measurable (RECIST)
NCT07715747,"A Phase I Study to Evaluate the Safety,Pharmacokinetics,Pharmacodynamics,and Efficacy of TJ037130 in Adult Participants With Advanced Solid Tumors",PHASE1,Phase 1,NOT_YET_RECRUITING,128,"TJ Biopharma Co., Ltd.",TJ Biopharma,11,1,0,single_arm,1,tj037130,tj037130,,,PD-L1,0,1,0,0,0,1,0,0,0,1,PD-L1+,metastatic · squamous · measurable (RECIST)
NCT07738939,IKS04 Regimen in Advanced Solid Tumors That Express CA242,PHASE1,Phase 1,NOT_YET_RECRUITING,120,Iksuda Therapeutics Ltd.,Iksuda Therapeutics,3,1,0,multi_experimental,5,iks04 antibody drug conjugate adc + isumab04 monoclonal antibody,iks04 antibody drug conjugate adc + isumab04 monoclonal antibody,,ADC,,1,1,0,0,0,0,0,0,0,0,,metastatic · measurable (RECIST)
NCT07781852,Evaluation of the Distribution of 64Cu/68Ga Labeled CM500 in Healthy Volunteers and Patients With Cancer,EARLY_PHASE1,Phase 1,NOT_YET_RECRUITING,40,Lumina Pharmaceuticals Inc,Lumina Pharmaceuticals,1,1,0,active_comparator,4,[64cu]cm500;[68ga]cm500;blood collection;device: pet/ct;device: pet/mr,[64cu]cm500;[68ga]cm500;blood collection;device: pet/ct;device: pet/mr,,Peptide,,0,1,0,0,0,0,0,0,0,0,,metastatic
NCT07793318,TR115 in ARID1A-Mutated Advanced Solid Tumors,PHASE2,Phase 2,NOT_YET_RECRUITING,50,Tarapeutics Science Inc.,Tarapeutics Science,7,1,0,single_arm,1,tr115,tr115,,,biomarker;biomarker analysis,0,1,0,0,0,0,0,0,0,0,,metastatic · measurable (RECIST)
NCT07801508,A Study of [68Ga]Ga-DWJ155 in Adult Patients With Solid Tumors,PHASE1,Phase 1,RECRUITING,66,Novartis Pharmaceuticals,Novartis,836,1,1,single_arm,1,diagnostic test: [68ga]ga-dwj155,diagnostic test: [68ga]ga-dwj155,HER2,Radiopharmaceutical,HER2,0,1,1,0,0,0,0,1,0,1,HER2+,1st-line · adenoca. · measurable (RECIST)
NCT07806500,Phase Ib Study of Oral R01 Monotherapy in Advanced Solid Tumors,PHASE1,Phase 1,NOT_YET_RECRUITING,18,"Beijing Anjianxi Bio-Medical Technology Co., Ltd.",Beijing Anjianxi Bio-Medical Technology,1,1,0,single_arm,1,r01,r01,,Cell Therapy,,1,1,0,0,0,0,0,0,1,0,,metastatic · 2nd-line+ · squamous · measurable (RECIST)
NCT07807345,Phase 1 Study of STRO-006 in Adults With Refractory Solid Tumors That Are Recurrent or Metastatic,PHASE1,Phase 1,NOT_YET_RECRUITING,285,"Sutro Biopharma, Inc.",Sutro Biopharma,8,1,0,multi_experimental,3,stro-006,pembrolizumab;stro-006,PD-1,,HER2,0,1,1,0,0,0,1,0,1,1,"HER2+, EBV+",metastatic · 2nd-line+ · adenoca. · measurable (RECIST)
NCT07807956,"A Study to Assess Adverse Events, Change in Disease Activity and How Intravenous ABBV-253 Moves Through the Body in Adult Participants With Advanced Solid Tumors",PHASE1,Phase 1,NOT_YET_RECRUITING,130,AbbVie,AbbVie,274,1,1,multi_experimental,4,abbv-253,abbv-253,,,,0,1,0,0,0,0,0,0,0,0,,metastatic · adenoca. · measurable (RECIST)
NCT07812805,SKL35501 With SKL35502 Imaging in Adults With NTSR1 Positive Advanced Solid Tumors,PHASE1,Phase 1,RECRUITING,100,"SK Life Science, Inc.",SK Life Science,2,1,0,multi_experimental,2,diagnostic test: skl35502;skl35501,diagnostic test: skl35502;skl35501,,Small Molecule,MSI;MSI-H;dMMR,0,1,0,0,1,0,0,0,1,1,MSI-H/dMMR,metastatic · 2nd-line+ · squamous · measurable (RECIST)
NCT07814248,"A Phase 1, First-in-Human (FIH), Open-Label, Dose-Escalation and Dose Expansion Study of the Peptide Drug Conjugate (PDC), TS-104, as a Monotherapy in Subjects With Select Advanced Solid Tumors",PHASE1,Phase 1,NOT_YET_RECRUITING,74,"TwoStep Therapeutics, Inc.",TwoStep Therapeutics,1,1,0,multi_experimental,3,ts-104,ts-104,,ADC,MET,1,1,0,0,0,0,0,0,0,0,,metastatic · squamous · measurable (RECIST)
