nct_id,brief_title,phase,phase_simple,overall_status,enrollment,lead_sponsor,company,sponsor_scale,is_industry,is_big_pharma,arm_structure,n_arms,comparator_B,experimental_A,targets,modalities,biomarkers_pipeline,tme_relevant,is_combination,MSI-H/dMMR,HER2,PD-L1,POLE,first_line,later_line,biomarker_selected,biomarker_detail,elig_summary
NCT01068249,Letrozole and RAD001 With Advanced or Recurrent Endometrial Cancer,PHASE2,Phase 2,ACTIVE_NOT_RECRUITING,42,M.D. Anderson Cancer Center,M.D. Anderson Cancer Center,697,0,1,single_arm,1,letrozole;rad001 (everolimus),letrozole;rad001 (everolimus),mTOR,Small Molecule,,0,1,0,0,0,0,0,0,0,,metastatic · squamous · measurable (RECIST)
NCT01366144,"Veliparib, Paclitaxel, and Carboplatin in Treating Patients With Solid Tumors That Are Metastatic or Cannot Be Removed by Surgery and Liver or Kidney Dysfunction",PHASE1,Phase 1,ACTIVE_NOT_RECRUITING,94,National Cancer Institute (NCI),National Cancer Institute (NCI),18,0,0,single_arm,1,carboplatin;laboratory biomarker analysis;paclitaxel;pharmacological study;veliparib,carboplatin;laboratory biomarker analysis;paclitaxel;pharmacological study;veliparib,PARP,Small Molecule,BRCA1;BRCA2,0,1,0,0,0,0,0,0,0,,metastatic
NCT02491099,A Phase II Evaluation of Afatinib in Patients With Persistent or Recurrent HER2-positive Uterine Serous Carcinoma,PHASE2,Phase 2,RECRUITING,50,Yale University,Yale University,65,0,1,single_arm,1,afatinib,afatinib,EGFR,Small Molecule,ErbB pathway deregulation;HER2,0,1,0,1,0,0,0,0,1,HER2+,recurrent · adenoca. · measurable (RECIST)
NCT02628067,Study of Pembrolizumab (MK-3475) in Participants With Advanced Solid Tumors (MK-3475-158/KEYNOTE-158),PHASE2,Phase 2,ACTIVE_NOT_RECRUITING,1609,Merck Sharp & Dohme LLC,Merck (MSD),649,1,1,multi_experimental,2,pembrolizumab,pembrolizumab,PD-1,Monoclonal Antibody,CDX;MMR;MSI;MSI-H;PD-L1;TMB;dMMR,1,1,1,0,1,0,1,0,1,"MSI-H/dMMR, PD-L1+",metastatic · 1st-line · adenoca. · measurable (RECIST)
NCT02912572,"Avelumab in Patients With MSS, MSI-H and POLE-mutated Recurrent or Persistent Endometrial Cancer and of Avelumab/Talazoparib and Avelumab/Axitinib in Patients With MSS Recurrent or Persistent Endometrial Cancer",PHASE2,Phase 2,ACTIVE_NOT_RECRUITING,106,Dana-Farber Cancer Institute,Dana-Farber Cancer Institute,326,0,1,multi_experimental,4,avelumab,avelumab;axitinib;talazoparib,PD-L1,Monoclonal Antibody,MMR;MSI;MSI-H;PD-L1;genomic,1,1,1,0,1,1,0,0,1,"MSI-H/dMMR, PD-L1+, POLEm",metastatic · squamous · measurable (RECIST)
NCT03016338,Study of Niraparib and TSR-042 in Recurrent Endometrial Cancer,PHASE2,Phase 2,ACTIVE_NOT_RECRUITING,51,"University Health Network, Toronto","University Health Network, Toronto",91,0,0,single_arm,1,niraparib;tsr-042,niraparib;tsr-042,PARP,Small Molecule,BRCA1;BRCA2;HRD;PD-L1,0,1,0,0,1,0,0,0,1,PD-L1+,metastatic · squamous · measurable (RECIST)
NCT03170960,Study of Cabozantinib Alone or in Combination With Atezolizumab to Subjects With Locally Advanced or Metastatic Solid Tumors,PHASE1,Phase 1,ACTIVE_NOT_RECRUITING,914,Exelixis,Exelixis,52,1,0,multi_experimental,25,,atezolizumab;cabozantinib,MET,Small Molecule,PD-L1,0,1,0,0,1,0,0,0,1,PD-L1+,metastatic · measurable (RECIST)
NCT03212404,Phase 1 Study of CK-301 (Cosibelimab) as a Single Agent in Subjects With Advanced Cancers,PHASE1,Phase 1,ACTIVE_NOT_RECRUITING,272,"Checkpoint Therapeutics, Inc.",Checkpoint Therapeutics,3,1,0,single_arm,1,ck-301 (cosibelimab),ck-301 (cosibelimab),PD-L1,Monoclonal Antibody,MMR;MSI;MSI-H;PD-L1;dMMR,1,1,1,0,1,0,0,0,1,"MSI-H/dMMR, PD-L1+",metastatic · squamous · measurable (RECIST)
NCT03228667,QUILT-3.055: A Study of Combination Immunotherapies in Patients Who Have Previously Received Treatment With Immune Checkpoint Inhibitors,PHASE2,Phase 2,ACTIVE_NOT_RECRUITING,40,"ImmunityBio, Inc.",ImmunityBio,63,1,0,multi_experimental,6,,n-803 + atezolizumab;n-803 + atezolizumab + pd-l1 t-hank;n-803 + avelumab;n-803 + avelumab + pd-l1 t-hank;n-803 + docetaxel + nivolumab;n-803 + docetaxel + pembrolizumab;n-803 + durvalumab;n-803 + durvalumab + pd-l1 t-hank;n-803 + nivolumab;n-803 + nivolumab + pd-l1 t-hank;n-803 + pembrolizumab;n-803 + pembrolizumab + pd-l1 t-hank,PD-1,Monoclonal Antibody,ALK;BRAF;HER2;KRAS;MET;NTRK;PD-L1;PR;RET;ROS1,1,1,0,1,1,0,0,0,1,"HER2+, PD-L1+",recurrent · measurable (RECIST)
NCT03260023,Phase Ib/II of TG4001 and Avelumab in HPV16 Positive R/M Cancers,PHASE1;PHASE2,Phase 2,ACTIVE_NOT_RECRUITING,143,Transgene,Transgene,14,1,1,multi_experimental,2,avelumab,avelumab;tg4001,HPV-16,Oncolytic Virus,HPV-16;PD-L1,1,1,0,0,1,0,0,1,1,PD-L1+,metastatic · 2nd-line+ · measurable (RECIST) · ECOG 0
NCT03284424,Study of Pembrolizumab (MK-3475) in Adults With Recurrent/Metastatic Cutaneous Squamous Cell Carcinoma (cSCC) or Locally Advanced Unresectable cSCC (MK-3475-629/KEYNOTE-629),PHASE2,Phase 2,COMPLETED,159,Merck Sharp & Dohme LLC,Merck (MSD),649,1,1,multi_experimental,2,pembrolizumab,pembrolizumab,PD-1,Monoclonal Antibody,CDX;MMR;MSI;MSI-H;PD-L1;TMB;dMMR,1,1,0,0,1,0,0,1,1,PD-L1+,metastatic · 2nd-line+ · squamous · measurable (RECIST)
NCT03476681,Study of NEO-201 in Solid Tumors Expansion Cohorts,PHASE1;PHASE2,Phase 2,ACTIVE_NOT_RECRUITING,121,"Precision Biologics, Inc",Precision Biologics,3,1,0,single_arm,1,neo-201 in combination with pembrolizumab,neo-201 in combination with pembrolizumab,Core 1 O-glycans,Monoclonal Antibody,BRAF;MMR;MSI;MSI-H;PD-L1;ROS1;SMICA;TMB;dMMR;genomic,1,1,1,0,1,0,0,0,1,"MSI-H/dMMR, PD-L1+",metastatic · small-cell · measurable (RECIST) · ECOG 2
NCT03526432,Phase II Study of Atezolizumab + Bevacizumab in Endometrial Cancer,PHASE2,Phase 2,ACTIVE_NOT_RECRUITING,110,University of Oklahoma,University of Oklahoma,23,0,1,single_arm,1,atezolizumab;bevacizumab,atezolizumab;bevacizumab,VEGF/VEGFR,Monoclonal Antibody,MET;MSI;PD-L1,1,1,0,0,1,0,0,1,1,PD-L1+,metastatic · 2nd-line+ · adenoca. · measurable (RECIST)
NCT03555422,Maintenance With Selinexor/Placebo After Combination Chemotherapy in Participants With Endometrial Cancer [SIENDO],PHASE3,Phase 3,COMPLETED,263,Karyopharm Therapeutics Inc,Karyopharm Therapeutics,29,1,0,placebo_comparator,2,matching placebo for selinexor,selinexor,XPO1,Small Molecule,MSI;MSI-H;PR;dMMR,0,1,0,0,1,0,1,1,1,PD-L1+,metastatic · 1st-line · small-cell · measurable (RECIST)
NCT03564340,Study of REGN4018 (Ubamatamab) Administered Alone or in Combination With Cemiplimab in Adult Patients With Recurrent Ovarian Cancer or Other Recurrent Mucin-16 Expressing (MUC16+) Cancers,PHASE1;PHASE2,Phase 2,RECRUITING,890,Regeneron Pharmaceuticals,Regeneron,95,1,1,multi_experimental,2,ubamatamab,cemiplimab;sarilumab;tocilizumab;ubamatamab,MUC16,Bispecific Antibody,MUC16;PD-L1,1,1,0,0,1,0,0,0,1,PD-L1+,metastatic
NCT03614949,"SBRT and Atezolizumab in the Management of Recurrent, Persistent, or Metastatic Cervical Cancer",PHASE2,Phase 2,ACTIVE_NOT_RECRUITING,21,H. Lee Moffitt Cancer Center and Research Institute,H. Lee Moffitt Cancer Center and Research Institute,228,0,1,single_arm,1,atezolizumab;stereotactic body radiation therapy (sbrt),atezolizumab;stereotactic body radiation therapy (sbrt),PD-L1,Monoclonal Antibody,CMMRD;MSI-H;TMB,1,1,0,0,0,0,0,0,0,,metastatic · adenoca. · measurable (RECIST) · ECOG 2
NCT03651206,Recurrent Ovarian CarcinoSarcoma Anti-pd-1 Niraparib,PHASE2;PHASE3,Phase 3,RECRUITING,138,ARCAGY/ GINECO GROUP,ARCAGY/ GINECO GROUP,16,0,0,active_comparator,3,chemotherapy drugs,niraparib;niraparib + tsr-042 (dostarlimab),PARP,Small Molecule,BRCA1;BRCA2;HRD,0,1,0,0,0,0,0,0,0,,metastatic · measurable (RECIST)
NCT03668340,AZD1775 in Women With Recurrent or Persistent Uterine Serous Carcinoma or Uterine Carcinosarcoma,PHASE2,Phase 2,ACTIVE_NOT_RECRUITING,49,Dana-Farber Cancer Institute,Dana-Farber Cancer Institute,326,0,1,multi_experimental,3,azd1775,azd1775,WEE1,Small Molecule,KEAP1;KRAS;MSI;MSI-H;PD-L1;STK11,0,1,0,0,1,0,0,0,1,PD-L1+,metastatic · squamous · measurable (RECIST)
NCT03675893,RESOLVE: Abemaciclib + Letrozole +/- Metformin or Gedatolisib in Endometrial Cancer,PHASE2,Phase 2,RECRUITING,110,Dana-Farber Cancer Institute,Dana-Farber Cancer Institute,326,0,1,multi_experimental,6,abemaciclib,abemaciclib;gedatolisib;letrozole;ly3023414;metformin,ER,Small Molecule,ER;HER2,0,1,0,0,0,0,0,0,0,,metastatic · squamous · measurable (RECIST)
NCT03682289,Ceralasertib (AZD6738) Alone and in Combination With Olaparib or Durvalumab in Patients With Solid Tumors,PHASE2,Phase 2,ACTIVE_NOT_RECRUITING,83,Rahul Aggarwal,Rahul Aggarwal,7,0,1,multi_experimental,3,ceralasertib,ceralasertib;durvalumab;olaparib,ATM,Small Molecule,BRCA1;BRCA2;HRR;MET;MMR;MSI,0,1,1,0,0,0,0,1,1,MSI-H/dMMR,metastatic · 2nd-line+ · ductal · measurable (RECIST)
NCT03832361,Evaluation of Mirvetuximab Soravtansine (IMGN853) in Women With Folate Receptor-α Positive Endometrial Cancer,PHASE2,Phase 2,RECRUITING,50,Alessandro Santin,Alessandro Santin,1,0,1,single_arm,1,imgn853,imgn853,FRα,ADC,Folate Receptor-α,1,1,0,0,0,0,0,0,0,,metastatic · adenoca. · measurable (RECIST)
NCT03833479,TSR-042 as Maintenance Therapy for Patients With High-risk Locally Advanced Cervical Cancer After Chemo-radiation,PHASE2,Phase 2,ACTIVE_NOT_RECRUITING,134,Grupo Español de Investigación en Cáncer de Ovario,Grupo Español de Investigación en Cáncer de Ovario,8,0,1,multi_experimental,2,,no further treatment;tsr-042,PD-1,Monoclonal Antibody,PD-L1;PR,1,1,0,0,1,0,0,1,1,PD-L1+,metastatic · 2nd-line+ · adenoca. · measurable (RECIST)
NCT03835819,A Phase 2 Study of Mirvetuximab Soravtansine (IMGN853) and Pembrolizumab in Endometrial Cancer (EC),PHASE2,Phase 2,ACTIVE_NOT_RECRUITING,18,Dana-Farber Cancer Institute,Dana-Farber Cancer Institute,326,0,1,single_arm,1,imgn853;pembrolizumab,imgn853;pembrolizumab,PD-1,Monoclonal Antibody,MMR;PD-L1,1,1,0,0,1,0,0,1,1,PD-L1+,metastatic · 2nd-line+ · measurable (RECIST)
NCT03860272,Fc-Engineered Anti-CTLA-4 Monoclonal Antibody in Advanced Cancer,PHASE1,Phase 1,ACTIVE_NOT_RECRUITING,499,Agenus Inc.,Agenus,27,1,0,multi_experimental,3,botensilimab,balstilimab;botensilimab,PD-1,Monoclonal Antibody,PD-L1;genomic,1,1,0,0,0,0,0,0,0,,metastatic · adenoca. · measurable (RECIST)
NCT03932409,Frontline Immunotherapy Combined With Radiation and Chemotherapy in High Risk Endometrial Cancer,PHASE1,Phase 1,ACTIVE_NOT_RECRUITING,45,University of Oklahoma,University of Oklahoma,23,0,1,single_arm,1,carboplatin;paclitaxel;pembrolizumab;vaginal cuff brachytherapy (vcb),carboplatin;paclitaxel;pembrolizumab;vaginal cuff brachytherapy (vcb),PD-1,Monoclonal Antibody,PD-L1,1,1,0,0,1,0,0,0,1,PD-L1+,metastatic · squamous
NCT03955978,TSR-042 in Addition to Standard of Care Definitive Radiation for Inoperable Endometrial Cancer,PHASE1,Phase 1,ACTIVE_NOT_RECRUITING,10,Washington University School of Medicine,Washington University School of Medicine,178,0,0,single_arm,1,blood draw for immune response;brachytherapy;endometrial biopsy;tsr-042,blood draw for immune response;brachytherapy;endometrial biopsy;tsr-042,PD-1,Monoclonal Antibody,PD-L1,1,1,0,0,1,0,0,0,1,PD-L1+,metastatic · squamous
NCT03983954,"Naptumomab Estafenatox in Combination With Durvalumab in Subjects With Selected Advanced or Metastatic Solid Tumor, Including a Cohort Expansion in Esophageal Cancer.",PHASE1,Phase 1,ACTIVE_NOT_RECRUITING,120,NeoTX Therapeutics Ltd.,NeoTX Therapeutics,2,1,1,multi_experimental,11,naptumomab estafenatox and durvalumab,naptumomab estafenatox and durvalumab;obinutuzumab,5T4,Monoclonal Antibody,CD20;ER;HER2;PD-L1;biomarker;biomarker analysis,1,1,0,1,1,0,1,0,1,"HER2+, PD-L1+",metastatic · 1st-line · adenoca. · measurable (RECIST)
NCT04008797,A Study of E7386 in Combination With Other Anticancer Drug(s) in Participants With Solid Tumor,PHASE1;PHASE2,Phase 2,ACTIVE_NOT_RECRUITING,301,Eisai Inc.,Eisai,177,1,0,multi_experimental,9,lenvatinib,doxorubicin;e7386;lenvatinib;paclitaxel,CBP,Small Molecule,BRAF;KRAS;MSI;MSI-H;TP53,0,1,1,0,0,0,0,1,1,MSI-H/dMMR,metastatic · 2nd-line+ · squamous · measurable (RECIST)
NCT04014530,Pembrolizumab With Ataluren in Patients With Metastatic pMMR and dMMR Colorectal Carcinoma or Metastatic dMMR Endometrial Carcinoma: the ATAPEMBRO Study,PHASE1;PHASE2,Phase 2,RECRUITING,47,Academisch Medisch Centrum - Universiteit van Amsterdam (AMC-UvA),Academisch Medisch Centrum - Universiteit van Amsterdam (AMC-UvA),19,0,1,multi_experimental,3,ataluren + pembrolizumab,ataluren + pembrolizumab,PD-1,Monoclonal Antibody,MMR;PD-L1,1,1,0,0,1,0,0,1,1,PD-L1+,metastatic · 2nd-line+ · squamous · measurable (RECIST)
NCT04044859,ADP-A2M4CD8 as Monotherapy or in Combination With Either Nivolumab or Pembrolizumab in HLA-A2+ Subjects With MAGE-A4 Positive Tumors (SURPASS),PHASE1,Phase 1,ACTIVE_NOT_RECRUITING,120,"USWM CT, LLC",USWM CT,8,1,0,single_arm,1,autologous genetically modified adp-a2m4cd8 cells alone or in combination with nivolumab every four weeks or pembrolizumab every 6 weeks,autologous genetically modified adp-a2m4cd8 cells alone or in combination with nivolumab every four weeks or pembrolizumab every 6 weeks,MAGE-A4,Cell Therapy,HLA-A2;MAGE-A4,1,1,0,0,0,0,0,0,0,,metastatic · small-cell · measurable (RECIST)
NCT04098744,Artesunate Vaginal Inserts for the Treatment of Cervical Intraepithelial Neoplasia (CIN2/3),PHASE2,Phase 2,RECRUITING,78,"Frantz Viral Therapeutics, LLC",Frantz Viral Therapeutics,1,1,0,placebo_comparator,2,placebo vaginal insert,artesunate vaginal insert,,,,0,1,0,0,0,0,0,0,0,,adenoca.
NCT04104776,A Study of Tulmimetostat DZR123 (CPI-0209) in Patients With Advanced Solid Tumors and Lymphomas,PHASE1;PHASE2,Phase 2,RECRUITING,300,Novartis Pharmaceuticals,Novartis,836,1,1,multi_experimental,10,tulmimetostat,enzalutamide;tulmimetostat,EZH2,Small Molecule,AR;ARID1A;KDM4A;biomarker,0,1,0,0,0,0,0,1,0,,metastatic · 2nd-line+ · measurable (RECIST)
NCT04106414,Study of BMS-986205 and Nivolumab in Endometrial Cancer or Endometrial Carcinosarcoma That Has Not Responded to Treatment,PHASE2,Phase 2,ACTIVE_NOT_RECRUITING,24,Memorial Sloan Kettering Cancer Center,Memorial Sloan Kettering Cancer Center,411,0,1,multi_experimental,2,nivolumab,bms- 986205;nivolumab,PD-1,Monoclonal Antibody,CD30;MSI;MSI-H;PD-L1;genomic,1,1,1,0,1,0,0,1,1,"MSI-H/dMMR, PD-L1+",metastatic · 2nd-line+ · adenoca. · measurable (RECIST)
NCT04140526,"Safety, PK and Efficacy of ONC-392 in Monotherapy and in Combination of Anti-PD-1 in Advanced Solid Tumors and NSCLC",PHASE1;PHASE2,Phase 2,ACTIVE_NOT_RECRUITING,733,"OncoC4, Inc.",OncoC4,10,1,0,multi_experimental,3,onc-392,docetaxel;onc-392;pembrolizumab,PD-1,Monoclonal Antibody,PD-L1,1,1,0,0,0,0,0,0,0,,metastatic · small-cell · measurable (RECIST)
NCT04152499,"Phase I-II, FIH, TROP2 ADC, Advanced Unresectable/Metastatic Solid Tumors, Refractory to Standard Therapies (KL264-01)",PHASE1;PHASE2,Phase 2,ACTIVE_NOT_RECRUITING,1410,Klus Pharma Inc.,Klus Pharma,4,1,0,multi_experimental,11,skb264,skb264,TROP2,ADC,ER;HER2;PR;TROP2,1,1,0,1,0,0,0,1,1,HER2+,metastatic · 2nd-line+ · adenoca. · measurable (RECIST)
NCT04188548,A Study of LY3484356 in Participants With Advanced or Metastatic Breast Cancer or Endometrial Cancer,PHASE1,Phase 1,ACTIVE_NOT_RECRUITING,379,Eli Lilly and Company,Eli Lilly,535,1,1,multi_experimental,8,ly3484356,abemaciclib;alpelisib;aromatase inhibitor (ai);everolimus;ly3484356;pertuzumab;trastuzumab,ER,Small Molecule,ER;ESR1;HER2;PIK3CA;PTEN;ctDNA,0,1,0,1,0,0,1,0,1,HER2+,metastatic · 1st-line
NCT04196257,BP1001-A in Patients With Advanced or Recurrent Solid Tumors,PHASE1,Phase 1,RECRUITING,50,"Bio-Path Holdings, Inc.",Bio-Path,6,1,0,multi_experimental,2,,bp1001-a (liposomal grb2 antisense oligonucleotide);bp1001-a (liposomal grb2 antisense oligonucleotide) with paclitaxel,GRB2,,,0,1,0,0,0,0,0,1,0,,metastatic · 2nd-line+ · adenoca. · measurable (RECIST)
NCT04251416,A Study of Sacituzumab Govitecan (IMMU-132) in Endometrial Carcinoma,PHASE2,Phase 2,ACTIVE_NOT_RECRUITING,50,Yale University,Yale University,65,0,1,single_arm,1,sacituzumab govitecan,sacituzumab govitecan,TROP2,ADC,TROP2,1,1,0,0,0,0,0,1,0,,metastatic · 2nd-line+ · measurable (RECIST)
NCT04269200,Durvalumab With or Without Olaparib as Maintenance Therapy After First-Line Treatment of Advanced and Recurrent Endometrial Cancer,PHASE3,Phase 3,ACTIVE_NOT_RECRUITING,805,AstraZeneca,AstraZeneca,780,1,1,active_comparator,3,carboplatin;durvalumab placebo;olaparib placebo;paclitaxel,carboplatin;durvalumab;olaparib;olaparib placebo;paclitaxel,PARP,Small Molecule,BRCA1;BRCA2;PD-L1,0,1,0,0,1,0,1,0,1,PD-L1+,metastatic · 1st-line · measurable (RECIST)
NCT04389632,A Study of Sigvotatug Vedotin in Advanced Solid Tumors,PHASE1,Phase 1,RECRUITING,1006,"Seagen, a wholly owned subsidiary of Pfizer",Pfizer,687,1,1,multi_experimental,5,sigvotatug vedotin,carboplatin;cisplatin;pembrolizumab;sigvotatug vedotin,PD-1,Monoclonal Antibody,HER2;PD-L1,1,1,0,1,0,0,1,1,1,HER2−,metastatic · 1st-line · adenoca. · measurable (RECIST)
NCT04393285,Abemaciclib and Letrozole to Treat Endometrial Cancer,PHASE2,Phase 2,ACTIVE_NOT_RECRUITING,53,Gynecologic Oncology Group,Gynecologic Oncology,6,0,1,single_arm,1,abemaciclib;letrozole,abemaciclib;letrozole,ER,Small Molecule,ER;HER2;MSI;PR,0,1,0,0,0,0,0,0,0,,metastatic · measurable (RECIST)
NCT04422366,"Evaluate the Efficacy, Immunogenicity and Safety of 9-valent HPV Recombinant Vaccine in Chinese Healthy Females",PHASE3,Phase 3,RECRUITING,8000,"Shanghai Bovax Biotechnology Co., Ltd.",Shanghai Bovax Biotechnology,12,1,0,active_comparator,2,gardasil,11;16;18;31;33;45;52 and 58) recombinant vaccine (hansenula polymorpha);9-valent human papillomavirus (types 6,HPV,Oncolytic Virus,HPV;MET,1,1,0,0,0,0,0,0,0,,adjuvant · squamous
NCT04469764,Abemaciclib for the Treatment of Recurrent Ovarian or Endometrial Cancer,PHASE2,Phase 2,RECRUITING,32,Jonsson Comprehensive Cancer Center,Jonsson Comprehensive Cancer Center,117,0,1,single_arm,1,abemaciclib;anastrozole;letrozole,abemaciclib;anastrozole;letrozole,ER,Small Molecule,ER;HER2;genomic,0,1,0,0,0,0,0,0,0,,metastatic · squamous
NCT04486352,A Study of Targeted Agents for Patients With Recurrent or Persistent Endometrial Cancer,PHASE1;PHASE2,Phase 2,RECRUITING,148,"Alliance Foundation Trials, LLC.","Alliance Foundation Trials, LLC.",15,0,1,multi_experimental,7,,abemaciclib;atezolizumab - 21 day cycle;atezolizumab - 28 day cycle;bevacizumab;giredestrant;inavolisib;ipatasertib;letrozole;talazoparib;tiragolumab;trastuzumab emtansine,VEGF/VEGFR,Monoclonal Antibody,CDX;PD-L1;biomarker;genomic,1,1,0,0,1,0,0,0,1,PD-L1+,recurrent · squamous · measurable (RECIST)
NCT04537156,"Efficacy, Immunogenicity and Safety Study of Recombinant Human Papillomavirus Vaccine(6,11,16,18,31,33,45,52,58 Type)(E.Coli)",PHASE3,Phase 3,ACTIVE_NOT_RECRUITING,9327,Xiamen University,Xiamen University,9,0,0,active_comparator,2,bivalent hpv vaccine,nonavalent hpv vaccine,HPV,Oncolytic Virus,HPV infection,1,1,0,0,0,0,0,0,0,,
NCT04579380,Basket Study of Tucatinib and Trastuzumab in Solid Tumors With HER2 Alterations,PHASE2,Phase 2,ACTIVE_NOT_RECRUITING,217,"Seagen, a wholly owned subsidiary of Pfizer",Pfizer,687,1,1,single_arm,1,fulvestrant;trastuzumab;tucatinib,fulvestrant;trastuzumab;tucatinib,HER2,Small Molecule,HER2;MET,0,1,0,1,0,0,0,0,1,HER2+,metastatic · adenoca. · measurable (RECIST)
NCT04585750,The Evaluation of PC14586 in Patients With Advanced Solid Tumors Harboring a TP53 Y220C Mutation (PYNNACLE),PHASE1;PHASE2,Phase 2,RECRUITING,300,"PMV Pharmaceuticals, Inc",PMV Pharmaceuticals,2,1,1,multi_experimental,9,rezatapopt,pembrolizumab;rezatapopt,PD-1,Monoclonal Antibody,KRAS;PD-L1,1,1,0,0,1,0,0,1,1,PD-L1+,metastatic · 2nd-line+ · measurable (RECIST) · ECOG 0
NCT04590326,"A Study to Find Out How Safe REGN5668 is and How Well it Works In Adult Women When Given With Either Cemiplimab, or Cemiplimab + Fianlimab, or Ubamatamab",PHASE1;PHASE2,Phase 2,RECRUITING,612,Regeneron Pharmaceuticals,Regeneron,95,1,1,multi_experimental,2,regn5668,cemiplimab;cemiplimab + fianlimab [fixed dose combination (fdc)];regn5668;sarilumab;ubamatamab,MUC16,Bispecific Antibody,MUC16,1,1,0,0,0,0,0,0,0,,metastatic · measurable (RECIST)
NCT04634877,Study of Pembrolizumab (MK-3475) in Combination With Adjuvant Chemotherapy With or Without Radiotherapy in Participants With Newly Diagnosed Endometrial Cancer After Surgery With Curative Intent (MK-3475-B21 / KEYNOTE-B21 / ENGOT-en11 / GOG-3053),PHASE3,Phase 3,ACTIVE_NOT_RECRUITING,990,Merck Sharp & Dohme LLC,Merck (MSD),649,1,1,placebo_comparator,2,brachytherapy;carboplatin;cisplatin;cisplatin (as radiosensitizer);docetaxel;external beam radiotherapy (ebrt);paclitaxel;placebo for pembrolizumab,brachytherapy;carboplatin;cisplatin;cisplatin (as radiosensitizer);docetaxel;external beam radiotherapy (ebrt);paclitaxel;pembrolizumab,PD-1,Monoclonal Antibody,MMR;PD-L1,1,1,0,0,1,1,0,0,1,"PD-L1+, POLEm",metastatic · squamous
NCT04644068,Study of AZD5305 as Monotherapy and in Combination With Anti-cancer Agents in Patients With Advanced Solid Malignancies,PHASE1;PHASE2,Phase 2,ACTIVE_NOT_RECRUITING,702,AstraZeneca,AstraZeneca,780,1,1,multi_experimental,6,azd5305,azd5305;camizestrant;carboplatin;dato-dxd;paclitaxel;t- dxd,PARP,Small Molecule,,0,1,0,0,0,0,0,1,0,,metastatic · 2nd-line+ · ECOG 0
NCT04652076,GYNecological Cancers Treated with NETrin MAbs in Combination with Chemotherapy and /or Pembrolizumab,PHASE1;PHASE2,Phase 2,ACTIVE_NOT_RECRUITING,240,NETRIS Pharma,NETRIS Pharma,1,1,1,multi_experimental,4,,,NET1,Monoclonal Antibody,MSI;PD-L1,1,0,0,0,1,0,0,1,1,PD-L1+,metastatic · 2nd-line+ · squamous · measurable (RECIST) · ECOG 0-1
NCT04657068,A Study of ART0380 for the Treatment of Advanced or Metastatic Solid Tumors,PHASE1;PHASE2,Phase 2,RECRUITING,542,Artios Pharma Ltd,Artios Pharma,4,1,0,multi_experimental,10,art0380,art0380;gemcitabine;irinotecan,ATR,Small Molecule,,0,1,0,0,0,0,1,1,0,,metastatic · 1st-line · squamous · measurable (RECIST)
NCT04706962,TH1902 in Patients With Advanced Solid Tumors,PHASE1,Phase 1,ACTIVE_NOT_RECRUITING,70,Theratechnologies,Theratechnologies,1,1,0,single_arm,1,th1902,th1902,SORT1,Peptide,MET;SORT1,0,1,0,0,0,0,0,1,0,,metastatic · 2nd-line+ · measurable (RECIST)
NCT04712851,Pembrolizumab for the Treatment of Cervical Intraepithelial Neoplasia,PHASE2,Phase 2,RECRUITING,25,Jonsson Comprehensive Cancer Center,Jonsson Comprehensive Cancer Center,117,0,1,single_arm,1,pembrolizumab,pembrolizumab,PD-1,Monoclonal Antibody,PD-L1,1,1,0,0,1,0,0,0,1,PD-L1+,squamous
NCT04716686,Niraparib Monotherapy as Maintain and Recurrent Treatment of Endometrial Serous Carcinoma,PHASE2,Phase 2,RECRUITING,83,Shandong University,Shandong University,3,0,0,multi_experimental,2,niraparib,niraparib,PARP,Small Molecule,BRCA1;BRCA2;HRD;PR,0,1,0,0,0,0,1,1,0,,metastatic · 1st-line · squamous
NCT04774419,Radiation and TSR-042 (Dostarlimab) in People With Endometrial Cancer After They Receive Surgery,PHASE2,Phase 2,RECRUITING,62,Memorial Sloan Kettering Cancer Center,Memorial Sloan Kettering Cancer Center,411,0,0,multi_experimental,2,dostarlimab,dostarlimab;hypofractionated imrt;intensity modulated radiation therapy (imrt),PD-1,Monoclonal Antibody,MSI;MSI-H;PD-L1;dMMR,1,1,1,0,1,1,0,0,1,"MSI-H/dMMR, PD-L1+, POLEm",metastatic · measurable (RECIST)
NCT04802876,Efficacy of Tislelizumab and Spartalizumab Across Multiple Cancer-types in Patients with PD1-high MRNA Expressing Tumors,PHASE2,Phase 2,ACTIVE_NOT_RECRUITING,184,SOLTI Breast Cancer Research Group,SOLTI Breast Cancer Research Group,18,0,1,multi_experimental,3,,spartalizumab;tislelizumab,PD-1,Monoclonal Antibody,BRAF,1,1,0,0,1,0,0,0,1,PD-L1+,metastatic · squamous · measurable (RECIST)
NCT04865887,Pembrolizumab and Lenvatinib in Advanced Cervical Cancer,PHASE2,Phase 2,RECRUITING,35,Georgetown University,Georgetown University,55,0,1,single_arm,1,lenvatinib;pembrolizumab,lenvatinib;pembrolizumab,PD-1,Monoclonal Antibody,PD-L1,1,1,0,0,1,0,0,1,1,PD-L1+,metastatic · 2nd-line+ · squamous · measurable (RECIST)
NCT04895709,A Study of BMS-986340 as Monotherapy and as Combination Therapy in Participants With Advanced Solid Tumors,PHASE1;PHASE2,Phase 2,RECRUITING,1109,Bristol-Myers Squibb,Bristol Myers Squibb,764,1,1,multi_experimental,9,bms-986340,bms-936558-01;bms-986340;docetaxel;pumitamig,PD-1,Monoclonal Antibody,PD-L1;biomarker;biomarker analysis,1,1,0,0,0,0,0,1,0,,metastatic · 2nd-line+ · measurable (RECIST)
NCT04906993,Camrelizumab Combined With Famitinib Malate for Treatment of Recurrent/Metastatic Cervical Cancer,PHASE3,Phase 3,ACTIVE_NOT_RECRUITING,443,"Jiangsu HengRui Medicine Co., Ltd.",Hengrui,312,1,0,active_comparator,2,platinum-based,camrelizumab； famitinib malate,PD-1,Monoclonal Antibody,PD-L1,1,1,0,0,0,0,0,0,0,,metastatic · squamous · measurable (RECIST)
NCT04956640,Study of LY3537982 in Cancer Patients With a Specific Genetic Mutation (KRAS G12C),PHASE1;PHASE2,Phase 2,ACTIVE_NOT_RECRUITING,540,Eli Lilly and Company,Eli Lilly,535,1,1,multi_experimental,3,ly3537982,carboplatin;cetuximab;cisplatin;ly3537982;pembrolizumab;pemetrexed,KRAS,Small Molecule,KRAS,0,1,0,0,0,0,1,0,0,,metastatic · 1st-line · measurable (RECIST)
NCT04969315,TT-4 and TT-10 as Single Agents and in Combination in Subjects With Advanced Selected Solid Tumors and Pleural Mesothelioma,PHASE1;PHASE2,Phase 2,RECRUITING,35,Portage Biotech,Portage Biotech,1,1,0,multi_experimental,3,,tt-10;tt-4,ADORA2A,Small Molecule,MET,0,1,0,0,0,0,0,0,0,,metastatic · small-cell · measurable (RECIST) · ECOG 2
NCT04977453,GI-101/GI-101A as a Single Agent or in Combination With Pembrolizumab or Lenvatinib in Advanced Solid Tumors,PHASE1;PHASE2,Phase 2,RECRUITING,317,"GI Innovation, Inc.",GI Innovation,4,1,1,multi_experimental,5,,gi-101;gi-101a;lenvatinib;pembrolizumab (keytruda),PD-1,Bispecific Antibody,,1,1,0,0,0,0,0,0,0,,metastatic · measurable (RECIST)
NCT04982237,"A Study of AK104 Plus Platinum-containing Chemotherapy±Bevacizumab as First-line Treatment for Persistent, Recurrent, or Metastatic Cervical Cancer",PHASE3,Phase 3,ACTIVE_NOT_RECRUITING,445,Akeso,Akeso,103,1,0,placebo_comparator,2,bevacizumab;carboplatin;cisplatin;paclitaxel,ak104;bevacizumab;carboplatin;cisplatin;paclitaxel,PD-1,Bispecific Antibody,PD-L1,1,1,0,0,1,0,0,1,1,PD-L1+,metastatic · 2nd-line+ · adenoca. · measurable (RECIST) · ECOG 0
NCT05021237,Personalized Ultra-fractionated Stereotactic Adaptive Radiotherapy for Metastatic Cervical Cancer,PHASE2,Phase 2,COMPLETED,12,University of Texas Southwestern Medical Center,University of Texas Southwestern Medical Center,48,0,0,single_arm,1,ultra-fractionated radiation therapy,ultra-fractionated radiation therapy,,,,0,1,0,0,0,0,0,0,0,,metastatic · measurable (RECIST)
NCT05027776,Immunogenicity and Safety of Quadrivalent HPV Vaccine in Healthy Chinese Female Subjects Aged 9 to 19 Years,PHASE3,Phase 3,RECRUITING,1348,"Shanghai Bovax Biotechnology Co., Ltd.",Shanghai Bovax Biotechnology,12,1,0,active_comparator,3,3-doses group among 20-26 years,2-doses group among 9-14 years;3-doses group among 9-19 years,HPV,Vaccine,,1,1,0,0,0,0,0,0,0,,
NCT05032040,A Study of XmAb20717 (Vudalimab)in Patients With Selected Advanced Gynecologic and Genitourinary Malignancies,PHASE2,Phase 2,ACTIVE_NOT_RECRUITING,170,"Xencor, Inc.",Xencor,19,1,0,single_arm,1,vudalimab,vudalimab,PD-1,Bispecific Antibody,CDK12;MMR;MSI;MSI-H;PD-L1;dMMR,1,1,1,0,1,0,0,1,1,"MSI-H/dMMR, PD-L1+",metastatic · 2nd-line+ · measurable (RECIST)
NCT05056402,An Immuno-bridging Study of a Nonavalent HPV Vaccine (E.Coli) in Healthy Population Aged 9-17 vs Aged 18-26 Years Old,PHASE3,Phase 3,ACTIVE_NOT_RECRUITING,1382,Xiamen University,Xiamen University,9,0,0,multi_experimental,3,11;16;18;31;33;45;52;58 )vaccine(e.coli),11;16;18;2 doses of therecombinant human papillomavirus nonavalent (types 6;3 doses of the recombinant human papillomavirus nonavalent (types 6;31;33;45;52;58 )vaccine(e.coli),HPV,Vaccine,,1,1,0,0,0,0,0,0,0,,
NCT05057013,A Phase I/IIa Trial of HMBD-001 in Advanced HER3 Positive Solid Tumours,PHASE1;PHASE2,Phase 2,ACTIVE_NOT_RECRUITING,81,Cancer Research UK,Cancer Research UK,16,0,0,multi_experimental,2,,hmbd-001;hmbd-001 and enzalutamide,HER3,Monoclonal Antibody,HER3,1,1,0,0,0,0,0,1,0,,metastatic · 2nd-line+ · adenoca.
NCT05077215,Efficacy and Safety of a Repurposed Drug Added to the Combination of Len Plus Pem in Advanced Endometrial Cancer,PHASE3,Phase 3,NOT_YET_RECRUITING,450,"Evergreen Therapeutics, Inc.",Evergreen Therapeutics,2,1,0,active_comparator,2,lenvatinib capsules;pembrolizumab,eg-007;lenvatinib capsules;pembrolizumab,,,MMR;MSI;MSI-H;dMMR,0,1,1,0,0,0,0,0,1,MSI-H/dMMR,metastatic · measurable (RECIST)
NCT05081609,A Study to Investigate Safety and Tolerability of TransCon IL-2 β/γ Alone or in Combination With Pembrolizumab and/or TransCon TLR7/8 Agonist or Other Anticancer Therapies in Adult Participants With Locally Advanced or Metastatic Solid Tumor Malignancies,PHASE1;PHASE2,Phase 2,ACTIVE_NOT_RECRUITING,320,Ascendis Pharma Oncology Division A/S,Ascendis Pharma Oncology Division A/S,2,1,0,multi_experimental,13,transcon il-2 β/γ,chemotherapy drug;pembrolizumab;surgery;transcon il-2 β/γ;transcon tlr7/8 agonist;trastuzumab;trastuzumab emtansine (t-dm1),IL-2,Peptide,ALC;CD25;CXCL10;IFN-γ;PD-L1;eosinophil,0,1,0,0,1,0,0,1,1,PD-L1+,metastatic · 2nd-line+
NCT05082259,ASTEROID: A Trial of ASTX660 in Combination With Pembrolizumab,PHASE1,Phase 1,ACTIVE_NOT_RECRUITING,61,"Institute of Cancer Research, United Kingdom","Institute of Cancer Research, United Kingdom",24,0,1,multi_experimental,2,astx660;pembrolizumab,astx660;pembrolizumab,cIAP1,Small Molecule,CIAP1;CIAP2;ER;HER2;IDH1;IDH2;PD-L1;biomarker;biomarker analysis,0,1,0,1,1,0,0,1,1,"HER2+, PD-L1+",metastatic · 2nd-line+ · squamous · measurable (RECIST)
NCT05086692,A Beta-only IL-2 ImmunoTherapY Study,PHASE1;PHASE2,Phase 2,RECRUITING,115,"Medicenna Therapeutics, Inc.",Medicenna Therapeutics,2,1,1,single_arm,1,mdna11;pembrolizumab (keytruda),mdna11;pembrolizumab (keytruda),IL-2,Cell Therapy,MSI-H,1,1,0,0,0,0,0,1,0,,metastatic · 2nd-line+ · measurable (RECIST)
NCT05103683,First in Human Study of TORL-1-23 in Participants With Advanced Cancer,PHASE1,Phase 1,RECRUITING,90,"TORL Biotherapeutics, LLC",TORL Biotherapeutics,8,1,0,multi_experimental,2,torl-1-23,torl-1-23,CLDN6,ADC,Claudin 6,1,1,0,0,0,0,0,0,0,,metastatic · squamous · measurable (RECIST)
NCT05106127,Safety Lead-In Study of a Repurposed Drug Added to the Combination of Len Plus Pem,PHASE2,Phase 2,NOT_YET_RECRUITING,28,"Evergreen Therapeutics, Inc.",Evergreen Therapeutics,2,1,0,multi_experimental,3,eg-007;lenvatinib capsules;pembrolizumab,eg-007;lenvatinib capsules;pembrolizumab,,,MMR;MSI;MSI-H;dMMR,0,1,1,0,0,0,0,1,1,MSI-H/dMMR,metastatic · 2nd-line+ · measurable (RECIST)
NCT05107674,A Study of NX-1607 in Adults With Advanced Malignancies,PHASE1,Phase 1,RECRUITING,345,"Nurix Therapeutics, Inc.",Nurix Therapeutics,7,1,0,multi_experimental,12,nx-1607,nx-1607;paclitaxel,CBL-B,Small Molecule,PD-L1,0,1,0,0,1,0,0,1,1,PD-L1+,metastatic · 2nd-line+ · squamous · measurable (RECIST)
NCT05112991,Study of Envafolimab Alone or With Lenvatinib in Patients With Advanced Endometrial Cancer,PHASE2,Phase 2,RECRUITING,108,"3D Medicines (Sichuan) Co., Ltd.",3D Medicines (Sichuan),10,1,0,multi_experimental,2,,envafolimab;envafolimab+lenvatinib,PD-1,Monoclonal Antibody,MSI;MSI-H;PD-L1;TMB-H;biomarker;biomarker analysis;dMMR,1,1,1,0,1,0,1,0,1,"MSI-H/dMMR, PD-L1+",metastatic · 1st-line · squamous · measurable (RECIST)
NCT05123482,"A Phase I/IIa Study of AZD8205 Given Alone or Combined, in Participants With Advanced/Metastatic Solid Malignancies",PHASE1;PHASE2,Phase 2,RECRUITING,460,AstraZeneca,AstraZeneca,780,1,1,multi_experimental,4,,azd8205;azd8205 and azd2936 (rilvegostomig);azd8205 and azd5305 (saruparib);azd8205 and azd5305 (saruparib) and azd2936 (rilvegostomig);azd8205 in combination with azd9574;azd8205 in combination with azd9574 plus rilvegostomig (azd2936),B7-H4,ADC,B7-H4,1,1,0,0,0,0,0,1,0,,metastatic · 2nd-line+ · squamous · measurable (RECIST)
NCT05143970,A Phase 1 First-In-Human Study of the Anti-CD73 IPH5301 Alone or in Combination With Chemotherapy and Trastuzumab in Patients With Advanced Solid Tumors,PHASE1,Phase 1,ACTIVE_NOT_RECRUITING,27,Institut Paoli-Calmettes,Institut Paoli-Calmettes,12,0,0,single_arm,1,iph5301 alone or in combination with chemotherapy and trastuzumab,iph5301 alone or in combination with chemotherapy and trastuzumab,CD73,Monoclonal Antibody,ER;HER2;MET;PD-L1;PR,1,1,0,1,1,0,1,1,1,"HER2+, PD-L1+",metastatic · 1st-line · ductal · measurable (RECIST)
NCT05154487,A Study of Alpelisib and Fulvestrant to Treat Endometrial Cancer,PHASE2,Phase 2,ACTIVE_NOT_RECRUITING,51,GOG Foundation,GOG Foundation,4,0,1,single_arm,1,alpelisib pill;fulvestrant injection,alpelisib pill;fulvestrant injection,PIK3CA,Small Molecule,ER;MET;MSI;PIK3CA,0,1,0,0,0,0,0,1,0,,metastatic · 2nd-line+ · measurable (RECIST)
NCT05173987,Study of Pembrolizumab (MK-3475) Versus Chemotherapy in Mismatch Repair Deficient (dMMR) Advanced or Recurrent Endometrial Carcinoma (MK-3475-C93/KEYNOTE-C93/GOG-3064/ENGOT-en15),PHASE3,Phase 3,ACTIVE_NOT_RECRUITING,280,Merck Sharp & Dohme LLC,Merck (MSD),649,1,1,active_comparator,2,carboplatin;cisplatin;docetaxel;paclitaxel,pembrolizumab,PD-1,Monoclonal Antibody,MMR;PD-L1;dMMR,1,1,1,0,1,0,0,0,1,"MSI-H/dMMR, PD-L1+",metastatic · squamous · measurable (RECIST)
NCT05201547,Endometrial Cancer Patientes MMR Deficient Comparing Chemotherapy vs Dostarlimab in First Line,PHASE3,Phase 3,ACTIVE_NOT_RECRUITING,260,ARCAGY/ GINECO GROUP,ARCAGY/ GINECO GROUP,16,0,1,multi_experimental,2,,carboplatin-paclitaxel;dostarlimab,PD-1,Monoclonal Antibody,MSI;MSI-H;PD-L1;dMMR,1,1,1,0,1,0,0,1,1,"MSI-H/dMMR, PD-L1+",metastatic · 2nd-line+ · adenoca. · measurable (RECIST)
NCT05208762,A Study of PF-08046054/SGN-PDL1V in Advanced Solid Tumors,PHASE1,Phase 1,RECRUITING,714,"Seagen, a wholly owned subsidiary of Pfizer",Pfizer,687,1,1,multi_experimental,2,pf-08046054,pembrolizumab;pf-08046054,PD-L1,Monoclonal Antibody,MET;PD-L1,1,1,0,0,1,0,0,1,1,PD-L1+,metastatic · 2nd-line+ · squamous · measurable (RECIST)
NCT05215574,Study of NGM831 as Monotherapy and in Combination With Pembrolizumab or Pembrolizumab and NGM438 in Advanced or Metastatic Solid Tumors,PHASE1,Phase 1,ACTIVE_NOT_RECRUITING,130,"NGM Biopharmaceuticals, Inc",NGM Biopharmaceuticals,6,1,1,multi_experimental,3,,ngm831;ngm831 and ngm438 plus pembrolizumab (keytruda);ngm831 plus pembrolizumab (keytruda),ILT3,Monoclonal Antibody,,1,1,0,0,0,0,0,0,0,,metastatic
NCT05231122,Pembrolizumab Combined With Bevacizumab With or Without Agonist Anti-CD40 CDX-1140 for the Treatment of Patients With Recurrent Ovarian Cancer,PHASE2,Phase 2,RECRUITING,80,Roswell Park Cancer Institute,Roswell Park Cancer Institute,73,0,1,active_comparator,2,bevacizumab;pembrolizumab;quality-of-life assessment;questionnaire administration,anti-cd40 agonist monoclonal antibody cdx-1140;bevacizumab;pembrolizumab;quality-of-life assessment;questionnaire administration,CD40,Monoclonal Antibody,CDX,1,1,0,0,1,0,0,1,1,PD-L1+,metastatic · 2nd-line+ · squamous · measurable (RECIST)
NCT05235516,A Study of AK104/Placebo Combined With Chemoradiotherapy For The Treatment of Locally Advanced Cervical Cancer,PHASE3,Phase 3,ACTIVE_NOT_RECRUITING,636,Akeso,Akeso,103,1,0,placebo_comparator,2,bt;cisplatin;ebrt,ak104;bt;cisplatin;ebrt,PD-1,Bispecific Antibody,PD-L1,1,1,0,0,1,0,0,0,1,PD-L1+,locally advanced · adenoca. · measurable (RECIST) · ECOG 0-1
NCT05238883,A Study of HFB200301 as a Single Agent and in Combination With Tislelizumab in Adult Patients With Advanced Solid Tumors,PHASE1,Phase 1,ACTIVE_NOT_RECRUITING,72,HiFiBiO Therapeutics,HiFiBiO Therapeutics,3,1,0,multi_experimental,4,hfb200301,hfb200301;tislelizumab,TNFR2,Monoclonal Antibody,BRAF,1,1,0,0,0,0,0,0,0,,metastatic · squamous · measurable (RECIST)
NCT05255653,Refining Adjuvant Treatment IN Endometrial Cancer Based On Molecular Features,PHASE2;PHASE3,Phase 3,RECRUITING,1615,Leiden University Medical Center,Leiden University Medical Center,16,0,1,active_comparator,8,pelvic external beam radiotherapy;vaginal brachytherapy,durvalumab;medroxyprogesterone acetate;megestrol acetate;olaparib;pelvic external beam radiotherapy;vaginal brachytherapy,PARP,Small Molecule,BRCA1;BRCA2;ER;MMR,0,1,1,0,0,1,0,0,1,"MSI-H/dMMR, POLEm",metastatic
NCT05283330,Safety and Tolerability of ²¹²Pb-DOTAM-GRPR1 in Adult Subjects With Recurrent or Metastatic GRPR-expressing Tumors,PHASE1,Phase 1,RECRUITING,48,"Orano Med Theranostics, SAS",Orano Med Theranostics,1,1,0,single_arm,1,²¹²pb-dotam-grpr1,²¹²pb-dotam-grpr1,GRPR,Radiopharmaceutical,ER;GRPR;HER2,0,1,0,1,0,0,0,0,1,HER2+,metastatic · small-cell · measurable (RECIST) · ECOG 0-1
NCT05366478,A Clinical Study of LM103 Injection in the Treatment of Advanced Solid Tumors,PHASE1,Phase 1,RECRUITING,15,"Suzhou BlueHorse Therapeutics Co., Ltd.",Suzhou BlueHorse Therapeutics,8,1,0,single_arm,1,autologous tumor infiltrating lymphocytes (tils),autologous tumor infiltrating lymphocytes (tils),,Cell Therapy,,1,1,0,0,0,0,0,0,0,,metastatic · small-cell
NCT05377996,A Study of Emiltatug Ledadotin (Emi-Le) in Participants With Solid Tumors,PHASE1;PHASE2,Phase 2,RECRUITING,360,"Day One Biopharmaceuticals, Inc.",Day One Biopharmaceuticals,7,1,0,single_arm,1,emi-le,emi-le,,,,0,1,0,0,0,0,0,0,0,,metastatic · squamous · measurable (RECIST)
NCT05438420,Oral Axl/Mer/CSF1R Selective Tyrosine Kinase Inhibitor Q702 in Combination With Pembrolizumab in Patients With Selected Advanced Solid Tumors,PHASE1;PHASE2,Phase 2,ACTIVE_NOT_RECRUITING,120,"Qurient Co., Ltd.",Qurient,3,1,1,multi_experimental,2,pembrolizumab;q702,pembrolizumab;q702,PD-1,Small Molecule,PD-L1,0,1,0,0,1,0,0,0,1,PD-L1+,metastatic · measurable (RECIST)
NCT05483491,"KK-LC-1 TCR-T Cell Therapy for Gastric, Breast, Cervical, and Lung Cancer",PHASE1,Phase 1,RECRUITING,30,Christian Hinrichs,Christian Hinrichs,3,0,0,single_arm,1,aldesleukin;kk-lc-1 tcr-t cells,aldesleukin;kk-lc-1 tcr-t cells,KK-LC-1,CAR-T,KK-LC-1;genomic,1,1,0,0,0,0,0,0,0,,metastatic · measurable (RECIST)
NCT05489211,Study of Dato-DXd as Monotherapy and in Combination With Anti-cancer Agents in Patients With Advanced Solid Tumours (TROPION-PanTumor03),PHASE2,Phase 2,RECRUITING,454,AstraZeneca,AstraZeneca,780,1,1,multi_experimental,14,datopotamab deruxtecan (dato-dxd),bevacizumab;capecitabine;carboplatin;cisplatin;datopotamab deruxtecan (dato-dxd);fluorouracil;prednisone/ prednisolone;rilvegostomig;volrustomig,VEGF/VEGFR,Monoclonal Antibody,TROP2;genomic,1,1,0,0,0,0,0,0,0,,metastatic · squamous
NCT05492123,Nivolumab-ipilimumab and Chemoradiation for Cervical Cancer,PHASE2,Phase 2,RECRUITING,112,Hospital Israelita Albert Einstein,Hospital Israelita Albert Einstein,1,0,1,active_comparator,2,chemoradiation,chemoradiation;ipilimumab;nivolumab,PD-1,Monoclonal Antibody,CD30,1,1,0,0,0,0,0,0,0,,metastatic · adenoca. · measurable (RECIST)
NCT05512208,A Phase 2 Study of Avutometinib (VS-6766) Plus Defactinib,PHASE2,Phase 2,RECRUITING,55,University of Oklahoma,University of Oklahoma,23,0,0,single_arm,1,avutometinib (vs-6766) + defactinib,avutometinib (vs-6766) + defactinib,BRAF,Small Molecule,BRAF;MET,0,1,0,0,0,0,0,0,0,,metastatic · squamous · measurable (RECIST)
NCT05521997,Glutaminase Inhibition and Chemoradiation in Advanced Cervical Cancer,PHASE2,Phase 2,NOT_YET_RECRUITING,42,Washington University School of Medicine,Washington University School of Medicine,178,0,0,active_comparator,2,cisplatin;radiation treatment,cisplatin;radiation treatment;telaglenastat,GLS,Small Molecule,KEAP1;NRF2,0,1,0,0,0,0,0,0,0,,advanced · adenoca.
NCT05527184,First in Human Study of IMGN151 in Recurrent Gynaecological Cancers,PHASE1,Phase 1,ACTIVE_NOT_RECRUITING,256,AbbVie,AbbVie,274,1,1,single_arm,1,imgn151,imgn151,FRα,ADC,FRα,1,1,0,0,0,0,0,1,0,,metastatic · 2nd-line+ · adenoca. · measurable (RECIST) · ECOG 0
NCT05542407,ONC201 and Atezolizumab in Obesity-Driven Endometrial Cancer,PHASE1,Phase 1,RECRUITING,58,UNC Lineberger Comprehensive Cancer Center,UNC Lineberger Comprehensive Cancer Center,85,0,1,multi_experimental,2,atezolizumab;onc201,atezolizumab;onc201,PD-L1,Monoclonal Antibody,CMMRD;MSI-H;PD-L1;TMB,1,1,0,0,1,0,0,0,1,PD-L1+,metastatic · squamous · measurable (RECIST)
NCT05548296,A Phase 2 Study of ACR-368 in Endometrial Adenocarcinoma,PHASE2,Phase 2,RECRUITING,350,Acrivon Therapeutics,Acrivon Therapeutics,2,1,0,multi_experimental,4,acr-368,acr-368;diagnostic test: oncosignature;gemcitabine,CHK1,Small Molecule,ACR-368 OncoSignature,0,1,0,0,0,0,0,0,0,,metastatic · measurable (RECIST)
NCT05570422,"A Study to Evaluate the Safety, Tolerability, Preliminary Efficacy of KRC-01",PHASE1,Phase 1,RECRUITING,70,"Kortuc, Inc.",Kortuc,1,1,0,single_arm,1,brachytherapy;cisplatin;external beam radiation therapy;krc-01,brachytherapy;cisplatin;external beam radiation therapy;krc-01,,,,0,1,0,0,0,0,0,0,0,,metastatic · adenoca. · measurable (RECIST)
NCT05579366,"Rinatabart Sesutecan (Rina-S, PRO1184, GEN1184) for Advanced Solid Tumors (GCT1184-01/ PRO1184-001)",PHASE1;PHASE2,Phase 2,RECRUITING,884,Genmab,Genmab,65,1,1,multi_experimental,4,rina-s,bevacizumab;carboplatin;pembrolizumab;rina-s,VEGF/VEGFR,Monoclonal Antibody,HER2,1,1,0,1,0,0,0,1,1,HER2+,metastatic · 2nd-line+ · small-cell · measurable (RECIST)
NCT05581004,"A Study to Evaluate the Safety, Pharmacokinetics, and Activity of Enzelkitug as a Single Agent and in Combination With Checkpoint Inhibitor in Participants With Locally Advanced or Metastatic Solid Tumors",PHASE1,Phase 1,ACTIVE_NOT_RECRUITING,165,"Genentech, Inc.",Roche/Genentech,922,1,1,multi_experimental,4,enzelkitug,atezolizumab;enzelkitug;pembrolizumab,PD-L1,Monoclonal Antibody,CMMRD;MSI-H;TMB,1,1,0,0,0,0,0,0,0,,metastatic · measurable (RECIST)
NCT05611931,"Selinexor in Maintenance Therapy After Systemic Therapy for Participants With p53 Wild-Type, Advanced or Recurrent Endometrial Carcinoma",PHASE3,Phase 3,ACTIVE_NOT_RECRUITING,257,Karyopharm Therapeutics Inc,Karyopharm Therapeutics,29,1,0,placebo_comparator,2,matching placebo for selinexor,selinexor,XPO1,Small Molecule,MSI;MSI-H;PR;dMMR,0,1,1,0,0,0,0,0,1,MSI-H/dMMR,small-cell · measurable (RECIST)
NCT05634499,A Study of Giredestrant in Participants With Grade 1 Endometrial Cancer,PHASE2,Phase 2,COMPLETED,33,Hoffmann-La Roche,Roche/Genentech,922,1,1,single_arm,1,giredestrant,giredestrant,ESR1,Small Molecule,ER,0,1,0,0,0,0,0,0,0,,metastatic
NCT05639972,E7 T-cell Receptor (TCR) -T Cell Induction Therapy for Locoregionally Advanced HPV-associated Cancers,PHASE1;PHASE2,Phase 2,RECRUITING,15,Christian Hinrichs,Christian Hinrichs,3,0,0,single_arm,1,aldesleukin;e7 tcr-t cells,aldesleukin;e7 tcr-t cells,E7,CAR-T,HPV-16,1,1,0,0,0,0,0,0,0,,measurable (RECIST)
NCT05669430,A Study of GV20-0251 Monotherapy and GV20-0251 in Combination With Pembrolizumab in Participants With Solid Tumor Malignancies,PHASE1;PHASE2,Phase 2,RECRUITING,365,GV20 Therapeutics,GV20 Therapeutics,3,1,1,multi_experimental,4,,gv20-0251;gv20-0251 and pembrolizumab [keytruda],IGSF8,Oncolytic Virus,IGSF8 RNA;IGSF8 membrane protein,1,1,0,0,0,0,0,1,0,,metastatic · 2nd-line+ · adenoca. · measurable (RECIST)
NCT05686226,E7 TCR-T Cell Immunotherapy for Human Papillomavirus (HPV) Associated Cancers,PHASE2,Phase 2,RECRUITING,20,Christian Hinrichs,Christian Hinrichs,3,0,0,single_arm,1,aldesleukin;e7 tcr-t cells,aldesleukin;e7 tcr-t cells,E7,CAR-T,HPV-16;genomic,1,1,0,0,0,0,1,1,0,,metastatic · 1st-line · measurable (RECIST)
NCT05761951,"Phase 2 Study Evaluating the Efficacy of the Combination of DKN-01 (DKK1 Inhibitor, Leap Therapeutics) and Pembrolizumab in the Treatment of Advanced or Recurrent Endometrial Cancer",PHASE2,Phase 2,ACTIVE_NOT_RECRUITING,8,M.D. Anderson Cancer Center,M.D. Anderson Cancer Center,697,0,1,multi_experimental,2,dkn-01;pembrolizumab,dkn-01;pembrolizumab,DKK1,Monoclonal Antibody,HER2;MET;MMR;MSI;MSI-H;PD-L1;dMMR,1,1,1,0,1,0,0,1,1,"MSI-H/dMMR, PD-L1+",metastatic · 2nd-line+ · squamous
NCT05770102,"DETERMINE Trial Treatment Arm 02: Atezolizumab in Adult, Paediatric and Teenage/Young Adult Patients With Cancers With High Tumour Mutational Burden (TMB) or Microsatellite Instability-high (MSI-high) or Proven Constitutional Mismatch Repair Deficiency (CMMRD) Disposition",PHASE2;PHASE3,Phase 3,RECRUITING,30,Cancer Research UK,Cancer Research UK,16,0,1,single_arm,1,atezolizumab,atezolizumab,PD-L1,Monoclonal Antibody,CMMRD;MMR;MSI;MSI-H;TMB,1,1,0,0,0,0,0,1,0,,metastatic · 2nd-line+ · small-cell
NCT05787587,A Study of PARG Inhibitor IDE161 in Participants With Advanced Solid Tumors,PHASE1,Phase 1,ACTIVE_NOT_RECRUITING,216,IDEAYA Biosciences,IDEAYA Biosciences,11,1,1,multi_experimental,4,ide-161,ide-161;pembrolizumab,PARG,Small Molecule,MSI,0,1,0,0,0,0,0,0,0,,metastatic
NCT05797168,Phase I/IIa Study of AZD5335 as Monotherapy and Combination Therapy in Participants With Solid Tumors,PHASE1;PHASE2,Phase 2,RECRUITING,602,AstraZeneca,AstraZeneca,780,1,1,multi_experimental,6,torvutatug samrotecan,bevacizumab;carboplatin;palacaparib;pembrolizumab;saruparib;torvutatug samrotecan,PARP,Small Molecule,HRR;genomic,0,1,0,0,0,0,0,0,0,,metastatic · measurable (RECIST)
NCT05797831,Study of Navtemadlin as Maintenance Therapy in TP53WT Advanced or Recurrent Endometrial Cancer,PHASE2;PHASE3,Phase 3,RECRUITING,268,"Kartos Therapeutics, Inc.",Kartos Therapeutics,11,1,0,placebo_comparator,7,navtemadlin placebo,navtemadlin,MDM2,Small Molecule,PR;TP53,0,1,0,0,0,0,0,0,0,,recurrent · small-cell · measurable (RECIST) · ECOG 0-1
NCT05798819,"A Study of GLS-010 Plus Platinum-containing Chemotherapy±Bevacizumab as First-line Treatment for Persistent, Recurrent, or Metastatic Cervical Cancer",PHASE3,Phase 3,RECRUITING,424,"Guangzhou Gloria Biosciences Co., Ltd.",Guangzhou Gloria Biosciences,8,1,0,placebo_comparator,2,bevacizumab;carboplatin;cisplatin;paclitaxel,carboplatin;cisplatin;gls-010;paclitaxel,VEGF/VEGFR,Monoclonal Antibody,PD-L1;tumor mutation burden,1,1,0,0,1,0,0,1,1,PD-L1+,metastatic · 2nd-line+ · adenoca. · measurable (RECIST) · ECOG 0
NCT05799274,Safety of RAD301 in Healthy Human Volunteers and Patients With Pancreatic Cancer or Other Solid Tumors,PHASE1,Phase 1,ACTIVE_NOT_RECRUITING,9,"Radiopharm Theranostics, Ltd",Radiopharm Theranostics,7,1,0,single_arm,1,rad301 ([68ga]-rad301),rad301 ([68ga]-rad301),,Radiopharmaceutical,PR,0,1,0,0,0,0,0,0,0,,metastatic · squamous
NCT05819892,"Phase I Trial Testing the Safety and Tolerability of Chemoradiation Followed by Chemotherapy + Dostarlimab for Stage IIIC, Node Positive, Endometrial Cancer",PHASE1,Phase 1,RECRUITING,21,M.D. Anderson Cancer Center,M.D. Anderson Cancer Center,697,0,1,multi_experimental,3,carboplatin;cisplatin;dostarlimab;paclitaxel,carboplatin;cisplatin;dostarlimab;paclitaxel,PD-1,Monoclonal Antibody,MSI-H;PD-L1;dMMR,1,1,0,0,1,0,0,0,1,PD-L1+,metastatic · ECOG 0
NCT05829629,Phase 1 Dose-escalation Study of FluBHPVE6E7 in HPV16-infected Women,PHASE1,Phase 1,RECRUITING,20,BlueSky Immunotherapies GmbH,BlueSky Immunotherapies,2,1,0,placebo_comparator,2,,flubhpve6e7,HPV16 E6/E7,Oncolytic Virus,HPV16,1,0,0,0,0,0,0,0,0,,adenoca.
NCT05838521,A Study of Sacituzumab Govitecan (IMMU-132) in Patients With Recurrent or Persistent Cervical Cancer,PHASE2,Phase 2,RECRUITING,20,Yale University,Yale University,65,0,1,single_arm,1,sacituzumab govitecan,sacituzumab govitecan,TROP2,ADC,TROP2,1,1,0,0,0,0,0,1,0,,metastatic · 2nd-line+ · measurable (RECIST)
NCT05856981,Phase 1 Study Evaluating the Safety and PK of ADU-1805 in Advanced Solid Tumors,PHASE1,Phase 1,RECRUITING,130,Sairopa B.V.,Sairopa,1,1,0,multi_experimental,3,adu-1805,adu-1805;pembrolizumab,PD-1,Monoclonal Antibody,,1,1,0,0,0,0,0,1,0,,metastatic · 2nd-line+ · adenoca. · measurable (RECIST)
NCT05858736,"Safety, PK and Efficacy of AI-061 in Advanced Solid Tumors",PHASE1,Phase 1,COMPLETED,18,"OncoC4, Inc.",OncoC4,10,1,0,multi_experimental,3,ai-061,ai-061,PD-1,Bispecific Antibody,PD-L1,1,1,0,0,0,0,0,0,0,,metastatic · measurable (RECIST)
NCT05862272,A Phase 3B Study to Evaluate Bone Mineral Density With Long-Term Use of Relugolix Combination Tablet in Women With Uterine Fibroids or Endometriosis,PHASE3,Phase 3,RECRUITING,1000,Sumitomo Pharma Switzerland GmbH,Sumitomo Pharma Switzerland,3,1,0,single_arm,1,relugolix combination tablet,relugolix combination tablet,GnRH,Small Molecule,,0,1,0,0,0,0,0,0,0,,
NCT05867251,Study of AVZO-021 in Patients With Advanced Solid Tumors,PHASE1;PHASE2,Phase 2,RECRUITING,430,"Avenzo Therapeutics, Inc.",Avenzo Therapeutics,4,1,0,multi_experimental,4,avzo-021,abemaciclib;avzo-021;carboplatin;fulvestrant;letrozole;palbociclib;ribociclib;sacituzumab govitecan-hziy,CDK2,Small Molecule,CCNE1;HER2;ctDNA,0,1,0,1,0,0,0,1,1,HER2+,metastatic · 2nd-line+ · measurable (RECIST) · ECOG 0-1
NCT05891171,Study of AB598 Monotherapy and Combination Therapy in Participants With Advanced Cancers,PHASE1,Phase 1,ACTIVE_NOT_RECRUITING,40,"Arcus Biosciences, Inc.",Arcus Biosciences,21,1,0,multi_experimental,8,ab598,ab598;fluorouracil;leucovorin;oxaliplatin;zimberelimab,CD39,Monoclonal Antibody,HER2,1,1,0,1,0,0,0,0,1,HER2−,metastatic · adenoca. · measurable (RECIST)
NCT05902988,A Phase I/II Study of VLS-1488 in Subjects With Advanced Cancer,PHASE1;PHASE2,Phase 2,RECRUITING,200,"Volastra Therapeutics, Inc.",Volastra Therapeutics,3,1,0,multi_experimental,4,vls-1488,vls-1488,KIF18A,Small Molecule,MSI;MSI-H;dMMR,0,1,1,0,0,1,0,1,1,"MSI-H/dMMR, POLEm",metastatic · 2nd-line+ · adenoca. · measurable (RECIST)
NCT05910827,"A Phase Ib/II Study of an Anti-HER3 Antibody, HMBD-001, With Cetuximab +/- Docetaxel in Advanced Squamous Cell Cancers",PHASE1;PHASE2,Phase 2,RECRUITING,398,Hummingbird Bioscience,Hummingbird Bioscience,4,1,1,multi_experimental,3,hmbd-001,cetuximab;docetaxel;hmbd-001,HER3,Monoclonal Antibody,ALK;BRAF;HER3;KRAS;MET;RET,1,1,0,0,0,0,0,0,0,,metastatic · squamous · ECOG 0-1
NCT05919264,FOG-001 in Locally Advanced or Metastatic Solid Tumors,PHASE1;PHASE2,Phase 2,RECRUITING,619,"Parabilis Medicines, Inc.",Parabilis Medicines,1,1,0,multi_experimental,19,fog-001,bevacizumab;fog-001;mfolfox-6;nivolumab;trifluridine/tipiracil,β-catenin,Small Molecule,MSI;MSI-H;MSS;PD-L1;Wnt pathway;dMMR,0,1,1,0,1,0,0,1,1,"MSI-H/dMMR, PD-L1+",metastatic · 2nd-line+
NCT05944237,HTL0039732 in Participants With Advanced Solid Tumours,PHASE1;PHASE2,Phase 2,RECRUITING,150,Cancer Research UK,Cancer Research UK,16,0,0,multi_experimental,3,,htl0039732 capsules;htl0039732 capsules and atezolizumab infusion,PD-L1,,HER2;PD-L1;genomic,0,1,0,1,1,0,0,1,1,"HER2+, PD-L1+",metastatic · 2nd-line+ · adenoca. · measurable (RECIST)
NCT05952947,HRYZ-T101 Injection for HPV18 Positive Solid Tumor,PHASE1,Phase 1,RECRUITING,32,HRYZ Biotech Co.,HRYZ Biotech,8,1,0,single_arm,1,fludarabine + cyclophosphamide;hryz-t101 injection,fludarabine + cyclophosphamide;hryz-t101 injection,,Cell Therapy,,1,1,0,0,0,0,0,0,0,,metastatic · measurable (RECIST)
NCT05973487,A Basket Study of Customized Autologous TCR-T Cell Therapies in Patients With Locally Advanced (Unresectable) or Metastatic Solid Tumors,PHASE1,Phase 1,ACTIVE_NOT_RECRUITING,840,"TScan Therapeutics, Inc.",TScan Therapeutics,1,1,0,multi_experimental,28,,tsc-200-a0201;tsc-200-a0201 + tsc-201-b0702;tsc-200-a0201 + tsc-202-a0201;tsc-200-a0201 + tsc-203-a0201;tsc-200-a0201 + tsc-204-a0101;tsc-201-b0702;tsc-201-b0702 + tsc-202-a0201;tsc-202-a0201;tsc-203-a0201;tsc-203-a0201 + tsc-201-b0702;tsc-203-a0201 + tsc-202-a0201;tsc-203-a0201 + tsc-204-a0101;tsc-204-a0101;tsc-204-a0101 + tsc-202-a0201;tsc-204-a0201;tsc-204-a0201 + tsc-200-a0201;tsc-204-a0201 + tsc-201-b0702;tsc-204-a0201 + tsc-202-a0201;tsc-204-a0201 + tsc-203-a0201;tsc-204-a0201 + tsc-204-a0101;tsc-204-a0201 + tsc-204-c0702;tsc-204-c0702;tsc-204-c0702 + tsc-200-a0201;tsc-204-c0702 + tsc-201-b0702;tsc-204-c0702 + tsc-202-a0201;tsc-204-c0702 + tsc-203-a0201;tsc-204-c0702 + tsc-204-a0101,,Cell Therapy,genomic,1,1,0,0,0,0,0,0,0,,metastatic · small-cell · measurable (RECIST)
NCT05983432,Evaluate BL-B01D1 in Patients With Metastatic or Unresectable Non-Small Cell Lung Cancer (NSCLC) and Other Solid Tumors,PHASE1,Phase 1,RECRUITING,470,SystImmune Inc.,SystImmune,7,1,0,multi_experimental,2,bl-b01d1,bl-b01d1,EGFR/HER3,ADC,ALK;EGFR;HER2;MET;PD-L1;ROS1;genomic,1,1,0,1,1,0,0,1,1,"HER2+, PD-L1+",metastatic · 2nd-line+ · adenoca. · measurable (RECIST) · ECOG 0-1
NCT05990803,"A Study of BL-B01D1, SI-B003 and BL-B01D1+SI-B003 in Patients With Recurrent or Metastatic Cervical Cancer and Other Gynecological Malignancies",PHASE2,Phase 2,RECRUITING,130,"Sichuan Baili Pharmaceutical Co., Ltd.",Sichuan Baili Pharmaceutical,127,1,0,single_arm,1,bl-b01d1;si-b003,bl-b01d1;si-b003,EGFR/HER3,ADC,,1,1,0,0,0,0,0,0,0,,metastatic · measurable (RECIST) · ECOG 0-1
NCT05997017,Trial of Nab-Sirolimus in Combination With Letrozole in Patients With Advanced or Recurrent Endometrioid Endometrial Cancer,PHASE2,Phase 2,RECRUITING,29,"Aadi Bioscience, Inc.",Aadi Bioscience,7,1,0,single_arm,1,nab-sirolimus,nab-sirolimus,mTOR,Small Molecule,,0,1,0,0,0,0,0,1,0,,metastatic · 2nd-line+ · measurable (RECIST)
NCT06003231,A Study of Disitamab Vedotin in Previously Treated Solid Tumors That Express HER2,PHASE2,Phase 2,ACTIVE_NOT_RECRUITING,120,"Seagen, a wholly owned subsidiary of Pfizer",Pfizer,687,1,1,multi_experimental,4,disitamab vedotin,disitamab vedotin,HER2,ADC,HER2,1,1,0,1,0,0,0,1,1,HER2+,metastatic · 2nd-line+ · adenoca. · measurable (RECIST)
NCT06014190,HS-20089 in Patients With Ovarian Cancer and Endometrial Cancer,PHASE2,Phase 2,RECRUITING,460,Hansoh BioMedical R&D Company,Hansoh,82,1,0,multi_experimental,6,hs-20089,hs-20089,B7-H4,Cell Therapy,,1,1,0,0,0,0,0,0,0,,metastatic · measurable (RECIST)
NCT06023862,A Three-arm Randomized Phase II Study of Dostarlimab Alone or With Bevacizumab Versus Nonplatinum Chemotherapy in Recurrent Gynecological Clear Cell Carcinoma: DOVE (APGOT-OV7/ ENGOT-ov80 Study),PHASE2,Phase 2,RECRUITING,198,Yonsei University,Yonsei University,10,0,1,active_comparator,3,doxorubicin;gemcitabine;paclitaxel;pegylated liposomal doxorubicin,bevacizumab;dostarlimab,PD-1,Monoclonal Antibody,MSI-H;PD-L1;dMMR,1,1,0,0,1,0,0,1,1,PD-L1+,metastatic · 2nd-line+ · measurable (RECIST)
NCT06036121,A Study of ADRX-0706 in Select Advanced Solid Tumors,PHASE1,Phase 1,ACTIVE_NOT_RECRUITING,144,Adcentrx Therapeutics,Adcentrx Therapeutics,2,1,0,multi_experimental,2,adrx-0706,adrx-0706,Nectin-4,ADC,Nectin-4 expression (H-score ≥100),1,1,0,0,0,0,0,0,0,,metastatic · squamous · measurable (RECIST)
NCT06047379,"Safety and Efficacy of NEO212 in Patients With Astrocytoma IDH-mutant, Glioblastoma IDH-wildtype or Brain Metastasis",PHASE1;PHASE2,Phase 2,RECRUITING,134,"Neonc Technologies, Inc.",Neonc Technologies,4,1,0,multi_experimental,8,neo212 oral capsule,bevacizumab;carboplatin;folfiri protocol;ipilimumab;neo212 oral capsule;nivolumab;paclitaxel;pembrolizumab;regorafenib,,Small Molecule,,0,1,0,0,0,0,0,0,0,,metastatic · squamous · measurable (RECIST)
NCT06079671,Study of Volrustomig in Women With High Risk Locally Advanced Cervical Cancer (eVOLVE-Cervical),PHASE3,Phase 3,RECRUITING,800,AstraZeneca,AstraZeneca,780,1,1,placebo_comparator,2,,volrustomig,PD-1,Monoclonal Antibody,PD-L1,1,0,0,0,1,0,0,0,1,PD-L1+,metastatic · adenoca.
NCT06123884,BAT1308 Combined with Platinum-Based Chemotherapy± Bevacizumab for PDL1-Positive (CPS ≥1) Cervical Cancer,PHASE2;PHASE3,Phase 3,RECRUITING,526,Bio-Thera Solutions,Bio-Thera Solutions,29,1,0,placebo_comparator,2,bevacizumab injection;carboplatin;cisplatin;paclitaxel for injection;recombinant humanized anti-pd-1 monoclonal antibody injection,bevacizumab injection;carboplatin;cisplatin;paclitaxel for injection;recombinant humanized anti-pd-1 monoclonal antibody injection,PD-1,Monoclonal Antibody,PD-L1,1,1,0,0,1,0,0,1,1,PD-L1+,metastatic · 2nd-line+ · adenoca. · measurable (RECIST)
NCT06132958,Sacituzumab Tirumotecan (MK-2870) in Post Platinum and Post Immunotherapy Endometrial Cancer (MK-2870-005),PHASE3,Phase 3,ACTIVE_NOT_RECRUITING,710,Merck Sharp & Dohme LLC,Merck (MSD),649,1,1,active_comparator,2,doxorubicin;nab-paclitaxel;paclitaxel,rescue medications;sacituzumab tirumotecan,TROP-1,ADC,PD-L1;TROP-1;TROP2,1,1,0,0,1,0,0,1,1,PD-L1+,recurrent · 2nd-line+ · measurable (RECIST)
NCT06155396,A Study of RC48-ADC Combination With Zimberelimab Injection Therapies at Least First-line Platinum-containing Standard Therapy Failed With Recurrent or Metastatic Cervical Cancer,PHASE2,Phase 2,RECRUITING,116,"RemeGen Co., Ltd.",RemeGen,51,1,0,single_arm,1,disitamab vedotin;zimberelimab,disitamab vedotin;zimberelimab,PD-1,Monoclonal Antibody,HER2;MET;PD-L1,1,1,0,1,1,0,0,0,1,"HER2+, PD-L1+",metastatic · measurable (RECIST)
NCT06157151,PRGN-2009 in Combination With Pembrolizumab in Patients With Recurrent or Metastatic Cervical Cancer,PHASE2,Phase 2,RECRUITING,24,"Precigen, Inc",Precigen,4,1,0,single_arm,1,prgn-2009 plus pembrolizumab,prgn-2009 plus pembrolizumab,HPV16,Oncolytic Virus,PD-L1,1,1,0,0,0,0,0,0,0,,metastatic · measurable (RECIST)
NCT06172478,A Study of HER3-DXd in Subjects With Locally Advanced or Metastatic Solid Tumors,PHASE2,Phase 2,RECRUITING,740,Daiichi Sankyo,Daiichi Sankyo,178,1,1,single_arm,1,her3-dxd,her3-dxd,HER3,ADC,ALK;BRAF;CLDN18.2;ER;HER2;HER3;KRAS;MET;MMR;MSI;NTRK;PD-L1;RET;ROS1;genomic,1,1,1,1,1,0,1,1,1,"MSI-H/dMMR, HER2+, PD-L1+",metastatic · 1st-line · adenoca. · measurable (RECIST) · ECOG 0
NCT06180733,Neo-adjuvant Pembrolizumab as an Alternative Treatment for MMRd Uterine Cancer,PHASE2,Phase 2,ACTIVE_NOT_RECRUITING,12,University Medical Center Groningen,University Medical Center Groningen,15,0,1,single_arm,1,pembrolizumab injection [keytruda],pembrolizumab injection [keytruda],PD-1,Monoclonal Antibody,ATM;BARD1;BRCA1/2;CHEK2;FANCC;HRD;PALB2;PD-L1;RA;SLX4;XRCC2,1,1,0,0,1,0,0,1,1,PD-L1+,metastatic · 2nd-line+ · squamous
NCT06218914,"Phase 1 Study to Investigate TCRTs KRAS Mutation in Unresectable, Advanced, and/or Metastatic Solid Tumors",PHASE1,Phase 1,RECRUITING,108,AstraZeneca,AstraZeneca,780,1,1,multi_experimental,2,engineered t cells targeting kras g12d,azd0240: autologous;engineered t cells targeting kras g12d;nt-112: autologous,KRAS,CAR-T,KRAS,1,1,0,0,0,0,0,0,0,,metastatic · adenoca. · measurable (RECIST)
NCT06238479,"A Study of LY4101174 in Participants With Recurrent, Advanced or Metastatic Solid Tumors",PHASE1,Phase 1,ACTIVE_NOT_RECRUITING,490,Eli Lilly and Company,Eli Lilly,535,1,1,multi_experimental,3,ly4101174,ly4101174,NECTIN4,ADC,NECTIN-4,1,1,0,0,0,0,0,0,0,,metastatic · squamous · measurable (RECIST)
NCT06238635,Dostarlimab and Cobolimab in Advanced Cervical Cancer,PHASE2,Phase 2,ACTIVE_NOT_RECRUITING,66,Meghan Shea,Meghan Shea,1,0,1,multi_experimental,2,cobolimab;dostarlimab,cobolimab;dostarlimab,PD-1,Monoclonal Antibody,MSI-H;PD-L1;dMMR,1,1,0,0,1,0,1,1,1,PD-L1+,metastatic · 1st-line · squamous · measurable (RECIST)
NCT06239194,Dose Escalation and Dose Expansion Study of MDX2001 in Patients With Advanced Solid Tumors,PHASE1;PHASE2,Phase 2,RECRUITING,285,"ModeX Therapeutics, An OPKO Health Company","ModeX Therapeutics, An OPKO Health",3,1,0,multi_experimental,4,mdx2001,mdx2001,CD3,Bispecific Antibody,MET;TROP2,1,1,0,0,0,0,0,0,0,,metastatic · measurable (RECIST)
NCT06242470,A Study of MGC026 in Participants With Advanced Solid Tumors,PHASE1,Phase 1,RECRUITING,250,MacroGenics,MacroGenics,29,1,0,multi_experimental,12,,mgc026 dose escalation;mgc026 dose for expansion,,,,0,1,0,0,0,0,0,0,0,,metastatic · squamous · measurable (RECIST)
NCT06251947,Efbemalenograstim Alfa Injection for Ovarian or Cervical Cancer Receiving Chemotherapy Regimen,PHASE2,Phase 2,RECRUITING,83,Shandong University,Shandong University,3,0,0,single_arm,1,efbemalenograstim alfa,efbemalenograstim alfa,G-CSF,Small Molecule,,0,1,0,0,0,0,1,0,0,,metastatic · 1st-line · ECOG 2
NCT06257264,A Study to Examine the Safety of Different Doses of BG-68501 Given to Participants With Advanced-Stage Tumors,PHASE1,Phase 1,ACTIVE_NOT_RECRUITING,103,BeiGene,BeiGene/BeOne,149,1,1,multi_experimental,5,bg-68501,bg-68501;bgb-43395;fulvestrant,CDK2,Small Molecule,HER2,0,1,0,1,0,0,0,1,1,HER2+,metastatic · 2nd-line+ · adenoca. · measurable (RECIST)
NCT06265025,"GM103 Intratumoral Injection in Patients With Locally Advanced, Unresectable, Refractory and/or Metastatic Solid Tumors",PHASE1;PHASE2,Phase 2,RECRUITING,125,"GeneMedicine Co., Ltd.",GeneMedicine,1,1,0,multi_experimental,3,,gm103 (part a);gm103 (part b);gm103 and pembrolizumab (part c),PD-1,Oncolytic Virus,,1,1,0,0,0,0,0,1,0,,metastatic · 2nd-line+ · measurable (RECIST)
NCT06266338,Study of Pembrolizumab and Lenvatinib in Metastatic and Recurrent Cervix Cancer (LenPem Cervix),PHASE2,Phase 2,RECRUITING,30,University of Texas Southwestern Medical Center,University of Texas Southwestern Medical Center,48,0,1,single_arm,1,lenvatinib;pembrolizumab,lenvatinib;pembrolizumab,PD-1,Monoclonal Antibody,PD-L1,1,1,0,0,1,0,1,1,1,PD-L1+,metastatic · 1st-line · adenoca. · measurable (RECIST)
NCT06273553,A Study in Subjects With Human Papillomavirus 16 or 18 Associated Cervical Intraepithelial Neoplasia Grade 2 or 3,PHASE1;PHASE2,Phase 2,NOT_YET_RECRUITING,39,"RinuaGene Biotechnology Co., Ltd.",RinuaGene Biotechnology,1,1,0,single_arm,1,rg002 injection,rg002 injection,HPV16/HPV18,mRNA,HPV16;HPV18,0,1,0,0,0,0,0,0,0,,adenoca.
NCT06276491,"Phase 1, Safety and Tolerability Study of XmAb541 in Advanced Solid Tumors",PHASE1,Phase 1,RECRUITING,282,"Xencor, Inc.",Xencor,19,1,0,single_arm,1,xmab541,xmab541,CD33,Monoclonal Antibody,,1,1,0,0,0,0,0,0,0,,metastatic · adenoca.
NCT06277154,MASCT-I Combined With Doxorubicin and Ifosfamide for First-line Treatment of Advanced Soft Tissue Sarcoma,PHASE2,Phase 2,RECRUITING,148,HRYZ Biotech Co.,HRYZ Biotech,8,1,0,active_comparator,2,doxorubicin;ifosfamide,doxorubicin;ifosfamide;masct-i,,Cell Therapy,PD-L1,1,1,0,0,1,0,0,1,1,PD-L1+,metastatic · 2nd-line+ · measurable (RECIST)
NCT06278857,SATELLITE Study (feaSibility sAfeTy Efficacy dostarLimab earLy-stage defIcient endomeTrial cancEr),PHASE2,Phase 2,RECRUITING,10,Queensland Centre for Gynaecological Cancer,Queensland Centre for Gynaecological Cancer,2,0,1,single_arm,1,dostarlimab-gxly,dostarlimab-gxly,PD-1,Monoclonal Antibody,MMR;dMMR,1,1,0,0,0,0,0,0,0,,adenoca.
NCT06293898,Open Label Study to Evaluate BL-M07D1 in HER2 Expressing Malignant Solid Tumors,PHASE1,Phase 1,RECRUITING,280,SystImmune Inc.,SystImmune,7,1,0,multi_experimental,3,bl-m07d1,bl-m07d1,HER2,ADC,HER2;MET;PD-L1,1,1,0,1,1,0,0,1,1,"HER2+, PD-L1+",metastatic · 2nd-line+ · squamous · measurable (RECIST) · ECOG 0-1
NCT06305962,177Lu-anti-PD-L1 sdAb in Metastatic Solid Tumors,EARLY_PHASE1,Phase 1,RECRUITING,30,"Radiopharm Theranostics, Ltd",Radiopharm Theranostics,7,1,0,single_arm,1,177lu-rad204,177lu-rad204,PD-L1,Radiopharmaceutical,MSI;PD-L1,0,1,0,0,1,0,0,1,1,PD-L1+,metastatic · 2nd-line+ · measurable (RECIST)
NCT06319963,A Study to Evaluate Lenti-HPV-07 Immunotherapy Against HPV+ Cervical or Oropharyngeal Cancer,PHASE1;PHASE2,Phase 2,RECRUITING,72,Theravectys S.A.,Theravectys,1,1,0,multi_experimental,2,,one im injection lenti-hpv-07;two im injections lenti-hpv-07,HPV,mRNA,HPV,0,1,0,0,0,0,0,0,0,,
NCT06340568,A Clinical Study of the Anti-cancer Effects of an Investigational Therapy or Chemotherapy in Patients With Recurring Uterine Cancer,PHASE3,Phase 3,RECRUITING,480,BioNTech SE,BioNTech,45,1,0,active_comparator,3,docetaxel;doxorubicin;paclitaxel,bnt323/db-1303,HER2,ADC,HER2,1,1,0,1,0,0,0,0,1,HER2+,metastatic · measurable (RECIST)
NCT06358053,CRTE7A2-01 TCR-T Cells for HPV-16 Positive Advanced Cancers,PHASE1,Phase 1,NOT_YET_RECRUITING,24,"Corregene Biotechnology Co., Ltd",Corregene Biotechnology,4,1,0,single_arm,1,crte7a2-01 tcr-t cell therapy,crte7a2-01 tcr-t cell therapy,HPV16,Recombinant Protein,HLA-A*02:01;HPV16,0,1,0,0,0,0,0,1,0,,metastatic · 2nd-line+ · squamous · measurable (RECIST)
NCT06366347,ALPINE: Maintenance Letrozole/Abemaciclib,PHASE2,Phase 2,RECRUITING,32,Dana-Farber Cancer Institute,Dana-Farber Cancer Institute,326,0,1,single_arm,1,abemaciclib;letrozole;pembrolizumab,abemaciclib;letrozole;pembrolizumab,ER,Small Molecule,ER;HER2;MMR;TMB,0,1,0,0,0,0,0,0,0,,metastatic · ductal · measurable (RECIST)
NCT06380816,A Phase I/II Trial of UCB4594 in Participants With Advanced Cancer,PHASE1;PHASE2,Phase 2,RECRUITING,167,Cancer Research UK,Cancer Research UK,16,0,0,multi_experimental,2,ucb4594,ucb4594,,,,0,1,0,0,0,0,0,1,0,,metastatic · 2nd-line+ · squamous · measurable (RECIST)
NCT06395519,A Study of PARG Inhibitor ETX-19477 in Patients With Advanced Solid Malignancies,PHASE1;PHASE2,Phase 2,RECRUITING,120,"858 Therapeutics, Inc.",858 Therapeutics,1,1,0,multi_experimental,2,etx-19477,etx-19477,PARG,Small Molecule,,0,1,0,0,0,0,0,0,0,,metastatic · squamous · measurable (RECIST)
NCT06399757,A Study to Investigate APL-5125 in Adults With Advanced Solid Tumors,PHASE1;PHASE2,Phase 2,ACTIVE_NOT_RECRUITING,100,Apollo Therapeutics Ltd,Apollo Therapeutics,2,1,0,multi_experimental,2,apl-5125,apl-5125,,,KRAS,0,1,0,0,0,0,0,0,0,,metastatic · adenoca. · ECOG 1
NCT06400472,A Study of Sofe-M in Participants With Selected Advanced Solid Tumors,PHASE1,Phase 1,RECRUITING,575,Eli Lilly and Company,Eli Lilly,535,1,1,multi_experimental,11,sofe-m,bevacizumab;carboplatin;itraconazole;pembrolizumab;sofe-m,VEGF/VEGFR,Monoclonal Antibody,,1,1,0,0,0,0,0,0,0,,metastatic · small-cell
NCT06444815,A Study of VET3-TGI in Patients With Solid Tumors,PHASE1,Phase 1,RECRUITING,60,KaliVir Immunotherapeutics,KaliVir Immunotherapeutics,1,1,0,multi_experimental,4,vet3-tgi,atezolizumab;vet3-tgi,TGF-β,Oncolytic Virus,,1,1,0,0,1,0,0,0,1,PD-L1+,metastatic · squamous · measurable (RECIST)
NCT06459180,A Study to Compare Sacituzumab Tirumotecan (MK-2870) Monotherapy Versus Treatment of Physician's Choice as Second-line Treatment for Participants With Recurrent or Metastatic Cervical Cancer (MK-2870-020/TroFuse-020/Gog-3101/ENGOT-cx20),PHASE3,Phase 3,ACTIVE_NOT_RECRUITING,686,Merck Sharp & Dohme LLC,Merck (MSD),649,1,1,active_comparator,2,gemcitabine;irinotecan;pemetrexed;tisotumab vedotin;topotecan;vinorelbine,sacituzumab tirumotecan,TROP-1,ADC,PD-L1;TROP-1;TROP2,1,1,0,0,1,0,0,0,1,PD-L1+,metastatic · adenoca. · measurable (RECIST)
NCT06459687,"Phase III Study of Socazolimab as First-Line Treatment in Persistent, Recurrent, or Metastatic Cervical Cancer",PHASE3,Phase 3,RECRUITING,440,Lee's Pharmaceutical Limited,Lee's Pharmaceutical,21,1,0,placebo_comparator,2,placebo+cisplatin/carboplatin+paclitaxel+bevacizumab,socazolimab+cisplatin/carboplatin+paclitaxel+bevacizumab,PD-1,Monoclonal Antibody,PD-L1,1,1,0,0,1,0,0,0,1,PD-L1+,metastatic · small-cell · measurable (RECIST)
NCT06463028,Sapanisertib and Serabelisib (PIKTOR) With Paclitaxel and a Substudy With an Insulin-Suppressing Diet in Patients With Advanced/Recurrent Endometrial Cancer,PHASE2,Phase 2,RECRUITING,40,Faeth Therapeutics,Faeth Therapeutics,6,1,0,single_arm,1,paclitaxel;sapanisertib;serabelisib,paclitaxel;sapanisertib;serabelisib,mTOR,Small Molecule,,0,1,0,0,0,0,0,0,0,,metastatic · squamous · measurable (RECIST)
NCT06465069,A Study of LY4052031 in Participants With Advanced or Metastatic Urothelial Cancer or Other Solid Tumors,PHASE1,Phase 1,RECRUITING,420,Eli Lilly and Company,Eli Lilly,535,1,1,multi_experimental,3,ly4052031,ly4052031,NECTIN4,ADC,NECTIN-4,1,1,0,0,0,0,0,0,0,,metastatic · squamous · measurable (RECIST)
NCT06475599,Anlotinib Hydrochloride Capsules Combined With TQB2450 in the Treatment of Endometrial Cancer,PHASE3,Phase 3,NOT_YET_RECRUITING,420,"Chia Tai Tianqing Pharmaceutical Group Co., Ltd.",Chia Tai Tianqing Pharmaceutical,213,1,0,active_comparator,2,chemotherapy drug,anlotinib hydrochloride capsule + tqb2450 injection,VEGF/VEGFR,Monoclonal Antibody,MMR;MSI;MSI-H;PD-L1;dMMR,1,1,1,0,1,0,0,0,1,"MSI-H/dMMR, PD-L1+",metastatic · measurable (RECIST)
NCT06476808,"A Study to Evaluate the Safety, Tolerability, and Efficacy of Escalating Doses of BMS-986463 in Participants With Select Advanced Malignant Tumors.",PHASE1,Phase 1,RECRUITING,240,Bristol-Myers Squibb,Bristol Myers Squibb,764,1,1,multi_experimental,2,bms-986463,bms-986463,PD-1,Monoclonal Antibody,PD-L1,1,1,0,0,0,0,0,0,0,,metastatic
NCT06481592,A Study of Lifileucel (Tumor-infiltrating Lymphocytes) in Adults With Advanced Endometrial Cancer.,PHASE2,Phase 2,RECRUITING,60,"Iovance Biotherapeutics, Inc.",Iovance Biotherapeutics,15,1,0,single_arm,1,lifileucel,lifileucel,,Cell Therapy,PD-L1,1,1,0,0,1,0,0,0,1,PD-L1+,metastatic
NCT06486441,Study of Sacituzumab Govitecan Versus Treatment of Physician's Choice in Participants With Endometrial Cancer After Platinum-Based Chemotherapy and Immunotherapy (ASCENT-GYN-01/GOG-3104/ENGOT-en26),PHASE3,Phase 3,ACTIVE_NOT_RECRUITING,640,Gilead Sciences,Gilead Sciences,168,1,1,active_comparator,2,doxorubicin;paclitaxel,sacituzumab govitecan-hziy,TROP2,ADC,PD-L1,1,1,0,0,1,0,0,0,1,PD-L1+,recurrent · measurable (RECIST)
NCT06502743,"First-line Carboplatin and Paclitaxel in Combination With Pembrolizumab, Followed by Maintenance Pembrolizumab With or Without Nesuparib, in Patients With Newly Diagnosed Advanced or Recurrent MMR-proficient (pMMR) Endometrial Cancer",PHASE2,Phase 2,RECRUITING,92,Yonsei University,Yonsei University,10,0,1,multi_experimental,3,pembrolizumab,nesuparib;pembrolizumab,PARP,Small Molecule,MMR-PROFICIENT;PR,0,1,0,0,0,0,1,0,0,,metastatic · 1st-line · adenoca. · measurable (RECIST)
NCT06505551,Phase 1/2 Study of Autologous SCG142 TCR T Cells in Patients With HPV16/52-positive Carcinoma,PHASE1;PHASE2,Phase 2,NOT_YET_RECRUITING,66,SCG Cell Therapy Pte. Ltd.,SCG Cell Therapy Pte.,3,1,0,single_arm,1,cyclophosphamide;fludarabine;scg142,cyclophosphamide;fludarabine;scg142,HPV16,Cell Therapy,HPV16;HPV52,1,1,0,0,0,0,0,0,0,,metastatic · squamous · measurable (RECIST)
NCT06515613,A Phase 1 Study of CTIM-76 in Patients With Recurring Ovarian Cancer and Other Advanced Solid Tumors,PHASE1,Phase 1,RECRUITING,156,Context Therapeutics Inc.,Context Therapeutics,5,1,0,single_arm,1,ctim-76,ctim-76,CLDN6,Bispecific Antibody,,1,1,0,0,0,0,0,1,0,,metastatic · 2nd-line+ · measurable (RECIST) · ECOG 0-1
NCT06518564,Avelumab and M1774 in ARID1A-mutated Endometrial Cancer,PHASE2,Phase 2,RECRUITING,25,"Panagiotis Konstantinopoulos, MD, PhD","Panagiotis Konstantinopoulos, MD, PhD",1,0,1,single_arm,1,avelumab;m1774,avelumab;m1774,PD-L1,Monoclonal Antibody,PD-L1,1,1,0,0,1,0,1,0,1,PD-L1+,metastatic · 1st-line · squamous · measurable (RECIST)
NCT06531486,A Study of XS-02 Capsules in Patients With Advanced Solid Tumors,PHASE1;PHASE2,Phase 2,NOT_YET_RECRUITING,96,"NovaOnco Therapeutics Co., Ltd.",NovaOnco Therapeutics,3,1,0,single_arm,1,xs-02 capsules,xs-02 capsules,,,,0,1,0,0,0,0,0,1,0,,metastatic · 2nd-line+ · squamous · measurable (RECIST) · ECOG 0-1
NCT06533059,A Study to Learn About Study Medicine ALTA2618 in Adults With AKT1 E17K-Mutant Solid Tumors,PHASE1,Phase 1,ACTIVE_NOT_RECRUITING,110,"Alterome Therapeutics, Inc.",Alterome Therapeutics,2,1,0,single_arm,1,alta2618,alta2618,AKT1,Small Molecule,AKT1;BRAF;KRAS;genomic,0,1,0,0,0,0,0,0,0,,metastatic · measurable (RECIST)
NCT06535607,Study of Volrustomig as Monotherapy or in Combination With Anti- Cancer Agents in Participants With Advanced/Metastatic Solid Tumors,PHASE2,Phase 2,RECRUITING,257,AstraZeneca,AstraZeneca,780,1,1,multi_experimental,8,volrustomig,carboplatin;cisplatin;fluorouracil;paclitaxel;volrustomig,PD-1,Monoclonal Antibody,PD-L1,1,1,0,0,1,0,0,0,1,PD-L1+,metastatic · measurable (RECIST)
NCT06543576,External Beam Radiation Therapy and Brachytherapy With Chemotherapy and Immunotherapy for the Treatment of Stage IVB Cervical Cancer,PHASE1;PHASE2,Phase 2,RECRUITING,35,Jonsson Comprehensive Cancer Center,Jonsson Comprehensive Cancer Center,117,0,1,single_arm,1,bevacizumab;biospecimen collection;brachytherapy;cisplatin;external beam radiation therapy;paclitaxel;pembrolizumab;questionnaire administration,bevacizumab;biospecimen collection;brachytherapy;cisplatin;external beam radiation therapy;paclitaxel;pembrolizumab;questionnaire administration,VEGF/VEGFR,Monoclonal Antibody,MET;PD-L1,1,1,0,0,1,0,0,1,1,PD-L1+,metastatic · 2nd-line+ · adenoca. · measurable (RECIST)
NCT06547840,A Study of MOv18 IgE in Patients With Solid Tumours That Express Folate Receptor Alpha,PHASE1,Phase 1,RECRUITING,45,Epsilogen Ltd,Epsilogen,1,1,0,single_arm,1,mov18 ige,mov18 ige,FOLR1,Monoclonal Antibody,ER;Folate Receptor Alpha;HER2,1,1,0,1,0,0,0,0,1,HER2−,metastatic · squamous · measurable (RECIST)
NCT06584032,Study of Fruquintinib Plus Sintilimab for Treatment of Advanced Endometrial Cancer,PHASE3,Phase 3,RECRUITING,412,Hutchmed,HUTCHMED,35,1,0,active_comparator,2,doxorubicin;paclitaxel,fruquintinib;sintilimab,VEGF/VEGFR,Small Molecule,MMR;MSI;MSI-H;PD-L1;biomarker;dMMR,0,1,1,0,1,0,1,0,1,"MSI-H/dMMR, PD-L1+",metastatic · 1st-line
NCT06586957,A Study With NKT3964 for Adults With Advanced/Metastatic Solid Tumors,PHASE1,Phase 1,RECRUITING,150,"NiKang Therapeutics, Inc.",NiKang Therapeutics,5,1,0,multi_experimental,2,nkt3964,nkt3964,CDK2,Small Molecule,HER2,0,1,0,1,0,0,0,1,1,HER2+,metastatic · 2nd-line+ · adenoca.
NCT06614751,A PARG Inhibitor DAT-2645 Monotherapy in Patients with Advanced/Metastatic Solid Tumors Harboring BRCA1/2 Loss of Function Alterations And/or Other Defects in the DDR Pathway,PHASE1,Phase 1,NOT_YET_RECRUITING,112,"Danatlas Pharmaceuticals Co., Ltd",Danatlas Pharmaceuticals,3,1,0,multi_experimental,3,dat-2645 tablet,dat-2645 tablet,PARP,Small Molecule,BRCA1;BRCA2,0,1,0,0,0,0,0,0,0,,metastatic · measurable (RECIST)
NCT06620029,"BMX-001 + Paclitaxel in Adult Patients With Advanced, Recurrent, Metastatic Ovarian or Endometrial Cancer",PHASE1;PHASE2,Phase 2,NOT_YET_RECRUITING,27,"BioMimetix JV, LLC",BioMimetix JV,5,1,0,single_arm,1,bmx-001;paclitaxel (taxol),bmx-001;paclitaxel (taxol),,,biomarker,0,1,0,0,0,0,0,0,0,,metastatic · measurable (RECIST) · ECOG 0-1
NCT06671548,Efficacy & Safety Study of Relugolix in Women With Heavy Menstrual Bleeding Associated With Uterine Fibroids,PHASE3,Phase 3,RECRUITING,120,"Qilu Pharmaceutical Co., Ltd.",Qilu Pharmaceutical,108,1,0,placebo_comparator,2,relugolix placebo,relugolix,GnRH,Small Molecule,,0,1,0,0,0,0,0,0,0,,
NCT06672653,Tolerance and Effectiveness of C14 on HPV Infection,PHASE1;PHASE2,Phase 2,NOT_YET_RECRUITING,66,MGB Pharma,MGB Pharma,1,1,0,placebo_comparator,2,distilled water group,"the monoterpenoid zinc tetra-ascorbo-camphorate (""c14"")",,,,0,1,0,0,0,0,0,0,0,,
NCT06677190,Belzutifan in Recurrent Clear Cell Carcinoma of Gynecologic Origin,PHASE2,Phase 2,RECRUITING,32,Dana-Farber Cancer Institute,Dana-Farber Cancer Institute,326,0,1,single_arm,1,belzutifan,belzutifan,HIF-2α,Small Molecule,HIF-2α;VHL,0,1,0,0,0,0,0,0,0,,metastatic · measurable (RECIST)
NCT06692166,A Study to Evaluate 9MW2821 Versus Treatment of Physician's Choice for Subjects With Recurrent or Metastatic Cervical Cancer,PHASE3,Phase 3,RECRUITING,420,"Mabwell (Shanghai) Bioscience Co., Ltd.",Mabwell (Shanghai) Bioscience,33,1,0,active_comparator,2,,9mw2821,Nectin-4,ADC,TROP-1,1,0,0,0,0,0,0,0,0,,metastatic · adenoca. · measurable (RECIST)
NCT06695845,A Phase 2 Study of Zanidatamab in Patients With HER2-expressing Tumors,PHASE2,Phase 2,RECRUITING,200,Jazz Pharmaceuticals,Jazz Pharmaceuticals,59,1,0,single_arm,1,zanidatamab,zanidatamab,HER2,Bispecific Antibody,ALK;BRAF;EGFR;HER2;KRAS;MET;ROS1,1,1,0,1,0,0,0,0,1,HER2+,metastatic · small-cell · measurable (RECIST)
NCT06710847,"A Study to Investigate the Safety, Pharmacokinetics, and Preliminary Effectiveness of GSK4418959 Alone or in Combination With Other Anti-cancer Agents in Participants With Solid Tumors",PHASE1;PHASE2,Phase 2,ACTIVE_NOT_RECRUITING,14,GlaxoSmithKline,GSK,468,1,1,multi_experimental,3,gsk4418959,gsk4418959;pd-1 inhibitor,WRN,Small Molecule,MMR;MSI;MSI-H;dMMR,0,1,1,0,0,0,0,0,1,MSI-H/dMMR,metastatic · squamous · measurable (RECIST)
NCT06712472,Randomized Phase III Trial Testing Maintenance Olaparib Versus Observation After Adjuvant Chemoradiation for p53abn Endometrial Cancer,PHASE3,Phase 3,RECRUITING,554,"Gustave Roussy, Cancer Campus, Grand Paris","Gustave Roussy, Cancer Campus, Grand Paris",31,0,1,multi_experimental,2,olaparib (,olaparib (,PARP,Small Molecule,P53ABN,0,1,0,0,0,1,0,0,1,POLEm,metastatic · ductal
NCT06714617,Evaluate BL-M17D1 in Patients w/HER2-Expressing/Mutant Advanced or Metastatic Solid Tumors,PHASE1,Phase 1,ACTIVE_NOT_RECRUITING,120,SystImmune Inc.,SystImmune,7,1,0,multi_experimental,3,bl-m17d1,bl-m17d1,HER2,ADC,HER2;MET,1,1,0,1,0,0,0,1,1,HER2+,metastatic · 2nd-line+ · squamous · measurable (RECIST) · ECOG 0-1
NCT06724263,"A Multicenter, Open-label Phase IIa Clinical Study to Evaluate the Efficacy and Safety of B1962 Injection in the Treatment of Advanced Malignant Solid Tumors",PHASE2,Phase 2,NOT_YET_RECRUITING,120,"Tasly Biopharmaceuticals Co., Ltd.",Tasly Biopharmaceuticals,3,1,0,single_arm,1,b1962,b1962,,,ER;PD-L1;PR,0,1,0,0,1,0,1,0,1,PD-L1+,metastatic · 1st-line · squamous · measurable (RECIST)
NCT06730347,A Study of Lorigerlimab in Participants With Advanced Solid Tumors,PHASE2,Phase 2,RECRUITING,80,MacroGenics,MacroGenics,29,1,0,multi_experimental,4,lorigerlimab,lorigerlimab,PD-1,Bispecific Antibody,PD-L1;PR,1,1,0,0,1,0,1,1,1,PD-L1+,metastatic · 1st-line · squamous · measurable (RECIST)
NCT06738966,"A Study of BL0175 Injection in Postmenopausal Female Adults With HR-positive, Locally Advanced or Metastatic Cancer",PHASE1,Phase 1,RECRUITING,9,"Shanghai Best-Link Bioscience, LLC",Shanghai Best-Link Bioscience,6,1,0,multi_experimental,5,bl0175,bl0175,HER2,Peptide,ER;HER2;PR,0,1,0,1,0,0,0,0,1,HER2+,metastatic · squamous
NCT06746116,A Study to Evaluate the Use of Durvalumab in Combination With Platinum-based Chemotherapy Followed by Durvalumab With Olaparib as First-line Treatment in Advanced or Recurrent Endometrial Cancer in Spain,PHASE3,Phase 3,ACTIVE_NOT_RECRUITING,45,AstraZeneca,AstraZeneca,780,1,1,single_arm,1,durvalumab + chemotherapy phase;durvalumab + olaparib phase,durvalumab + chemotherapy phase;durvalumab + olaparib phase,PD-L1,Monoclonal Antibody,MET;MMR;PD-L1;biomarker;pMMR,1,1,0,0,1,0,1,0,1,PD-L1+,metastatic · 1st-line · measurable (RECIST) · ECOG 2
NCT06747585,A Study to Investigate ALE.P02 as Monotherapy in Adult Patients With Selected CLDN1+ Solid Tumors,PHASE1;PHASE2,Phase 2,RECRUITING,170,Alentis Therapeutics AG,Alentis Therapeutics,3,1,0,multi_experimental,3,ale.p02,ale.p02,CLDN1,ADC,CLDN1,1,1,0,0,0,0,0,1,0,,metastatic · 2nd-line+ · adenoca. · measurable (RECIST)
NCT06751277,QL1706 Combined with Chemotherapy in the Treatment of Recurrent or Metastatic Endometrial Cancer,PHASE2,Phase 2,NOT_YET_RECRUITING,26,xiang yang,xiang yang,1,0,0,single_arm,1,followed by ql1706;ql1706 plus carboplatin plus paclitaxel for six to eight cycles at the investigator's discretion,followed by ql1706;ql1706 plus carboplatin plus paclitaxel for six to eight cycles at the investigator's discretion,PD-1/CTLA-4,Bispecific Antibody,PD-L1,1,1,0,0,1,0,1,1,1,PD-L1+,metastatic · 1st-line · squamous · measurable (RECIST)
NCT06751329,A Study of DM002 in Patients With Advanced Solid Tumors,PHASE1;PHASE2,Phase 2,RECRUITING,280,"Xadcera Biopharmaceutical (Suzhou) Co., Ltd.",Xadcera Biopharmaceutical (Suzhou),2,1,0,multi_experimental,5,dm002,dm002,HER3,ADC,biomarker,1,1,0,0,0,0,0,0,0,,metastatic · squamous · measurable (RECIST)
NCT06755515,"A Phase Ⅱ/Ⅲ Study of Rulonilimab Plus Chemotherapy± Bevacizumab for the First-Line Treatment of Persistent, Recurrent or Metastatic Cervical Cancer",PHASE2;PHASE3,Phase 3,ENROLLING_BY_INVITATION,510,"Shandong New Time Pharmaceutical Co., LTD",Shandong New Time Pharmaceutical,21,1,0,placebo_comparator,2,cisplatin/carboplatin + paclitaxel ± bevacizumab,cisplatin/carboplatin + paclitaxel ± bevacizumab;rulonilimab,LAG-3,Monoclonal Antibody,MET;PD-L1,1,1,0,0,1,0,1,1,1,PD-L1+,metastatic · 1st-line · adenoca. · measurable (RECIST)
NCT06758557,A Study to Evaluate the Safety and Efficacy of HB0025 Injection in Patients With Advanced Solid Tumor,PHASE1;PHASE2,Phase 2,RECRUITING,282,"Huabo Biopharm Co., Ltd.",Huabo Biopharm,8,1,0,multi_experimental,6,hb0025,carboplatin;hb0025;paclitaxel;pemetrexed,PD-L1,Bispecific Antibody,ALK;BRAF;MET;NTRK;PD-L1;RET;ROS1;genomic,1,1,0,0,0,0,0,1,0,,metastatic · 2nd-line+ · squamous · measurable (RECIST) · ECOG 0
NCT06760676,"A Multiple Tumor Species, Open and Multi-center Clinical Study of Alpaloritovorelli Antibodies (QL-1706) Combined with Pulsed Low Dose Rate External Irradiation (PLDR) for Disease Progression After Previous Anti-tumor Therapy",PHASE1,Phase 1,NOT_YET_RECRUITING,90,Anhui Provincial Hospital,Anhui Provincial Hospital,6,0,0,single_arm,1,alpaloritovorelli antibodies;pulsed low dose rate radiotherapy (pldr),alpaloritovorelli antibodies;pulsed low dose rate radiotherapy (pldr),PD-1,,,0,1,0,0,0,0,1,0,0,,metastatic · 1st-line · squamous · measurable (RECIST) · ECOG 0
NCT06769152,A Phase II Clinical Study to Evaluate the Efficacy and Safety of HLX43 (Anti-PD-L1 ADC) in Patients With Advanced Gynecological Malignant Tumors,PHASE2,Phase 2,RECRUITING,190,Shanghai Henlius Biotech,Shanghai Henlius,98,1,0,multi_experimental,4,hlx43,hlx43,PD-L1,ADC,PD-L1,1,1,0,0,1,0,1,0,1,PD-L1+,metastatic · 1st-line · adenoca. · measurable (RECIST)
NCT06774963,A Phase 1 Study of LNCB74 in Advanced Solid Tumors,PHASE1,Phase 1,RECRUITING,145,"NextCure, Inc.",NextCure,8,1,0,multi_experimental,2,lncb74,lncb74,B7-H4,ADC,,1,1,0,0,0,0,0,1,0,,metastatic · 2nd-line+ · measurable (RECIST)
NCT06792552,A Phase I Study of SIM0505 in Participants With Advanced Solid Tumors,PHASE1,Phase 1,RECRUITING,738,"NextCure, Inc.",NextCure,8,1,0,multi_experimental,5,sim0505 for injection,sim0505 for injection,CDH6,ADC,PD-L1;PR;biomarker,1,1,0,0,1,0,1,1,1,PD-L1+,metastatic · 1st-line · adenoca. · measurable (RECIST)
NCT06795009,Zanzalintinib in Combination With Paclitaxel in Recurrent High Grade Uterine Cancer,PHASE1,Phase 1,RECRUITING,36,Washington University School of Medicine,Washington University School of Medicine,178,0,0,multi_experimental,3,paclitaxel;zanzalintinib,paclitaxel;zanzalintinib,EGFR,Small Molecule,HER2;MET;MSI;MSI-H;PD-L1;dMMR,0,1,1,1,0,0,0,0,1,"MSI-H/dMMR, HER2+",metastatic · measurable (RECIST)
NCT06799637,Study of XNW28012 in Subjects With Advanced Solid Tumors Who Failed Standard Treatments,PHASE1;PHASE2,Phase 2,RECRUITING,350,Evopoint Biosciences Inc.,Evopoint Biosciences,13,1,0,single_arm,1,xnw28012,,TF,Cell Therapy,,1,0,0,0,0,0,0,0,0,,metastatic · measurable (RECIST) · ECOG 2
NCT06805864,Pembrolizumab Concurrent With and Following Carbon-ion Radiotherapy for Locally Advanced Cervical Adenocarcinoma,PHASE2,Phase 2,NOT_YET_RECRUITING,45,Gunma University,Gunma University,1,0,1,single_arm,1,pembrolizumab (keytruda),pembrolizumab (keytruda),PD-1,Monoclonal Antibody,PD-L1,1,1,0,0,1,0,0,0,1,PD-L1+,adenoca. · measurable (RECIST)
NCT06814496,Radiation Combined With BIspecific T-Cell Engager in DLL3 Expressing Tumors,PHASE1;PHASE2,Phase 2,RECRUITING,30,University of Arizona,University of Arizona,8,0,1,multi_experimental,4,tarlatamab,concurrent radiation therapy;sequential radiation therapy;tarlatamab,DLL3,Bispecific Antibody,DLL3;MET,1,1,0,0,0,0,1,1,0,,metastatic · 1st-line · small-cell · measurable (RECIST)
NCT06840886,A Study of PHST001 in Advanced Solid Tumors,PHASE1,Phase 1,RECRUITING,272,Pheast Therapeutics,Pheast Therapeutics,1,1,0,multi_experimental,2,phst001,chemotherapy per standard of care;phst001,CD24,Small Molecule,,0,1,0,0,0,0,0,1,0,,metastatic · 2nd-line+ · squamous · measurable (RECIST)
NCT06859775,SHR-A1811 Combination Regimen for the Treatment of Recurrent or Metastatic Cervical Cancer,PHASE1;PHASE2,Phase 2,RECRUITING,100,"Suzhou Suncadia Biopharmaceuticals Co., Ltd.",Suzhou Suncadia Biopharmaceuticals,86,1,0,multi_experimental,3,adebelimab injection;bevacizumab injection;shr-a1811,adebelimab injection;bevacizumab injection;carboplatin injection;cisplatin injection;shr-8068;shr-a1811,HER2,ADC,HER2,1,1,0,0,0,0,0,0,0,,metastatic
NCT06906341,Relacorilant in Combination With Different Treatment Regimens in Patients With Gynecological Cancers,PHASE2,Phase 2,RECRUITING,270,Corcept Therapeutics,Corcept Therapeutics,18,1,0,multi_experimental,3,nab-paclitaxel;relacorilant,bevacizumab;nab-paclitaxel;relacorilant,VEGF/VEGFR,Monoclonal Antibody,,1,1,0,0,0,0,0,0,0,,metastatic
NCT06910657,IDOV-Immune for Advanced Solid Tumors,PHASE1,Phase 1,RECRUITING,78,"ViroMissile, Inc.",ViroMissile,1,1,0,single_arm,1,idov-immune (oncolytic vaccinia virus),idov-immune (oncolytic vaccinia virus),,Oncolytic Virus,,1,1,0,0,0,0,0,0,0,,metastatic · measurable (RECIST)
NCT06925724,A Study of Ivonescimab in People With Endometrial and Cervical Cancers,PHASE2,Phase 2,RECRUITING,50,Memorial Sloan Kettering Cancer Center,Memorial Sloan Kettering Cancer Center,411,0,0,multi_experimental,2,ivonescimab,ivonescimab,PD-1,Bispecific Antibody,BRAF;MSS;PD-L1;pMMR,1,1,0,0,0,0,0,0,0,,metastatic · adenoca. · measurable (RECIST)
NCT06943521,A Study of MT-4561 in Patients With Various Advanced Solid Tumors,PHASE1;PHASE2,Phase 2,RECRUITING,27,"Tanabe Pharma America, Inc.",Tanabe Pharma America,3,1,0,single_arm,1,mt-4561,mt-4561,BRD4,Small Molecule,,0,1,0,0,0,0,0,0,0,,metastatic · adenoca. · measurable (RECIST)
NCT06943833,A Study of Volrustomig in Women With High Risk Locally Advanced Cervical Cancer (IVOLGA),PHASE2,Phase 2,ACTIVE_NOT_RECRUITING,37,AstraZeneca,AstraZeneca,780,1,1,single_arm,1,volrustomig,volrustomig,PD-1,Monoclonal Antibody,PD-L1,1,1,0,0,1,0,0,0,1,PD-L1+,metastatic · adenoca.
NCT06952504,A Study to Compare Sacituzumab Tirumotecan (MK-2870) in Combination With Pembrolizumab (MK-3475) Versus Pembrolizumab Alone as Treatment in Participants With Mismatch Repair Proficient Endometrial Cancer (MK-2870-033/TroFuse-033/GOG-3119/ENGOT-en29),PHASE3,Phase 3,RECRUITING,1123,Merck Sharp & Dohme LLC,Merck (MSD),649,1,1,active_comparator,4,carboplatin;cisplatin;docetaxel;paclitaxel;pembrolizumab;sacituzumab tirumotecan,carboplatin;cisplatin;docetaxel;paclitaxel;pembrolizumab;sacituzumab tirumotecan,PD-1,Monoclonal Antibody,MMR;PD-L1;dMMR,1,1,1,0,0,0,0,0,1,MSI-H/dMMR,recurrent · measurable (RECIST)
NCT06974110,Study of Orally Administered MOMA-341 in Participants With Advanced or Metastatic Solid Tumors,PHASE1,Phase 1,RECRUITING,132,MOMA Therapeutics,MOMA Therapeutics,2,1,0,multi_experimental,3,moma-341,immunotherapy;irinotecan;moma-341,WRN,Small Molecule,MET;MMR;MSI;MSI-H;TA repeat expansions;dMMR,0,1,1,0,0,0,0,0,1,MSI-H/dMMR,metastatic · measurable (RECIST) · ECOG 2
NCT06989112,"DESTINY-Endometrial01: A Phase III Study of Trastuzumab Deruxtecan Plus Rilvegostomig or Pembrolizumab as First-Line Treatment of HER2-Expressing (IHC 3+/2+), Mismatch Repair Proficient (pMMR) Endometrial Cancer",PHASE3,Phase 3,RECRUITING,600,AstraZeneca,AstraZeneca,780,1,1,active_comparator,3,carboplatin;docetaxel;paclitaxel;pembrolizumab,pembrolizumab;rilvegostomig;trastuzumab deruxtecan,PD-1,Monoclonal Antibody,HER2;PD-L1,1,1,0,1,1,0,0,0,1,"HER2+, PD-L1+",metastatic · measurable (RECIST) · ECOG 0-1
NCT06999187,"A Study of DR-0202 in Patients With Locally Advanced or Metastatic, Relapsed or Refractory Carcinomas",PHASE1,Phase 1,RECRUITING,96,Dren Bio,Dren Bio,2,1,0,multi_experimental,8,dr-0202,dr-0202,,Bispecific Antibody,HER2,1,1,0,1,0,0,0,1,1,HER2+,metastatic · 2nd-line+ · measurable (RECIST)
NCT07006727,Phase I Study of [225Ac]Ac-ETN029 in Patients With Advanced DLL3-expressing Solid Tumors,PHASE1,Phase 1,RECRUITING,123,Novartis Pharmaceuticals,Novartis,836,1,1,single_arm,1,111in-etn029;225ac-etn029,111in-etn029;225ac-etn029,DLL3,Radiopharmaceutical,DLL3;PD-L1,0,1,0,0,1,0,0,0,1,PD-L1+,metastatic · measurable (RECIST)
NCT07013851,Clinical Trial to Assess the Efficacy of Dostarlimab as Neoadjuvant Therapy in Patients With MMRd/MSI-H Stage II-III Endometrial Cancer,PHASE2,Phase 2,NOT_YET_RECRUITING,25,Grupo Español de Investigación en Cáncer de Ovario,Grupo Español de Investigación en Cáncer de Ovario,8,0,1,single_arm,1,dostarlimab,dostarlimab,PD-1,Monoclonal Antibody,MSI;MSI-H;dMMR,1,1,0,0,0,0,1,0,0,,metastatic · 1st-line · adenoca.
NCT07020117,A Study of [225Ac]Ac-AKY-1189 in Patients With Solid Tumors,PHASE1,Phase 1,RECRUITING,150,"Aktis Oncology, Inc.",Aktis Oncology,2,1,0,single_arm,1,[225ac]ac-aky-1189 (therapeutic);[64cu]cu-aky-1189 (imaging),[225ac]ac-aky-1189 (therapeutic);[64cu]cu-aky-1189 (imaging),NECTIN4,Radiopharmaceutical,NECTIN4,0,1,0,0,0,0,0,0,0,,metastatic · measurable (RECIST)
NCT07022483,Study of Trastuzumab Deruxtecan Versus Standard of Care Chemotherapy for HER2-Expressing (IHC 3+/2+) Endometrial Cancer,PHASE3,Phase 3,RECRUITING,710,Daiichi Sankyo,Daiichi Sankyo,178,1,1,active_comparator,2,,trastuzumab deruxtecan,HER2,ADC,HER2,1,0,0,1,0,1,0,0,1,"HER2+, POLEm",recurrent
NCT07038369,A Phase 1 Study of ATV-1601 in Patients With Advanced Cancer That Have AKT1 E17K Mutations,PHASE1,Phase 1,ACTIVE_NOT_RECRUITING,134,"Atavistik Bio, Inc",Atavistik Bio,1,1,0,multi_experimental,2,,atv-1601;atv-1601 + fulvestrant,AKT1,Small Molecule,AKT1;BRAF;HER2;KRAS,0,1,0,1,0,0,0,0,1,HER2+,metastatic · measurable (RECIST)
NCT07044336,Puxitatug Samrotecan (AZD8205) Monotherapy vs Chemotherapy in B7-H4-selected Endometrial Cancer (Bluestar-Endometrial01),PHASE3,Phase 3,RECRUITING,800,AstraZeneca,AstraZeneca,780,1,1,active_comparator,2,doxorubicin;paclitaxel,puxitatug samrotecan,B7-H4,ADC,B7-H4;PD-L1,1,1,0,0,1,0,0,0,1,PD-L1+,metastatic · measurable (RECIST)
NCT07046923,A Study of LY4175408 in Participants With Advanced Cancer,PHASE1,Phase 1,RECRUITING,240,Eli Lilly and Company,Eli Lilly,535,1,1,multi_experimental,5,ly4175408,carboplatin;cisplatin;ly4175408;pembrolizumab,PTK7,ADC,HER2;genomic,1,1,0,1,0,0,1,0,1,HER2−,metastatic · 1st-line · small-cell · measurable (RECIST)
NCT07051486,A Phase II Trial of SHR-A1811 in HER2-Expressing Recurrent/Metastatic Cervical Cancer,PHASE2,Phase 2,RECRUITING,60,"Jiangsu HengRui Medicine Co., Ltd.",Hengrui,312,1,0,single_arm,1,shr-a1811 injection,shr-a1811 injection,HER2,ADC,HER2,1,1,0,0,0,0,0,0,0,,metastatic
NCT07054567,A Study of BL-B01D1 + Pembrolizumab ± Bevacizumab in Patients With Recurrent or Metastatic Cervical Cancer and Endometrial Cancer,PHASE2,Phase 2,RECRUITING,96,"Sichuan Baili Pharmaceutical Co., Ltd.",Sichuan Baili Pharmaceutical,127,1,0,single_arm,1,bevacizumab;bl-b01d1;pembrolizumab,bevacizumab;bl-b01d1;pembrolizumab,PD-1,ADC,PD-L1,1,1,0,0,1,0,0,0,1,PD-L1+,metastatic · measurable (RECIST)
NCT07064018,"Trial of Single Protein Encapsulated Doxorubicin, SPEDOX-6 in Advanced Malignancies",PHASE1;PHASE2,Phase 2,RECRUITING,67,"University of California, Irvine","University of California, Irvine",22,0,0,multi_experimental,8,spedox-6,filgrastim;pegfilgrastim;spedox-6,KRAS,Small Molecule,FCRN;KRAS,0,1,0,0,0,0,0,1,0,,metastatic · 2nd-line+ · adenoca. · measurable (RECIST)
NCT07070518,Study of GV20-0251 in Participants With Solid Tumor Malignancies,PHASE1;PHASE2,Phase 2,RECRUITING,350,GV20 Therapeutics,GV20 Therapeutics,3,1,0,single_arm,1,gv20-0251,gv20-0251,IGSF8,Oncolytic Virus,IGSF8 RNA;IGSF8 membrane protein;PD-L1,1,1,0,0,0,0,0,1,0,,metastatic · 2nd-line+ · measurable (RECIST)
NCT07072728,Psilocybin-Assisted Psychotherapy in Cancer Patients With Adjustment Disorder,PHASE2,Phase 2,RECRUITING,87,Psyence Australia Pty Ltd,Psyence Australia Pty,1,1,0,active_comparator,3,psilocybin therapy,,,,,0,0,0,0,0,0,0,0,0,,metastatic
NCT07080216,Study of ZG005 in Combination With Gecacitinib in Participants With Advanced Cervical Cancer,PHASE1;PHASE2,Phase 2,RECRUITING,120,"Suzhou Zelgen Biopharmaceuticals Co.,Ltd",Suzhou Zelgen Biopharmaceuticals,49,1,0,multi_experimental,2,bevacizumab;gecacitinib;zg005,bevacizumab;gecacitinib;zg005,VEGF/VEGFR,Bispecific Antibody,,1,1,0,0,0,0,0,0,0,,advanced · adenoca.
NCT07081984,Study of TI-0093 Injection With Recurrent/Metastatic HPV-16 Positive Solid Tumors,PHASE1,Phase 1,RECRUITING,12,Therorna,Therorna,1,1,0,single_arm,1,therapeutic tumor vaccine,therapeutic tumor vaccine,HPV-16,Oncolytic Virus,HPV-16,1,1,0,0,0,0,0,0,0,,metastatic · squamous · measurable (RECIST)
NCT07106827,A Study of GV20-0251 in Advanced or Refractory Solid Tumors,PHASE1,Phase 1,RECRUITING,10,West China Hospital,West China Hospital,11,0,0,single_arm,1,gv20-0251,gv20-0251,IGSF8,Oncolytic Virus,IGSF8 RNA;IGSF8 membrane protein;PD-L1,1,1,0,0,0,0,0,1,0,,metastatic · 2nd-line+
NCT07108270,A Study of Dostarlimab in Combination With Carboplatin-paclitaxel in Chinese Participants With Primary Advanced or Recurrent Endometrial Cancer (EC),PHASE2,Phase 2,RECRUITING,30,GlaxoSmithKline,GSK,468,1,1,single_arm,1,carboplatin;dostarlimab;paclitaxel,carboplatin;dostarlimab;paclitaxel,PD-1,Monoclonal Antibody,MMR;MSI;MSI-H;PD-L1;dMMR,1,1,1,0,1,0,0,0,1,"MSI-H/dMMR, PD-L1+",metastatic · measurable (RECIST) · ECOG 0
NCT07109726,A Phase 1/2 Trial of TER-2013 in Patients With Solid Tumors Harboring AKT/PI3K/PTEN Pathway Alterations,PHASE1;PHASE2,Phase 2,RECRUITING,205,Terremoto Biosciences Inc.,Terremoto Biosciences,1,1,0,multi_experimental,4,ter-2013,fulvestrant injection;ter-2013,AKT,Small Molecule,AKT;BRAF;HER2;KRAS;PI3K;PTEN,0,1,0,1,0,0,0,0,1,HER2+,metastatic · adenoca. · measurable (RECIST)
NCT07114601,A Study of LY4257496 in Participants With Cancer (OMNIRAY),PHASE1,Phase 1,RECRUITING,421,Eli Lilly and Company,Eli Lilly,535,1,1,multi_experimental,5,diagnostic test: ly4257529;ly4257496,diagnostic test: ly4257529;ly4257496;standard of care anticancer therapies,GRPR,Radiopharmaceutical,ER;GRPR;HER2,0,1,0,1,0,0,0,1,1,HER2+,metastatic · 2nd-line+ · adenoca. · measurable (RECIST)
NCT07115927,pReOperative Dostarlimab and Novel Therapies in EndOmetrial Cancer,PHASE2,Phase 2,NOT_YET_RECRUITING,40,"University College, London","University College, London",51,0,1,single_arm,1,dostarlimab,dostarlimab,PD-1,Monoclonal Antibody,MMR;MSI;MSI-H;dMMR,1,1,1,0,0,0,0,0,1,MSI-H/dMMR,advanced
NCT07139977,Study of EV for Recurrent Endometrial Carcinoma,PHASE2,Phase 2,RECRUITING,12,William Bradley,William Bradley,1,0,1,single_arm,1,enfortumab vedotin,enfortumab vedotin,Nectin-4,ADC,MSI;NECTIN-4,1,1,0,0,0,0,0,0,0,,metastatic · squamous · measurable (RECIST) · ECOG 1
NCT07166094,Study to Assess the Efficacy and Safety of Rina-S Compared to Treatment of Investigator's Choice in Participants With Endometrial Cancer,PHASE3,Phase 3,RECRUITING,660,Genmab,Genmab,65,1,1,active_comparator,2,ic,rina-s,FRα,ADC,PD-L1,1,1,0,0,0,0,0,1,0,,metastatic · 2nd-line+ · squamous
NCT07168200,A Phase III Clinical Study of Adebrelimab Combined With Concurrent Chemoradiotherapy Versus Placebo Combined With Concurrent Chemoradiotherapy for the Treatment of Locally Advanced Cervical Cancer,PHASE3,Phase 3,RECRUITING,720,"Shanghai Shengdi Pharmaceutical Co., Ltd",Shanghai Shengdi Pharmaceutical,5,1,0,placebo_comparator,2,carboplatin injection;cisplatin injection;paclitaxel injection;shr-1316 placebo injection,carboplatin injection;cisplatin injection;paclitaxel injection;shr-1316 injection,PD-1,Monoclonal Antibody,PD-L1,1,1,0,0,0,0,0,0,0,,metastatic · ECOG 0
NCT07169734,A Study to Investigate ALE.P03 as Monotherapy in Adult Patients With Selected Advanced or Metastatic CLDN1+ Solid Tumors,PHASE1;PHASE2,Phase 2,RECRUITING,180,Alentis Therapeutics AG,Alentis Therapeutics,3,1,0,multi_experimental,3,ale.p03,ale.p03,CLDN1,ADC,CLDN1,1,1,0,0,0,0,0,1,0,,metastatic · 2nd-line+ · adenoca. · measurable (RECIST)
NCT07177716,Efficacy and Safety of LB1410 Plus Lenvatinib With or Without LB4330 in Advanced Recurrent/Metastatic Cervical Cancer,PHASE2;PHASE3,Phase 3,NOT_YET_RECRUITING,120,"L & L Bio Co., Ltd., Ningbo, China","L & L Bio Co., Ltd., Ningbo, China",4,1,0,multi_experimental,4,lb1410,lb1410;lb4330;lenvatinib,PD-1,Bispecific Antibody,PD-L1,1,1,0,0,1,0,0,0,1,PD-L1+,metastatic · adenoca. · measurable (RECIST)
NCT07182149,A Phase 1 Study of NRM-823 in Participants With Locally Advanced or Metastatic Refractory Solid Tumors,PHASE1,Phase 1,RECRUITING,150,"Normunity AccelCo, Inc.",Normunity AccelCo,1,1,0,single_arm,1,nrm-823,nrm-823,,Bispecific Antibody,,1,1,0,0,0,0,0,0,0,,metastatic · adenoca.
NCT07189871,"177Lu-BetaBart in Patients With Relapsed/Refractory, Locally Advanced Inoperable, or Metastatic Solid Tumors",PHASE1;PHASE2,Phase 2,RECRUITING,61,"Radiopharm Theranostics, Ltd",Radiopharm Theranostics,7,1,0,single_arm,1,177lu-betabart,177lu-betabart,B7-H3,Radiopharmaceutical,,0,1,0,0,0,0,0,1,0,,metastatic · 2nd-line+ · measurable (RECIST)
NCT07192068,Clinical Trial Evaluating the Activity of Zanidatamab for the Treatment of Patients With Solid Tumors With an Alteration of the HER2 Gene.,PHASE2,Phase 2,RECRUITING,105,UNICANCER,UNICANCER,64,0,0,single_arm,1,zanidatamab,zanidatamab,HER2,Bispecific Antibody,HER2,1,1,0,1,0,0,0,0,1,HER2+,metastatic · squamous · measurable (RECIST)
NCT07202364,A Study of YL202 in Patients With Advanced Solid Tumors,PHASE2,Phase 2,RECRUITING,100,"MediLink Therapeutics (Suzhou) Co., Ltd.",MediLink Therapeutics (Suzhou),23,1,0,multi_experimental,2,yl202,yl202,HER3,ADC,HER2;HR,1,1,0,0,0,0,0,0,0,,metastatic · measurable (RECIST)
NCT07216105,"FT836 With or Without Chemotherapy and/or Monoclonal Antibodies, in Participants With Advanced Solid Tumors",PHASE1,Phase 1,RECRUITING,119,Fate Therapeutics,Fate Therapeutics,19,1,0,multi_experimental,8,ft836,cetuximab;ft836;trastuzumab,HER2,CAR-T,,1,1,0,0,0,0,0,1,0,,metastatic · 2nd-line+ · measurable (RECIST)
NCT07216703,A Clinical Study of Sacituzumab Tirumotecan (MK-2870) in Combination With Pembrolizumab (MK-3475) as First-line Maintenance Treatment of Cervical Cancer (MK-2870-036/TroFuse-036/GOG-3123/ENGOT-cx22),PHASE3,Phase 3,RECRUITING,1023,Merck Sharp & Dohme LLC,Merck (MSD),649,1,1,active_comparator,3,bevacizumab;carboplatin;cisplatin;paclitaxel;pembrolizumab,bevacizumab;carboplatin;cisplatin;paclitaxel;pembrolizumab;rescue medications;sacituzumab tirumotecan,PD-1,Monoclonal Antibody,PD-L1,1,1,0,0,0,0,0,0,0,,metastatic · adenoca.
NCT07217171,"A Study Evaluating the Safety, Efficacy, and Pharmacokinetics (PK) of EVOLVE104 in Participants With Advanced Urothelial and Squamous Cell Carcinomas",PHASE1,Phase 1,RECRUITING,160,"EvolveImmune United, Inc",EvolveImmune United,1,1,0,multi_experimental,12,evolve104,evolve104,CD3,Bispecific Antibody,,1,1,0,0,0,0,0,1,0,,metastatic · 2nd-line+ · squamous
NCT07218003,A Phase 1/1b of RNDO-564 Single Agent or in Combination With Pembrolizumab in Bladder Cancer and Other Solid Tumors Associated With Nectin-4,PHASE1,Phase 1,ENROLLING_BY_INVITATION,149,Rondo Therapeutics,Rondo Therapeutics,1,1,0,multi_experimental,15,rndo-564,pembrolizumab;rndo-564,NECTIN4,Bispecific Antibody,NECTIN-4,1,1,0,0,0,0,0,0,0,,metastatic · squamous · measurable (RECIST)
NCT07227168,A Study of STRO-004 in Adults With Refractory/Recurrent Metastatic Cancer,PHASE1,Phase 1,RECRUITING,200,"Sutro Biopharma, Inc.",Sutro Biopharma,8,1,0,multi_experimental,3,stro-004,pembrolizumab;stro-004,PD-1,ADC,genomic,1,1,0,0,0,0,0,0,0,,metastatic · adenoca. · measurable (RECIST)
NCT07230626,SYS6002 vs Chemotherapy in Recurrent or Metastatic Cervical Cancer,PHASE3,Phase 3,NOT_YET_RECRUITING,412,"CSPC Megalith Biopharmaceutical Co.,Ltd.",CSPC Megalith Biopharmaceutical,29,1,0,active_comparator,2,investigator's choice of,sys6002,PD-1,ADC,NECTIN-4,1,1,0,0,0,0,0,0,0,,metastatic · adenoca. · measurable (RECIST)
NCT07262619,"EIK1005-002: A Clinical Research Study Evaluating EIK1005, a Werner Helicase Inhibitor, as Monotherapy and in Combination With Pembrolizumab in Participants With Advanced Solid Tumors Including Microsatellite Instability High (MSI-H) Tumors",PHASE1;PHASE2,Phase 2,RECRUITING,160,Eikon Therapeutics,Eikon Therapeutics,10,1,1,multi_experimental,3,eik1005,eik1005;pembrolizumab (keytruda ),WRN,Small Molecule,MMR;MSI;MSI-H;dMMR,0,1,1,0,0,0,0,1,1,MSI-H/dMMR,metastatic · 2nd-line+ · measurable (RECIST) · ECOG 0-1
NCT07276360,Hypofractionated Radiotherapy for the Treatment of Locally Advanced Cervical Cancer in Uganda,PHASE2,Phase 2,RECRUITING,278,Uganda Cancer Institute,Uganda Cancer Institute,1,0,0,active_comparator,2,biospecimen collection;cisplatin;computed tomography;conventional fractionated radiotherapy;external beam radiotherapy boost;high-dose rate brachytherapy;questionnaire and physical exam,biospecimen collection;cisplatin;computed tomography;external beam radiotherapy boost;high-dose rate brachytherapy;hypofractionated radiation therapy;questionnaire and physical exam,,Small Molecule,HRD,0,1,0,0,0,0,0,0,0,,metastatic · adenoca.
NCT07286331,A Study to Investigate Mocertatug Rezetecan Compared With Chemotherapy in Participants With Endometrial Cancer After Platinum-based Chemotherapy and Immunotherapy (BEHOLD-Endometrial01),PHASE3,Phase 3,RECRUITING,600,GlaxoSmithKline,GSK,468,1,1,active_comparator,2,doxorubicin;paclitaxel,mocertatug rezetecan,TROP-1,ADC,PD-L1;TROP-1,1,1,0,0,1,0,0,1,1,PD-L1+,metastatic · 2nd-line+ · squamous · measurable (RECIST)
NCT07303387,Efficacy and Safety of the Valemetostat in Patients With Selected Solid Tumors.,PHASE2,Phase 2,RECRUITING,900,"Gustave Roussy, Cancer Campus, Grand Paris","Gustave Roussy, Cancer Campus, Grand Paris",31,0,1,single_arm,1,valemetostat tosylate,valemetostat tosylate,EZH2,Small Molecule,CD25;CTLA-4,0,1,0,0,0,0,0,0,0,,metastatic · ductal · measurable (RECIST)
NCT07306559,A Study to Test How Well Different Doses of BI 3820768 Are Tolerated by People With Advanced Cancer (Solid Tumours),PHASE1,Phase 1,RECRUITING,187,Boehringer Ingelheim,Boehringer Ingelheim,237,1,1,multi_experimental,2,bi 3820768,bi 3820768,,,,0,1,0,0,0,0,0,1,0,,advanced · 2nd-line+ · ductal
NCT07316361,GYNORYLAQ™-VLINIVAL™: Ψ-Guided Personalized Neoantigen Peptide Vaccine for High-Risk Endometrial Cancer,EARLY_PHASE1,Phase 1,ENROLLING_BY_INVITATION,40,Biogenea Pharmaceuticals Ltd.,Biogenea Pharmaceuticals,4,1,0,single_arm,1,• biological: gynorylaq-tm personalized neoantigenic peptide vaccine,• biological: gynorylaq-tm personalized neoantigenic peptide vaccine,,Vaccine,PD-L1;biomarker,1,1,0,0,1,0,0,1,1,PD-L1+,metastatic · 2nd-line+ · measurable (RECIST)
NCT07318324,"Phase Ib Study of Avutometinib, Defactinib, and Everolimus in RAS Pathway Mutant Endometrial Cancer",PHASE1,Phase 1,RECRUITING,31,M.D. Anderson Cancer Center,M.D. Anderson Cancer Center,697,0,0,multi_experimental,2,avutometinib;defactinib;everolimus,avutometinib;defactinib;everolimus,MEK,Small Molecule,BRAF;KRAS,0,1,0,0,0,0,0,0,0,,recurrent · measurable (RECIST)
NCT07341737,SL-28 for Advanced Solid Tumours,PHASE1;PHASE2,Phase 2,RECRUITING,60,Second Life Therapeutics,Second Life Therapeutics,1,1,0,multi_experimental,3,sl-28,sl-28,,,biomarker,0,1,0,0,0,0,0,1,0,,metastatic · 2nd-line+ · adenoca. · measurable (RECIST)
NCT07348861,A Phase II Study of Neoadjuvant Sacituzumab Tirumotecan in Combination With Iparomlimab and Tuvonralimab in Locally Advanced Cervical Cancer,PHASE2,Phase 2,NOT_YET_RECRUITING,25,Zheng Min,Zheng Min,1,0,0,single_arm,1,sacituzumab tirumotecan plus iparomlimab,sacituzumab tirumotecan plus iparomlimab,TROP-1,ADC,PD-L1;TROP-1;TROP2,1,1,0,0,1,0,0,0,1,PD-L1+,metastatic · adenoca. · ECOG 0-1
NCT07368985,Pembrolizumab and Lenvatinib in Patients With High Risk Locally Advanced Cervix Cancer,PHASE2,Phase 2,NOT_YET_RECRUITING,87,Prof. Dr. Remi A. Nout,Prof. Dr. Remi A. Nout,1,0,1,single_arm,1,pembrolizumab and lenvatinib,pembrolizumab and lenvatinib,PD-1,Monoclonal Antibody,PD-L1,1,1,0,0,0,0,0,0,0,,locally advanced · adenoca. · measurable (RECIST)
NCT07371663,An Phase Ib/II Clinical Trial of TCC1727 Combination Therapy in Advanced Solid Tumors,PHASE1;PHASE2,Phase 2,RECRUITING,266,"Beijing Tide Pharmaceutical Co., Ltd",Beijing Tide Pharmaceutical,2,1,0,multi_experimental,3,benmelstobart injection;tcc1727 tablet,benmelstobart injection;tcc1727 tablet,PARP,Cell Therapy,ALK;BRAF;KRAS;MET;MSI;MSI-H;PD-L1;RET;ROS1;biomarker,1,1,1,0,1,0,1,1,1,"MSI-H/dMMR, PD-L1+",metastatic · 1st-line · small-cell · measurable (RECIST)
NCT07378098,to Evaluate the Efficacy and Safety of KLH-2109 in Patients With Uterine Fibroids and Menorrhagia,PHASE3,Phase 3,RECRUITING,254,JW Pharmaceutical,JW Pharmaceutical,4,1,0,active_comparator,2,klh-2109 placebo + leurprorelin acetate,klh-2109+ leurprorelin acetate placebo,,,,0,1,0,0,0,0,0,0,0,,
NCT07383506,"A Study of Mutant Selective-Inhibitor (CGT6297), in Patients With Advanced Solid Tumors",PHASE1,Phase 1,RECRUITING,90,"Cogent Biosciences, Inc.",Cogent Biosciences,11,1,0,multi_experimental,2,cgt6297,cgt6297,PIK3CA,Small Molecule,BRAF;HER2;KRAS;PIK3CA,0,1,0,1,0,0,1,1,1,HER2+,advanced · 1st-line · measurable (RECIST)
NCT07392060,A Phase III Clinical Study of WX390 Combined With Toripalimab Versus Investigator's Choice of Therapy in Patients With Recurrent or Metastatic Cervical Cancer Who Have Failed Prior Platinum-Based Treatment,PHASE3,Phase 3,NOT_YET_RECRUITING,440,"Shanghai Jiatan Pharmatech Co., Ltd",Shanghai Jiatan Pharmatech,5,1,0,active_comparator,2,investigator's choice of,wx390 1.,PD-1,Monoclonal Antibody,PD-L1,1,1,0,0,1,0,0,1,1,PD-L1+,2nd-line+ · adenoca. · measurable (RECIST)
NCT07400536,A Clinical Study on the Treatment of LACC With Cadonilimab Combined With Chemotherapy Followed by CCRT,PHASE3,Phase 3,RECRUITING,378,"Union Hospital, Tongji Medical College, Huazhong University of Science and Technology","Union Hospital, Tongji Medical College, Huazhong University of Science and Technology",29,0,0,active_comparator,3,concurrent;standard ebrt+brachytherapy,dose reduction concurrent;immune induction therapy;immunomaintenance therapy;reduced dose radiotherapy,,,MET,0,1,0,0,0,0,0,0,0,,metastatic · adenoca. · measurable (RECIST)
NCT07418749,A Study of SHR-A2102 Versus Investigator's Choice of Chemotherapy in Patients With Platinum-based Chemotherapy and PD-(L)1 Inhibitor Treatment Failed Recurrent or Metastatic Cervical Cancer,PHASE3,Phase 3,RECRUITING,398,"Suzhou Suncadia Biopharmaceuticals Co., Ltd.",Suzhou Suncadia Biopharmaceuticals,86,1,0,active_comparator,2,gemcitabine hydrochloride for injection;paclitaxel for injection (albumin bound);pemetrexed disodium for injection;topotecan hydrochloride for injection,shr-a2102 for injection,TROP-1,ADC,TROP-1,1,1,0,0,0,0,0,0,0,,metastatic · adenoca. · measurable (RECIST) · ECOG 0
NCT07419841,A Phase 1 Study of the Safety and Tolerability of CTX-10726,PHASE1,Phase 1,RECRUITING,70,Compass Therapeutics,Compass Therapeutics,6,1,0,multi_experimental,2,ctx-10726,ctx-10726,,,MET;MMR;MSI;PD-L1;dMMR,0,1,1,0,1,0,0,1,1,"MSI-H/dMMR, PD-L1+",metastatic · 2nd-line+ · squamous · measurable (RECIST)
NCT07444814,"Study Evaluating the Safety and Efficacy of HWK-007, a PTK7-directed Antibody Drug Conjugate in Participants With Advanced Solid Tumors",PHASE1,Phase 1,RECRUITING,226,"Whitehawk Therapeutics, Inc.",Whitehawk Therapeutics,2,1,0,multi_experimental,5,hwk-007,hwk-007,PTK7,ADC,,1,1,0,0,0,0,0,0,0,,metastatic · squamous
NCT07453394,QLS5132 Combination Therapy in Advanced Solid Tumors,PHASE1;PHASE2,Phase 2,NOT_YET_RECRUITING,626,"Qilu Pharmaceutical Co., Ltd.",Qilu Pharmaceutical,108,1,0,multi_experimental,5,,qls5132; bevacizumab;qls5132; olaparib; bevacizumab;qls5132; platinum; bevacizumab;qls5132; ql1706; ql2107;qls5132; ql1706; ql2107; carboplatin; cisplatin; oxaliplatin,VEGF/VEGFR,Monoclonal Antibody,,1,1,0,0,0,0,0,0,0,,metastatic · measurable (RECIST)
NCT07454642,AVA6103 in Subjects With Locally Advanced or Metastatic Selected Solid Tumors,PHASE1,Phase 1,RECRUITING,174,Avacta Life Sciences Ltd,Avacta Life Sciences,2,1,0,multi_experimental,3,ava6103,ava6103,FAP,Peptide,FAP;SLFN11,0,1,0,0,0,0,0,0,0,,metastatic
NCT07467772,Ph 2 Elacestrant in ER Positive Uterine Sarcomas,PHASE2,Phase 2,RECRUITING,30,Dana-Farber Cancer Institute,Dana-Farber Cancer Institute,326,0,0,single_arm,1,elacestrant,elacestrant,ESR1,Small Molecule,ER;HER2,0,1,0,0,0,0,0,0,0,,metastatic · squamous · measurable (RECIST)
NCT07470853,A Study of MUC16-Directed Antibody Drug Conjugate HWK-016 in Participants With Advanced Solid Tumors.,PHASE1,Phase 1,RECRUITING,265,"Whitehawk Therapeutics, Inc.",Whitehawk Therapeutics,2,1,0,multi_experimental,8,hwk-016;mucin-16-targeted adc,bevacizumab;hwk-016;mucin-16-targeted adc,MUC16,ADC,,1,1,0,0,0,0,0,0,0,,metastatic
NCT07497074,JSKN033 Combination Therapy in Subjects With Advanced Cervical Cancer,PHASE2,Phase 2,NOT_YET_RECRUITING,78,"Jiangsu Alphamab Biopharmaceuticals Co., Ltd",Jiangsu Alphamab Biopharmaceuticals,35,1,0,multi_experimental,3,bevacizumab;jskn033;platinum,bevacizumab;jskn033;platinum,VEGF/VEGFR,Monoclonal Antibody,,1,1,0,0,0,0,0,0,0,,metastatic · adenoca. · measurable (RECIST)
NCT07503808,A Study of IDE034 in Adult Participants With Locally Advanced/Metastatic Solid Tumors Types,PHASE1,Phase 1,RECRUITING,150,IDEAYA Biosciences,IDEAYA Biosciences,11,1,0,multi_experimental,2,ide034,ide034,PTK7,ADC,HER2,1,1,0,1,0,0,0,0,1,HER2−,metastatic · measurable (RECIST) · ECOG 0
NCT07524322,Study of RGT-490 in Patients With PIK3CA-Mutated Advanced Solid Tumors,PHASE1,Phase 1,RECRUITING,63,Regor Pharmaceuticals Inc.,Regor Pharmaceuticals,4,1,0,multi_experimental,2,rgt-490,rgt-490,PIK3CA,Small Molecule,PIK3CA,0,1,0,0,0,0,0,0,0,,metastatic · measurable (RECIST)
NCT07542704,A Study to Investigate the Safety and Efficacy of KQB368 as Monotherapy in Participants With Advanced Solid Malignancies,PHASE1,Phase 1,NOT_YET_RECRUITING,48,Kumquat Biosciences Inc.,Kumquat Biosciences,7,1,0,single_arm,1,kqb368,kqb368,KRAS,Small Molecule,KRAS,0,1,0,0,0,0,0,0,0,,metastatic · measurable (RECIST)
NCT07572396,Phase II Study of Dysplasix™ Intravaginal Suppositories in Patients Patients With High-Risk HPV and Mild Cervical Cytologic Abnormalities,PHASE2,Phase 2,RECRUITING,45,"Amplexd Therapeutics, Inc.",Amplexd Therapeutics,1,1,0,placebo_comparator,2,,egcg and quinine sulfate vaginal suppository,,Cell Therapy,,1,0,0,0,0,0,0,0,0,,
NCT07578649,Symbiotic-GYN-18: A Study to Learn About the Study Medicine Called PF-08634404 in Combination With Chemotherapy in Adult Participants With Advanced or Recurrent MMR-proficient Endometrial Cancer,PHASE3,Phase 3,NOT_YET_RECRUITING,600,Pfizer,Pfizer,687,1,1,active_comparator,2,pembrolizumab;standard of care,pf-08634404;standard of care,PD-1,Bispecific Antibody,BRAF;MMR;MMR-PROFICIENT;MSI-H;RAS;dMMR;pMMR,1,1,1,0,0,0,1,1,1,MSI-H/dMMR,metastatic · 1st-line · measurable (RECIST)
NCT07610798,"A Study to Evaluate the Safety, Tolerability, Pharmacokinetics, and Preliminary Antitumor Activity of INV-8989 in Patients With Advanced Solid Tumors Harboring KRAS G12D Mutations",PHASE1;PHASE2,Phase 2,RECRUITING,178,"Shenzhen Ionova Life Sciences Co., Ltd.",Shenzhen Ionova Life Sciences,4,1,0,multi_experimental,14,inv-8989,inv-8989,KRAS,Small Molecule,KRAS,0,1,0,0,0,0,0,0,0,,metastatic · measurable (RECIST)
NCT07612891,"A Study to Evaluate the Safety, Tolerability, Pharmacokinetics, and Preliminary Antitumor Activity of INV-6452 in Adult Patients With Hormone Receptor Positive, Human Epidermal Growth Factor Receptor 2 Negative (HR+/HER2-) Advanced/Metastatic Breast Cancer or Locally Advanced/Metastatic Solid Tumor",PHASE1;PHASE2,Phase 2,RECRUITING,201,"Shenzhen Ionova Life Sciences Co., Ltd.",Shenzhen Ionova Life Sciences,4,1,0,multi_experimental,2,inv-6452,inv-6452,HER2,Small Molecule,HER2;HR,0,1,0,1,0,0,0,0,1,HER2+,metastatic · measurable (RECIST)
NCT07623369,A First-in-Human Study of HH160 in Participants With Advanced or Metastatic Solid Tumors,PHASE1,Phase 1,RECRUITING,299,Huahui Health,Huahui Health,3,1,0,multi_experimental,3,hh160,hh160,PD-1,Bispecific Antibody,,1,1,0,0,0,0,0,0,0,,metastatic · measurable (RECIST)
NCT07623642,"A Phase II Study of GV20-0251 in Combination With Anti-PD-1 Monoclonal Antibodies in Patients With Unresectable, Locally Advanced, or Metastatic Solid Tumors.",PHASE2,Phase 2,NOT_YET_RECRUITING,227,GV20 Therapeutics,GV20 Therapeutics,3,1,0,single_arm,1,anti-pd-1 monoclonal antibodies;gv20-0251,anti-pd-1 monoclonal antibodies;gv20-0251,IGSF8,Monoclonal Antibody,IGSF8 RNA;IGSF8 membrane protein;PD-L1,1,1,0,0,1,0,1,0,1,PD-L1+,metastatic · 1st-line · adenoca. · measurable (RECIST)
NCT07634601,Elacestrant With Everolimus for the Treatment of Recurrent Advanced or Metastatic ER-Positive Endometrial Cancer,PHASE2,Phase 2,NOT_YET_RECRUITING,50,Jonsson Comprehensive Cancer Center,Jonsson Comprehensive Cancer Center,117,0,0,single_arm,1,biospecimen collection;computed tomography;elacestrant;everolimus;magnetic resonance imaging;positron emission tomography;questionnaire administration,biospecimen collection;computed tomography;elacestrant;everolimus;magnetic resonance imaging;positron emission tomography;questionnaire administration,ESR1,Small Molecule,BRAF;ER;HER2;MMR;dMMR,0,1,1,0,0,0,0,0,1,MSI-H/dMMR,metastatic · squamous
NCT07664735,A Phase 1 Study to Evaluate the Safety and Efficacy of OPB-201 in Recurrent Endometrial and Platinum-resistant Ovarian Cancer.,PHASE1,Phase 1,NOT_YET_RECRUITING,30,"Outpace Bio, Inc.",Outpace Bio,2,1,0,single_arm,1,opb-201,opb-201,,Cell Therapy,,1,1,0,0,0,0,0,0,0,,measurable (RECIST)
NCT07684599,A Study to Investigate Mocertatug Rezetecan as Maintenance Treatment for Participants With MMRp Endometrial Cancer (BEHOLD-Endometrial02),PHASE3,Phase 3,NOT_YET_RECRUITING,610,GlaxoSmithKline,GSK,468,1,1,active_comparator,2,dostarlimab;pembrolizumab,dostarlimab;mocertatug rezetecan;pembrolizumab,PD-1,Monoclonal Antibody,MMR;MSI-H;dMMR,1,1,0,0,0,0,1,0,0,,metastatic · 1st-line · squamous · measurable (RECIST)
NCT07705035,DBC-664 in Adult Patients With Solid Tumors,PHASE1,Phase 1,RECRUITING,210,"Duboce Biopharmaceuticals, Inc.",Duboce Biopharmaceuticals,1,1,0,multi_experimental,2,dbc-664,dbc-664,,,,0,1,0,0,0,0,0,1,0,,metastatic · 2nd-line+ · squamous · measurable (RECIST)
NCT07715747,"A Phase I Study to Evaluate the Safety,Pharmacokinetics,Pharmacodynamics,and Efficacy of TJ037130 in Adult Participants With Advanced Solid Tumors",PHASE1,Phase 1,NOT_YET_RECRUITING,128,"TJ Biopharma Co., Ltd.",TJ Biopharma,11,1,0,single_arm,1,tj037130,tj037130,,,PD-L1,0,1,0,0,1,0,0,0,1,PD-L1+,metastatic · squamous · measurable (RECIST)
NCT07731607,Sintilimab Monotherapy in Patients With Stage I-II MSI-H/dMMR Endometrial Cancer,PHASE2,Phase 2,NOT_YET_RECRUITING,48,Wang Jianliu,Wang Jianliu,1,0,0,single_arm,1,sintilimab monotherapy,sintilimab monotherapy,PD-1,Monoclonal Antibody,MMR;MSI;MSI-H;dMMR,1,1,1,0,0,0,0,0,1,MSI-H/dMMR,measurable (RECIST)
NCT07743541,Study of TUB-040 in Patients With Recurrent or Progressive Uterine Cancer After Chemotherapy and Immune Therapy,PHASE1;PHASE2,Phase 2,NOT_YET_RECRUITING,100,Tubulis GmbH,Tubulis,5,1,0,multi_experimental,2,,tub-040 - dose escalation;tub-040 - rp2d,,,MET;MSI;PD-L1;biomarker,0,1,0,0,1,0,1,1,1,PD-L1+,metastatic · 1st-line · measurable (RECIST)
NCT07752875,A Study of LG00313112 in Participants With Advanced Solid Malignancies Harboring a TP53 Y220C Mutation,PHASE1;PHASE2,Phase 2,NOT_YET_RECRUITING,250,LG Chem,LG Chem,2,1,0,single_arm,1,lg00313112,lg00313112,,,,0,1,0,0,0,0,0,1,0,,metastatic · 2nd-line+ · measurable (RECIST)
NCT07755436,"Phase 1 Study to Assess Safety, Tolerability, Pharmacokinetics, Immunogenicity, and Antitumor Activity of ARR-002 in Advanced or Metastatic Ovarian or Endometrial Cancer.",PHASE1,Phase 1,RECRUITING,180,"ArriVent BioPharma, Inc.",ArriVent BioPharma,5,1,0,single_arm,1,arr-002,arr-002,,,,0,1,0,0,0,0,0,0,0,,metastatic · measurable (RECIST)
NCT07793318,TR115 in ARID1A-Mutated Advanced Solid Tumors,PHASE2,Phase 2,NOT_YET_RECRUITING,50,Tarapeutics Science Inc.,Tarapeutics Science,7,1,0,single_arm,1,tr115,tr115,,,biomarker;biomarker analysis,0,1,0,0,0,0,0,0,0,,metastatic · measurable (RECIST)
NCT07797153,JSKN033 Versus Investigator's Choice of Chemotherapy in Recurrent or Metastatic Cervical Cancer,PHASE3,Phase 3,NOT_YET_RECRUITING,368,"Jiangsu Alphamab Biopharmaceuticals Co., Ltd",Jiangsu Alphamab Biopharmaceuticals,35,1,0,active_comparator,2,docetaxel;gemcitabine (gem);pemetrexed;topotecan,jskn033,PD-1,,,0,1,0,0,0,0,0,0,0,,metastatic · adenoca.
NCT07807345,Phase 1 Study of STRO-006 in Adults With Refractory Solid Tumors That Are Recurrent or Metastatic,PHASE1,Phase 1,NOT_YET_RECRUITING,285,"Sutro Biopharma, Inc.",Sutro Biopharma,8,1,0,multi_experimental,3,stro-006,pembrolizumab;stro-006,PD-1,,HER2,0,1,0,1,0,0,0,1,1,HER2+,metastatic · 2nd-line+ · adenoca. · measurable (RECIST)
NCT07811232,"A Study of AL58805 in Advanced, Metastatic GYN, STS or Breast Cancers",PHASE1;PHASE2,Phase 2,NOT_YET_RECRUITING,138,"Advenchen Pharmaceuticals, LLC.",Advenchen Pharmaceuticals,3,1,0,multi_experimental,6,al58805,al58805;al8326;eribulin;fulvestrant,,Small Molecule,MMR;PD-L1;biomarker,0,1,1,0,1,0,0,0,1,"MSI-H/dMMR, PD-L1+",metastatic · measurable (RECIST)
NCT07811297,"A Study of Catequentinib Hydrochloride (AL3818) in Endometrial, LGSOC, STS or GBM Cancers",PHASE1;PHASE2,Phase 2,NOT_YET_RECRUITING,138,"Advenchen Pharmaceuticals, LLC.",Advenchen Pharmaceuticals,3,1,0,multi_experimental,7,al3818,al3818;al58805;ccnu;temozolomide (tmz),,Small Molecule,,0,1,0,0,0,0,0,0,0,,metastatic · measurable (RECIST)
NCT07814248,"A Phase 1, First-in-Human (FIH), Open-Label, Dose-Escalation and Dose Expansion Study of the Peptide Drug Conjugate (PDC), TS-104, as a Monotherapy in Subjects With Select Advanced Solid Tumors",PHASE1,Phase 1,NOT_YET_RECRUITING,74,"TwoStep Therapeutics, Inc.",TwoStep Therapeutics,1,1,0,multi_experimental,3,ts-104,ts-104,,ADC,MET,1,1,0,0,0,0,0,0,0,,metastatic · squamous · measurable (RECIST)
