nct_id,brief_title,phase,phase_simple,overall_status,enrollment,lead_sponsor,company,sponsor_scale,is_industry,is_big_pharma,arm_structure,n_arms,comparator_B,experimental_A,targets,modalities,biomarkers_pipeline,tme_relevant,is_combination,AFP,PD-L1,first_line,later_line,biomarker_selected
NCT01366144,"Veliparib, Paclitaxel, and Carboplatin in Treating Patients With Solid Tumors That Are Metastatic or Cannot Be Removed by Surgery and Liver or Kidney Dysfunction",PHASE1,Phase 1,ACTIVE_NOT_RECRUITING,94,National Cancer Institute (NCI),National Cancer Institute (NCI),18,0,0,single_arm,1,carboplatin;laboratory biomarker analysis;paclitaxel;pharmacological study;veliparib,carboplatin;laboratory biomarker analysis;paclitaxel;pharmacological study;veliparib,PARP,Small Molecule,BRCA1;BRCA2,0,1,0,0,0,0,0
NCT01840592,Sorafenib Plus Doxorubicin in Patients With Advanced Hepatocellular Carcinoma With Disease Progression on Sorafenib,PHASE2,Phase 2,ACTIVE_NOT_RECRUITING,30,Memorial Sloan Kettering Cancer Center,Memorial Sloan Kettering Cancer Center,411,0,1,single_arm,1,doxorubicin;sorafenib,doxorubicin;sorafenib,VEGF/VEGFR,Small Molecule,,0,1,0,0,0,0,0
NCT02174549,Dose-defining Study of Tirapazamine Combined With Embolization in Liver Cancer,PHASE1;PHASE2,Phase 2,RECRUITING,25,Teclison Ltd.,Teclison,4,1,0,single_arm,1,conventional transarterial embolization (tae);tirapazamine,conventional transarterial embolization (tae);tirapazamine,,,,0,1,0,0,0,0,0
NCT02495896,Recombinant EphB4-HSA Fusion Protein With Standard Chemotherapy Regimens in Treating Patients With Advanced or Metastatic Solid Tumors,PHASE1,Phase 1,ACTIVE_NOT_RECRUITING,61,University of Southern California,University of Southern California,48,0,0,multi_experimental,3,laboratory biomarker analysis;pharmacological study;recombinant ephb4-hsa fusion protein,cisplatin;docetaxel;gemcitabine hydrochloride;laboratory biomarker analysis;paclitaxel albumin-stabilized nanoparticle formulation;pharmacological study;recombinant ephb4-hsa fusion protein,EphB4,Fusion Protein,,0,1,0,0,1,0,0
NCT02519348,"A Study of Durvalumab or Tremelimumab Monotherapy, or Durvalumab in Combination With Tremelimumab or Bevacizumab in Advanced Hepatocellular Carcinoma",PHASE2,Phase 2,ACTIVE_NOT_RECRUITING,433,MedImmune LLC,AstraZeneca,780,1,0,multi_experimental,9,,bevacizumab;durvalumab;tremelimumab,CTLA-4,Monoclonal Antibody,,1,1,0,0,0,0,0
NCT02568267,"Basket Study of Entrectinib (RXDX-101) for the Treatment of Patients With Solid Tumors Harboring NTRK 1/2/3 (Trk A/B/C), ROS1, or ALK Gene Rearrangements (Fusions)",PHASE2,Phase 2,ACTIVE_NOT_RECRUITING,534,Hoffmann-La Roche,Roche/Genentech,922,1,1,multi_experimental,9,entrectinib,entrectinib,ROS1,Small Molecule,ALK;NTRK;ROS1,0,1,0,0,0,0,0
NCT02628067,Study of Pembrolizumab (MK-3475) in Participants With Advanced Solid Tumors (MK-3475-158/KEYNOTE-158),PHASE2,Phase 2,ACTIVE_NOT_RECRUITING,1609,Merck Sharp & Dohme LLC,Merck (MSD),649,1,1,multi_experimental,2,pembrolizumab,pembrolizumab,PD-1,Monoclonal Antibody,CDX;MMR;MSI;MSI-H;PD-L1;TMB;dMMR,1,1,0,1,1,0,1
NCT02632305,"A Study to See the Effects That a New Combination of the Three Drugs, Nab-paclitaxel, Gemcitabine, and Cisplatin Has on Biliary Tract Cancer",PHASE2,Phase 2,ACTIVE_NOT_RECRUITING,45,AHS Cancer Control Alberta,AHS Cancer Control Alberta,12,0,0,single_arm,1,nab-paclitaxel in combination with gemcitabine + cisplatin,nab-paclitaxel in combination with gemcitabine + cisplatin,Tubulin,Small Molecule,,0,1,0,0,0,1,0
NCT02711553,A Study of Ramucirumab (LY3009806) or Merestinib (LY2801653) in Advanced or Metastatic Biliary Tract Cancer,PHASE2,Phase 2,ACTIVE_NOT_RECRUITING,309,Eli Lilly and Company,Eli Lilly,535,1,1,placebo_comparator,4,cisplatin;gemcitabine;placebo iv;placebo oral,cisplatin;gemcitabine;merestinib;ramucirumab,VEGF/VEGFR,Monoclonal Antibody,BRAF;KRAS;MSI-H,1,1,0,0,0,0,0
NCT02772003,DNA Vaccine Therapy in Treating Patients With Chronic Hepatitis C Virus Infection,PHASE1,Phase 1,ACTIVE_NOT_RECRUITING,33,National Cancer Institute (NCI),National Cancer Institute (NCI),18,0,0,single_arm,1,electroporation-mediated plasmid dna vaccine therapy;hcv dna vaccine ino-8000;laboratory biomarker analysis;quality-of-life assessment;rocakinogene sifuplasmid,electroporation-mediated plasmid dna vaccine therapy;hcv dna vaccine ino-8000;laboratory biomarker analysis;quality-of-life assessment;rocakinogene sifuplasmid,HCV,Vaccine,,1,1,1,0,0,0,1
NCT02869217,Study of TBI-1301 (NY-ESO-1 Specific TCR Gene Transduced Autologous T Lymphocytes) in Patients With Solid Tumors,PHASE1,Phase 1,ACTIVE_NOT_RECRUITING,22,"University Health Network, Toronto","University Health Network, Toronto",91,0,0,multi_experimental,2,cyclophosphamide;fludarabine;tbi-1301,cyclophosphamide;fludarabine;tbi-1301,NY-ESO-1,Cell Therapy,HLA-A*02:01;HLA-A*02:06;MET;NY-ESO-1,1,1,0,0,0,0,0
NCT03170960,Study of Cabozantinib Alone or in Combination With Atezolizumab to Subjects With Locally Advanced or Metastatic Solid Tumors,PHASE1,Phase 1,ACTIVE_NOT_RECRUITING,914,Exelixis,Exelixis,52,1,0,multi_experimental,25,,atezolizumab;cabozantinib,MET,Small Molecule,PD-L1,0,1,0,1,0,0,1
NCT03228667,QUILT-3.055: A Study of Combination Immunotherapies in Patients Who Have Previously Received Treatment With Immune Checkpoint Inhibitors,PHASE2,Phase 2,ACTIVE_NOT_RECRUITING,40,"ImmunityBio, Inc.",ImmunityBio,63,1,0,multi_experimental,6,,n-803 + atezolizumab;n-803 + atezolizumab + pd-l1 t-hank;n-803 + avelumab;n-803 + avelumab + pd-l1 t-hank;n-803 + docetaxel + nivolumab;n-803 + docetaxel + pembrolizumab;n-803 + durvalumab;n-803 + durvalumab + pd-l1 t-hank;n-803 + nivolumab;n-803 + nivolumab + pd-l1 t-hank;n-803 + pembrolizumab;n-803 + pembrolizumab + pd-l1 t-hank,PD-1,Monoclonal Antibody,ALK;BRAF;HER2;KRAS;MET;NTRK;PD-L1;PR;RET;ROS1,1,1,0,1,0,0,1
NCT03259867,Combination of TATE and PD-1 Inhibitor in Liver Cancer,PHASE2,Phase 2,RECRUITING,54,Teclison Ltd.,Teclison,4,1,0,multi_experimental,2,nivolumab injectable product;trans-arterial tirapazamine embolization,nivolumab injectable product;trans-arterial tirapazamine embolization,PD-1,Monoclonal Antibody,PD-L1,1,1,0,0,0,0,0
NCT03284424,Study of Pembrolizumab (MK-3475) in Adults With Recurrent/Metastatic Cutaneous Squamous Cell Carcinoma (cSCC) or Locally Advanced Unresectable cSCC (MK-3475-629/KEYNOTE-629),PHASE2,Phase 2,COMPLETED,159,Merck Sharp & Dohme LLC,Merck (MSD),649,1,1,multi_experimental,2,pembrolizumab,pembrolizumab,PD-1,Monoclonal Antibody,CDX;MMR;MSI;MSI-H;PD-L1;TMB;dMMR,1,1,0,1,0,1,1
NCT03298451,Study of Durvalumab and Tremelimumab as First-line Treatment in Patients With Advanced Hepatocellular Carcinoma,PHASE3,Phase 3,ACTIVE_NOT_RECRUITING,1324,AstraZeneca,AstraZeneca,780,1,1,active_comparator,4,sorafenib,durvalumab;durvalumab (regimen 1);durvalumab (regimen 2);tremelimumab (regimen 1);tremelimumab (regimen 2),PD-L1,Monoclonal Antibody,EGFR,1,1,0,0,0,0,0
NCT03368963,TAS102 in Combination With NAL-IRI in Advanced GI Cancers,PHASE1;PHASE2,Phase 2,ACTIVE_NOT_RECRUITING,64,Emory University,Emory University,116,0,0,single_arm,1,nanoliposomal irinotecan;trifluridine/tipiracil,nanoliposomal irinotecan;trifluridine/tipiracil,TOP1,Small Molecule,,0,1,0,0,0,1,0
NCT03383458,A Study of Nivolumab in Participants With Hepatocellular Carcinoma Who Are at High Risk of Recurrence After Curative Hepatic Resection or Ablation,PHASE3,Phase 3,ACTIVE_NOT_RECRUITING,545,Bristol-Myers Squibb,Bristol Myers Squibb,764,1,1,placebo_comparator,2,,nivolumab,PD-1,Monoclonal Antibody,CD30,1,0,0,0,0,0,0
NCT03428477,EPA for Metastasis Trial 2,PHASE3,Phase 3,ACTIVE_NOT_RECRUITING,418,"Mark A Hull, PhD FRCP","Mark A Hull, PhD FRCP",1,0,0,placebo_comparator,2,,icosapent ethyl,,,,0,0,0,0,0,0,0
NCT03440450,A Phase 1 Dose-escalation Study of FF-10832 for Treatment of Solid Tumors Including Biliary Tract Cancer,PHASE1,Phase 1,ACTIVE_NOT_RECRUITING,90,"Fujifilm Pharmaceuticals U.S.A., Inc.",Fujifilm Pharmaceuticals U.,7,1,0,multi_experimental,5,ff-10832 gemcitabine liposome injection,ff-10832 gemcitabine liposome injection,Gemcitabine,Small Molecule,,0,1,0,0,0,1,0
NCT03478488,Programmed Death Ligand (PD-L1) Combined With Chemotherapy for Patients With BTC,PHASE3,Phase 3,ACTIVE_NOT_RECRUITING,480,"3D Medicines (Sichuan) Co., Ltd.",3D Medicines (Sichuan),10,1,0,active_comparator,2,gemcitabine & oxaliplatin,kn035 plus gemcitabine & oxaliplatin,PD-L1,Small Molecule,,0,1,0,0,1,0,0
NCT03482102,Durvalumab (MEDI4736) and Tremelimumab and Radiation Therapy in Hepatocellular Carcinoma and Biliary Tract Cancer,PHASE2,Phase 2,ACTIVE_NOT_RECRUITING,37,Massachusetts General Hospital,Massachusetts General Hospital,170,0,1,single_arm,1,durvalumab;radiation;tremelimumab,durvalumab;radiation;tremelimumab,CTLA-4,Monoclonal Antibody,PD-L1,1,1,0,1,0,1,1
NCT03539822,Cabozantinib Plus Durvalumab With or Without Tremelimumab in Patients With Gastroesophageal Cancer and Other Gastrointestinal Malignancies,PHASE1;PHASE2,Phase 2,RECRUITING,117,Anwaar Saeed,Anwaar Saeed,3,0,1,multi_experimental,4,cabozantinib;durvalumab,cabozantinib;durvalumab;tremelimumab,MET,Small Molecule,MET;MMR;MSI;PD-L1,0,1,0,1,1,0,1
NCT03589339,NBTXR3 Activated by Radiotherapy for Patients With Advanced Cancers Treated With An Anti-PD-1 Therapy,PHASE1,Phase 1,ACTIVE_NOT_RECRUITING,145,Nanobiotix,Nanobiotix,6,1,0,single_arm,1,nbtxr3;nivolumab;pembrolizumab;sabr,nbtxr3;nivolumab;pembrolizumab;sabr,PD-1,Radiopharmaceutical,,0,1,0,0,0,0,0
NCT03680508,TSR-022 (Anti-TIM-3 Antibody) and TSR-042 (Anti-PD-1 Antibody) in Patients With Liver Cancer,PHASE2,Phase 2,ACTIVE_NOT_RECRUITING,42,University of Hawaii,University of Hawaii,2,0,1,single_arm,1,tsr-022 and tsr-042,tsr-022 and tsr-042,PD-1,Monoclonal Antibody,PD-L1,1,1,0,1,0,0,1
NCT03704480,Durvalumab + Tremelimumab ± Paclitaxel in Advanced BTC After Platinum Chemotherapy.,PHASE2,Phase 2,ACTIVE_NOT_RECRUITING,106,GERCOR - Multidisciplinary Oncology Cooperative Group,GERCOR - Multidisciplinary Oncology Cooperative Group,13,0,1,single_arm,1,durvalumab;tremelimumab,durvalumab;tremelimumab,PD-L1,Monoclonal Antibody,EGFR;PD-L1,1,1,0,1,0,1,1
NCT03755791,Study of Cabozantinib in Combination With Atezolizumab Versus Sorafenib in Participants With Advanced Hepatocellular Carcinoma (HCC) Who Have Not Received Previous Systemic Anticancer Therapy,PHASE3,Phase 3,ACTIVE_NOT_RECRUITING,837,Exelixis,Exelixis,52,1,0,active_comparator,3,sorafenib,atezolizumab;cabozantinib,MET,Small Molecule,PD-L1,0,1,0,0,0,0,0
NCT03778957,A Global Study to Evaluate Transarterial Chemoembolization (TACE) in Combination With Durvalumab and Bevacizumab Therapy in Patients With Locoregional Hepatocellular Carcinoma,PHASE3,Phase 3,ACTIVE_NOT_RECRUITING,724,AstraZeneca,AstraZeneca,780,1,1,placebo_comparator,3,transarterial chemoembolization (tace),bevacizumab;durvalumab;transarterial chemoembolization (tace),PD-L1,Monoclonal Antibody,EGFR,1,1,0,0,0,1,0
NCT03812874,A Study of PTX-9908 Injection for Non-resectable HCC with TACE,PHASE1;PHASE2,Phase 2,RECRUITING,50,TCM Biotech International Corp.,TCM Biotech International,1,1,0,placebo_comparator,2,ptx-9908 injection,ptx-9908 injection,,Cell Therapy,,1,1,0,0,0,0,0
NCT03836352,"Study of an Immunotherapeutic, DPX-Survivac, in Combination With Low Dose Cyclophosphamide & Pembrolizumab, in Subjects With Selected Advanced & Recurrent Solid Tumors",PHASE2,Phase 2,ACTIVE_NOT_RECRUITING,184,"ImmunoVaccine Technologies, Inc. (IMV Inc.)","ImmunoVaccine Technologies, Inc. (IMV Inc.)",8,1,1,multi_experimental,2,dpx-survivac;pembrolizumab,cyclophosphamide;dpx-survivac;pembrolizumab,PD-1,Monoclonal Antibody,ALK;EGFR;MSI;PD-L1,1,1,0,1,1,0,1
NCT03847428,Assess Efficacy and Safety of Durvalumab Alone or Combined With Bevacizumab in High Risk of Recurrence HCC Patients After Curative Treatment,PHASE3,Phase 3,ACTIVE_NOT_RECRUITING,908,AstraZeneca,AstraZeneca,780,1,1,placebo_comparator,3,,bevacizumab;durvalumab,PD-L1,Monoclonal Antibody,EGFR,1,1,0,0,0,0,0
NCT03872947,A Study of TRK-950 in Combinations With Anti-Cancer Treatment Regimens in Patients With Advanced Solid Tumors,PHASE1,Phase 1,ACTIVE_NOT_RECRUITING,138,"Toray Industries, Inc",Toray Industries,4,1,0,multi_experimental,15,trk-950,bevacizumab;carboplatin;cisplatin;fluorouracil;gemcitabine;imiquimod cream;irinotecan;leucovorin;nivolumab;paclitaxel;pembrolizumab;pld;ramucirumab;trk-950,PD-1,Monoclonal Antibody,CAPRIN-1;PR,1,1,0,0,0,1,0
NCT03875235,Durvalumab or Placebo in Combination With Gemcitabine/Cisplatin in Patients With 1st Line Advanced Biliary Tract Cancer (TOPAZ-1),PHASE3,Phase 3,ACTIVE_NOT_RECRUITING,810,AstraZeneca,AstraZeneca,780,1,1,placebo_comparator,2,,durvalumab,PD-L1,Monoclonal Antibody,EGFR,1,0,0,0,1,0,0
NCT03897543,ABX196 in Combination With Nivolumab in Patients With Hepatocellular Carcinoma,PHASE1;PHASE2,Phase 2,RECRUITING,48,Abivax S.A.,Abivax,1,1,0,single_arm,1,abx196,abx196,PD-1,Monoclonal Antibody,PD-L1,1,1,0,0,0,0,0
NCT03907852,Phase 1/2 Trial of Gavo-cel (TC-210) in Patients With Advanced Mesothelin-Expressing Cancer,PHASE1;PHASE2,Phase 2,ACTIVE_NOT_RECRUITING,57,TCR2 Therapeutics,TCR2 Therapeutics,3,1,1,multi_experimental,3,cyclophosphamide;fludarabine;gavo-cel,cyclophosphamide;fludarabine;gavo-cel;ipilimumab;nivolumab,PD-1,Monoclonal Antibody,CD30,1,1,0,0,0,0,0
NCT03916627,"Neoadjuvant Cemiplimab for the Treatment of Resectable NSCLC, HCC, and HNSCC in Adult Patients",PHASE2,Phase 2,ACTIVE_NOT_RECRUITING,65,Regeneron Pharmaceuticals,Regeneron,95,1,1,multi_experimental,7,cemiplimab,cemiplimab;fianlimab;platinum doublet,PD-1,Monoclonal Antibody,ALK;ROS1,1,1,0,0,0,0,0
NCT03983954,"Naptumomab Estafenatox in Combination With Durvalumab in Subjects With Selected Advanced or Metastatic Solid Tumor, Including a Cohort Expansion in Esophageal Cancer.",PHASE1,Phase 1,ACTIVE_NOT_RECRUITING,120,NeoTX Therapeutics Ltd.,NeoTX Therapeutics,2,1,1,multi_experimental,11,naptumomab estafenatox and durvalumab,naptumomab estafenatox and durvalumab;obinutuzumab,5T4,Monoclonal Antibody,CD20;ER;HER2;PD-L1;biomarker;biomarker analysis,1,1,0,1,1,0,1
NCT04005339,"NAPOLI-2: Fluorouracil, Leucovorin, and Nanoliposomal Irinotecan in Biliary Cancer",PHASE2,Phase 2,ACTIVE_NOT_RECRUITING,48,Georgetown University,Georgetown University,55,0,0,single_arm,1,fluorouracil;leucovorin;nanoliposomal irinotecan,fluorouracil;leucovorin;nanoliposomal irinotecan,TOP1,Small Molecule,,0,1,0,0,0,0,0
NCT04008797,A Study of E7386 in Combination With Other Anticancer Drug(s) in Participants With Solid Tumor,PHASE1;PHASE2,Phase 2,ACTIVE_NOT_RECRUITING,301,Eisai Inc.,Eisai,177,1,0,multi_experimental,9,lenvatinib,doxorubicin;e7386;lenvatinib;paclitaxel,CBP,Small Molecule,BRAF;KRAS;MSI;MSI-H;TP53,0,1,0,0,0,1,0
NCT04194775,A Study of Nofazinlimab (CS1003) in Subjects With Advanced Hepatocellular Carcinoma,PHASE3,Phase 3,ACTIVE_NOT_RECRUITING,534,CStone Pharmaceuticals,CStone Pharmaceuticals,26,1,0,placebo_comparator,2,nofazinlimab (cs1003) placebo+lenvatinib,nofazinlimab (cs1003)+lenvatinib,PD-1,Monoclonal Antibody,PD-L1,1,1,0,0,0,0,0
NCT04204850,Cabozantinib to Treat Recurrent Liver Cancer Post Transplant,PHASE2,Phase 2,RECRUITING,20,"University Health Network, Toronto","University Health Network, Toronto",91,0,0,single_arm,1,cabozantinib,cabozantinib,MET,Small Molecule,PD-L1,0,1,0,0,0,0,0
NCT04238637,Immunotherapy Combined With Y-90 SIRT Therapy in Advanced Stage Intrahepatic Biliary Tract Cancer (BTC),PHASE2,Phase 2,ACTIVE_NOT_RECRUITING,50,Institut für Klinische Krebsforschung IKF GmbH at Krankenhaus Nordwest,Institut für Klinische Krebsforschung IKF GmbH at Krankenhaus Nordwest,28,0,1,multi_experimental,2,durvalumab,durvalumab;tremelimumab,PD-L1,Monoclonal Antibody,EGFR;MET;PD-L1,1,1,0,1,1,0,1
NCT04251117,"GNOS-PV02 Personalized Neoantigen Vaccine, INO-9012 and Pembrolizumab in Subjects With Advanced HCC",PHASE1;PHASE2,Phase 2,ACTIVE_NOT_RECRUITING,36,Geneos Therapeutics,Geneos Therapeutics,1,1,0,single_arm,1,device: cellectra2000 ep device;gnos-pv02;ino-9012;pembrolizumab,device: cellectra2000 ep device;gnos-pv02;ino-9012;pembrolizumab,PD-1,mRNA,,0,1,0,0,1,1,0
NCT04282044,Study of CRX100 as Monotherapy and in Combination With Pembrolizumab in Patients With Advanced Solid Malignancies,PHASE1,Phase 1,RECRUITING,60,BioEclipse Therapeutics,BioEclipse Therapeutics,1,1,0,multi_experimental,2,crx100 suspension for infusion;cyclophosphamide;fludarabine,crx100 suspension for infusion;cyclophosphamide;fludarabine,PD-1,,ER;HER2;PR,0,1,0,0,0,1,0
NCT04344158,A Phase III Clinical Trial of AK105 Injection Combined With Anlotinib Hydrochloride Capsules Versus Sorafenib in Subjects With Advanced Hepatocellular Carcinoma (HCC),PHASE3,Phase 3,ACTIVE_NOT_RECRUITING,648,"Chia Tai Tianqing Pharmaceutical Group Co., Ltd.",Chia Tai Tianqing Pharmaceutical,213,1,0,active_comparator,2,sorafenib tosylate tablets,ak105 injection;anlotinib hydrochloride capsules,PD-1,Monoclonal Antibody,BRAF;KRAS;MSI-H;PD-L1,1,1,0,1,0,0,1
NCT04353375,HMPL-453 Tartrate in Advanced Intrahepatic Cholangiocarcinoma,PHASE2;PHASE3,Phase 3,RECRUITING,235,Hutchmed,HUTCHMED,35,1,0,single_arm,1,hmpl-453,hmpl-453,FGFR,Small Molecule,FGFR2,0,1,0,0,0,0,0
NCT04421820,BOLD-100 in Combination With FOLFOX for the Treatment of Advanced Solid Tumours,PHASE1;PHASE2,Phase 2,RECRUITING,220,"Bold Therapeutics, Inc.",Bold Therapeutics,1,1,0,active_comparator,9,bold-100 +/- folfox chemotherapy (arm vii),bold-100 in combination with folfox chemotherapy (arms i-vi),,Small Molecule,BRAF;ER;HER2;MSI;MSI-H,0,1,0,0,0,0,0
NCT04430452,Durvalumab With/Without Tremelimumab After Palliative Hypofractionated Radiotherapy for Hepatocellular Carcinoma,PHASE2,Phase 2,RECRUITING,21,"Mary Feng, MD","Mary Feng, MD",1,0,1,multi_experimental,3,,durvalumab;hypofractionated radiation therapy;tremelimumab,PD-L1,Monoclonal Antibody,EGFR;MET;PD-L1,1,1,0,1,0,0,1
NCT04430738,Tucatinib Plus Trastuzumab and Oxaliplatin-based Chemotherapy or Pembrolizumab-containing Combinations for HER2+ Gastrointestinal Cancers,PHASE2,Phase 2,ACTIVE_NOT_RECRUITING,40,"Seagen, a wholly owned subsidiary of Pfizer",Pfizer,687,1,1,multi_experimental,9,trastuzumab;tucatinib,capecitabine;fluorouracil;leucovorin;oxaliplatin;pembrolizumab;trastuzumab;tucatinib,HER2,Small Molecule,HER2;MET;PD-L1,0,1,0,1,0,0,1
NCT04472767,Cabozantinib Combined With Ipilimumab/Nivolumab and TACE in Patients With Hepatocellular Carcinoma,PHASE2,Phase 2,RECRUITING,35,"University of California, Irvine","University of California, Irvine",22,0,0,single_arm,1,cabozantinib;ipilimumab;nivolumab;transarterial chemoembolization,cabozantinib;ipilimumab;nivolumab;transarterial chemoembolization,PD-1,Monoclonal Antibody,CD30,1,1,0,0,0,0,0
NCT04521686,Study of LY3410738 Administered to Patients With Advanced Solid Tumors With IDH1 or IDH2 Mutations,PHASE1,Phase 1,ACTIVE_NOT_RECRUITING,200,Eli Lilly and Company,Eli Lilly,535,1,1,multi_experimental,2,ly3410738,cisplatin;durvalumab;gemcitabine;ly3410738,IDH1/2,Small Molecule,IDH1;IDH2;MET,0,1,0,1,1,0,1
NCT04522544,Durvalumab and Tremelimumab in Combination With Y-90 SIRT for Intermediate Stage HCC,PHASE2,Phase 2,ACTIVE_NOT_RECRUITING,55,Institut für Klinische Krebsforschung IKF GmbH at Krankenhaus Nordwest,Institut für Klinische Krebsforschung IKF GmbH at Krankenhaus Nordwest,28,0,1,multi_experimental,2,durvalumab;tremelimumab,deb-tace;durvalumab;tremelimumab;y-90 sirt,CTLA-4,Monoclonal Antibody,,1,1,0,0,0,0,0
NCT04524871,A Study Evaluating the Efficacy and Safety of Multiple Immunotherapy-Based Treatment Combinations in Patients With Advanced Liver Cancers (Morpheus-Liver),PHASE1;PHASE2,Phase 2,ACTIVE_NOT_RECRUITING,518,Hoffmann-La Roche,Roche/Genentech,922,1,1,active_comparator,11,atezolizumab;bevacizumab,adg126;atezolizumab;bevacizumab;io-108;nkt2152;tiragolumab;tobemstomig;tocilizumab;tpst-1120,PD-L1,Monoclonal Antibody,CMMRD;MSI-H;PD-L1;TMB;biomarker,1,1,0,1,0,0,1
NCT04563338,An Exploratory Study of Atezolizumab and Bevacizumab in Hepatocellular Carcinoma and Non-Small Cell Lung Cancer With Liver Metastases (INTEGRATE),PHASE2,Phase 2,ACTIVE_NOT_RECRUITING,36,"University Health Network, Toronto","University Health Network, Toronto",91,0,1,multi_experimental,3,atezolizumab,atezolizumab;bevacizumab,PD-L1,Monoclonal Antibody,ALK;CMMRD;MSI-H;PD-L1;TMB,1,1,0,1,1,1,1
NCT04579380,Basket Study of Tucatinib and Trastuzumab in Solid Tumors With HER2 Alterations,PHASE2,Phase 2,ACTIVE_NOT_RECRUITING,217,"Seagen, a wholly owned subsidiary of Pfizer",Pfizer,687,1,1,single_arm,1,fulvestrant;trastuzumab;tucatinib,fulvestrant;trastuzumab;tucatinib,HER2,Small Molecule,HER2;MET,0,1,0,0,0,0,0
NCT04617522,Study of Sacituzumab Govitecan in Participants With Advanced or Metastatic Solid Tumor and Moderate Liver Impairment,PHASE1,Phase 1,RECRUITING,30,Gilead Sciences,Gilead Sciences,168,1,1,multi_experimental,2,sacituzumab govitecan-hziy,sacituzumab govitecan-hziy,TROP2,ADC,PD-L1,1,1,0,0,0,1,0
NCT04634357,"ET140203 T Cells in Pediatric Subjects With Hepatoblastoma, HCN-NOS, or Hepatocellular Carcinoma",PHASE1;PHASE2,Phase 2,RECRUITING,12,Eureka Therapeutics Inc.,Eureka Therapeutics,6,1,0,single_arm,1,et140203 t cells,et140203 t cells,,Vaccine,,1,1,1,0,0,1,1
NCT04639180,A Study to Evaluate Camrelizumab Plus Rivoceranib (Apatinib) as Adjuvant Therapy in Patients With Hepatocellular Carcinoma (HCC) at High Risk of Recurrence After Curative Resection or Ablation,PHASE3,Phase 3,ACTIVE_NOT_RECRUITING,687,"Jiangsu HengRui Medicine Co., Ltd.",Hengrui,312,1,0,multi_experimental,2,camrelizumab;rivoceranib (apatinib),camrelizumab;rivoceranib (apatinib),PD-1,Monoclonal Antibody,PD-L1,1,1,0,0,0,0,0
NCT04644068,Study of AZD5305 as Monotherapy and in Combination With Anti-cancer Agents in Patients With Advanced Solid Malignancies,PHASE1;PHASE2,Phase 2,ACTIVE_NOT_RECRUITING,702,AstraZeneca,AstraZeneca,780,1,1,multi_experimental,6,azd5305,azd5305;camizestrant;carboplatin;dato-dxd;paclitaxel;t- dxd,PARP,Small Molecule,,0,1,0,0,0,1,0
NCT04658147,Feasibility and Efficacy of Perioperative Nivolumab With or Without Relatlimab for Patients With Potentially Resectable Hepatocellular Carcinoma (HCC),PHASE1,Phase 1,ACTIVE_NOT_RECRUITING,31,Sidney Kimmel Comprehensive Cancer Center at Johns Hopkins,Sidney Kimmel Comprehensive Cancer Center at Johns Hopkins,160,0,1,multi_experimental,2,nivolumab,nivolumab;relatlimab,PD-1,Monoclonal Antibody,CD30;PD-L1,1,1,0,1,0,0,1
NCT04712643,A Study of TACE Combined With Atezolizumab Plus Bevacizumab or TACE Alone in Patients With Untreated Heaptocellular Carcionma,PHASE3,Phase 3,ACTIVE_NOT_RECRUITING,342,Hoffmann-La Roche,Roche/Genentech,922,1,1,active_comparator,2,device: transarterial chemoembolization (tace),atezolizumab;becavizumab;device: transarterial chemoembolization (tace),PD-L1,Monoclonal Antibody,CMMRD;MSI-H;TMB,1,1,0,0,0,0,0
NCT04745403,Redirected HBV-Specific T Cells in Patients With HBV-related HCC (SAFE-T-HBV),PHASE1,Phase 1,RECRUITING,10,Lion TCR Pte. Ltd.,Lion TCR Pte.,6,1,0,single_arm,1,mrna hbv/tcr t-cells,mrna hbv/tcr t-cells,HBV,mRNA,HBV,0,1,0,0,0,0,0
NCT04756648,Phase I Clinical Trial of CT0180 Cells in the Treatment of Hepatocellular Carcinoma,PHASE1,Phase 1,ACTIVE_NOT_RECRUITING,21,Zhejiang University,Zhejiang University,58,0,0,single_arm,1,ct0180 cells,ct0180 cells,GPC3,CAR-T,CD19;PD-L1,1,1,0,1,0,0,1
NCT04770896,A Study of Atezolizumab With Lenvatinib or Sorafenib Versus Lenvatinib or Sorafenib Alone in Hepatocellular Carcinoma Previously Treated With Atezolizumab and Bevacizumab,PHASE3,Phase 3,ACTIVE_NOT_RECRUITING,557,Hoffmann-La Roche,Roche/Genentech,922,1,1,active_comparator,2,lenvatinib;sorafenib,atezolizumab;lenvatinib;sorafenib,PD-L1,Monoclonal Antibody,CMMRD;MSI-H;PR;TMB,1,1,0,0,0,1,0
NCT04802876,Efficacy of Tislelizumab and Spartalizumab Across Multiple Cancer-types in Patients with PD1-high MRNA Expressing Tumors,PHASE2,Phase 2,ACTIVE_NOT_RECRUITING,184,SOLTI Breast Cancer Research Group,SOLTI Breast Cancer Research Group,18,0,1,multi_experimental,3,,spartalizumab;tislelizumab,PD-1,Monoclonal Antibody,BRAF,1,1,0,1,0,0,1
NCT04806464,Clinical Study of VG161 in Subjects with Advanced Primary Liver Cancer,PHASE1,Phase 1,RECRUITING,44,CNBG-Virogin Biotech (Shanghai) Ltd.,CNBG-Virogin Biotech (Shanghai),5,1,0,single_arm,1,recombinant human il12/15-pdl1b oncolytic hsv-1 injection (vero cell)),recombinant human il12/15-pdl1b oncolytic hsv-1 injection (vero cell)),PD-L1,Oncolytic Virus,PD-L1,1,1,0,0,0,1,0
NCT04837885,Intra-arterial Hepatic (IAH) Infusion of Radiolabelled Somatostatin Analogs in GEP-NET Patients With Dominant Liver Metastases,PHASE2,Phase 2,RECRUITING,23,"University Hospital, Bordeaux","University Hospital, Bordeaux",8,0,0,single_arm,1,lutathera by intra-arterial hepatic (iah) injection;positron emission tomography computed tomography (pet/ct) with intra-hepatic (iah) injection;positron emission tomography computed tomography (pet/ct) with intravenous (iv) injection;scan,lutathera by intra-arterial hepatic (iah) injection;positron emission tomography computed tomography (pet/ct) with intra-hepatic (iah) injection;positron emission tomography computed tomography (pet/ct) with intravenous (iv) injection;scan,SSTR2,Radiopharmaceutical,SSTR2,0,1,0,0,0,0,0
NCT04857684,SBRT + Atezolizumab + Bevacizumab in Resectable HCC,EARLY_PHASE1,Phase 1,ACTIVE_NOT_RECRUITING,20,Massachusetts General Hospital,Massachusetts General Hospital,170,0,1,single_arm,1,atezolizumab;bevacizumab;stereotactic beam radiation therapy (sbrt),atezolizumab;bevacizumab;stereotactic beam radiation therapy (sbrt),PD-L1,Monoclonal Antibody,CMMRD;MET;MSI-H;TMB,1,1,0,0,0,0,0
NCT04864054,GPC3-Targeted T-Cell Therapy (ECT204) in Adults With Advanced HCC,PHASE1;PHASE2,Phase 2,RECRUITING,60,Eureka Therapeutics Inc.,Eureka Therapeutics,6,1,0,single_arm,1,ect204 t cells,ect204 t cells,,Cell Therapy,,1,1,0,0,1,0,0
NCT04900818,Study of TJ033721 (Givastomig) in Subjects With Advanced or Metastatic Solid Tumors,PHASE1,Phase 1,RECRUITING,330,I-Mab Biopharma US Limited,I-Mab Biopharma US,6,1,1,multi_experimental,4,tj033721 (givastomig),durvalumab;nivolumab;tj033721 (givastomig),,Bispecific Antibody,CLDN18.2;PD-L1,1,1,0,1,1,1,1
NCT04906434,"A Study to Assess the Safety, Tolerability, and Pharmacokinetics of ABSK-011 in Patients With Advanced Solid Tumor",PHASE1,Phase 1,RECRUITING,200,"Abbisko Therapeutics Co, Ltd",AbbVie,274,1,0,single_arm,1,absk-011,absk-011,FGFR4,Cell Therapy,FGF19,1,1,0,0,1,0,0
NCT04910386,Multicenter Phase 2 Study of Envafolimab in Biliary Tract Cancers,PHASE2,Phase 2,NOT_YET_RECRUITING,126,"3D Medicines (Sichuan) Co., Ltd.",3D Medicines (Sichuan),10,1,0,active_comparator,2,gemcitabine&cisplatin,envafolimab plus gemcitabine&cisplatin,PD-1,Monoclonal Antibody,MSI-H;PD-L1,1,1,0,0,0,1,0
NCT04912765,Neoantigen Dendritic Cell Vaccine and Nivolumab in HCC and Liver Metastases From CRC,PHASE2,Phase 2,RECRUITING,60,"National Cancer Centre, Singapore","National Cancer Centre, Singapore",19,0,1,single_arm,1,neoantigen dendritic cell vaccine;nivolumab,neoantigen dendritic cell vaccine;nivolumab,PD-1,Monoclonal Antibody,CD30;PD-L1,1,1,0,1,0,1,1
NCT04956640,Study of LY3537982 in Cancer Patients With a Specific Genetic Mutation (KRAS G12C),PHASE1;PHASE2,Phase 2,ACTIVE_NOT_RECRUITING,540,Eli Lilly and Company,Eli Lilly,535,1,1,multi_experimental,3,ly3537982,carboplatin;cetuximab;cisplatin;ly3537982;pembrolizumab;pemetrexed,KRAS,Small Molecule,KRAS,0,1,0,0,1,0,0
NCT04969887,Combination Immunotherapy in Rare Cancers Under InvesTigation,PHASE2,Phase 2,ACTIVE_NOT_RECRUITING,240,Olivia Newton-John Cancer Research Institute,Olivia Newton-John Cancer Research Institute,7,0,1,single_arm,1,ipilimumab;nivolumab,ipilimumab;nivolumab,CTLA-4,Monoclonal Antibody,MMR;MSI;MSI-H;PD-L1;biomarker,1,1,0,1,0,0,1
NCT04999761,AB122 Platform Study,PHASE1,Phase 1,RECRUITING,917,"Taiho Pharmaceutical Co., Ltd.",Taiho,86,1,0,multi_experimental,18,ab122,ab122;ab154;bevacizumab;carboplatin;cisplatin;fluorouracil;gemcitabine;nab-paclitaxel;ramucirumab;tas-115;tas-116;tas-120;trifluridine/tipiracil,PD-1,Monoclonal Antibody,KRAS;MET;PD-L1,1,1,0,1,1,1,1
NCT05000294,Atezolizumab Plus Tivozanib in Immunologically Cold Tumor Types,PHASE1;PHASE2,Phase 2,RECRUITING,29,University of Florida,University of Florida,28,0,1,single_arm,1,atezolizumab;tivozanib,atezolizumab;tivozanib,PD-L1,Monoclonal Antibody,CMMRD;HER2;MET;MSI;MSI-H;PD-L1;TMB;dMMR,1,1,0,1,0,0,1
NCT05022927,A Phase I Study of ERY974 in Patients With Hepatocellular Carcinoma,PHASE1,Phase 1,ACTIVE_NOT_RECRUITING,179,Chugai Pharmaceutical,Chugai Pharmaceutical,15,1,0,multi_experimental,5,atezolizumab;bevacizumab;ery974;tocilicumab,atezolizumab;bevacizumab;ery974;tocilicumab,GPC3,Bispecific Antibody,biomarker,1,1,0,0,0,0,0
NCT05024214,Phase Ib/II Trial of Envafolimab Plus Lenvatinib for Subjects With Solid Tumors,PHASE1;PHASE2,Phase 2,RECRUITING,170,"3D Medicines (Sichuan) Co., Ltd.",3D Medicines (Sichuan),10,1,0,multi_experimental,6,,lenvatinib + envafolimab;sunitinib,VEGF/VEGFR,Small Molecule,PD-L1,0,1,0,0,0,1,0
NCT05039892,Efficacy and Safety of 3D185 Monotherapy in Subjects With Previously Treated Locally Advanced or Metastatic Cholangiocarcinoma,PHASE2,Phase 2,NOT_YET_RECRUITING,50,"3D Medicines (Beijing) Co., Ltd.",3D Medicines (Beijing),3,1,0,single_arm,1,3d185,3d185,FGFR,Small Molecule,FGFR2,0,1,0,0,0,0,0
NCT05057013,A Phase I/IIa Trial of HMBD-001 in Advanced HER3 Positive Solid Tumours,PHASE1;PHASE2,Phase 2,ACTIVE_NOT_RECRUITING,81,Cancer Research UK,Cancer Research UK,16,0,0,multi_experimental,2,,hmbd-001;hmbd-001 and enzalutamide,HER3,Monoclonal Antibody,HER3,1,1,0,0,0,1,0
NCT05063565,TheraSphere With Durvalumab and Tremelimumab for HCC,PHASE2,Phase 2,ACTIVE_NOT_RECRUITING,100,Boston Scientific Corporation,Boston Scientific,42,1,0,single_arm,1,device: therasphere y-90 glass microsphere therapy;durvalumab (imfinzi) immunotherapy;tremelimumab immunotherapy,device: therasphere y-90 glass microsphere therapy;durvalumab (imfinzi) immunotherapy;tremelimumab immunotherapy,PD-L1,Monoclonal Antibody,PD-L1,1,1,0,0,0,1,0
NCT05065957,Study of Combination Therapy of D07001-Softgel Capsules and Xeloda/TS-1 in Subjects With Advanced Biliary Tract Cancer,PHASE2;PHASE3,Phase 3,RECRUITING,180,InnoPharmax Inc.,InnoPharmax,5,1,0,active_comparator,2,FOLFOX;d07001-softgel capsules + xeloda (or ts-1),d07001-softgel capsules + xeloda (or ts-1),TS-1,Small Molecule,,0,1,0,0,1,0,0
NCT05075993,Study of LVGN3616 and LVGN6051±LVGN7409 in Combination With Nab-Paclitaxel or Bevacizumab and Cyclophosphamide in Metastatic Solid Tumors,PHASE1,Phase 1,ACTIVE_NOT_RECRUITING,352,M.D. Anderson Cancer Center,M.D. Anderson Cancer Center,697,0,0,multi_experimental,4,lvgn3616 + lvgn6051 + bevacizumab + cyclophosphamide;lvgn3616 + lvgn6051 + lvgn7409 + bevacizumab + cyclophosphamide;lvgn3616 + lvgn6051 + lvgn7409 + nab-paclitaxel;lvgn3616 + lvgn6051 + nab-paclitaxel,lvgn3616 + lvgn6051 + bevacizumab + cyclophosphamide;lvgn3616 + lvgn6051 + lvgn7409 + bevacizumab + cyclophosphamide;lvgn3616 + lvgn6051 + lvgn7409 + nab-paclitaxel;lvgn3616 + lvgn6051 + nab-paclitaxel,,,PD-L1;molecular profiling,0,1,0,1,0,1,1
NCT05096715,Atezolizumab+Bevacizumab+SBRT in Unresectable HCC,PHASE1,Phase 1,RECRUITING,20,Massachusetts General Hospital,Massachusetts General Hospital,170,0,1,single_arm,1,atezolizumab;bevacizumab;stereotactic body radiation therapy (sbrt),atezolizumab;bevacizumab;stereotactic body radiation therapy (sbrt),PD-L1,Monoclonal Antibody,CMMRD;MET;MSI-H;TMB,1,1,0,0,0,0,0
NCT05098197,A Study of GC101 TIL in Advanced Hepatobiliary-Pancreatic Cancers (10hospital),EARLY_PHASE1,Phase 1,RECRUITING,50,Shanghai Juncell Therapeutics,Shanghai Juncell Therapeutics,19,1,0,single_arm,1,tumor infiltrating lymphocyte,tumor infiltrating lymphocyte,,Cell Therapy,,1,1,0,0,0,1,0
NCT05113186,Neoadjuvant and Adjuvant Lenvatinib in HCC Patients Treated by Percutaneous Ablative,PHASE2,Phase 2,ACTIVE_NOT_RECRUITING,32,Assistance Publique - Hôpitaux de Paris,Assistance Publique - Hôpitaux de Paris,34,0,0,single_arm,1,lenvatinib pill,lenvatinib pill,VEGF/VEGFR,Small Molecule,,0,1,1,0,0,1,1
NCT05120271,BOXR1030 T Cells in Subjects With Advanced GPC3-Positive Solid Tumors,PHASE1;PHASE2,Phase 2,ACTIVE_NOT_RECRUITING,7,Sotio Biotech Inc.,Sotio Biotech,1,1,0,single_arm,1,car-gpc3 t cells,car-gpc3 t cells,GPC3,CAR-T,,1,1,0,0,0,1,0
NCT05123482,"A Phase I/IIa Study of AZD8205 Given Alone or Combined, in Participants With Advanced/Metastatic Solid Malignancies",PHASE1;PHASE2,Phase 2,RECRUITING,460,AstraZeneca,AstraZeneca,780,1,1,multi_experimental,4,,azd8205;azd8205 and azd2936 (rilvegostomig);azd8205 and azd5305 (saruparib);azd8205 and azd5305 (saruparib) and azd2936 (rilvegostomig);azd8205 in combination with azd9574;azd8205 in combination with azd9574 plus rilvegostomig (azd2936),B7-H4,ADC,B7-H4,1,1,0,0,0,1,0
NCT05168163,"Atezolizumab in Combination With a Multi-Kinase Inhibitor for the Treatment of Unresectable, Locally Advanced, or Metastatic Liver Cancer",PHASE2,Phase 2,RECRUITING,122,Academic and Community Cancer Research United,Academic and Community Cancer Research United,2,0,1,active_comparator,2,cabozantinib;lenvatinib,atezolizumab;cabozantinib;lenvatinib,PD-L1,Monoclonal Antibody,CMMRD;MET;MSI-H;PD-L1;TMB,1,1,0,1,1,1,1
NCT05171335,Neoadjuvant Combination Therapy of Lenvatinib and TACE for Transplant-Eligible Large Hepatocellular Carcinoma Patients,PHASE2,Phase 2,ENROLLING_BY_INVITATION,50,The Methodist Hospital Research Institute,The Methodist Hospital Research Institute,27,0,0,multi_experimental,2,lenvatinib;transcatheter arterial chemoembolization,lenvatinib;transcatheter arterial chemoembolization,VEGF/VEGFR,Small Molecule,PD-L1,0,1,0,0,1,0,0
NCT05176483,Study of Zanzalintinib in Combination With Immuno-Oncology or Other Agents in Participants With Solid Tumors,PHASE1,Phase 1,RECRUITING,1394,Exelixis,Exelixis,52,1,0,multi_experimental,9,zanzalintinib,ddi probe cocktail;docetaxel;ipilimumab;nivolumab;nivolumab + relatlimab;zanzalintinib,EGFR,Small Molecule,PD-L1;biomarker,0,1,0,1,1,1,1
NCT05185739,Perioperative Pembrolizumab and Lenvatinib in Resectable Hepatocellular Carcinoma (HCC),PHASE2,Phase 2,RECRUITING,60,"University College, London","University College, London",51,0,1,active_comparator,3,lenvatinib;pembrolizumab,pembrolizumab and lenvatinib,PD-1,Monoclonal Antibody,PD-L1,1,1,0,1,0,0,1
NCT05195294,Study of HBV-TCR T Cells (LioCyx-M) as Monotherapy or as Combination With Lenvatinib for HBV-related HCC,PHASE2,Phase 2,NOT_YET_RECRUITING,55,Lion TCR Pte. Ltd.,Lion TCR Pte.,6,1,0,multi_experimental,2,liocyx-m,lenvatinib;liocyx-m,VEGF/VEGFR,Small Molecule,PD-L1,0,1,0,0,1,0,0
NCT05201404,Namodenoson in the Treatment of Advanced Hepatocellular Carcinoma in Patients With Child-Pugh Class B7 Cirrhosis,PHASE3,Phase 3,RECRUITING,471,Can-Fite BioPharma,Can-Fite BioPharma,4,1,0,placebo_comparator,2,,namodenoson,ADORA2A,Small Molecule,,0,0,0,0,0,1,0
NCT05208762,A Study of PF-08046054/SGN-PDL1V in Advanced Solid Tumors,PHASE1,Phase 1,RECRUITING,714,"Seagen, a wholly owned subsidiary of Pfizer",Pfizer,687,1,1,multi_experimental,2,pf-08046054,pembrolizumab;pf-08046054,PD-L1,Monoclonal Antibody,MET;PD-L1,1,1,0,1,0,1,1
NCT05215574,Study of NGM831 as Monotherapy and in Combination With Pembrolizumab or Pembrolizumab and NGM438 in Advanced or Metastatic Solid Tumors,PHASE1,Phase 1,ACTIVE_NOT_RECRUITING,130,"NGM Biopharmaceuticals, Inc",NGM Biopharmaceuticals,6,1,1,multi_experimental,3,,ngm831;ngm831 and ngm438 plus pembrolizumab (keytruda);ngm831 plus pembrolizumab (keytruda),ILT3,Monoclonal Antibody,,1,1,0,0,0,0,0
NCT05257590,CVM-1118 in Combination With Nivolumab for Unresectable Advanced Hepatocellular Carcinoma,PHASE2,Phase 2,RECRUITING,95,"TaiRx, Inc.",TaiRx,8,1,0,single_arm,1,cvm-1118;nivolumab injection [opdivo],cvm-1118;nivolumab injection [opdivo],PD-1,Small Molecule,,0,1,0,0,0,0,0
NCT05297903,XmAb20717 in Advanced Biliary Tract Cancers,PHASE2,Phase 2,ACTIVE_NOT_RECRUITING,27,Abramson Cancer Center at Penn Medicine,Abramson Cancer Center at Penn Medicine,31,0,0,single_arm,1,xmab20717,xmab20717,PD-1/CTLA-4,Bispecific Antibody,CDK12;MSI-H;NTRK;PARP inhibitor;PD-L1,1,1,0,1,0,0,1
NCT05301842,Evaluate Durvalumab and Tremelimumab +/- Lenvatinib in Combination With TACE in Patients With Locoregional HCC,PHASE3,Phase 3,ACTIVE_NOT_RECRUITING,760,AstraZeneca,AstraZeneca,780,1,1,active_comparator,3,transarterial chemoembolization (tace),durvalumab;lenvatinib;transarterial chemoembolization (tace);tremelimumab,CTLA-4,Monoclonal Antibody,,1,1,0,0,0,0,0
NCT05304481,Efficacy and Safety of Activated T Lymphocytes (ATL) in Hepatocellular Carcinoma,PHASE2,Phase 2,RECRUITING,95,Lukas Biomedical Inc.,Lukas Biomedical,1,1,0,single_arm,1,atl administration,atl administration,,Cell Therapy,,1,1,0,0,0,0,0
NCT05317819,Study of ADI-PEG 20 Versus Placebo in Subjects With High Arginine Level and Unresectable Hepatocellular Carcinoma,PHASE3,Phase 3,RECRUITING,300,Polaris Group,Polaris Group,18,1,0,placebo_comparator,2,,adi-peg20,ARG1,Small Molecule,Arginine Level,0,0,0,0,0,0,0
NCT05319431,A Phase II Study of AK104 Plus Lenvatinib and TACE in HCC,PHASE2,Phase 2,ACTIVE_NOT_RECRUITING,60,Akeso,Akeso,103,1,0,single_arm,1,ak104;lenvatinib;tace,ak104;lenvatinib;tace,PD-1,Bispecific Antibody,PD-L1,1,1,0,0,0,0,0
NCT05320692,A Study of TACE Combined With Camrelizumab Plus Rivoceranib (Apatinib) in Patients With Incurable Hepatocellular Carcinoma,PHASE3,Phase 3,ACTIVE_NOT_RECRUITING,423,"Jiangsu HengRui Medicine Co., Ltd.",Hengrui,312,1,0,active_comparator,2,tace,tace+camrelizumab+apatinib mesylate,PD-1,Monoclonal Antibody,PD-L1,1,1,0,0,0,0,0
NCT05341557,A Phase 1 Study of BPI-371153 in Subjects with Advanced Solid Tumors or Relapsed/Refractory Lymphoma,PHASE1,Phase 1,RECRUITING,110,"Betta Pharmaceuticals Co., Ltd.",Betta Pharmaceuticals,66,1,0,multi_experimental,2,bpi-371153,bpi-371153,PD-L1,Small Molecule,PD-L1,0,1,0,1,0,1,1
NCT05366829,Tislelizumab Consolidation After Liver-Directed Therapy for Hepatocellular Carcinoma,PHASE2,Phase 2,RECRUITING,35,"Rutgers, The State University of New Jersey","Rutgers, The State University of New Jersey",14,0,0,single_arm,1,tislelizumab,tislelizumab,PD-1,Monoclonal Antibody,PD-L1,1,1,0,0,1,0,0
NCT05377034,"Multinational Phase II Trial to Compare Safety and Efficacy of SIRT (Y-90 Resin Microspheres) Followed by Atezolizumab Plus Bevacizumab, vs SIRT (SIRT-Y90) Followed by Placebo in Locally Advanced HCC Patients",PHASE2,Phase 2,RECRUITING,100,"National Cancer Centre, Singapore","National Cancer Centre, Singapore",19,0,1,multi_experimental,2,,sirt-y90 with atezolizumab + bevacizumab;sirt-y90 with placebo (iv),PD-L1,Monoclonal Antibody,MET,1,1,0,0,0,0,0
NCT05394259,"A Pilot Study to Assess the Clinical Utility of PYLARIFY PET-CT for Detecting Metastasis in Pancreatic Cancer, Hepatocellular Carcinoma and Breast Cancer",PHASE1,Phase 1,ACTIVE_NOT_RECRUITING,20,M.D. Anderson Cancer Center,M.D. Anderson Cancer Center,697,0,0,single_arm,1,piflufolastat f18,piflufolastat f18,,Radiopharmaceutical,,0,1,0,0,1,0,0
NCT05417932,A Study of SCG101 in the Treatment of Subjects With Hepatitis B Virus-Related Hepatocellular Carcinoma,PHASE1;PHASE2,Phase 2,RECRUITING,46,SCG Cell Therapy Pte. Ltd.,SCG Cell Therapy Pte.,3,1,0,single_arm,1,scg101,scg101,HBsAg,Cell Therapy,,1,1,0,0,0,0,0
NCT05438420,Oral Axl/Mer/CSF1R Selective Tyrosine Kinase Inhibitor Q702 in Combination With Pembrolizumab in Patients With Selected Advanced Solid Tumors,PHASE1;PHASE2,Phase 2,ACTIVE_NOT_RECRUITING,120,"Qurient Co., Ltd.",Qurient,3,1,1,multi_experimental,2,pembrolizumab;q702,pembrolizumab;q702,PD-1,Small Molecule,PD-L1,0,1,0,1,0,0,1
NCT05440708,"A Study of TTI-101 as Monotherapy and in Combination in Participants With Locally Advanced or Metastatic, and Unresectable Hepatocellular Carcinoma",PHASE1;PHASE2,Phase 2,RECRUITING,193,"Tvardi Therapeutics, Incorporated",Tvardi Therapeutics,3,1,0,multi_experimental,3,tti-101,atezolizumab;bevacizumab;pembrolizumab;tti-101,STAT3,Small Molecule,MET;PD-L1,0,1,0,1,1,1,1
NCT05441475,"A Phase 2, Open-Label Study of ABSK-011 Combined Atezolizumab or SOC in HCC Patients",PHASE2,Phase 2,ENROLLING_BY_INVITATION,118,"Abbisko Therapeutics Co, Ltd",AbbVie,274,1,0,multi_experimental,3,absk-011,absk-011,FGFR4,Monoclonal Antibody,FGF19;PD-L1,1,1,0,1,1,0,1
NCT05482516,Evaluating Novel Therapies in ctDNA Positive GI Cancers,PHASE3,Phase 3,RECRUITING,20,Georgetown University,Georgetown University,55,0,1,single_arm,1,atezolizumab;bevacizumab,atezolizumab;bevacizumab,PD-L1,Monoclonal Antibody,CMMRD;MET;MSI-H;PD-L1;TMB,1,1,0,1,0,0,1
NCT05482893,"Spevatamig (PT886) as Monotherapy or in Combination With Chemo and/or ICI, for the Treatment of Patients With Advanced Gastric, Gastroesophageal Junction, Pancreatic Ductal or Biliary Tract Carcinomas (the TWINPEAK Study)",PHASE1;PHASE2,Phase 2,RECRUITING,258,Phanes Therapeutics,Phanes Therapeutics,3,1,1,multi_experimental,4,spevatamig (pt886),CAPOX;FOLFIRINOX;FOLFOX;gemcitabine;keytruda (pembrolizumab);nab-paclitaxel;paclitaxel;spevatamig (pt886),,Bispecific Antibody,CLDN18.2;HER2;biomarker,1,1,0,0,0,1,0
NCT05489211,Study of Dato-DXd as Monotherapy and in Combination With Anti-cancer Agents in Patients With Advanced Solid Tumours (TROPION-PanTumor03),PHASE2,Phase 2,RECRUITING,454,AstraZeneca,AstraZeneca,780,1,1,multi_experimental,14,datopotamab deruxtecan (dato-dxd),bevacizumab;capecitabine;carboplatin;cisplatin;datopotamab deruxtecan (dato-dxd);fluorouracil;prednisone/ prednisolone;rilvegostomig;volrustomig,VEGF/VEGFR,Monoclonal Antibody,TROP2;genomic,1,1,0,0,0,0,0
NCT05489289,A Phase III Study of AK104 as Adjuvant Therapy in HCC With High Risk of Recurrence After Curative Resection,PHASE3,Phase 3,RECRUITING,570,Akeso,Akeso,103,1,0,active_comparator,2,ak104,,PD-1,Bispecific Antibody,PD-L1,1,0,0,0,0,0,0
NCT05506943,"A Study of CTX-009 in Combination With Paclitaxel in Adult Patients With Unresectable Advanced, Metastatic or Recurrent Biliary Tract Cancers (COMPANION-002)",PHASE2;PHASE3,Phase 3,ACTIVE_NOT_RECRUITING,168,Compass Therapeutics,Compass Therapeutics,6,1,0,active_comparator,2,paclitaxel,ctx-009;paclitaxel,DLL4,Bispecific Antibody,MET,1,1,0,0,1,0,0
NCT05546879,Study Investigating the Association of NP137 With Atezolizumab-Bevacizumab Combination in First Line in Unresectable HCC,PHASE1,Phase 1,ACTIVE_NOT_RECRUITING,43,"University Hospital, Grenoble","University Hospital, Grenoble",5,0,0,single_arm,1,atezolizumab;bevacizumab;np137,atezolizumab;bevacizumab;np137,NET1,Monoclonal Antibody,,1,1,0,1,0,0,1
NCT05557838,Durvalumab Plus Tremelimumab as First-line Treatment in Chinese Patients With uHCC,PHASE3,Phase 3,ACTIVE_NOT_RECRUITING,214,AstraZeneca,AstraZeneca,780,1,1,multi_experimental,2,durvalumab;tremelimumab,durvalumab;tremelimumab,PD-L1,Monoclonal Antibody,EGFR,1,1,0,0,0,0,0
NCT05568680,"SynKIR-110 for Mesothelin Expressing Ovarian Cancer, Cholangiocarcinoma or Mesothelioma",PHASE1,Phase 1,RECRUITING,42,Verismo Therapeutics,Verismo Therapeutics,2,1,0,single_arm,1,autologous t cells transduced with mesothelin kir-car;synkir-110,autologous t cells transduced with mesothelin kir-car;synkir-110,MSLN,CAR-T,mesothelin,1,1,0,0,0,1,0
NCT05581004,"A Study to Evaluate the Safety, Pharmacokinetics, and Activity of Enzelkitug as a Single Agent and in Combination With Checkpoint Inhibitor in Participants With Locally Advanced or Metastatic Solid Tumors",PHASE1,Phase 1,ACTIVE_NOT_RECRUITING,165,"Genentech, Inc.",Roche/Genentech,922,1,1,multi_experimental,4,enzelkitug,atezolizumab;enzelkitug;pembrolizumab,PD-L1,Monoclonal Antibody,CMMRD;MSI-H;TMB,1,1,0,0,0,0,0
NCT05588388,Study of Bevacizumab in Combination With Chemoimmunotherapy and Atezolizumab in Patients With Extensive Stage Small Cell Lung Cancer and Liver Metastases,PHASE2,Phase 2,RECRUITING,39,Kamya Sankar,Kamya Sankar,1,0,1,single_arm,1,bevacizumab,bevacizumab,VEGF/VEGFR,Monoclonal Antibody,MET,1,1,0,0,0,0,0
NCT05613478,Camrelizumab Combined With Apatinib Mesylate and TACE in the Perioperative Treatment of Hepatocellular Carcinoma,PHASE3,Phase 3,RECRUITING,130,The First Affiliated Hospital with Nanjing Medical University,The First Affiliated Hospital with Nanjing Medical University,30,0,0,active_comparator,2,apatinib mesylate;camrelizumab;radical surgery,apatinib mesylate;camrelizumab;preoperative tace treatment;radical surgery,PD-1,Monoclonal Antibody,PD-L1,1,1,0,0,0,0,0
NCT05615818,Personalized Medicine for Advanced Biliary Cancer Patients,PHASE3,Phase 3,RECRUITING,800,UNICANCER,UNICANCER,64,0,1,active_comparator,2,cisplatin;gemcitabine,binimetinib;encorafenib;futibatinib;ivosidenib;neratinib;niraparib;trastuzumab;zanidatamab,FGFR2,Small Molecule,FGFR2;MMR;MSI;MSI-H;dMMR,0,1,0,0,0,0,0
NCT05620134,Study of JK08 in Patients with Unresectable Locally Advanced or Metastatic Cancer,PHASE1;PHASE2,Phase 2,ACTIVE_NOT_RECRUITING,263,Salubris Biotherapeutics Inc,Salubris Biotherapeutics,2,1,0,multi_experimental,4,jk08,jk08;lenvatinib pill;pembrolizumab,CTLA-4,Monoclonal Antibody,ER;HER2;PR;genomic,1,1,0,0,0,1,0
NCT05651022,Study of DECOY20 With or Without Tislelizumab in Patients With Advanced Solid Tumors,PHASE1;PHASE2,Phase 2,ACTIVE_NOT_RECRUITING,120,"Indaptus Therapeutics, Inc",Indaptus Therapeutics,1,1,0,multi_experimental,3,decoy20,decoy20;tislelizumab,PD-1,Cell Therapy,ALK;BRAF;KRAS;MET;MSI;MSI-H;RET;dMMR,1,1,0,0,0,0,0
NCT05652920,Ori-C101Chimeric Antigen Receptor (CAR) Modified T Cells for the Treatment of HCC,PHASE1;PHASE2,Phase 2,RECRUITING,105,"OriCell Therapeutics Co., Ltd.",OriCell Therapeutics,2,1,0,single_arm,1,ori-c101,ori-c101,GPC3,CAR-T,,1,1,0,0,0,0,0
NCT05655949,Y-90 With Durvalumab/Gem/Cis in Intrahepatic Cholangio,PHASE2,Phase 2,RECRUITING,30,Beth Israel Deaconess Medical Center,Beth Israel Deaconess Medical Center,28,0,0,single_arm,1,cisplatin;durvalumab;gemcitabine;yttrium-90,cisplatin;durvalumab;gemcitabine;yttrium-90,PD-L1,Monoclonal Antibody,EGFR;MET,1,1,0,0,0,0,0
NCT05678270,A Study of ICP-192 in Patients With FGFR2-Rearranged Unresectable or Metastatic Intrahepatic Cholangiocarcinoma,PHASE2,Phase 2,RECRUITING,70,"Beijing InnoCare Pharma Tech Co., Ltd.",Beijing InnoCare Pharma Tech,33,1,0,single_arm,1,icp-192,icp-192,FGFR,Small Molecule,FGFR2,0,1,0,0,0,0,0
NCT05698459,OH2 Oncolytic Viral Therapy Via Transcatheter Intraarterial Infusion in Patients with Advanced Liver Cancer,PHASE1,Phase 1,RECRUITING,12,"Binhui Biopharmaceutical Co., Ltd.",Binhui Biopharmaceutical,13,1,0,single_arm,1,oh2 injection,oh2 injection,,Oncolytic Virus,,1,1,0,0,0,0,0
NCT05701488,SIRT With Tremelimumab and Durvalumab for Resectable HCC,PHASE1,Phase 1,ACTIVE_NOT_RECRUITING,20,"Jiping Wang, MD, PhD","Jiping Wang, MD, PhD",1,0,1,multi_experimental,2,durvalumab;tremelimumab,device: sirt;durvalumab;tremelimumab,PD-L1,Monoclonal Antibody,EGFR,1,1,0,0,1,0,0
NCT05724563,Domvanalimab and Zimberelimab in Advanced Liver Cancers,PHASE2,Phase 2,ACTIVE_NOT_RECRUITING,58,University of Texas Southwestern Medical Center,University of Texas Southwestern Medical Center,48,0,0,single_arm,1,domvanalimab;zimberelimab,domvanalimab;zimberelimab,PD-1,Monoclonal Antibody,MET;PD-L1,1,1,0,0,0,1,0
NCT05727176,Study of Futibatinib in Patients With Advanced Cholangiocarcinoma With FGFR2 Fusion or Rearrangement,PHASE2,Phase 2,RECRUITING,120,"Taiho Oncology, Inc.",Taiho,86,1,0,multi_experimental,2,tas-120,tas-120,FGFR,Small Molecule,FGFR2,0,1,0,0,0,0,0
NCT05733598,Study of RP2 in Combination With Second-line Therapy in Patients With Locally Advanced or Metastatic HCC,PHASE2,Phase 2,RECRUITING,60,"Replimune, Inc.",Replimune,10,1,0,multi_experimental,3,,atezolizumab;bevacizumab;durvalumab;rp2;rp2 monotherapy,CTLA-4,Oncolytic Virus,MMR;MSI;PD-L1;PR,1,1,0,1,0,1,1
NCT05771480,Durvalumab With Chemotherapy as First Line Treatment in Patients With Advanced Biliary Tract Cancers (aBTCs),PHASE3,Phase 3,ACTIVE_NOT_RECRUITING,142,AstraZeneca,AstraZeneca,780,1,1,single_arm,1,durvalumab;gemcitabine + carboplatin;gemcitabine + cisplatin;gemcitabine + cisplatin + albumin-bound paclitaxel;gemcitabine + cisplatin + s-1;gemcitabine + oxaliplatin;gemcitabine + s-1;gemcitabine monotherapy,durvalumab;gemcitabine + carboplatin;gemcitabine + cisplatin;gemcitabine + cisplatin + albumin-bound paclitaxel;gemcitabine + cisplatin + s-1;gemcitabine + oxaliplatin;gemcitabine + s-1;gemcitabine monotherapy,PD-L1,Monoclonal Antibody,EGFR,1,1,0,0,0,0,0
NCT05775159,Study of Novel Immunomodulators as Monotherapy and in Combination With Anticancer Agents in Participants With Advanced Hepatobiliary Cancer,PHASE2,Phase 2,ACTIVE_NOT_RECRUITING,294,AstraZeneca,AstraZeneca,780,1,1,multi_experimental,7,,bevacizumab;cisplatin;gemcitabine;lenvatinib;rilvegostomig;volrustomig,VEGF/VEGFR,Monoclonal Antibody,,1,1,0,0,0,0,0
NCT05784688,Study of TU2218 in Combination With KEYTRUDA®(Pembrolizumab) in Patients With Advanced Solid Tumors,PHASE1;PHASE2,Phase 2,RECRUITING,140,"TiumBio Co., Ltd.",TiumBio,2,1,1,multi_experimental,4,tu2218 + keytruda (pembrolizumab),tu2218 + keytruda (pembrolizumab),TGFBR1,Small Molecule,MET;MMR;PD-L1;biomarker,0,1,0,1,1,1,1
NCT05797805,A Study of Tegavivint (BC2059) in Patients With Advanced Hepatocellular Carcinoma,PHASE1;PHASE2,Phase 2,RECRUITING,178,Iterion Therapeutics,Iterion Therapeutics,2,1,0,multi_experimental,3,tegavivint,cabozantinib;lenvatinib;tegavivint,VEGF/VEGFR,Small Molecule,PD-L1,0,1,0,0,0,1,0
NCT05822752,"Study to Evaluate Adverse Events, and Change in Disease Activity, When Intravenously (IV) Infused With Livmoniplimab in Combination With IV Infused Budigalimab in Adult Participants With Hepatocellular Carcinoma (HCC)",PHASE2,Phase 2,ACTIVE_NOT_RECRUITING,130,AbbVie,AbbVie,274,1,1,active_comparator,3,lenvatinib;sorafenib,budigalimab;livmoniplimab,PD-1,Monoclonal Antibody,PD-L1,1,1,0,0,1,0,0
NCT05824975,"A Study to Evaluate the Safety and Therapeutic Activity of GI-102 As a Single Agent and in Combination with Conventional Anti-cancer Drugs, Pembrolizumab or Trastuzumab Deruxtecan(T-DXd) in Patients with Advanced Solid Tumors (KEYNOTE-G08)",PHASE1;PHASE2,Phase 2,RECRUITING,358,"GI Innovation, Inc.",GI Innovation,4,1,1,multi_experimental,7,,bevacizumab;doxorubicin;eribulin;gi-102;gi-102 subcutaneous (sc);paclitaxel;pembrolizumab;trastuzumab deruxtecan (t-dxd),CD80,Bispecific Antibody,,1,1,0,0,0,0,0
NCT05858736,"Safety, PK and Efficacy of AI-061 in Advanced Solid Tumors",PHASE1,Phase 1,COMPLETED,18,"OncoC4, Inc.",OncoC4,10,1,0,multi_experimental,3,ai-061,ai-061,PD-1,Bispecific Antibody,PD-L1,1,1,0,0,0,0,0
NCT05862337,Anlotinib Hydrochloride Capsules Combined With Penpulimab Injection for the Treatment of Hepatocellular Carcinoma at High Risk of Recurrence.,PHASE3,Phase 3,RECRUITING,480,"Chia Tai Tianqing Pharmaceutical Group Co., Ltd.",Chia Tai Tianqing Pharmaceutical,213,1,0,placebo_comparator,2,anlotinib hydrochloride capsules -matching placebo;penpulimab injection -matching placebo,anlotinib hydrochloride capsules;penpulimab injection,VEGF/VEGFR,Small Molecule,PD-L1,0,1,0,1,0,0,1
NCT05874414,Combination of GNS561 and Trametinib in Patients With Advanced KRAS Mutated Cholangiocarcinoma,PHASE1;PHASE2,Phase 2,RECRUITING,98,Genfit,Genfit,1,1,0,single_arm,1,gns561 + trametinib,gns561 + trametinib,KRAS,Small Molecule,KRAS,0,1,0,0,0,0,0
NCT05876754,An Early Access Study of Ivosidenib in Patients With a Pretreated Locally Advanced or Metastatic Cholangiocarcinoma,PHASE3,Phase 3,ACTIVE_NOT_RECRUITING,299,Servier Affaires Médicales,Servier,42,1,1,single_arm,1,ivosidenib oral tablet,ivosidenib oral tablet,IDH1/2,Small Molecule,IDH1,0,1,0,0,0,0,0
NCT05883644,Durvalumab and Tremelimumab as First Line Treatment in Participants With Advanced Hepatocellular Carcinoma (HCC),PHASE3,Phase 3,ACTIVE_NOT_RECRUITING,111,AstraZeneca,AstraZeneca,780,1,1,single_arm,1,durvalumab;tremelimumab,durvalumab;tremelimumab,PD-L1,Monoclonal Antibody,EGFR,1,1,0,0,0,1,0
NCT05901194,Lenvatinib Treatment in Waiting List of Liver Transplantation After TACE Failure in Patients With Hepatocellular Carcinoma,PHASE1;PHASE2,Phase 2,ACTIVE_NOT_RECRUITING,25,Assistance Publique - Hôpitaux de Paris,Assistance Publique - Hôpitaux de Paris,34,0,0,single_arm,1,lenvatinib,lenvatinib,VEGF/VEGFR,Small Molecule,PD-L1,0,1,1,0,0,1,1
NCT05904886,"A Study Evaluating Atezolizumab and Bevacizumab, With or Without Tiragolumab, in Participants With Untreated Locally Advanced or Metastatic Hepatocellular Carcinoma (HCC) (IMbrave152)",PHASE3,Phase 3,ACTIVE_NOT_RECRUITING,687,Hoffmann-La Roche,Roche/Genentech,922,1,1,placebo_comparator,2,atezolizumab;bevacizumab,atezolizumab;bevacizumab;tiragolumab,PD-L1,Monoclonal Antibody,CMMRD;MSI-H;TMB,1,1,0,0,0,0,0
NCT05919264,FOG-001 in Locally Advanced or Metastatic Solid Tumors,PHASE1;PHASE2,Phase 2,RECRUITING,619,"Parabilis Medicines, Inc.",Parabilis Medicines,1,1,0,multi_experimental,19,fog-001,bevacizumab;fog-001;mfolfox-6;nivolumab;trifluridine/tipiracil,β-catenin,Small Molecule,MSI;MSI-H;MSS;PD-L1;Wnt pathway;dMMR,0,1,0,1,0,1,1
NCT05948475,Study of Tinengotinib VS. Physician's Choice a Treatment of Subjects With FGFR-altered in Cholangiocarcinoma,PHASE3,Phase 3,ACTIVE_NOT_RECRUITING,200,"TransThera Sciences (Nanjing), Inc.",TransThera Sciences (Nanjing),11,1,0,active_comparator,3,physician's choice,tinengotinib,EGFR,Small Molecule,,0,1,0,0,0,0,0
NCT05970666,"Single Arm, Prospective, Multicenter Clinical Study of TACE With Adebrelimab and Bevacizumab for Unresectable Hepatocellular Carcinoma",PHASE2,Phase 2,RECRUITING,71,The First Affiliated Hospital of Xiamen University,The First Affiliated Hospital of Xiamen University,2,0,0,single_arm,1,tace with adebrelimab and bevacizumab,tace with adebrelimab and bevacizumab,PD-1,Monoclonal Antibody,MET;PD-L1,1,1,0,1,0,0,1
NCT05976568,A Study of QL1706 in Combination With Bevacizumab and/or Chemotherapy as First-line Treatment in Patients With Advanced Hepatocellular Carcinoma,PHASE2;PHASE3,Phase 3,NOT_YET_RECRUITING,668,"Qilu Pharmaceutical Co., Ltd.",Qilu Pharmaceutical,108,1,0,active_comparator,4,bevacizumab;sintilimab,bevacizumab;capecitabine;oxaliplatin;ql1706,PD-1,Monoclonal Antibody,PD-L1,1,1,0,0,0,0,0
NCT05987358,A Clinical Study of TQB3454 Tablets in the Treatment of Advanced Biliary Carcinoma.,PHASE3,Phase 3,ACTIVE_NOT_RECRUITING,165,"Chia Tai Tianqing Pharmaceutical Group Co., Ltd.",Chia Tai Tianqing Pharmaceutical,213,1,0,placebo_comparator,2,tqb3454 tablets matching placebo,tqb3454 tablets,IDH1,Small Molecule,IDH1,0,1,0,0,0,0,0
NCT05989724,A First-in-Human Study of SON-DP in Participants With Relapsed/Refractory Intolerant to Standard of Care Therapies for Advanced/Metastatic Solid Tumors,PHASE1,Phase 1,UNKNOWN,150,Qurgen Inc.,Qurgen,2,1,0,multi_experimental,15,son-dp,son-dp,,,MET,0,1,0,0,0,0,0
NCT06005740,"A Phase 1, First in Human Study of TORL-4-500 in Patients With Advanced Cancer",PHASE1,Phase 1,RECRUITING,70,"TORL Biotherapeutics, LLC",TORL Biotherapeutics,8,1,0,multi_experimental,2,torl-4-500,torl-4-500,DLK1,ADC,,1,1,0,0,0,0,0
NCT06010862,Clinical Study of CEA-targeted CAR-T Therapy for CEA-positive Advanced/Metastatic Malignant Solid Tumors,PHASE1,Phase 1,RECRUITING,36,"Chongqing Precision Biotech Co., Ltd",Chongqing Precision Biotech,41,1,0,multi_experimental,2,cea car-t cells,cea car-t cells,CEA,CAR-T,CEA,1,1,0,0,0,1,0
NCT06027086,DRP-104 (Glutamine Antagonist) in Combination With Durvalumab in Patients With Advanced Stage Fibrolamellar Carcinoma (FLC),PHASE1;PHASE2,Phase 2,RECRUITING,27,Sidney Kimmel Comprehensive Cancer Center at Johns Hopkins,Sidney Kimmel Comprehensive Cancer Center at Johns Hopkins,160,0,0,single_arm,1,drp-104;durvalumab,drp-104;durvalumab,PD-L1,Monoclonal Antibody,EGFR;PD-L1,1,1,0,1,0,0,1
NCT06040099,A US Study to Evaluate Transarterial Radioembolization (TARE) in Combination With Durvalumab and Bevacizumab Therapy in People With Unresectable Hepatocellular Carcinoma Amenable to TARE,PHASE2,Phase 2,ACTIVE_NOT_RECRUITING,58,AstraZeneca,AstraZeneca,780,1,1,single_arm,1,bevacizumab;durvalumab;transarterial radioembolization (tare),bevacizumab;durvalumab;transarterial radioembolization (tare),PD-L1,Monoclonal Antibody,EGFR,1,1,0,0,0,1,0
NCT06043466,A Clinical Trial Targeting CEA Chimeric Antigen Receptor T (CAR-T) for CEA Positive Advanced Malignant Solid Tumors,PHASE1,Phase 1,RECRUITING,30,"Chongqing Precision Biotech Co., Ltd",Chongqing Precision Biotech,41,1,0,single_arm,1,cea-targeted car-t cells,cea-targeted car-t cells,CEA,CAR-T,ALK;BRAF;CEA;MET;NTRK;PD-L1;RET;ROS1,1,1,0,1,1,1,1
NCT06045975,Durvalumab/Tremelimumab in Neoadjuvant and Adjuvant Setting in Patients With HCC Treated by by Percutaneous Ablation Procedure,PHASE2,Phase 2,ACTIVE_NOT_RECRUITING,30,Assistance Publique - Hôpitaux de Paris,Assistance Publique - Hôpitaux de Paris,34,0,1,single_arm,1,durvalumab/tremelimumab in neoadjuvant and durvalumab in adjuvant setting,durvalumab/tremelimumab in neoadjuvant and durvalumab in adjuvant setting,PD-L1,Monoclonal Antibody,PD-L1,1,1,0,1,0,1,1
NCT06048133,"Study of Gemcitabine, Cisplatin, AB680 and AB122 During First Line Treatment of Advanced Biliary Tract Cancers (QUIC)",PHASE2,Phase 2,ACTIVE_NOT_RECRUITING,33,Nataliya Uboha,Nataliya Uboha,2,0,1,single_arm,1,cisplatin;gemcitabine;quemliclustat;zimberelimab,cisplatin;gemcitabine;quemliclustat;zimberelimab,PD-1,Monoclonal Antibody,PD-L1,1,1,0,0,0,0,0
NCT06084481,Study to Assess Adverse Events and Change in Disease Activity in Adult Participants With Select Advanced Solid Tumor Indications Receiving Intravenous (IV) ABBV-400,PHASE1,Phase 1,RECRUITING,325,AbbVie,AbbVie,274,1,1,multi_experimental,10,abbv-400,abbv-400;bevacizumab;itraconazole (itz),HER2,,HER2,0,1,0,0,0,0,0
NCT06084884,A Phase I/II Study to Evaluate AZD5851 in GPC3+ Advanced/Recurrent Hepatocellular Carcinoma,PHASE1;PHASE2,Phase 2,ACTIVE_NOT_RECRUITING,94,AstraZeneca,AstraZeneca,780,1,1,single_arm,1,azd5851,azd5851,GPC3,CAR-T,GPC3,1,1,0,0,0,0,0
NCT06096779,"A Study Evaluating Atezolizumab, With or Without Bevacizumab, in Participants With Unresectable Hepatocellular Carcinoma and Child-pugh B7 and B8 Cirrhosis",PHASE2,Phase 2,ACTIVE_NOT_RECRUITING,30,"Genentech, Inc.",Roche/Genentech,922,1,1,multi_experimental,2,atezolizumab,atezolizumab;bevacizumab,PD-L1,Monoclonal Antibody,CMMRD;MSI-H;TMB,1,1,0,0,0,0,0
NCT06109272,"A Study to Assess the Dose, Adverse Events, and Change in Disease Activity of Livmoniplimab as an Intravenous (IV) Solution in Combination With Budigalimab as an IV Solution in Adult Participants With Hepatocellular Carcinoma (HCC)",PHASE2;PHASE3,Phase 3,RECRUITING,660,AbbVie,AbbVie,274,1,1,active_comparator,6,atezolizumab;bevacizumab;durvalumab;tremelimumab,budigalimab;livmoniplimab,PD-1,Monoclonal Antibody,MET;PD-L1,1,1,0,0,0,0,0
NCT06109779,Rilvegostomig + Chemotherapy as Adjuvant Therapy for Biliary Tract Cancer After Resection (ARTEMIDE-Biliary01),PHASE3,Phase 3,ACTIVE_NOT_RECRUITING,760,AstraZeneca,AstraZeneca,780,1,1,placebo_comparator,2,capecitabine;gemcitabine/cisplatin;s-1 [tegafur/oteracil/gimeracil],capecitabine;gemcitabine/cisplatin;rilvegostomig;s-1 [tegafur/oteracil/gimeracil],TS,Small Molecule,,0,1,0,0,0,0,0
NCT06126406,Clinical Study of CEA Targeting Chimeric Antigen Receptor T Lymphocytes（CAR-T） for CEA Positive Advanced Malignant Solid Tumors,PHASE1,Phase 1,RECRUITING,60,"Chongqing Precision Biotech Co., Ltd",Chongqing Precision Biotech,41,1,0,multi_experimental,2,cea-targeted car-t cells,cea-targeted car-t cells,CEA,CAR-T,CEA,1,1,0,0,0,1,0
NCT06130280,A Study of Single Fraction Stereotactic Body Radiation Therapy (SBRT) Guided by Magnetic Resonance Imaging (MRI) in People With Liver Metastasis From Colorectal Cancer,PHASE2,Phase 2,RECRUITING,32,Memorial Sloan Kettering Cancer Center,Memorial Sloan Kettering Cancer Center,411,0,0,single_arm,1,mr guided single fraction stereotactic body radiation therapy (sbrt),mr guided single fraction stereotactic body radiation therapy (sbrt),,,MET,0,1,0,0,0,0,0
NCT06138769,Lenvatinib After Progression on Atezolizumab-bevacizumab in Hepatocellular Carcinoma,PHASE2,Phase 2,ACTIVE_NOT_RECRUITING,50,Asan Medical Center,Asan Medical Center,44,0,0,single_arm,1,lenvatinib,lenvatinib,VEGF/VEGFR,Small Molecule,PD-L1,0,1,0,0,1,1,0
NCT06160752,Safety and Anti-Tumor Activity of TYRA-200 in Advanced Cholangiocarcinoma With Activating FGFR2 Gene Alterations,PHASE1,Phase 1,ACTIVE_NOT_RECRUITING,40,"Tyra Biosciences, Inc",Tyra Biosciences,5,1,0,single_arm,1,phase 1 part a - dose escalation tyra-200 taken once daily by mouth in 28-day cycles;phase 1 part b - dose expansion tyra-200 taken once daily by mouth in 28-day cycles,phase 1 part a - dose escalation tyra-200 taken once daily by mouth in 28-day cycles;phase 1 part b - dose expansion tyra-200 taken once daily by mouth in 28-day cycles,FGFR,Small Molecule,FGFR2;companion diagnostic,0,1,0,0,0,0,0
NCT06173726,"Investigator-initiated Phase I Exploratory Clinical Study of the Safety, Tolerability, and Efficacy of BST02 Injection in the Treatment of Locally Advanced/Metastatic Liver Cancer",EARLY_PHASE1,Phase 1,NOT_YET_RECRUITING,6,BioSyngen Pte Ltd,BioSyngen Pte,8,1,0,single_arm,1,bst02 injection,bst02 injection,,Cell Therapy,PD-L1,1,1,0,1,1,1,1
NCT06185556,COLDFIRE-III Trial: Efficacy of Irreversible Electroporation and Stereotactic Body Radiotherapy for Perivascular and Peribiliary Colorectal Liver Metastases,PHASE2;PHASE3,Phase 3,RECRUITING,78,"Amsterdam UMC, location VUmc","Amsterdam UMC, location VUmc",17,0,0,active_comparator,2,irreversible electroporation;stereotactic body radiotherapy,,,,,0,1,0,0,0,0,0
NCT06187961,"HAIC, Lenvatinib, and Cadonilimab as Conversion Therapy for Initially Unresectable Hepatocellular Carcinoma",PHASE2,Phase 2,RECRUITING,36,Tongji Hospital,Tongji Hospital,7,0,0,single_arm,1,cadonilimab;hepatic arterial infusion chemotherapy (haic-folfox);lenvatinib,cadonilimab;hepatic arterial infusion chemotherapy (haic-folfox);lenvatinib,VEGF/VEGFR,Small Molecule,MET;PD-L1;biomarker,0,1,0,1,0,0,1
NCT06205706,BI-1910 as a Single Agent and in Combination With Pembrolizumab for the Treatment of Advanced Solid Tumors,PHASE1;PHASE2,Phase 2,ACTIVE_NOT_RECRUITING,35,BioInvent International AB,BioInvent International,10,1,1,multi_experimental,4,bi-1910,bi-1910;pembrolizumab,TNFR2,Monoclonal Antibody,PD-L1,1,1,0,1,0,0,1
NCT06208462,Neoadjuvant Therapy of HAIC（GEMOX） Combined With Adebrelimab and Lenvatinib for Resectable Intrahepatic Cholangiocarcinoma With High-risk Recurrence Factors,PHASE2,Phase 2,RECRUITING,33,The First Affiliated Hospital with Nanjing Medical University,The First Affiliated Hospital with Nanjing Medical University,30,0,0,single_arm,1,adebrelimab;gemcitabine;lenvatinib;oxaliplatin,adebrelimab;gemcitabine;lenvatinib;oxaliplatin,PD-1,Monoclonal Antibody,PD-L1,1,1,0,1,0,0,1
NCT06219941,AZD0901 in Participants With Advanced Solid Tumours Expressing Claudin18.2,PHASE2,Phase 2,RECRUITING,226,AstraZeneca,AstraZeneca,780,1,1,multi_experimental,3,azd0901,azd0901;fluorouracil;gemcitabine;irinotecan;l-leucovorin;leucovorin;nanoliposomal irinotecan,CLDN18.2,ADC,CLDN18.2;HER2,1,1,0,0,0,0,0
NCT06239155,A Phase I/II Study of AST-3424 in Subjects With Advanced Solid Tumors,PHASE1;PHASE2,Phase 2,ACTIVE_NOT_RECRUITING,51,"Ascentawits Pharmaceuticals, Ltd",Ascentawits Pharmaceuticals,2,1,0,multi_experimental,2,ast-3424,ast-3424,AKR1C3,Small Molecule,AKR1C3;PR,0,1,0,0,0,1,0
NCT06239194,Dose Escalation and Dose Expansion Study of MDX2001 in Patients With Advanced Solid Tumors,PHASE1;PHASE2,Phase 2,RECRUITING,285,"ModeX Therapeutics, An OPKO Health Company","ModeX Therapeutics, An OPKO Health",3,1,0,multi_experimental,4,mdx2001,mdx2001,CD3,Bispecific Antibody,MET;TROP2,1,1,0,0,0,0,0
NCT06239532,HAIC Sequential TAE Combined With Tislelizumab and Surufatinib in Unresectable Intrahepatic Cholangiocarcinoma,PHASE2,Phase 2,ACTIVE_NOT_RECRUITING,28,Qilu Hospital of Shandong University,Qilu Hospital of Shandong University,5,0,1,single_arm,1,haic+tae;surufatinib;tislelizumab,haic+tae;surufatinib;tislelizumab,PD-1,Monoclonal Antibody,PD-L1,1,1,0,1,0,0,1
NCT06242470,A Study of MGC026 in Participants With Advanced Solid Tumors,PHASE1,Phase 1,RECRUITING,250,MacroGenics,MacroGenics,29,1,0,multi_experimental,12,,mgc026 dose escalation;mgc026 dose for expansion,,,,0,1,0,0,0,0,0
NCT06258525,SAMe in Prevention of Oxaliplatin-associated Liver Injury,PHASE2,Phase 2,NOT_YET_RECRUITING,30,Cedars-Sinai Medical Center,Cedars-Sinai Medical Center,11,0,0,single_arm,1,dietary supplement: s-adenosylmethionine (same) supplement;standard of care oxaliplatin-based;surgery,dietary supplement: s-adenosylmethionine (same) supplement;standard of care oxaliplatin-based;surgery,,,,0,1,0,0,0,0,0
NCT06282575,Efficacy and Safety of Zanidatamab With Standard-of-care Therapy Against Standard-of-care Therapy for Advanced HER2-positive Biliary Tract Cancer,PHASE3,Phase 3,RECRUITING,286,Jazz Pharmaceuticals,Jazz Pharmaceuticals,59,1,0,active_comparator,2,cisplatin;durvalumab;gemcitabine;pembrolizumab,cisplatin;durvalumab;gemcitabine;pembrolizumab;zanidatamab,HER2,Bispecific Antibody,HER2,1,1,0,0,0,0,0
NCT06293898,Open Label Study to Evaluate BL-M07D1 in HER2 Expressing Malignant Solid Tumors,PHASE1,Phase 1,RECRUITING,280,SystImmune Inc.,SystImmune,7,1,0,multi_experimental,3,bl-m07d1,bl-m07d1,HER2,ADC,HER2;MET;PD-L1,1,1,0,1,0,1,1
NCT06294548,A Study of Valemetostat Tosylate (DS-3201b) With Atezolizumab and Bevacizumab in HCC,PHASE1;PHASE2,Phase 2,RECRUITING,45,University of Alabama at Birmingham,University of Alabama at Birmingham,65,0,1,multi_experimental,2,atezolizumab;bevacizumab;valemetostat,atezolizumab;bevacizumab;valemetostat,PD-L1,Monoclonal Antibody,CMMRD;MSI-H;TMB,1,1,0,0,0,1,0
NCT06300463,Platform Study of Immunotherapy Combinations in Colorectal Cancer Liver Metastases,PHASE2,Phase 2,RECRUITING,24,Weill Medical College of Cornell University,Weill Medical College of Cornell University,90,0,0,multi_experimental,3,balstilimab;botensilimab,agen1423;balstilimab;botensilimab;radiation,PD-1,Monoclonal Antibody,MSI;MSI-H;PD-L1;dMMR,1,1,0,1,0,0,1
NCT06302621,Pemigatinib + Afatinib in Advanced Refractory Solid Tumors,PHASE1,Phase 1,RECRUITING,70,Massachusetts General Hospital,Massachusetts General Hospital,170,0,1,multi_experimental,3,afatinib;pemigatinib,afatinib;pemigatinib,EGFR,Small Molecule,ErbB pathway deregulation;MET,0,1,0,0,0,0,0
NCT06309485,Phase 2 Study of WGI-0301 for Advanced HCC,PHASE2,Phase 2,RECRUITING,60,"Zhejiang Haichang Biotech Co., Ltd.",Zhejiang Haichang Biotech,4,1,0,active_comparator,3,bid continuously;sorafenib,bid;bid continuously;qw;sorafenib;wgi-0301 at mtd/rp2d -1 dose iv infusion;wgi-0301 at mtd/rp2d dose iv infusion,PD-1,mRNA,PD-L1;biomarker,0,1,0,1,1,1,1
NCT06326502,A Safety and Efficacy Study of Multiple Tyrosine Kinase Inhibitor Drug (ETN101) in Advanced Hepatocellular Carcinoma,PHASE1,Phase 1,RECRUITING,50,Etnova Therapeutics Corp.,Etnova Therapeutics,1,1,0,single_arm,1,etn101,etn101,EGFR,Small Molecule,,0,1,0,0,0,1,0
NCT06349980,"A Study to Explore the Reasonable Dosage and Evaluate the Efficacy, Safety and Tolerability of HLX10 and HLX04 with or Without HLX53 in Untreated, Locally Advanced or Metastatic Hepatocellular Carcinoma Patients.",PHASE2,Phase 2,RECRUITING,117,Shanghai Henlius Biotech,Shanghai Henlius,98,1,0,placebo_comparator,3,hlx04;hlx10,hlx04;hlx10;hlx53 (,TIGIT,Monoclonal Antibody,PD-L1,1,1,0,1,0,0,1
NCT06360354,"A Study Evaluating Anvumetostat in Combination With Other Therapies in Participants With Advanced Gastrointestinal, Biliary Tract, or Pancreatic Cancers With Homozygous Methylthioadenosine Phosphorylase (MTAP)-Deletion (MTAPESTRY 103)",PHASE1,Phase 1,ACTIVE_NOT_RECRUITING,120,Amgen,Amgen,323,1,1,multi_experimental,4,anvumetostat,anvumetostat;gemcitabine;modified folfirinox;nab-paclitaxel;rmc-6236,KRAS,Small Molecule,KRAS;RAS,0,1,0,0,0,0,0
NCT06362369,A Study of Oral 7HP349 (Alintegimod) in Combination With Ipilimumab Followed by Nivolumab Monotherapy,PHASE1;PHASE2,Phase 2,RECRUITING,126,"7 Hills Pharma, LLC",7 Hills Pharma,2,1,0,single_arm,1,alintegimod;ipilimumab;nivolumab,alintegimod;ipilimumab;nivolumab,CTLA-4,Monoclonal Antibody,ALK;MMR;MSI;MSI-H;PD-L1;genomic,1,1,0,1,0,1,1
NCT06364787,Allogeneic Gamma-delta T Cells Combined With Targeted Therapy and Immunotherapy in a Phase 1 Clinical Trial for First-line Treatment of Hepatocellular Carcinoma,PHASE1,Phase 1,NOT_YET_RECRUITING,18,Beijing 302 Hospital,Beijing 302 Hospital,4,0,0,active_comparator,2,pd-1 monoclonal antibody;targeted drugs,pd-1 monoclonal antibody;targeted drugs;γδ t cells,PD-1,Monoclonal Antibody,PD-L1,1,1,0,0,0,0,0
NCT06364800,Allogeneic Gamma-delta T Cells Combined With Targeted Therapy and Immunotherapy in a Phase 1 Clinical Trial of Hepatocellular Carcinoma Resistant to PD-1 Monoclonal Antibody,EARLY_PHASE1,Phase 1,NOT_YET_RECRUITING,18,Beijing 302 Hospital,Beijing 302 Hospital,4,0,0,active_comparator,2,pd-1 monoclonal antibody;targeted drugs,pd-1 monoclonal antibody;targeted drugs;γδ t cells,PD-1,Monoclonal Antibody,PD-L1,1,1,0,0,0,0,0
NCT06371157,A Study of AK104+Lenvatinib in Combination With Transarterial Chemoembolization (TACE) Versus TACE in Participants With Incurable/Non-metastatic Hepatocellular Carcinoma,PHASE3,Phase 3,RECRUITING,469,Akeso,Akeso,103,1,0,placebo_comparator,3,placebo for ak104;placebo for lenvatinib;tace,ak104;lenvatinib;tace,PD-1,Bispecific Antibody,PD-L1,1,1,0,0,0,0,0
NCT06374485,Study of AU409 Capsule in Advanced Hepatocellular Carcinoma Patients Who Failed Standard Treatment,PHASE1,Phase 1,RECRUITING,18,Lee's Pharmaceutical Limited,Lee's Pharmaceutical,21,1,0,multi_experimental,3,au409,au409,TATA-box,Small Molecule,,0,1,0,0,0,1,0
NCT06399757,A Study to Investigate APL-5125 in Adults With Advanced Solid Tumors,PHASE1;PHASE2,Phase 2,ACTIVE_NOT_RECRUITING,100,Apollo Therapeutics Ltd,Apollo Therapeutics,2,1,0,multi_experimental,2,apl-5125,apl-5125,,,KRAS,0,1,0,0,0,0,0
NCT06400160,Clinical Trial of TB511 in Advanced Solid Tumors,PHASE1;PHASE2,Phase 2,NOT_YET_RECRUITING,12,"Twinpig Biolab, Inc.",Twinpig Biolab,1,1,0,multi_experimental,2,tb511,tb511,CD18,Peptide,MSI;MSI-H;PD-L1;biomarker,0,1,0,1,0,1,1
NCT06413745,Phase II Clinical Study of SHR-A1811 in Patients With HER2 Expression / Amplification of Locally Advanced Unresectable or Recurrent Metastatic Biliary Tract Cancer,PHASE2,Phase 2,ACTIVE_NOT_RECRUITING,59,"Jiangsu HengRui Medicine Co., Ltd.",Hengrui,312,1,0,single_arm,1,shr-a1811,shr-a1811,HER2,ADC,HER2,1,1,0,0,0,0,0
NCT06427941,"A Phase 1/2 Study of BGB-B2033, Alone or in Combination With Tislelizumab With or Without Bevacizumab, in Participants With Advanced or Metastatic Solid Tumors",PHASE1;PHASE2,Phase 2,RECRUITING,630,BeOne Medicines,BeiGene/BeOne,149,1,0,multi_experimental,7,bgb-b2033,bevacizumab;bgb-b2033;tislelizumab,4-1BB/GPC3,Bispecific Antibody,GPC3,1,1,1,0,0,1,1
NCT06428409,A Clinical Study of MK-2870 Alone or With Other Treatments to Treat Gastrointestinal Cancers (MK-9999-02A),PHASE1;PHASE2,Phase 2,RECRUITING,220,Merck Sharp & Dohme LLC,Merck (MSD),649,1,1,multi_experimental,3,rescue medication;sacituzumab tirumotecan;supportive care measures,cisplatin;fluorouracil (5-fu);leucovorin (lv) or levoleucovorin;pembrolizumab;rescue medication;sacituzumab tirumotecan;supportive care measures,PD-1,Monoclonal Antibody,PD-L1,1,1,0,0,0,0,0
NCT06431490,A Study of TQB2102 for Injection in the Treatment of HER2-positive Biliary Tract Cancer,PHASE1;PHASE2,Phase 2,RECRUITING,102,"Chia Tai Tianqing Pharmaceutical Group Nanjing Shunxin Pharmaceutical Co., Ltd.",Chia Tai Tianqing Pharmaceutical Group Nanjing Shunxin Pharmaceutical,36,1,0,single_arm,1,tqb2102 for injection,tqb2102 for injection,HER2,Monoclonal Antibody,HER2,1,1,0,0,0,0,0
NCT06440005,"A Study to Evaluate Safety, Tolerability and Preliminary Activity of AGX101 in Participants With Advanced Solid Tumors",PHASE1,Phase 1,RECRUITING,80,"Angiex, Inc.",Angiex,1,1,0,multi_experimental,2,agx101,agx101,TM4SF1,ADC,,1,1,0,0,0,1,0
NCT06440993,Durvalumab + Intraductal Radiofrequency Ablation (ID-RFA) in Extrahepatic Cholangiocarcinoma,PHASE2,Phase 2,RECRUITING,42,Institut für Klinische Krebsforschung IKF GmbH at Krankenhaus Nordwest,Institut für Klinische Krebsforschung IKF GmbH at Krankenhaus Nordwest,28,0,1,single_arm,1,cisplatin;durvalumab;gemcitabine;id-rfa,cisplatin;durvalumab;gemcitabine;id-rfa,PD-L1,Monoclonal Antibody,EGFR;PD-L1,1,1,0,1,0,0,1
NCT06441747,Phase II Study of the Combination of Durvalumab (MEDI4736) (PDL1 Inhibitor) and Olaparib (PARP Inhibitor) in Advanced Cholangiocarcinoma After Initial Chemotherapy and Durvalumab (BIL-PPP),PHASE2,Phase 2,RECRUITING,40,Australasian Gastro-Intestinal Trials Group,Australasian Gastro-Intestinal Trials Group,2,0,1,single_arm,1,durvalumab;olaparib,durvalumab;olaparib,PD-L1,Monoclonal Antibody,EGFR,1,1,0,0,0,0,0
NCT06451497,"This is a Phase 1 Trial of ZM008, an Anti-LLT1 Antibody, Used as Single Agent Followed by Combination Treatment With Toripalimab in Patients With Advanced Solid Tumors",PHASE1,Phase 1,RECRUITING,100,Zumutor Biologics Inc.,Zumutor Biologics,1,1,0,single_arm,1,zm008,zm008,LLT1,Monoclonal Antibody,,1,1,0,0,0,1,0
NCT06461624,Clinical Trial of Autologous GPC3 CAR-T Cells (CBG166) Therapy for Advanced Hepatocellular Carcinoma,PHASE1,Phase 1,RECRUITING,15,Zhejiang University,Zhejiang University,58,0,0,single_arm,1,anti-gpc3 car-t,anti-gpc3 car-t,GPC3,CAR-T,GPC3;PD-L1,1,1,0,1,0,0,1
NCT06465563,"SHR-8068 in Combination With Adebrelimab, Bevacizumab, and Platinum-Based Chemotherapy as First-line Treatment in Patients With Advanced Biliary Tract Cancer",PHASE2,Phase 2,ACTIVE_NOT_RECRUITING,93,"Suzhou Suncadia Biopharmaceuticals Co., Ltd.",Suzhou Suncadia Biopharmaceuticals,86,1,0,multi_experimental,3,adebrelimab;cisplatin;gemcitabine,adebrelimab;bevacizumab injection;cisplatin;gemcitabine;shr-8068,CTLA-4,Monoclonal Antibody,,1,1,0,0,0,0,0
NCT06467357,Phase 3 Study of T-DXd and Rilvegostomig Versus SoC in Advanced HER2-expressing Biliary Tract Cancer,PHASE3,Phase 3,RECRUITING,620,AstraZeneca,AstraZeneca,780,1,1,active_comparator,3,cisplatin;durvalumab;gemcitabine,rilvegostomig;trastuzumab deruxtecan,PD-L1,Monoclonal Antibody,EGFR;HER2;PD-L1,1,1,0,1,1,0,1
NCT06478693,"A Study of MT-303 in Adults With Advanced or Metastatic GPC3-Expressing Cancers, Including HCC",PHASE1,Phase 1,RECRUITING,70,Myeloid Therapeutics,Myeloid Therapeutics,4,1,0,multi_experimental,2,,mt-303;mt-303 +atezolizumab + bevacizumab,GPC3,mRNA,GPC3,0,1,0,0,0,0,0
NCT06478719,To Evaluate Safety and Efficacy of FB-1603 in Hepatocellular Carcinoma Patient Receiving Transarterial Chemoembolization,PHASE1;PHASE2,Phase 2,RECRUITING,120,Febico Biomedical Corp.,Febico Biomedical,1,1,0,placebo_comparator,3,,fb-1603,,,,0,0,0,0,0,0,0
NCT06487559,A Study to Assess the Adverse Events and How Intravenously Infused Livmoniplimab in Combination With Budigalimab Moves Through the Bodies of Adult Chinese Participants With Locally Advanced or Metastatic Hepatocellular Carcinoma (HCC),PHASE1,Phase 1,ACTIVE_NOT_RECRUITING,3,AbbVie,AbbVie,274,1,1,multi_experimental,2,budigalimab;livmoniplimab,budigalimab;livmoniplimab,PD-1,Monoclonal Antibody,PD-L1,1,1,0,0,0,0,0
NCT06490107,Durvalumab Combined With S-1 as Adjuvant Therapy of Resectable BTC,PHASE2,Phase 2,ACTIVE_NOT_RECRUITING,40,"Cancer Institute and Hospital, Chinese Academy of Medical Sciences","Cancer Institute and Hospital, Chinese Academy of Medical Sciences",24,0,1,single_arm,1,durvalumab combined with s-1,durvalumab combined with s-1,PD-L1,Monoclonal Antibody,PD-L1,1,1,0,0,0,0,0
NCT06521567,A Study of Cobolimab Plus Dostarlimab in Pediatric and Young Adult Participants With Cancer,PHASE1;PHASE2,Phase 2,ACTIVE_NOT_RECRUITING,83,GlaxoSmithKline,GSK,468,1,1,multi_experimental,2,cobolimab;dostarlimab,cobolimab;dostarlimab,PD-1,Monoclonal Antibody,BRAF;MET;PD-L1,1,1,0,0,0,1,0
NCT06526104,Study of Tremelimumab and Durvalumab (MEDI4736) (T300+D) in Advanced Hepatocellular Carcinomas With Child-Pugh-B Cirrhosis,PHASE2,Phase 2,RECRUITING,32,The University of Texas Health Science Center at San Antonio,The University of Texas Health Science Center at San Antonio,10,0,1,single_arm,1,durvalumab;tremelimumab,durvalumab;tremelimumab,CTLA-4,Monoclonal Antibody,,1,1,0,0,0,0,0
NCT06529718,Testing Ivonescimab Versus FOLFOX in Advanced Biliary Tract Cancer Patients,PHASE2,Phase 2,RECRUITING,72,UNICANCER,UNICANCER,64,0,0,active_comparator,2,FOLFOX,ivonescimab,PD-1,Bispecific Antibody,BRAF;MET;MSI;MSS;PD-L1;pMMR,1,1,0,0,1,1,0
NCT06530251,A Study of AK112 in Patients With Advanced Hepatocellular Carcinoma (HCC),PHASE1;PHASE2,Phase 2,RECRUITING,280,Akeso,Akeso,103,1,0,active_comparator,5,bevacizumab biosimilar;sintilimab injection,ak112;ak127;ak130;cadonilimab,PD-1,Bispecific Antibody,,1,1,0,0,0,0,0
NCT06553885,Ph II Study of Enfortumab Vedotin in Patients With Advanced or Metastatic CRC or HCC,PHASE2,Phase 2,RECRUITING,40,H. Lee Moffitt Cancer Center and Research Institute,H. Lee Moffitt Cancer Center and Research Institute,228,0,1,multi_experimental,2,enfortumab vedotin,enfortumab vedotin,Nectin-4,ADC,MSI;MSI-H;NECTIN-4;PD-L1,1,1,0,1,0,0,1
NCT06558227,Study of ZG005 Combined With Bevacizumab Versus Sintilimab Combined With Bevacizumab in Advanced Hepatocellular Carcinoma,PHASE2,Phase 2,RECRUITING,90,"Suzhou Zelgen Biopharmaceuticals Co.,Ltd",Suzhou Zelgen Biopharmaceuticals,49,1,0,multi_experimental,3,bevacizumab,bevacizumab;sintilimab;zg005 for injection,PD-1,Bispecific Antibody,PD-L1,1,1,0,0,0,0,0
NCT06560827,CT011 Autologous CAR-T Cells in Patients With Hepatocellular Carcinoma at Risk of Recurrence After Surgical Resection,PHASE1,Phase 1,RECRUITING,30,"CARsgen Therapeutics Co., Ltd.",CARsgen Therapeutics,11,1,0,single_arm,1,ct011 car-gpc3 t cells injection,ct011 car-gpc3 t cells injection,GPC3,CAR-T,GPC3;MET;PD-L1,1,1,1,1,0,0,1
NCT06564623,Targeting Driver Oncogenes With a Peptide Vaccine Plus Durvalumab and Tremelimumab for Patients With Biliary Tract Cancers (BTC),PHASE1,Phase 1,RECRUITING,25,Sidney Kimmel Comprehensive Cancer Center at Johns Hopkins,Sidney Kimmel Comprehensive Cancer Center at Johns Hopkins,160,0,1,single_arm,1,durvalumab;mbtc vax [0.3 - 2.;tremelimumab,durvalumab;mbtc vax [0.3 - 2.;tremelimumab,PD-L1,Monoclonal Antibody,EGFR;PD-L1,1,1,0,1,0,1,1
NCT06582017,"Safety, PK and Efficacy of QXL138AM in Patients With Solid Tumors and Multiple Myeloma",PHASE1,Phase 1,RECRUITING,100,Nammi Therapeutics Inc,Nammi Therapeutics,1,1,0,multi_experimental,4,qxl138am injection every 2 weeks by iv infusion,qxl138am injection every 2 weeks by iv infusion,,Recombinant Protein,,0,1,0,0,0,0,0
NCT06584071,A Study to Evaluate of PM8002 Combined With PM1009 in Patients With First-line HCC,PHASE1;PHASE2,Phase 2,NOT_YET_RECRUITING,140,Biotheus Inc.,Biotheus,16,1,0,active_comparator,4,atezolizumab;bevacizumab,pm1009;pm8002,PD-L1,Bispecific Antibody,PD-L1,1,1,0,0,0,0,0
NCT06590246,A Study to Evaluate C-CAR031 in Glypican-3 (GPC3)+ Advanced/Recurrent Hepatocellular Carcinoma (HCC),PHASE1;PHASE2,Phase 2,RECRUITING,121,Shanghai AbelZeta Ltd.,Shanghai AbelZeta,13,1,0,single_arm,1,armored and gpc3-targeted autologous car t-cell,armored and gpc3-targeted autologous car t-cell,GPC3,CAR-T,GPC3,1,1,0,0,0,0,0
NCT06591520,AK112 Combined With Chemotherapy Versus Durvalumab Combined With Chemotherapy in Advanced Biliary Tract Cancer,PHASE3,Phase 3,ACTIVE_NOT_RECRUITING,682,Akeso,Akeso,103,1,0,active_comparator,2,cisplatin;durvalumab;gemcitabine,ak112;cisplatin;gemcitabine,PD-L1,Monoclonal Antibody,PD-L1,1,1,0,0,0,0,0
NCT06600321,A Study to Evaluate ALN-BCAT in Patients With Hepatocellular Carcinoma,PHASE1,Phase 1,RECRUITING,158,Alnylam Pharmaceuticals,Alnylam Pharmaceuticals,3,1,0,multi_experimental,4,aln-bcat,aln-bcat;pembrolizumab,PD-1,Monoclonal Antibody,PD-L1,1,1,0,0,0,0,0
NCT06607107,mFOLFOX7 Plus Camrelizumab and Apatinib in BCLC Stage A/B Hepatocellular Carcinoma Patients Beyond Milan Criteria,PHASE2,Phase 2,RECRUITING,29,Sun Yat-Sen Memorial Hospital of Sun Yat-Sen University,Sun Yat-Sen Memorial Hospital of Sun Yat-Sen University,15,0,0,single_arm,1,mfolfox7 combined with camrelizumab and apatinib,mfolfox7 combined with camrelizumab and apatinib,PD-1,Monoclonal Antibody,,1,1,0,1,1,0,1
NCT06617000,A Study of SCG101 TCR-T Cell Therpay in the Treatment of Subjects With Hepatitis B Virus-Related,PHASE1,Phase 1,RECRUITING,38,SCG Cell Therapy Pte. Ltd.,SCG Cell Therapy Pte.,3,1,0,single_arm,1,scg101,scg101,HBsAg,Cell Therapy,,1,1,0,0,0,0,0
NCT06618664,A Clinical Study of SHR-8068 Combined With Adebrelimab and Bevacizumab Versus Sintilimab or Atezolizumab Combined With Bevacizumab for the Treatment of Advanced Hepatocellular Carcinoma,PHASE3,Phase 3,RECRUITING,590,"Suzhou Suncadia Biopharmaceuticals Co., Ltd.",Suzhou Suncadia Biopharmaceuticals,86,1,0,active_comparator,2,atezolizumab injection;bevacizumab;sintilimab,adebrelimab;bevacizumab;shr-8068,CTLA-4,Monoclonal Antibody,,1,1,0,0,0,0,0
NCT06622057,D07001 Softgel-Capsules and Capecitabine Combination Therapy in Patients With Advanced Biliary Tract Cancer,PHASE3,Phase 3,RECRUITING,240,InnoPharmax Inc.,InnoPharmax,5,1,0,placebo_comparator,3,capecitabine,capecitabine;d07001-softgel capsules,,,BRAF;HER2;KRAS;MMR;MSI;NTRK;RET;biomarker,0,1,0,0,0,0,0
NCT06627244,Study of Tebentafusp and Radioembolization in the Treatment of Metastatic Uveal Melanoma,PHASE2,Phase 2,RECRUITING,30,University of Miami,University of Miami,25,0,0,single_arm,1,tebentafusp;therasphere yttrium-90 trans-arterial radioembolization,tebentafusp;therasphere yttrium-90 trans-arterial radioembolization,gp100,Bispecific Antibody,HLA-A*0201;HLA-A*02:01,1,1,0,0,0,0,0
NCT06630624,"Dose Finding, Efficacy and Immunological Response of IP-001 Following MWA or IRE for CRLM",PHASE1;PHASE2,Phase 2,RECRUITING,120,M.R. Meijerink,M.R. Meijerink,1,0,0,multi_experimental,4,ip-001,ip-001,,Oncolytic Virus,,1,1,0,0,0,0,0
NCT06636435,"A Phase I, First in Human Study of CBA-1205, Anti-DLK1 Monoclonal Antibody in Patients With Advanced Solid Tumors, Hepatocellular Carcinoma (HCC), Melanoma, and Pediatric Cancer",PHASE1,Phase 1,RECRUITING,66,Chiome Bioscience Inc.,Chiome Bioscience,2,1,0,multi_experimental,5,,cba-1205 part 1;cba-1205 part 2;cba-1205 part 3;cba-1205 part 4;cba-1205 part 5,DLK1,Monoclonal Antibody,,1,1,0,0,0,1,0
NCT06638502,Safety of HRX215 in Patients After Minor and Major Liver Resection,PHASE1;PHASE2,Phase 2,RECRUITING,80,HepaRegeniX GmbH,HepaRegeniX,1,1,0,placebo_comparator,4,placebo capsules,hrx215 capsules,,,,0,1,0,0,0,0,0
NCT06645314,Study on the Safety and Efficacy of BST06 Injection in the Treatment of Advanced Hepatocellular Carcinoma,EARLY_PHASE1,Phase 1,NOT_YET_RECRUITING,16,BioSyngen Pte Ltd,BioSyngen Pte,8,1,0,single_arm,1,group a;group b,group a;group b,,,PD-L1,0,1,0,1,1,0,1
NCT06652243,Clinical Study of SN301A Injection in the Treatment of Hepatocellular Carcinoma,EARLY_PHASE1,Phase 1,RECRUITING,12,"Shanghai General Hospital, Shanghai Jiao Tong University School of Medicine","Shanghai General Hospital, Shanghai Jiao Tong University School of Medicine",6,0,0,single_arm,1,sn301a,sn301a,GPC3,Cell Therapy,GPC3,1,1,0,0,0,0,0
NCT06673329,Brodalumab in the Treatment of Immune-Related Adverse Events,PHASE1,Phase 1,RECRUITING,11,"Brian Henick, MD","Brian Henick, MD",1,0,0,single_arm,1,brodalumab;ct scan,brodalumab;ct scan,IL-17RA,Monoclonal Antibody,,1,1,0,0,0,0,0
NCT06676982,Clinical Trial of Autologous CD19 CAR-T Cells (CNCT19) Therapy for Advanced Hepatocellular Carcinoma,PHASE1,Phase 1,RECRUITING,12,Zhejiang University,Zhejiang University,58,0,0,single_arm,1,anti-cd19 car-t,anti-cd19 car-t,CD19,CAR-T,CD19;PD-L1,1,1,0,1,0,1,1
NCT06679985,A Trial of Casdozokitug in Combination With Toripalimab Plus Bevacizumab in Participants With Unresectable and/or Locally Advanced or Metastatic Hepatocellular Carcinoma,PHASE2,Phase 2,ACTIVE_NOT_RECRUITING,72,"Coherus Oncology, Inc.",Coherus Oncology,10,1,0,active_comparator,3,bevacizumab;toripalimab,bevacizumab;casdozokitug;toripalimab,PD-1,Monoclonal Antibody,PD-L1,1,1,0,0,0,0,0
NCT06680258,A Study of TPST-1120 With Atezolizumab Plus Bevacizumab in Patients With Unresectable or Metastatic HCC Not Previously Treated With Systemic Therapy,PHASE3,Phase 3,NOT_YET_RECRUITING,740,Tempest Therapeutics,Tempest Therapeutics,3,1,1,active_comparator,2,atezolizumab;bevacizumab,atezolizumab;bevacizumab;tpst-1120,PPARα,Small Molecule,APOE;CD155;FFA;IDH;PD-L1;PTEN;RORC;lysophosphatidylcholine;lysophosphatidylethanlamine;β-catenin,0,1,0,1,0,1,1
NCT06687941,"A Study to Evaluate the Tolerability, Safety, and PK of AST-201 in Patients With GPC3-positive Advanced Solid Tumors",PHASE1,Phase 1,RECRUITING,70,"Aptamer Sciences, Inc.",Aptamer Sciences,1,1,0,single_arm,1,ast-201,ast-201,IGFBP2,mRNA,GPC3,0,1,0,0,0,0,0
NCT06689540,Mts105 for Advanced Hepatocellular Carcinoma,PHASE1,Phase 1,RECRUITING,14,Shen Lin,Shen Lin,2,0,0,multi_experimental,6,mts105,mts105,,Monoclonal Antibody,MET,1,1,0,0,0,0,0
NCT06698250,Zanzalintinib (XL-092) Plus Durvalumab and Tremelimumab in Unresectable Hepatocellular Carcinoma (ZENOBIA),PHASE2,Phase 2,RECRUITING,40,Anwaar Saeed,Anwaar Saeed,3,0,0,active_comparator,3,durvalumab;tremelimumab;zanzalintinib,durvalumab;tremelimumab;zanzalintinib,MET,Small Molecule,MET;PD-L1,0,1,0,1,1,0,1
NCT06708663,HX009+ IN10018 With or Without Standard Chemotherapy for Advanced Solid Tumours,PHASE1;PHASE2,Phase 2,RECRUITING,124,"Hangzhou Hanx Biopharmaceuticals, Ltd.",Hangzhou Hanx Biopharmaceuticals,6,1,0,single_arm,1,hx009+in10018,hx009+in10018,,,BRAF;KRAS;NTRK;PD-L1;RET,0,1,0,1,0,0,1
NCT06710223,Cryoablation and Arterial Infusion of SD-101 in Combination With Durvalumab and Tremelimumab,PHASE1,Phase 1,ACTIVE_NOT_RECRUITING,16,"University of California, San Diego","University of California, San Diego",28,0,0,single_arm,1,device: cryotherapy;durvalumab;sd-101;tremelimumab,device: cryotherapy;durvalumab;sd-101;tremelimumab,PD-L1,Small Molecule,ctDNA,0,1,0,0,0,1,0
NCT06723236,A Study of MGC028 in Participants With Advanced Solid Tumors,PHASE1,Phase 1,RECRUITING,124,MacroGenics,MacroGenics,29,1,0,multi_experimental,9,mgc028,mgc028,ADAM9,ADC,ALK;BRAF;KRAS;MSI;PD-L1;dMMR,1,1,0,1,0,1,1
NCT06724263,"A Multicenter, Open-label Phase IIa Clinical Study to Evaluate the Efficacy and Safety of B1962 Injection in the Treatment of Advanced Malignant Solid Tumors",PHASE2,Phase 2,NOT_YET_RECRUITING,120,"Tasly Biopharmaceuticals Co., Ltd.",Tasly Biopharmaceuticals,3,1,0,single_arm,1,b1962,b1962,,,ER;PD-L1;PR,0,1,0,1,1,0,1
NCT06726161,Study of the Theranostic Pair RYZ811 (Diagnostic) and RYZ801 (Therapeutic) to Identify and Treat Subjects With GPC3+ (Glypican-3) Unresectable HCC,PHASE1;PHASE2,Phase 2,RECRUITING,590,"RayzeBio, Inc.",RayzeBio,7,1,0,active_comparator,2,diagnostic test: ryz811,diagnostic test: ryz811;ryz801,GPC3,ADC,GPC3,1,1,0,0,0,1,0
NCT06728410,A Phase II Study of Pemigatinib Plus Durvalumab in Previously Treated Advanced Intrahepatic Cholangiocarcinoma Patients With FGFR-2 Fusion or Rearrangement,PHASE2,Phase 2,RECRUITING,38,Mehmet Akce,Mehmet Akce,2,0,1,single_arm,1,durvalumab;pemigatinib,durvalumab;pemigatinib,FGFR3,Small Molecule,FGFR3;MET;PD-L1,0,1,0,1,0,0,1
NCT06730009,Phase I/II Study: Allogeneic NK-cell Therapy With Chemotherapy for Post-Surgery PDA or Cholangiocarcinoma Patients,PHASE1;PHASE2,Phase 2,RECRUITING,42,Medigen Biotechnology Corporation,Medigen Biotechnology,2,1,0,active_comparator,2,slog,slog + allogeneic nk cell,,Cell Therapy,,1,1,0,0,0,0,0
NCT06730581,Utidelone Capsule Monotherapy for Patients with Advanced Solid Tumors,PHASE2,Phase 2,NOT_YET_RECRUITING,100,"Beijing Biostar Pharmaceuticals Co., Ltd.",Beijing Biostar Pharmaceuticals,12,1,0,multi_experimental,3,utidelone capsule,utidelone capsule,Tubulin,Small Molecule,HER2;MET,0,1,0,0,0,1,0
NCT06742892,A Phase II Clinical Study to Evaluate HLX43 in Patients With Locally Advanced or Metastatic HCC Failed or Intolerance to Standard Therapy,PHASE2,Phase 2,RECRUITING,90,Shanghai Henlius Biotech,Shanghai Henlius,98,1,0,multi_experimental,3,,hlx43 dose 1;hlx43 dose 2;hlx43 dose 3,PD-L1,ADC,PD-L1,1,1,0,1,0,0,1
NCT06756035,CT-95 in Advanced Cancers Associated With Mesothelin Expression,PHASE1,Phase 1,RECRUITING,70,Context Therapeutics Inc.,Context Therapeutics,5,1,0,single_arm,1,ct-95,ct-95,,Bispecific Antibody,,1,1,0,0,0,0,0
NCT06764316,A First-in-human Study to Learn About the Safety of BAY 3547926 and How Well it Works in Participants With Advanced Liver Cancer,PHASE1,Phase 1,RECRUITING,148,Bayer,Bayer,283,1,1,single_arm,1,bay 3547922;bay 3547926;bay 3713389;bay 3713391,bay 3547922;bay 3547926;bay 3713389;bay 3713391,,ADC,,1,1,0,0,0,0,0
NCT06773845,Building Evidence for Ablative Internal Radiation Therapy in Localized HCC Beyond the Up-To-7 Criteria,PHASE2,Phase 2,RECRUITING,100,Seoul National University Hospital,Seoul National University Hospital,43,0,0,single_arm,1,device: therasphere,device: therasphere,,Radiopharmaceutical,,0,1,0,0,0,0,0
NCT06774963,A Phase 1 Study of LNCB74 in Advanced Solid Tumors,PHASE1,Phase 1,RECRUITING,145,"NextCure, Inc.",NextCure,8,1,0,multi_experimental,2,lncb74,lncb74,B7-H4,ADC,,1,1,0,0,0,1,0
NCT06777316,A Study of an FGFR2/3 Inhibitor (CGT4859) in Patients With Cholangiocarcinoma and Other Advanced Solid Tumors,PHASE1;PHASE2,Phase 2,ACTIVE_NOT_RECRUITING,110,"Cogent Biosciences, Inc.",Cogent Biosciences,11,1,0,multi_experimental,2,cgt4859,cgt4859,FGFR,Small Molecule,FGFR2,0,1,0,0,1,1,0
NCT06778031,A Clinical Study of SHR-A1811 in the Treatment of HER2-positive Locally Advanced or Metastatic Biliary Tract Cancer,PHASE2,Phase 2,RECRUITING,54,"Suzhou Suncadia Biopharmaceuticals Co., Ltd.",Suzhou Suncadia Biopharmaceuticals,86,1,0,single_arm,1,shr-1316;shr-8068;shr-a1811,shr-1316;shr-8068;shr-a1811,HER2,ADC,HER2,1,1,0,0,0,0,0
NCT06779461,A Clinical Trial Assessing the Safety and Efficacy of Biodegradable Magnesium Embolic Microspheres for Primary Hepatocellular Carcinoma,PHASE3,Phase 3,NOT_YET_RECRUITING,228,"InnoBM Pharmaceuticals Co., Ltd.",InnoBM Pharmaceuticals,2,1,0,placebo_comparator,2,ctace,ctace;device: magnesium microspheres,,,,0,1,0,0,0,0,0
NCT06789848,Ligufalimab and Cadonilimab in Advanced Liver Cancers,PHASE2,Phase 2,RECRUITING,64,University of Texas Southwestern Medical Center,University of Texas Southwestern Medical Center,48,0,0,multi_experimental,2,cadonilimab;ligufalimab,cadonilimab;ligufalimab,PD-L1,Monoclonal Antibody,MET;PD-L1,1,1,0,0,0,1,0
NCT06792435,XNW27011 Study of Advanced Solid Tumor Subjects Who Failed Standard Therapies.,PHASE1;PHASE2,Phase 2,ACTIVE_NOT_RECRUITING,240,"Astellas Pharma Global Development, Inc.",Astellas,171,1,1,multi_experimental,2,xnw27011,xnw27011,CLDN18.2,ADC,CLDN18.2,1,1,0,0,0,0,0
NCT06795022,First in Human Study to Evaluate AZD9793 in Participants With Advanced or Metastatic Solid Tumours,PHASE1;PHASE2,Phase 2,RECRUITING,304,AstraZeneca,AstraZeneca,780,1,1,multi_experimental,4,,azd9793 intravenous (iv) monotherapy;azd9793 subcutaneous (sc) monotherapy,GPC3,Bispecific Antibody,GPC3,1,1,0,0,0,0,0
NCT06796803,Camrelizumab Combined With Rivoceranib and Hepatic Arterial Infusion Chemotherapy (HAIC) as Conversion Therapy for Potentially Resectable Hepatocellular Carcinoma(HCC),PHASE2;PHASE3,Phase 3,RECRUITING,398,Shanghai Zhongshan Hospital,Shanghai Zhongshan Hospital,14,0,0,active_comparator,2,camerlizumab + rivoceranib,camrelizumab combined with rivoceranib and haic,PD-1,Monoclonal Antibody,PD-L1,1,1,0,0,0,0,0
NCT06819215,Phase I/II Clinical Study to Evaluate VB15010 Tablets in Patients With Advanced Solid Tumors,PHASE1;PHASE2,Phase 2,RECRUITING,188,"Zhejiang Yangli Pharmaceutical Technology Co., Ltd.",Zhejiang Yangli Pharmaceutical Technology,3,1,0,single_arm,1,vb15010,vb15010,PARP,Small Molecule,,0,1,0,0,0,0,0
NCT06822985,QL1706 As Second-line Treatment in Patients with Advanced Hepatocellular Carcinoma,PHASE1,Phase 1,NOT_YET_RECRUITING,21,Wan-Guang Zhang,Wan-Guang Zhang,2,0,0,single_arm,1,ql1706,ql1706,PD-1,Monoclonal Antibody,PD-L1,1,1,0,0,1,1,0
NCT06840886,A Study of PHST001 in Advanced Solid Tumors,PHASE1,Phase 1,RECRUITING,272,Pheast Therapeutics,Pheast Therapeutics,1,1,0,multi_experimental,2,phst001,chemotherapy per standard of care;phst001,CD24,Small Molecule,,0,1,0,0,0,1,0
NCT06841185,"A Study to Compare the Efficacy, Safety, Immunogenicity, and Pharmacokinetic Profile of HLX13 with YERVOY As a First-Line Treatment for Patients with Unresectable Hepatocellular Carcinoma",PHASE3,Phase 3,NOT_YET_RECRUITING,656,Shanghai Henlius Biotech,Shanghai Henlius,98,1,0,active_comparator,3,eu-sourced yervoy;us-sourced yervoy,hlx13,CTLA-4,Monoclonal Antibody,PD-L1,1,1,0,1,0,1,1
NCT06844357,A Phase II/III Trial Comparing Transarterial Tirapazamine Embolization (TATE) With cTACE for Intermediate-stage Liver Cancer.,PHASE2;PHASE3,Phase 3,RECRUITING,300,"Zhejiang Raygene Pharmaceuticals Co., Ltd",Zhejiang Raygene Pharmaceuticals,3,1,0,multi_experimental,2,,tace;tirapazamine;transarterial embolization (tae),,,,0,1,0,0,0,0,0
NCT06852820,68Ga-PSMA-11 PET-directed Radioligand Therapy in Metastatic Hepatocellular Carcinoma (HCC),PHASE2,Phase 2,RECRUITING,10,Melissa Lumish,Melissa Lumish,1,0,1,single_arm,1,lu-psma-617,lu-psma-617,PSMA,Radiopharmaceutical,PD-L1;PSMA,0,1,0,1,1,1,1
NCT06855225,A Phase II Study of Single Tremelimumab With Regular Interval Durvalumab Plus Gemcitabine and Cisplatin in Locally Advanced Unresectable/Metastatic Combined Hepatocellular-cholangiocarcinoma,PHASE2,Phase 2,NOT_YET_RECRUITING,29,Mehmet Akce,Mehmet Akce,2,0,1,single_arm,1,cisplatin;durvalumab;gemcitabine;tremelimumab,cisplatin;durvalumab;gemcitabine;tremelimumab,CTLA-4,Monoclonal Antibody,PD-L1,1,1,0,1,0,0,1
NCT06858813,A Study to Assess Adverse Events and Change in Disease Activity of Intravenously (IV) Infused ABBV-324 in Adult Participants With Hepatocellular Cancer (HCC) or Squamous-Cell Non-Small Cell Lung Cancer (LUSC),PHASE1,Phase 1,RECRUITING,232,AbbVie,AbbVie,274,1,1,active_comparator,5,lenvatinib,abbv-324,VEGF/VEGFR,Small Molecule,PD-L1,0,1,0,0,0,0,0
NCT06873659,SON-DP in Participants With Relapsed/Refractory Intolerant to Standard of Care Therapies for Advanced/Metastatic Solid Tumors,PHASE1,Phase 1,RECRUITING,96,Qurgen Inc.,Qurgen,2,1,0,multi_experimental,8,son-dp,son-dp,,,MET,0,1,0,0,0,0,0
NCT06880523,STRIDE (Durvalumab + Tremelimumab) With Lenvatinib vs STRIDE Alone in Unresectable Hepatocellular Carcinoma,PHASE2,Phase 2,RECRUITING,140,Canadian Cancer Trials Group,Canadian Cancer Trials Group,48,0,1,active_comparator,2,durvalumab;stride (durvalumab + tremelimumab),lenvatinib;stride (durvalumab + tremelimumab),PD-L1,Monoclonal Antibody,EGFR;PD-L1,1,1,0,1,0,0,1
NCT06883539,A Phase I Study of LXP1788 Injection with Advanced Solid Tumors.,PHASE1,Phase 1,RECRUITING,24,"LaunXP Biomedical Co., Ltd.",LaunXP Biomedical,1,1,0,single_arm,1,lxp1788 is administered intravenously via port-a,lxp1788 is administered intravenously via port-a,,,,0,1,0,0,0,1,0
NCT06891742,Phase I Study of OriC902 in Treatment of Advanced HCC,PHASE1,Phase 1,RECRUITING,44,Peking University,Peking University,29,0,0,single_arm,1,oric902,oric902,GPC3,CAR-T,GPC3,1,1,0,0,0,0,0
NCT06900543,"Chinese HCC Efficacy Evaluation, Response and Safety Study of TareSphere",PHASE3,Phase 3,ACTIVE_NOT_RECRUITING,108,Chengdu New Radiomedicine Technology Co. LTD.,Chengdu New Radiomedicine Technology,4,1,0,active_comparator,2,ctace,nrt6003 injection,,,,0,1,0,0,0,0,0
NCT06904170,Durvalumab and Tremelimumab With or Without Hepatic Arterial Infusion of Chemotherapy in Hepatocellular Carcinoma,PHASE2;PHASE3,Phase 3,RECRUITING,196,UNICANCER,UNICANCER,64,0,1,active_comparator,2,durvalumab plus tremelimumab,durvalumab plus tremelimumab;haic (gemox),PD-L1,Bispecific Antibody,PD-L1,1,1,0,0,0,0,0
NCT06910657,IDOV-Immune for Advanced Solid Tumors,PHASE1,Phase 1,RECRUITING,78,"ViroMissile, Inc.",ViroMissile,1,1,0,single_arm,1,idov-immune (oncolytic vaccinia virus),idov-immune (oncolytic vaccinia virus),,Oncolytic Virus,,1,1,0,0,0,0,0
NCT06911255,Safety and Efficacy of Tremelimumab+Durvalumab(MEDI4736)+TACE in Unresectable Hepatocellular Carcinoma,PHASE1;PHASE2,Phase 2,RECRUITING,24,Yoon Jun Kim,Yoon Jun Kim,1,0,1,single_arm,1,transarterial chemoembolization (tace);tremelimumab plus durvalumab (medi4736),transarterial chemoembolization (tace);tremelimumab plus durvalumab (medi4736),CTLA-4,Monoclonal Antibody,PD-L1,1,1,0,1,0,0,1
NCT06915753,Safety and Preliminary Anti-Tumor Activity of TYRA-430 in Advanced Hepatocellular Carcinoma and Other Solid Tumors With Activating FGF/FGFR Pathway Aberrations,PHASE1,Phase 1,RECRUITING,100,"Tyra Biosciences, Inc",Tyra Biosciences,5,1,0,multi_experimental,3,tyra-430,tyra-430,FGFR,Small Molecule,FGF/FGFR Pathway,0,1,0,0,0,0,0
NCT06921785,Phase III Study of Rilvegostomig in Combination With Bevacizumab With or Without Tremelimumab as First-line Treatment of Hepatocellular Carcinoma,PHASE3,Phase 3,RECRUITING,1220,AstraZeneca,AstraZeneca,780,1,1,active_comparator,3,atezolizumab;bevacizumab,bevacizumab;rilvegostomig;tremelimumab,CTLA-4,Monoclonal Antibody,,1,1,0,0,0,0,0
NCT06921928,Study for AZD4360 in Participants With Advanced Solid Tumours,PHASE1;PHASE2,Phase 2,ACTIVE_NOT_RECRUITING,31,AstraZeneca,AstraZeneca,780,1,1,single_arm,1,azd4360,azd4360,VEGF/VEGFR,Small Molecule,CLDN18.2;HER2,0,1,0,0,0,0,0
NCT06925516,A Trial of Apatinib and Adebrelimab in Combination With Chemotherapy in Patients With Unresectable ICC,PHASE2,Phase 2,RECRUITING,38,Sun Yat-Sen Memorial Hospital of Sun Yat-Sen University,Sun Yat-Sen Memorial Hospital of Sun Yat-Sen University,15,0,0,single_arm,1,apatinib and adebrelimab in combination with,apatinib and adebrelimab in combination with,VEGFR-2,Small Molecule,PD-L1,0,1,0,1,0,1,1
NCT06937567,CDH17 CAR-T Therapy in Advanced Malignant Solid Tumors,EARLY_PHASE1,Phase 1,RECRUITING,36,Zhejiang University,Zhejiang University,58,0,0,multi_experimental,2,,cdh17 car-t;fast laco-stim cdh17 car-t,CDH17,CAR-T,CDH17,1,1,0,0,0,0,0
NCT06938321,A Study of AK130 in Combination With AK112 for the Treatment of Advanced Biliary Tract Cancer,PHASE1;PHASE2,Phase 2,RECRUITING,135,Akeso,Akeso,103,1,0,multi_experimental,2,ak112,ak112;ak130,PD-1,Bispecific Antibody,PD-L1,1,1,0,1,1,0,1
NCT06943521,A Study of MT-4561 in Patients With Various Advanced Solid Tumors,PHASE1;PHASE2,Phase 2,RECRUITING,27,"Tanabe Pharma America, Inc.",Tanabe Pharma America,3,1,0,single_arm,1,mt-4561,mt-4561,BRD4,Small Molecule,,0,1,0,0,0,0,0
NCT06954116,Iparomlimab and Tuvonralimab as Neoadjuvant Therapy for Resectable Hepatocellular Carcinoma With High Risk of Recurrence,PHASE2,Phase 2,RECRUITING,26,Tongji Hospital,Tongji Hospital,7,0,0,single_arm,1,iparomlimab and tuvonralimab (ql1706);partial hepatectomy,iparomlimab and tuvonralimab (ql1706);partial hepatectomy,LAG-3,Monoclonal Antibody,PD-L1,1,1,0,0,0,0,0
NCT06956716,Personalized Tumor Neoantigen mRNA Therapy for Advanced Intrahepatic Cholangiocarcinoma,PHASE1;PHASE2,Phase 2,RECRUITING,30,Zhejiang University,Zhejiang University,58,0,0,single_arm,1,gemcitabine + cisplatin (gp);individualized anti-tumor new antigen ineo-vac-r01 injection;sintilimab injection,gemcitabine + cisplatin (gp);individualized anti-tumor new antigen ineo-vac-r01 injection;sintilimab injection,PD-1,mRNA,Personalized Tumor Neoantigen,0,1,0,0,0,0,0
NCT06961617,Autologous HBV-TCR T Cell Therapy (LioCyx-M) for the Treatment of Hepatocellular Carcinoma,PHASE1,Phase 1,RECRUITING,10,Lion TCR Pte. Ltd.,Lion TCR Pte.,6,1,0,single_arm,1,hbv antigen-specific tcr-redirected t cells;liocyx-m,hbv antigen-specific tcr-redirected t cells;liocyx-m,HBV,Cell Therapy,HBV-ANTIGEN;HBV-DNA,1,1,0,0,0,0,0
NCT06978114,A Study of BL-B01D1+PD-1/PD-L1 Monoclonal Antibody in Patients With Advanced Biliary Tract Cancer,PHASE2,Phase 2,RECRUITING,46,"Sichuan Baili Pharmaceutical Co., Ltd.",Sichuan Baili Pharmaceutical,127,1,0,single_arm,1,bl-b01d1;pembrolizumab,bl-b01d1;pembrolizumab,PD-1,ADC,PD-L1,1,1,0,1,0,0,1
NCT06984718,A Phase II Study of AK104 Combination With Lenvatinib Versus Lenvatinib for Second-line HCC,PHASE2,Phase 2,NOT_YET_RECRUITING,120,Akeso,Akeso,103,1,0,active_comparator,2,lenvatinib,ak104+lenvatinib,PD-1,Monoclonal Antibody,PD-L1,1,1,0,0,1,0,0
NCT06986785,"A Study of BL-B01D1 Monotherapy, BL-B01D1 in Combination With Lenvatinib, BL-B01D1 in Combination With PD-1 Monoclonal Antibody, and BL-B01D1 in Combination With PD-1 Monoclonal Antibody and Bevacizumab in Patients With Advanced Hepatocellular Carcinoma",PHASE2,Phase 2,RECRUITING,74,"Sichuan Baili Pharmaceutical Co., Ltd.",Sichuan Baili Pharmaceutical,127,1,0,single_arm,1,bevacizumab;bl-b01d1;finotonlimab;lenvatinib,bevacizumab;bl-b01d1;finotonlimab;lenvatinib,PD-1,ADC,,1,1,0,0,0,0,0
NCT06994572,Study of CT-01 as Monotherapy and Combination Therapy in Subjects With Intermediate or Advanced Hepatocellular Carcinoma,PHASE1,Phase 1,NOT_YET_RECRUITING,141,Captor Therapeutics S.A.,Captor Therapeutics,1,1,0,multi_experimental,4,ct-01,ct-01;everolimus,,,,0,1,0,0,0,1,0
NCT06995105,Personalized Tumor Neoantigen mRNA Therapy for Advanced Hepatocellular Carcinoma,PHASE1;PHASE2,Phase 2,RECRUITING,30,Zhejiang University,Zhejiang University,58,0,0,single_arm,1,individualized anti-tumor new antigen ineo-vac-r01 injection;sintilimab combined with bevacizumab;tace,individualized anti-tumor new antigen ineo-vac-r01 injection;sintilimab combined with bevacizumab;tace,PD-1,Monoclonal Antibody,,1,1,0,0,0,0,0
NCT07010497,"A Prospective Study to Evaluate the Safety and Efficacy of the Combination Therapy of Irpagratinib, Atezolizumab, and Bevacizumab in Patients With Hepatocellular Carcinoma",PHASE2,Phase 2,RECRUITING,33,Asan Medical Center,Asan Medical Center,44,0,0,single_arm,1,irpagratinib,irpagratinib,FGFR4,Small Molecule,FGFR2;PD-L1,0,1,0,1,0,1,1
NCT07021066,"Evaluate the Safety, Tolerability, Pharmacokinetics and Efficacy of BL-M05D1 in Subjects With Solid Tumors",PHASE1,Phase 1,ACTIVE_NOT_RECRUITING,160,SystImmune Inc.,SystImmune,7,1,0,single_arm,1,bl-m05d1,bl-m05d1,CLDN18,ADC,BRAF;CLDN18.2;HER2;KRAS;MET;MMR;MSI;MSI-H;NTRK;PD-L1;dMMR,1,1,0,1,0,1,1
NCT07036185,A Clinical Trail of KJ015 in Patients With HER2-Expressing Solid Tumors,PHASE1,Phase 1,NOT_YET_RECRUITING,66,"Shanghai Bao Pharmaceuticals Co., Ltd.",Shanghai Bao Pharmaceuticals,1,1,0,single_arm,1,kj015 injection (subcutaneous injection),kj015 injection (subcutaneous injection),HER2,Monoclonal Antibody,HER2,1,1,0,0,0,0,0
NCT07036380,MP0317 in Combination With Chemoimmunotherapy in First Line Treatment for Patients With Advanced Biliary Tract Carcinoma,PHASE2,Phase 2,RECRUITING,75,Centre Hospitalier Universitaire de Besancon,Centre Hospitalier Universitaire de Besancon,15,0,0,active_comparator,2,ct-scan;gemcitabine + cisplatin + durvalumab,ct-scan;mp0317 + gemcitabine + cisplatine + durvalumab,CD40,ADC,BRAF;FAP;HER2;MET;PD-L1,1,1,0,1,0,0,1
NCT07038343,AVENTINE-1: Study of AVZO-1418 as a Single Agent and in Combination Therapy in Patients With Locally Advanced or Metastatic Solid Tumors (AVZO-1418-1001),PHASE1;PHASE2,Phase 2,RECRUITING,480,"Avenzo Therapeutics, Inc.",Avenzo Therapeutics,4,1,0,multi_experimental,4,avzo-1418,avzo-1418;combination agent 1;combination agent 2,,,,0,1,0,0,0,0,0
NCT07052253,A Phase II Clinical Study of AK104/AK112 in Combination With TT-00420 Tablet for Advanced HCC.,PHASE2,Phase 2,RECRUITING,100,Akeso,Akeso,103,1,0,multi_experimental,5,tt-00420 (tinengotinib),ak104;ak112;tt-00420 (tinengotinib),FGFR2,Small Molecule,FGFR2,0,1,0,0,0,0,0
NCT07062328,A Trial of Recaticimab and Adebrelimab in Combination With Chemotherapy in Patients With Unresectable BTC,PHASE2,Phase 2,NOT_YET_RECRUITING,39,Sun Yat-sen University,Sun Yat-sen University,73,0,0,single_arm,1,gp;recaticimab and adebrelimab,gp;recaticimab and adebrelimab,PD-1,Monoclonal Antibody,PD-L1,1,1,0,1,0,1,1
NCT07070518,Study of GV20-0251 in Participants With Solid Tumor Malignancies,PHASE1;PHASE2,Phase 2,RECRUITING,350,GV20 Therapeutics,GV20 Therapeutics,3,1,0,single_arm,1,gv20-0251,gv20-0251,IGSF8,Oncolytic Virus,IGSF8 RNA;IGSF8 membrane protein;PD-L1,1,1,0,0,0,1,0
NCT07081633,Durvalumab and Tremelimumab With Lenvatinib as First-line Treatment in Patients With Unresectable Hepatocellular Carcinoma,PHASE2,Phase 2,ACTIVE_NOT_RECRUITING,114,AstraZeneca,AstraZeneca,780,1,1,single_arm,1,durvalumab;lenvatinib;tremelimumab,durvalumab;lenvatinib;tremelimumab,PD-L1,Monoclonal Antibody,EGFR,1,1,0,0,0,0,0
NCT07087054,Carcinoid Syndrome Efficacy Study Featuring an Oral Daily Paltusotine Regimen,PHASE3,Phase 3,RECRUITING,141,Crinetics Pharmaceuticals Inc.,Crinetics Pharmaceuticals,4,1,0,placebo_comparator,2,,paltusotine,SSTR2,Small Molecule,SSTR2,0,0,0,0,0,1,0
NCT07099547,Study of ZG005 in Combination With Platinum-Based Chemotherapy in Participants With Advanced Biliary Tract Carcinoma,PHASE2,Phase 2,RECRUITING,60,"Suzhou Zelgen Biopharmaceuticals Co.,Ltd",Suzhou Zelgen Biopharmaceuticals,49,1,0,multi_experimental,2,cisplatin;gemcitabine,cisplatin;gemcitabine;tislelizumab;zg005,PD-1/TIGIT,Bispecific Antibody,,1,1,0,0,0,0,0
NCT07106827,A Study of GV20-0251 in Advanced or Refractory Solid Tumors,PHASE1,Phase 1,RECRUITING,10,West China Hospital,West China Hospital,11,0,0,single_arm,1,gv20-0251,gv20-0251,IGSF8,Oncolytic Virus,IGSF8 RNA;IGSF8 membrane protein;PD-L1,1,1,0,0,0,1,0
NCT07107750,"Emavusertib (CA-4948) in Combination With Cisplatin, Gemcitabine, and Durvalumab in Patients With Untreated Advanced or Metastatic Biliary Tract Cancer",PHASE1,Phase 1,RECRUITING,48,Washington University School of Medicine,Washington University School of Medicine,178,0,0,multi_experimental,3,,,IRAK4,Small Molecule,FLT3-ITD;MYD88;PI3K;PTEN,0,0,0,0,0,0,0
NCT07122089,Evaluation of SIRT Followed by Immunotherapy for Treatment of Hepatocellular Carcinoma With Portal Vein Thrombosis,PHASE2,Phase 2,RECRUITING,80,Center Eugene Marquis,Center Eugene Marquis,2,0,0,single_arm,1,device: selective internal radiotherapy;durvalumab;tremelimumab,device: selective internal radiotherapy;durvalumab;tremelimumab,CTLA-4,Monoclonal Antibody,,1,1,0,0,0,0,0
NCT07123545,Autologous Neoantigen-Specific T-Cell Therapy for Advanced Hepatocellular Carcinoma,PHASE1;PHASE2,Phase 2,RECRUITING,20,Zhejiang University,Zhejiang University,58,0,0,single_arm,1,ineo-vac-p01 personalized neoantigen peptide vaccine;ineo-vac-t01 personalized t cell injection,ineo-vac-p01 personalized neoantigen peptide vaccine;ineo-vac-t01 personalized t cell injection,,Vaccine,genomic,1,1,0,0,0,1,0
NCT07138885,"A Phase II, Single-Arm, Prospective Trial on the Efficacy and Safety of QL1706 Combination Regimen as Second-Line Therapy for Targeted-Immunotherapy-Resistant Hepatocellular Carcinoma",PHASE2,Phase 2,ACTIVE_NOT_RECRUITING,62,Sun Yat-sen University,Sun Yat-sen University,73,0,0,multi_experimental,2,,hai-folfox + bevacizumab + ql1706;tace + bevacizumab + tas-102 + ql1706,PD-1,Monoclonal Antibody,PD-L1;biomarker,1,1,0,0,1,0,0
NCT07151872,Combination of QLS31905 and Chemotherapy ± QL2107 in Patients With CLDN18.2-positive Advanced Biliary Tract Cancer,PHASE2,Phase 2,NOT_YET_RECRUITING,120,"Qilu Pharmaceutical Co., Ltd.",Qilu Pharmaceutical,108,1,0,multi_experimental,3,qls31905 for injection,capecitabine tablets;cisplatin for injection;gemcitabine hydrochloride for injection;oxaliplatin;ql2107 injection;qls31905 for injection,CLDN18.2,Monoclonal Antibody,CLDN18.2,1,1,0,0,0,0,0
NCT07164313,A Study of ZW251 in Participants With Advanced Solid Tumors,PHASE1,Phase 1,RECRUITING,100,Zymeworks BC Inc.,Zymeworks,4,1,0,single_arm,1,zw251,zw251,GPC3,ADC,GPC3,1,1,0,0,0,0,0
NCT07169734,A Study to Investigate ALE.P03 as Monotherapy in Adult Patients With Selected Advanced or Metastatic CLDN1+ Solid Tumors,PHASE1;PHASE2,Phase 2,RECRUITING,180,Alentis Therapeutics AG,Alentis Therapeutics,3,1,0,multi_experimental,3,ale.p03,ale.p03,CLDN1,ADC,CLDN1,1,1,0,0,0,1,0
NCT07175441,Evaluation of RBS2418 in Combination With Tremelimumab Plus Durvalumab in Participants With Advanced Unresectable Hepatocellular Carcinoma,PHASE2,Phase 2,RECRUITING,220,"Riboscience, LLC.",Riboscience,3,1,0,active_comparator,3,rbs2418;stride (durvalumab + tremelimumab),,PD-L1,Small Molecule,,0,1,0,0,1,0,0
NCT07176650,"Phase I Clinical Study To Evaluate Pharmacokinetic Profile, Safety, Efficacy and Immunogenicity Of Ipilimumab Biosimilar HLX13 Vs. YERVOY® (US-Sourced YERVOY®) As A First-Line Treatment For Patients With Unresectable Hepatocellular Carcinoma",PHASE1,Phase 1,RECRUITING,246,Shanghai Henlius Biotech,Shanghai Henlius,98,1,0,active_comparator,2,nivolumab;yervoy,hlx13;nivolumab,CTLA-4,Monoclonal Antibody,PD-L1,1,1,0,1,0,1,1
NCT07197554,"A Phase 1/1B Study of ST-01156, a Small Molecule RBM39 Degrader, in Patients With Advanced Solid Malignancies",PHASE1,Phase 1,RECRUITING,171,"SEED Therapeutics, Inc.",SEED Therapeutics,1,1,0,single_arm,1,st-01156,st-01156,RBM39,Small Molecule,,0,1,0,0,0,1,0
NCT07201064,A Study of SZ1003 Injection in Patients With Advanced Hepatocellular Carcinoma,EARLY_PHASE1,Phase 1,NOT_YET_RECRUITING,12,"Guangdong ProCapZoom Biosciences Co., Ltd.",Guangdong ProCapZoom Biosciences,1,1,0,single_arm,1,sz1003 injection,sz1003 injection,,,,0,1,0,0,0,1,0
NCT07209813,GKL-006 Injection Plus TACE Versus TACE Alone in Patients With Unresectable Hepatocellular Carcinoma,PHASE2,Phase 2,RECRUITING,48,"Beijing Gene Key Life Technology Co., Ltd",Beijing Gene Key Life Technology,4,1,0,active_comparator,2,tace,gkl-006 injection;tace,,Cell Therapy,,1,1,0,0,0,0,0
NCT07213791,A Study of LY4337713 in Participants With FAP-Positive Solid Tumors,PHASE1,Phase 1,RECRUITING,241,Eli Lilly and Company,Eli Lilly,535,1,1,multi_experimental,6,ly4337713,ly4337713,FAP,Radiopharmaceutical,FAP;HER2,0,1,0,0,0,1,0
NCT07219459,"Visugromab, Nivolumab and Lenvatinib Compared to Double Placebo and Lenvatinib in Unresectable or Metastatic Hepatocellular Carcinoma Post Anti-PD-(L)1 Failure",PHASE2,Phase 2,RECRUITING,104,CatalYm GmbH,CatalYm,6,1,0,active_comparator,2,lenvatinib;placebo saline infusion,lenvatinib;nivolumab;visugromab rde (recommended dose for expansion),PD-1,Monoclonal Antibody,CD30,1,1,0,0,0,0,0
NCT07221253,A Study of Rilvegostomig or Durvalumab Plus Chemotherapy for First-Line Treatment of Biliary Tract Cancer (ARTEMIDE-Biliary02),PHASE3,Phase 3,RECRUITING,1100,AstraZeneca,AstraZeneca,780,1,1,active_comparator,2,durvalumab;gemcitabine/cisplatin,gemcitabine/cisplatin;rilvegostomig,PD-L1,Monoclonal Antibody,EGFR;PD-L1,1,1,0,1,1,0,1
NCT07223307,REGULUS: MRI-guided Adaptive SABR for Liver Cancers,PHASE2,Phase 2,RECRUITING,62,Stanford University,Stanford University,58,0,0,single_arm,1,mri-guided adaptive stereotactic ablative body radiotherapy (sabr),mri-guided adaptive stereotactic ablative body radiotherapy (sabr),,,,0,1,0,0,0,0,0
NCT07226063,Maintenance Zanzalintinib and Durvalumab in Participants With Advanced Hepatocellular Cancer,PHASE2,Phase 2,NOT_YET_RECRUITING,16,Amit Mahipal,Amit Mahipal,1,0,0,single_arm,1,durvalumab;zanzalintinib,durvalumab;zanzalintinib,PD-L1,Monoclonal Antibody,EGFR;MET,1,1,0,0,0,0,0
NCT07227012,"Symbiotic-GI-13: A Study to Learn About Study Medicine Called PF-08634404 as a Single Treatment and Combination Treatment in Adult Participants With a Liver Cancer Called Hepatocellular Carcinoma, That is Too Advanced to be Removed by Surgery and May Have Spread to Other Parts of the Body.",PHASE1;PHASE2,Phase 2,RECRUITING,138,Pfizer,Pfizer,687,1,1,multi_experimental,2,ipilimumab;pf-08634404,ipilimumab;pf-08634404,PD-1,Bispecific Antibody,BRAF;MMR;MMR-PROFICIENT;MSI-H;PD-L1;RAS;ctDNA;dMMR;pMMR,1,1,0,0,0,0,0
NCT07229625,A Phase III Study of SHR-8068 in Combination With Adebrelimab and Platinum-Containing Chemotherapy Versus Durvalumab in Combination With Platinum-Containing Chemotherapy as First-line Treatment for Advanced Biliary Tract Cancer (BTC),PHASE3,Phase 3,RECRUITING,604,"Suzhou Suncadia Biopharmaceuticals Co., Ltd.",Suzhou Suncadia Biopharmaceuticals,86,1,0,active_comparator,2,cisplatin injection;durvalumab injection;gemcitabine hydrochloride for injection,adebrelimab injection;cisplatin injection;gemcitabine hydrochloride for injection;shr-8068 injection,PD-L1,Monoclonal Antibody,PD-L1,1,1,0,0,0,0,0
NCT07239986,A Phase 2 Study of BB102 in Patients With Hepatocellular Carcinoma,PHASE2,Phase 2,NOT_YET_RECRUITING,60,"Broadenbio Ltd., Co.",Broadenbio,3,1,0,single_arm,1,bb102,bb102,FGFR4,Small Molecule,FGF19;PD-L1,0,1,0,1,0,0,1
NCT07252661,Study of ACC-1898 in Adult Participants With Advanced Solid Tumors,PHASE1,Phase 1,NOT_YET_RECRUITING,40,"AccSalus Biosciences, Inc.",AccSalus Biosciences,1,1,0,multi_experimental,2,acc-1898,acc-1898,,Cell Therapy,,1,1,0,0,0,0,0
NCT07260058,Immune Cell Therapy for Advanced Solid Tumors,PHASE1;PHASE2,Phase 2,NOT_YET_RECRUITING,48,"Liaoning Medical Diagnosis and Treatment Technology Research and Development Co., Ltd.",Liaoning Medical Diagnosis and Treatment Technology Research and Development,1,1,0,active_comparator,2,standard,autologous immune cells;standard,,Cell Therapy,,1,1,0,0,0,0,0
NCT07260175,Phase II Study Evaluating Ivosidenib Maintenance After SOC Adjuvant Chemotherapy in Curative mIDH1 Cholangiocarcinoma,PHASE2,Phase 2,RECRUITING,40,Institut für Klinische Krebsforschung IKF GmbH at Krankenhaus Nordwest,Institut für Klinische Krebsforschung IKF GmbH at Krankenhaus Nordwest,28,0,1,single_arm,1,ivosidenib,ivosidenib,IDH1/2,Small Molecule,IDH1,0,1,0,0,0,0,0
NCT07265674,A Study to Select a Dose Regimen (Part A) and to Investigate Overall Survival (Part B) With Nanvuranlat Compared With Physician's Best Choice in Participants Aged 18 Years or Older With Biliary Tract Cancer,PHASE3,Phase 3,RECRUITING,480,"J-Pharma Co., Ltd.",J-Pharma,1,1,0,multi_experimental,4,nanvuranlat,nanvuranlat,LAT1,Small Molecule,HER2;LAT1;MSI;MSI-H;NTRK;PD-L1,0,1,0,1,0,1,1
NCT07275073,JMT106 Injection in the Treatment of Advanced Solid Tumors,PHASE1,Phase 1,RECRUITING,200,Shanghai JMT-Bio Inc.,Shanghai JMT-Bio,33,1,0,single_arm,1,jmt106 injection,jmt106 injection,,,,0,1,0,0,0,1,0
NCT07277322,Neoadjuvant Dupilumab and Toripalimab in MSS CRC Subjects With Resectable Liver Metastases,PHASE1;PHASE2,Phase 2,RECRUITING,24,Dan Feng,Dan Feng,2,0,0,single_arm,1,dupilumab;toripalimab,dupilumab;toripalimab,IL-4R,Monoclonal Antibody,MET;MSI;MSI-H,1,1,0,0,1,0,0
NCT07277413,A Study of IDE892 as Monotherapy and Combination in MTAP-deleted Advanced Solid Tumors,PHASE1,Phase 1,RECRUITING,260,IDEAYA Biosciences,IDEAYA Biosciences,11,1,0,multi_experimental,4,ide892,ide397;ide892,PRMT5,Small Molecule,MTAP-DELETED;PD-L1;biomarker,0,1,0,1,0,0,1
NCT07281924,Hepzato Kit and Opdualag for Metastatic Melanoma and Liver Metastasis,PHASE1;PHASE2,Phase 2,RECRUITING,15,"University of Wisconsin, Madison","University of Wisconsin, Madison",61,0,0,single_arm,1,device: melphalan;nivolumab and relatlimab,device: melphalan;nivolumab and relatlimab,PD-1,Bispecific Antibody,BRAF;PD-L1,1,1,0,0,0,0,0
NCT07282509,Safety and Efficacy of Paclitaxel Liposome Arterial Infusion Combined With Systemic Therapy for Second-Line Treatment of Advanced Liver Cancer,PHASE1;PHASE2,Phase 2,NOT_YET_RECRUITING,116,"CSPC ZhongQi Pharmaceutical Technology Co., Ltd.",CSPC ZhongQi Pharmaceutical Technology,92,1,0,active_comparator,5,enlonstobart injection;lenvatinib mesilate capsules,enlonstobart injection;ha131;lenvatinib mesilate capsules;pembrolizumab injection,,,PD-L1,0,1,0,1,1,0,1
NCT07291076,A Study to Evaluate the Safety and Tolerability of Pumitamig Alone or In Combination With Ipilimumab in Participants With First-Line Advanced or Unresectable Hepatocellular Carcinoma (HCC) (ROSETTA HCC-206),PHASE1;PHASE2,Phase 2,RECRUITING,198,Bristol-Myers Squibb,Bristol Myers Squibb,764,1,1,multi_experimental,7,pumitamig,ipilimumab;pumitamig,CTLA-4,Monoclonal Antibody,PD-L1,1,1,0,0,0,0,0
NCT07310173,Phase IIb Study of AST-3424 in Patients With AKR1C3-high Expressing Advanced Hepatocellular Carcinoma,PHASE2,Phase 2,RECRUITING,75,Zhejiang Hisun Pharmaceutical Co. Ltd.,Zhejiang Hisun Pharmaceutical,6,1,0,active_comparator,3,regorafenib tablets,ast-3424,AKR1C3,Small Molecule,AKR1C3;biomarker;biomarker analysis,0,1,0,0,0,0,0
NCT07312292,Radioembolization With Intra-arterial Angiotensin II to Improve Tumor-absorbed Dose (RADIANT),PHASE2,Phase 2,RECRUITING,15,Niek Wijnen,Niek Wijnen,1,0,0,single_arm,1,angiotensin ii (giapreza);yttrium-90 radioembolization,angiotensin ii (giapreza);yttrium-90 radioembolization,,,,0,1,0,0,0,0,0
NCT07314385,NH002-mediated Sonoporation With Chemotherapy in Advanced Pancreatic Cancer,PHASE1,Phase 1,NOT_YET_RECRUITING,24,National Taiwan University Hospital,National Taiwan University Hospital,22,0,0,multi_experimental,4,device: aco apache ultrasound;nanoliposomal irinotecan+5-fu+leucovorin;nh002 (perflutren lipid microspheres) injectable suspension,device: aco apache ultrasound;nanoliposomal irinotecan+5-fu+leucovorin;nh002 (perflutren lipid microspheres) injectable suspension,,,,0,1,0,0,0,0,0
NCT07324304,NWRD06 DNA Plasmid for HCC After Curative Resection.,PHASE2,Phase 2,RECRUITING,30,"Newish Technology (Beijing) Co., Ltd.",Newish Technology (Beijing),6,1,0,single_arm,1,nwrd06 administered by electroporation,nwrd06 administered by electroporation,,,MET,0,1,0,0,0,0,0
NCT07327034,ABSK-011+BSC vs. Placebo+BSC in Previously Treated Advanced HCC With FGF19 Overexpression,PHASE2,Phase 2,RECRUITING,141,"Abbisko Therapeutics Co, Ltd",AbbVie,274,1,0,placebo_comparator,2,placebo+bsc,absk-011+bsc,,,,0,1,0,0,0,0,0
NCT07328919,Efficacy and Safety of TT-00420 (Tinengotinib) Tablets Versus Chemotherapy in Patients With Advanced Intrahepatic Cholangiocarcinoma Harboring FGFR2 Fusions/Rearrangements or Mutations,PHASE3,Phase 3,NOT_YET_RECRUITING,138,"TransThera Sciences (Nanjing), Inc.",TransThera Sciences (Nanjing),11,1,0,active_comparator,2,capecitabine;fluorouracil;irinotecan;leucovorin;oxaliplatin,tt-00420 (tinengotinib),FGFR,Small Molecule,FGFR2;PD-L1,0,1,0,1,1,0,1
NCT07341737,SL-28 for Advanced Solid Tumours,PHASE1;PHASE2,Phase 2,RECRUITING,60,Second Life Therapeutics,Second Life Therapeutics,1,1,0,multi_experimental,3,sl-28,sl-28,,,biomarker,0,1,0,0,0,1,0
NCT07348211,First in Human Study of SIM0610 in Solid Tumors,PHASE1,Phase 1,RECRUITING,260,"Jiangsu Simcere Pharmaceutical Co., Ltd.",Jiangsu Simcere Pharmaceutical,44,1,0,multi_experimental,2,sim0610 for injection,sim0610 for injection,,,,0,1,0,0,0,0,0
NCT07356037,Nanocrystalline Megestrol Acetate for Cachectic Stage Locally Advanced Hepatocellular Carcinoma,PHASE3,Phase 3,NOT_YET_RECRUITING,68,"Changchun GeneScience Pharmaceutical Co., Ltd.",Changchun GeneScience Pharmaceutical,23,1,0,active_comparator,2,standard antitumor therapy,nanocrystalline megestrol acetate;standard antitumor therapy,,,,0,1,0,0,0,0,0
NCT07362264,A Study of SH006 Injection Combination Therapy in Patients With Advanced Solid Tumors,PHASE1,Phase 1,ACTIVE_NOT_RECRUITING,50,"Nanjing Sanhome Pharmaceutical, Co., Ltd.",Nanjing Sanhome Pharmaceutical,16,1,0,single_arm,1,sh006,sh006,,,PD-L1,0,1,0,1,0,1,1
NCT07365839,Cemiplimab +/- Fianlimab Post Y90 Radioembolization in Patients With Hepatocellular Carcinoma,PHASE1,Phase 1,WITHDRAWN,0,Virginia Commonwealth University,Virginia Commonwealth University,13,0,1,multi_experimental,2,,arm 1 cemiplimab;arm 2 cemiplimab and fianlimab,PD-1,Monoclonal Antibody,MET;PD-L1,1,1,0,0,0,0,0
NCT07368803,"Evaluation of the Safety, Tolerability and Efficacy of iNeo-Vac-R01, an Individualized mRNA Therapeutic Technology Based on Tumor Neoantigens, for Adjuvant Treatment in Patients With Biliary Malignant Tumors After Radical Resection",PHASE1;PHASE2,Phase 2,RECRUITING,20,Yifan Wang,Yifan Wang,1,0,0,single_arm,1,ineo-vac-r01,ineo-vac-r01,,mRNA,,0,1,0,0,0,0,0
NCT07369505,Sapu003 in Advanced mTOR-sensitive Solid Tumors,PHASE1,Phase 1,RECRUITING,27,SAPU NANO (US) LLC,SAPU NANO (US),1,1,0,multi_experimental,2,sapu003,exemestane;sapu003,HER2,,HER2,0,1,0,0,0,0,0
NCT07376707,A Phase 1 Study of TGI-5 as Monotherapy and in Combination With Nivolumab in Subjects With Locally Advanced/Metastatic Solid Tumors,PHASE1,Phase 1,RECRUITING,194,"Hefei TG ImmunoPharma Co., Ltd.",Hefei TG ImmunoPharma,1,0,0,single_arm,1,tgi-5,tgi-5,PD-1,Monoclonal Antibody,ALK;BRAF;KRAS;MET;MSI;MSI-H;PD-L1,1,1,0,1,0,1,1
NCT07390838,A Study of SH009 Injection in Patients With Advanced Solid Tumors.,PHASE1,Phase 1,RECRUITING,150,"Nanjing Sanhome Pharmaceutical, Co., Ltd.",Nanjing Sanhome Pharmaceutical,16,1,0,single_arm,1,sh009,sh009,,,PD-L1;biomarker,0,1,0,1,0,0,1
NCT07392866,A Clinical Study of SH006 Injection in Combination Therapy Versus Regorafenib in the Treatment of Advanced Hepatocellular Carcinoma,PHASE2;PHASE3,Phase 3,NOT_YET_RECRUITING,120,"Nanjing Sanhome Pharmaceutical, Co., Ltd.",Nanjing Sanhome Pharmaceutical,16,1,0,active_comparator,4,regorafenib,bevacizumab;capecitabine;oxaliplatin;sh006,,,,0,1,0,0,0,0,0
NCT07398339,Cosiporfin Sodium for Injection Photodynamic Therapy,PHASE2,Phase 2,RECRUITING,30,"Shanghai Guangsheng Biopharmaceutical Co., Ltd",Shanghai Guangsheng Biopharmaceutical,1,1,0,single_arm,1,cisplatin for injection;cosiporfin sodium for injection;dvdms;gemcitabine hydrochloride for injection,cisplatin for injection;cosiporfin sodium for injection;dvdms;gemcitabine hydrochloride for injection,,,PD-L1,0,1,0,1,0,0,1
NCT07419841,A Phase 1 Study of the Safety and Tolerability of CTX-10726,PHASE1,Phase 1,RECRUITING,70,Compass Therapeutics,Compass Therapeutics,6,1,0,multi_experimental,2,ctx-10726,ctx-10726,,,MET;MMR;MSI;PD-L1;dMMR,0,1,0,1,0,1,1
NCT07430202,"A DNAJB1-PRKACA Fusion Kinase Peptide Vaccine Combined With Glutamine Antagonist DRP-104, Nivolumab, and Ipilimumab in Patients With Advanced Stage Fibrolamellar Carcinoma (FLC)",PHASE1,Phase 1,NOT_YET_RECRUITING,27,Sidney Kimmel Comprehensive Cancer Center at Johns Hopkins,Sidney Kimmel Comprehensive Cancer Center at Johns Hopkins,160,0,0,single_arm,1,dnajb1-prkaca peptide vaccine;drp-104;ipilimumab;nivolumab,dnajb1-prkaca peptide vaccine;drp-104;ipilimumab;nivolumab,DNAJB1-PRKACA,Vaccine,DNAJB1-PRKACA;PD-L1,1,1,0,1,0,0,1
NCT07437287,Testing Mitazalimab in Combination With Standard Chemotherapy in Immunotherapy Resistant Advanced Biliary Tract Cancers,PHASE2;PHASE3,Phase 3,NOT_YET_RECRUITING,160,UNICANCER,UNICANCER,64,0,0,active_comparator,2,FOLFOX,FOLFOX;mitazalimab,CD40,Monoclonal Antibody,CTKRAS;PD-L1;fibrosis-related gene signature,1,1,0,0,1,1,0
NCT07446257,THIO and Cadonilimab in Resectable Hepatocellular Carcinoma,EARLY_PHASE1,Phase 1,RECRUITING,60,University of Texas Southwestern Medical Center,University of Texas Southwestern Medical Center,48,0,0,multi_experimental,3,,ateganosine;cadonilimab,PD-1,Monoclonal Antibody,MET;PD-L1,1,1,0,0,0,1,0
NCT07450976,A Study of SHR-A1904 in Previous Systemic Treatment Failed Biliary Tract Cancer,PHASE2,Phase 2,RECRUITING,151,"Suzhou Suncadia Biopharmaceuticals Co., Ltd.",Suzhou Suncadia Biopharmaceuticals,86,1,0,multi_experimental,2,shr-a1904 for injection,shr-a1904 for injection,CLDN18.2,Monoclonal Antibody,CLDN18.2,1,1,0,0,0,0,0
NCT07478302,A Study of SHR-2524 Plus Bevacizumab in the First-line Treatment of Advanced Hepatocellular Carcinoma,PHASE1,Phase 1,RECRUITING,36,"Suzhou Suncadia Biopharmaceuticals Co., Ltd.",Suzhou Suncadia Biopharmaceuticals,86,1,0,single_arm,1,bevacizumab injection;shr-2524 injection,bevacizumab injection;shr-2524 injection,VEGF/VEGFR,Monoclonal Antibody,,1,1,0,0,0,0,0
NCT07479485,MRG006A Combination Therapy for Advanced Hepatocellular Carcinoma (Phase I/II),PHASE1;PHASE2,Phase 2,RECRUITING,160,"Lepu Biopharma Co., Ltd.",Lepu Biopharma,16,1,0,multi_experimental,3,mrg006a,bevacizumab;mrg006a;pd1/vegf antibody;pucotenlimab;tki,,,,0,1,0,0,0,0,0
NCT07487402,Safety and Efficacy of Metabolically Armed GPC3 CAR-T Cells Injection (Meta10-GPC3) in Patients With Unresectable Recurrent/Metastatic Hepatocellular Carcinoma,EARLY_PHASE1,Phase 1,NOT_YET_RECRUITING,27,Zhejiang University,Zhejiang University,58,0,0,single_arm,1,metabolically armed gpc3 car-t cells,metabolically armed gpc3 car-t cells,GPC3,CAR-T,GPC3,1,1,0,0,0,0,0
NCT07487662,TACE or Ablation Combined With Sintilimab and Ipilimumab N01 as Neoadjuvant Therapy for Resectable Hepatocellular Carcinoma With Intermediate-High Recurrence Risk,PHASE2,Phase 2,NOT_YET_RECRUITING,105,Sun Yat-sen University,Sun Yat-sen University,73,0,0,multi_experimental,5,ipilimumab n01;sintilimab,ablation;ipilimumab n01;lenvatinib;sintilimab;tace,PD-1,Monoclonal Antibody,PD-L1,1,1,0,0,0,1,0
NCT07490262,A Study to Evaluate the Efficacy and Safety of IBI310 and Sintilimab Combination Therapy in Patients With Hepatocellular Carcinoma as First-line Treatment.,PHASE2;PHASE3,Phase 3,RECRUITING,680,"Innovent Biopharmaceutical Technology (Hangzhou) Co., LTD.",Innovent,107,1,0,active_comparator,4,bevacizumab;sintilimab,bevacizumab;capecitabine;ibi310;oxaliplatin;sintilimab,VEGF/VEGFR,Monoclonal Antibody,PD-L1,1,1,0,1,0,0,1
NCT07493044,"An Open-Label, Phase I Clinical Trial of Super CAR-T With GPC3-Positive Advanced Hepatocellular Carcinoma",PHASE1,Phase 1,RECRUITING,15,"Guangzhou FineImmune Biotechnology Co., LTD.",Guangzhou FineImmune Biotechnology,5,1,0,single_arm,1,super car-t,super car-t,GPC3,CAR-T,GPC3,1,1,0,0,0,0,0
NCT07494435,Phase 2 Study of WGI-0301 Plus Nivolumab in Patients With HCC and RCC,PHASE2,Phase 2,NOT_YET_RECRUITING,230,"Zhejiang Haichang Biotech Co., Ltd.",Zhejiang Haichang Biotech,4,1,0,multi_experimental,6,nivolumab (;wgi-0301,nivolumab (;wgi-0301,AKT1,Small Molecule,biomarker,0,1,0,0,1,1,0
NCT07495579,Lenvatinib or Regorafenib for Advanced Hepatocellular Carcinoma After Immunotherapy (REVIVE),PHASE2,Phase 2,NOT_YET_RECRUITING,146,Asan Medical Center,Asan Medical Center,44,0,0,multi_experimental,3,,lenvatinib;regorafenib,VEGF/VEGFR,Small Molecule,PD-L1,0,1,0,0,1,0,0
NCT07500220,Dual-Target GPC3/B7-H3 CAR-NK Cells for Advanced HCC,PHASE1;PHASE2,Phase 2,RECRUITING,30,Beijing Biotech,Beijing Biotech,30,1,0,single_arm,1,cyclophosphamide;eb-g3b7-nk dual-target car-nk cells;fludarabine,cyclophosphamide;eb-g3b7-nk dual-target car-nk cells;fludarabine,GPC3,Cell Therapy,GPC3,1,1,0,0,0,0,0
NCT07511504,"Y-90 Radioembolization, Durvalumab, Tremelimumab, and Zanzalintinib for the Treatment of Unresectable and Locally-Advanced Hepatocellular Carcinoma",PHASE2,Phase 2,NOT_YET_RECRUITING,40,OHSU Knight Cancer Institute,OHSU Knight Cancer Institute,48,0,0,single_arm,1,angiogram;biopsy procedure;biospecimen collection;computed tomography;durvalumab;magnetic resonance imaging;single photon emission computed tomography;tremelimumab;yttrium-90 microsphere radioembolization;zanzalintinib,angiogram;biopsy procedure;biospecimen collection;computed tomography;durvalumab;magnetic resonance imaging;single photon emission computed tomography;tremelimumab;yttrium-90 microsphere radioembolization;zanzalintinib,PD-L1,Monoclonal Antibody,EGFR;MET;PD-L1;biomarker;biomarker analysis,1,1,0,1,0,1,1
NCT07514429,Regorafenib After Failure of Lenvatinib in Patients With Unresectable HCC: The RELEVANT-HCC Trial,PHASE2,Phase 2,NOT_YET_RECRUITING,24,Ju Hyun Shim,Ju Hyun Shim,2,0,0,single_arm,1,regorafenib (bay 73-4506),regorafenib (bay 73-4506),VEGF/VEGFR,Small Molecule,KRAS,0,1,0,0,0,0,0
NCT07514455,Regorafenib After Treatment Failure of First Line Immune Checkpoint Inhibitor Treatment in Advanced Hepatocellular Carcinoma Patients,PHASE2,Phase 2,NOT_YET_RECRUITING,20,Ju Hyun Shim,Ju Hyun Shim,2,0,0,single_arm,1,regorafenib (bay 73-4506),regorafenib (bay 73-4506),VEGF/VEGFR,Small Molecule,KRAS,0,1,0,0,1,0,0
NCT07521852,"A Phase IIa, Single-arm, Open-label Clinical Study to Evaluate the Efficacy, Safety and PK of CVM-1118 in Combination With Sintilimab and TACE in Participants With Incurable/Non-metastatic HCC",PHASE2,Phase 2,RECRUITING,40,"TaiRx, Inc.",TaiRx,8,1,0,single_arm,1,cvm-1118 + sintilimab + tace,cvm-1118 + sintilimab + tace,PD-1,Monoclonal Antibody,PD-L1,1,1,0,1,0,1,1
NCT07522476,A Clinical Study to Evaluate the Efficacy and Safety of VG2025 in Intrahepatic Cholangiocarcinoma,PHASE2,Phase 2,NOT_YET_RECRUITING,30,Virogin Biotech Ltd.,Virogin Biotech,2,1,0,single_arm,1,vg2025,vg2025,,Oncolytic Virus,,1,1,0,0,0,0,0
NCT07540832,A Study of WGI-0301 Plus Lenvatinib in Patients With Advanced HCC,PHASE1;PHASE2,Phase 2,NOT_YET_RECRUITING,80,"Zhejiang Haichang Biotech Co., Ltd.",Zhejiang Haichang Biotech,4,1,0,active_comparator,3,lenvatinb,lenvatinb;wgi-0301,AKT1,Small Molecule,PD-L1;biomarker,0,1,0,1,1,1,1
NCT07543783,Efficacy and Safety of Low-dose Bevacizumab Plus Adebrelimab Combined With Transarterial Chemoembolization Followed by Hepatic Arterial Infusion Chemotherapy (TACE-HAIC) as First-line Treatment for Unresectable Hepatocellular Carcinoma: A Single-arm Phase 2 Trial,PHASE2,Phase 2,NOT_YET_RECRUITING,38,"Third Affiliated Hospital, Sun Yat-Sen University","Third Affiliated Hospital, Sun Yat-Sen University",2,0,0,single_arm,1,adebrelimab;folfox);hepatic arterial infusion chemotherapy (haic;low-dose bevacizumab;transarterial chemoembolization (tace),adebrelimab;folfox);hepatic arterial infusion chemotherapy (haic;low-dose bevacizumab;transarterial chemoembolization (tace),PD-1,Monoclonal Antibody,PD-L1,1,1,0,0,0,1,0
NCT07547553,A Phase Ib/II Trial to Evaluate the Efficacy and Safety of HH-009 for the Treatment of FGF19-positive Advanced or Unresectable HCC,PHASE1;PHASE2,Phase 2,RECRUITING,30,Huahui Health,Huahui Health,3,1,0,multi_experimental,2,q3w;will receive hh-009 injection,q3w;will receive hh-009 injection,FGF19,Monoclonal Antibody,FGF19;biomarker,1,1,0,0,0,0,0
NCT07551778,Allogeneic NK Cell Therapy Combined With Standard Maintenance Treatment in Advanced Solid Tumors,PHASE1;PHASE2,Phase 2,NOT_YET_RECRUITING,42,"BOE Technology Group Co., Ltd.",BOE Technology,2,1,0,multi_experimental,5,nk cells,nk cells;nk cells + cetuximab/bevacizumab + capecitabine as first-line maintenance therapy;nk cells + pd-(l)1 inhibitor + capecitabine or s-1 as first-line maintenance therapy;nk cells + pd-(l)1 inhibitor + pemetrexed as first-line maintenance therapy;nk cells + pd-(l)1 inhibitor + vegf inhibitor as first-line maintenance therapy,VEGF/VEGFR,Cell Therapy,ALK;BRAF;HER2;KRAS;PR;ROS1,1,1,0,0,1,0,0
NCT07558200,Phase Ia/Ib Study of FXB0871 Monotherapy in Locally Advanced/Metastatic Solid Tumors,PHASE1,Phase 1,NOT_YET_RECRUITING,138,Shanghai Fosun Pharmaceutical Industrial Development Co. Ltd.,Shanghai Fosun Pharmaceutical Industrial Development,14,1,0,multi_experimental,4,,intervention1：fxb0871;intervention2：fxb0871;intervention3：fxb0871;intervention4：fxb0871,,Cell Therapy,,1,1,0,0,0,0,0
NCT07559474,A Study to Assess the Safety and Pharmacokinetics of INCB123667 When Administered Orally to Adult Participants With Moderate or Severe Hepatic Impairment,PHASE1,Phase 1,RECRUITING,16,Incyte Corporation,Incyte,162,1,0,multi_experimental,2,incb123667,incb123667,CCNE1,Small Molecule,Cyclin E1,0,1,0,0,0,0,0
NCT07582315,A Study Comparing BL-B01D1 With Treatment of Physician's Choice in Patients With Locally Advanced or Metastatic Biliary Tract Cancer After Failure of Platinum-based Chemotherapy(PANKU-BTC01),PHASE3,Phase 3,RECRUITING,538,"Sichuan Baili Pharmaceutical Co., Ltd.",Sichuan Baili Pharmaceutical,127,1,0,active_comparator,2,calcium levofolinate;capecitabine;fluorouracil;irinotecan hydrochloride;irinotecan hydrochloride liposome;oxaliplatin,bl-b01d1,EGFR,ADC,,1,1,0,0,0,0,0
NCT07583316,"A Phase 1 First-in-Human Study of CRPA1A2, a MAGE-A1/HLA-A*02:01 Bispecific T-Cell Engager, in Patients With Solid Tumors",PHASE1,Phase 1,NOT_YET_RECRUITING,192,"Corregene Biotechnology Co., Ltd",Corregene Biotechnology,4,1,0,multi_experimental,3,crpa1a2,crpa1a2,MAGE-A1,Bispecific Antibody,HLA-A*02:01;MAGE-A1;MET,1,1,0,0,0,0,0
NCT07589244,"A Study of VRT106, Combined With Camrelizumab, and Apatinib for Advanced HCC",PHASE2;PHASE3,Phase 3,RECRUITING,66,"Guangzhou Virotech Pharmaceutical Co., Ltd.",Guangzhou Virotech Pharmaceutical,6,1,0,active_comparator,3,investigator's choice of standard of care,vrt106;vrt106 in combination with camrelizumab and apatinib,,Oncolytic Virus,,1,1,0,0,0,0,0
NCT07594964,"To Evaluate the Safety, Tolerability, and Preliminary Efficacy of XH001 Injection as Adjuvant Therapy in Patients With High-risk Recurrent Solid Tumors",PHASE1,Phase 1,RECRUITING,48,Shenzhen Xinhe Biomedical,Shenzhen Xinhe Biomedical,1,1,0,single_arm,1,mfolfirinox treatment;xh001 injection,mfolfirinox treatment;xh001 injection,,Vaccine,,1,1,0,0,0,0,0
NCT07595237,A IIT Study of 177Lu-DOTA-SNA040,EARLY_PHASE1,Phase 1,RECRUITING,12,SmartNuclide Biopharma,SmartNuclide Biopharma,8,1,0,multi_experimental,4,177lu-dota-sna040,177lu-dota-sna040,CLDN18.2,Radiopharmaceutical,Claudin 18.2,0,1,0,0,1,0,0
NCT07606599,A Study of BL-M07D1 Versus Physician's Choice of Chemotherapy in Patients With HER2-expressing Locally Advanced or Metastatic Biliary Tract Cancer After Platinum-containing Chemotherapy Failure,PHASE3,Phase 3,RECRUITING,398,"Sichuan Baili Pharmaceutical Co., Ltd.",Sichuan Baili Pharmaceutical,127,1,0,active_comparator,2,calcium levofolinate;capecitabine tablets;fluorouracil;irinotecan hydrochloride;irinotecan hydrochloride liposome;oxaliplatin,bl-m07d1,HER2,ADC,HER2,1,1,0,0,0,1,0
NCT07610798,"A Study to Evaluate the Safety, Tolerability, Pharmacokinetics, and Preliminary Antitumor Activity of INV-8989 in Patients With Advanced Solid Tumors Harboring KRAS G12D Mutations",PHASE1;PHASE2,Phase 2,RECRUITING,178,"Shenzhen Ionova Life Sciences Co., Ltd.",Shenzhen Ionova Life Sciences,4,1,0,multi_experimental,14,inv-8989,inv-8989,KRAS,Small Molecule,KRAS,0,1,0,0,0,0,0
NCT07620574,Long-Term Extension Study for Participants Previously Enrolled in an Exelixis-Sponsored Study,PHASE3,Phase 3,ENROLLING_BY_INVITATION,5000,Exelixis,Exelixis,52,1,1,single_arm,1,abiraterone;atezolizumab;cabozantinib;enzalutamide;nivolumab;zanzalintinib,abiraterone;atezolizumab;cabozantinib;enzalutamide;nivolumab;zanzalintinib,MET,Small Molecule,MET;PD-L1,0,1,0,0,0,0,0
NCT07623369,A First-in-Human Study of HH160 in Participants With Advanced or Metastatic Solid Tumors,PHASE1,Phase 1,RECRUITING,299,Huahui Health,Huahui Health,3,1,0,multi_experimental,3,hh160,hh160,PD-1,Bispecific Antibody,,1,1,0,0,0,0,0
NCT07623642,"A Phase II Study of GV20-0251 in Combination With Anti-PD-1 Monoclonal Antibodies in Patients With Unresectable, Locally Advanced, or Metastatic Solid Tumors.",PHASE2,Phase 2,NOT_YET_RECRUITING,227,GV20 Therapeutics,GV20 Therapeutics,3,1,0,single_arm,1,anti-pd-1 monoclonal antibodies;gv20-0251,anti-pd-1 monoclonal antibodies;gv20-0251,IGSF8,Monoclonal Antibody,IGSF8 RNA;IGSF8 membrane protein;PD-L1,1,1,0,1,1,0,1
NCT07635290,Anlotinib+Cadonilimab+PULSAR in Advanced Biliary Tract Cancer,PHASE2,Phase 2,ACTIVE_NOT_RECRUITING,26,West China Hospital,West China Hospital,11,0,0,single_arm,1,anlotinib + cadonilimab;pulsar,anlotinib + cadonilimab;pulsar,,Monoclonal Antibody,,1,1,0,0,0,0,0
NCT07636785,A Phase 1 and 2 Study of VMD-102 in Hepatocellular Carcinoma and Other Solid Tumors,PHASE1;PHASE2,Phase 2,RECRUITING,111,"VM Discovery, Inc.",VM Discovery,1,1,0,single_arm,1,vmd-102,vmd-102,,,biomarker,0,1,0,0,0,1,0
NCT07641036,Dual-Target HER2/CEA CAR-NK Cells in Advanced Biliary Tract Cancer,PHASE1;PHASE2,Phase 2,RECRUITING,30,Beijing Biotech,Beijing Biotech,30,1,0,single_arm,1,cyclophosphamide;eb-hc01 dual-target carnk cells;fludarabine,cyclophosphamide;eb-hc01 dual-target carnk cells;fludarabine,HER2,Cell Therapy,HER2;biomarker;biomarker-selected,1,1,0,0,0,1,0
NCT07657416,NK521 in the Treatment of Advanced Solid Tumors,EARLY_PHASE1,Phase 1,NOT_YET_RECRUITING,18,"Base Therapeutics (Shanghai) Co., Ltd.",Base Therapeutics (Shanghai),8,1,0,multi_experimental,2,nk521 cell injection,nk521 cell injection,,Cell Therapy,,1,1,0,0,0,1,0
NCT07663487,A Study Evaluating the Safety and Efficacy of Selective Internal Radiation Therapy (SIRT) Using SIR-Spheres® Y-90 Resin Microspheres to Bridge or Downstage Patients With Hepatocellular Carcinoma (HCC) to Liver Transplant or Resection and Elicit Pathologic Necrosis.,PHASE2,Phase 2,NOT_YET_RECRUITING,78,Sirtex Medical,Sirtex Medical,9,1,0,single_arm,1,device: sir-spheres selectively delivered to liver tumor,device: sir-spheres selectively delivered to liver tumor,,,,0,1,1,0,1,1,1
NCT07682272,A Trial of SHR-8068 Combined With Adebrelimab and Apatinib in Perioperative Treatment of Resectable Hepatocellular Carcinoma,PHASE2,Phase 2,NOT_YET_RECRUITING,120,"Suzhou Suncadia Biopharmaceuticals Co., Ltd.",Suzhou Suncadia Biopharmaceuticals,86,1,0,active_comparator,2,adebrelimab injection;apatinib mesylate tablets,adebrelimab injection;apatinib mesylate tablets;shr-8068 injection,PD-L1,Monoclonal Antibody,PD-L1,1,1,0,0,0,0,0
NCT07691762,"A Study of TACE in Combination With SHR-8068, Adebrelimab, and Bevacizumab Versus TACE in Participants With Incurable Hepatocellular Carcinoma",PHASE3,Phase 3,NOT_YET_RECRUITING,690,"Suzhou Suncadia Biopharmaceuticals Co., Ltd.",Suzhou Suncadia Biopharmaceuticals,86,1,0,active_comparator,3,shr-8068 placebo+ adebrelimab placebo+ bevacizumab placebo,shr-8068 placebo +adebrelimab+ bevacizumab;shr-8068+ adebrelimab+ bevacizumab,VEGF/VEGFR,Monoclonal Antibody,,1,1,0,0,0,0,0
NCT07701122,Sacituzumab Tirumotecan in Previously Treated TROP2-Positive Advanced Biliary Tract Cancer,PHASE2,Phase 2,NOT_YET_RECRUITING,33,"Union Hospital, Tongji Medical College, Huazhong University of Science and Technology","Union Hospital, Tongji Medical College, Huazhong University of Science and Technology",29,0,0,single_arm,1,sacituzumab tirumotecan (skb264),sacituzumab tirumotecan (skb264),TROP2,ADC,TROP2,1,1,0,0,0,1,0
NCT07709299,Safety and Feasibility of CIK Cell Therapy in HCC After Tumor Resection,EARLY_PHASE1,Phase 1,NOT_YET_RECRUITING,6,Royan Institute,Royan Institute,1,0,0,single_arm,1,autologous cytokine-induced killer (cik) cells,autologous cytokine-induced killer (cik) cells,,,,0,1,0,0,0,0,0
NCT07710885,Futibatinib (TAS-120) in Patients With Advanced Biliary Tract Cancer,PHASE3,Phase 3,RECRUITING,784,"Taiho Pharmaceutical Co., Ltd.",Taiho,86,1,0,active_comparator,2,cisplatin;durvalumab;gemcitabine;pembrolizumab,cisplatin;futibatinib;gemcitabine;zimberelimab,FGFR2,Small Molecule,FGFR2;PD-L1;biomarker;biomarker analysis,0,1,0,1,0,0,1
NCT07713290,A Phase 1b Study of GKL-006 Injection in Patients With Unresectable Hepatocellular Carcinoma,PHASE1,Phase 1,ACTIVE_NOT_RECRUITING,6,"Beijing Gene Key Life Technology Co., Ltd",Beijing Gene Key Life Technology,4,1,0,single_arm,1,gkl-006 injection;transarterial chemoembolization (tace),gkl-006 injection;transarterial chemoembolization (tace),,Cell Therapy,,1,1,0,0,0,0,0
NCT07723534,Zolbetuximab With mFOLFOX6 or CAPOX in Claudin 18.2 Overexpressed Advanced or Metastatic Biliary Tract Cancers,PHASE2,Phase 2,NOT_YET_RECRUITING,32,Midhun Malla,Midhun Malla,1,0,1,single_arm,1,CAPOX;FOLFOX;zolbetuximab,CAPOX;FOLFOX;zolbetuximab,CLDN18.2,Monoclonal Antibody,CLDN18.2;HER2;PD-L1,1,1,0,0,0,0,0
NCT07738939,IKS04 Regimen in Advanced Solid Tumors That Express CA242,PHASE1,Phase 1,NOT_YET_RECRUITING,120,Iksuda Therapeutics Ltd.,Iksuda Therapeutics,3,1,0,multi_experimental,5,iks04 antibody drug conjugate adc + isumab04 monoclonal antibody,iks04 antibody drug conjugate adc + isumab04 monoclonal antibody,,ADC,,1,1,0,0,0,0,0
NCT07761286,Evaluate the Safety and Efficacy of Combination Therapy With SYS6090 Injection for Hepatocellular Carcinoma,PHASE1;PHASE2,Phase 2,NOT_YET_RECRUITING,288,"CSPC Megalith Biopharmaceutical Co.,Ltd.",CSPC Megalith Biopharmaceutical,29,1,0,multi_experimental,3,,bevacizumab injection + sintilimab injection;sys6090 injection + bevacizumab injection;sys6090 injection +sys6043 injection +bevacizumab injection,VEGF/VEGFR,Monoclonal Antibody,,1,1,0,0,0,1,0
NCT07766187,Combination Therapy Using Durvalumab and Histotripsy for Treatment of Intrahepatic Cholangiocarcinoma,PHASE2,Phase 2,NOT_YET_RECRUITING,12,"University of Wisconsin, Madison","University of Wisconsin, Madison",61,0,0,single_arm,1,biopsy;device: histotripsy;durvalumab,biopsy;device: histotripsy;durvalumab,PD-L1,Monoclonal Antibody,EGFR,1,1,0,0,1,0,0
NCT07776080,"Iparomlimab and Tuvonralimab With Lenvatinib, Radiotherapy, and HAIC for Hepatocellular Carcinoma With Portal Vein Tumor Thrombus",PHASE2,Phase 2,RECRUITING,35,"Union Hospital, Tongji Medical College, Huazhong University of Science and Technology","Union Hospital, Tongji Medical College, Huazhong University of Science and Technology",29,0,0,single_arm,1,hepatic arterial infusion chemotherapy (haic);iparomlimab and tuvonralimab (ql1706);lenvatinib;radiotherapy,hepatic arterial infusion chemotherapy (haic);iparomlimab and tuvonralimab (ql1706);lenvatinib;radiotherapy,LAG-3,Monoclonal Antibody,PD-L1,1,1,0,0,0,0,0
NCT07780838,Alternating Chemo-immunotherapy and FGFR Inhibitor for FGFR-positive Biliary or Cholangiocarcinoma,PHASE2,Phase 2,RECRUITING,29,Ohio State University Comprehensive Cancer Center,Ohio State University Comprehensive Cancer Center,35,0,0,single_arm,1,biospecimen collection;cisplatin;computed tomography;durvalumab;gemcitabine;magnetic resonance imaging;pemigatinib;survey administration,biospecimen collection;cisplatin;computed tomography;durvalumab;gemcitabine;magnetic resonance imaging;pemigatinib;survey administration,PD-L1,Monoclonal Antibody,EGFR,1,1,0,0,0,0,0
NCT07781852,Evaluation of the Distribution of 64Cu/68Ga Labeled CM500 in Healthy Volunteers and Patients With Cancer,EARLY_PHASE1,Phase 1,NOT_YET_RECRUITING,40,Lumina Pharmaceuticals Inc,Lumina Pharmaceuticals,1,1,0,active_comparator,4,[64cu]cm500;[68ga]cm500;blood collection;device: pet/ct;device: pet/mr,[64cu]cm500;[68ga]cm500;blood collection;device: pet/ct;device: pet/mr,,Peptide,,0,1,0,0,0,0,0
NCT07793253,Phase 2 Study of Daraxonrasib in Recurrent KRAS-Mutant Biliary Tract Cancer,PHASE2,Phase 2,NOT_YET_RECRUITING,55,Sidney Kimmel Comprehensive Cancer Center at Johns Hopkins,Sidney Kimmel Comprehensive Cancer Center at Johns Hopkins,160,0,0,single_arm,1,daraxonrasib,daraxonrasib,KRAS,Small Molecule,KRAS,0,1,0,0,0,0,0
NCT07807956,"A Study to Assess Adverse Events, Change in Disease Activity and How Intravenous ABBV-253 Moves Through the Body in Adult Participants With Advanced Solid Tumors",PHASE1,Phase 1,NOT_YET_RECRUITING,130,AbbVie,AbbVie,274,1,1,multi_experimental,4,abbv-253,abbv-253,,,,0,1,0,0,0,0,0
NCT07812805,SKL35501 With SKL35502 Imaging in Adults With NTSR1 Positive Advanced Solid Tumors,PHASE1,Phase 1,RECRUITING,100,"SK Life Science, Inc.",SK Life Science,2,1,0,multi_experimental,2,diagnostic test: skl35502;skl35501,diagnostic test: skl35502;skl35501,,Small Molecule,MSI;MSI-H;dMMR,0,1,0,0,0,1,0
NCT07813572,ZG005 Plus Bevacizumab vs Sintilimab Plus Bevacizumab as First-Line Therapy for Advanced Hepatocellular,PHASE3,Phase 3,NOT_YET_RECRUITING,600,"Suzhou Zelgen Biopharmaceuticals Co.,Ltd",Suzhou Zelgen Biopharmaceuticals,49,1,0,active_comparator,2,bevacizumab;sintilimab,bevacizumab ( avastin);zg005 for injection,PD-1,Monoclonal Antibody,PD-L1,1,1,0,0,0,0,0
