nct_id,brief_title,phase,phase_simple,overall_status,enrollment,lead_sponsor,company,sponsor_scale,is_industry,is_big_pharma,arm_structure,n_arms,comparator_B,experimental_A,targets,modalities,biomarkers_pipeline,tme_relevant,is_combination,HR/ER,HER2,PD-L1,BRCA/HRD,PIK3CA,first_line,later_line,biomarker_selected,biomarker_detail,elig_summary
NCT00099437,Comparison of Fulvestrant (FASLODEX™) 250 mg and 500 mg in Postmenopausal Women With Oestrogen Receptor Positive Advanced Breast Cancer Progressing or Relapsing After Previous Endocrine Therapy.,PHASE3,Phase 3,ACTIVE_NOT_RECRUITING,736,AstraZeneca,AstraZeneca,780,1,1,multi_experimental,2,fulvestrant,fulvestrant,ER,Small Molecule,ER,0,1,1,0,0,0,0,0,0,1,HR+,advanced
NCT00248287,PhII ICb With/Without Erbitux in MBC Pts,PHASE2,Phase 2,ACTIVE_NOT_RECRUITING,154,US Oncology Research,US Oncology Research,24,1,1,active_comparator,2,irinotecan + carboplatin,irinotecan + carboplatin + erbitux,EGFR,Small Molecule,EGFR;ER;HER2;PR;molecular profiling,0,1,0,1,0,0,0,1,0,1,HER2+,metastatic · 1st-line · measurable (RECIST)
NCT00999804,Extension Study of Lapatinib Plus Herceptin With or Without Endocrine Therapy,PHASE2,Phase 2,ACTIVE_NOT_RECRUITING,128,Baylor Breast Care Center,Baylor Breast Care Center,6,0,1,active_comparator,2,lapatinib;letrozole;trastuzumab,lapatinib;letrozole;trastuzumab,HER2,Small Molecule,ER;HER2,0,1,0,1,0,0,0,0,0,1,HER2+,locally advanced · squamous · ECOG 0-1
NCT01273610,Tolerability of the Combination of Lapatinib and Trastuzumab in Adults Age 60 or Older With HER2 Positive Locally Advanced or Metastatic Breast Cancer,PHASE2,Phase 2,ACTIVE_NOT_RECRUITING,40,City of Hope Medical Center,City of Hope Medical Center,13,0,1,single_arm,1,laboratory biomarker analysis;lapatinib;pharmacological study;trastuzumab,laboratory biomarker analysis;lapatinib;pharmacological study;trastuzumab,HER2,Small Molecule,HER2,0,1,0,1,0,0,0,0,0,1,HER2+,metastatic · measurable (RECIST)
NCT01366144,"Veliparib, Paclitaxel, and Carboplatin in Treating Patients With Solid Tumors That Are Metastatic or Cannot Be Removed by Surgery and Liver or Kidney Dysfunction",PHASE1,Phase 1,ACTIVE_NOT_RECRUITING,94,National Cancer Institute (NCI),National Cancer Institute (NCI),18,0,0,single_arm,1,carboplatin;laboratory biomarker analysis;paclitaxel;pharmacological study;veliparib,carboplatin;laboratory biomarker analysis;paclitaxel;pharmacological study;veliparib,PARP,Small Molecule,BRCA1;BRCA2,0,1,0,0,0,0,0,0,0,0,,metastatic
NCT01723774,PD 0332991 and Anastrozole for Stage 2 or 3 Estrogen Receptor Positive and HER2 Negative Breast Cancer,PHASE2,Phase 2,ACTIVE_NOT_RECRUITING,84,Washington University School of Medicine,Washington University School of Medicine,178,0,1,multi_experimental,3,anastrozole;goserelin;pd0332991;surgery (standard of care);tumor biopsy,anastrozole;goserelin;pd0332991;surgery (standard of care);tumor biopsy,CDK4/6,Small Molecule,ER;HER2;MET,0,1,1,1,0,0,1,0,0,1,"HR+, HER2+, PIK3CAm",metastatic
NCT01872260,"Study of LEE011, BYL719 and Letrozole in Advanced ER+ Breast Cancer",PHASE1;PHASE2,Phase 2,ACTIVE_NOT_RECRUITING,259,Novartis Pharmaceuticals,Novartis,836,1,1,multi_experimental,4,letrozole,byl719;lee011;letrozole,CDK4/6,Small Molecule,ER;HER2,0,1,0,1,0,0,0,0,0,1,HER2+,metastatic
NCT01898117,Triple-B Study;Carboplatin-cyclophosphamide Versus Paclitaxel With or Without Atezolizumab as First-line Treatment in Advanced Triple Negative Breast Cancer,PHASE2,Phase 2,ACTIVE_NOT_RECRUITING,304,The Netherlands Cancer Institute,The Netherlands Cancer Institute,72,0,1,active_comparator,4,carbo/cyclo;carbo/cyclo + atezolizumab;paclitaxel;paclitaxel + atezolizumab,,PD-L1,Monoclonal Antibody,ER;HER2;PD-L1,1,1,1,1,0,1,0,0,0,1,"HR+, HER2+, BRCA/HRD+",metastatic · measurable (RECIST)
NCT01937117,Pertuzumab and Trastuzumab as Neoadjuvant Treatment in Patients With HER2-Positive Breast Cancer,PHASE2,Phase 2,ACTIVE_NOT_RECRUITING,88,Sidney Kimmel Comprehensive Cancer Center at Johns Hopkins,Sidney Kimmel Comprehensive Cancer Center at Johns Hopkins,160,0,1,single_arm,1,pertuzumab;positron emission tomography (pet);trastuzumab,pertuzumab;positron emission tomography (pet);trastuzumab,HER2,Monoclonal Antibody,ER;HER2;PR,1,1,1,1,0,0,0,0,0,1,"HR+, HER2+",squamous
NCT01992952,Fulvestrant +/- Akt Inhibition in Advanced Aromatase Inhibitor Resistant Breast Cancer,PHASE1;PHASE2,Phase 2,ACTIVE_NOT_RECRUITING,149,Velindre NHS Trust,Velindre NHS Trust,2,0,1,active_comparator,2,fulvestrant,azd5363;fulvestrant,AKT1,Small Molecule,ER,0,1,1,0,0,0,1,0,1,1,"HR+, PIK3CAm",metastatic · 2nd-line+ · measurable (RECIST)
NCT01996267,"Neoadjuvant Chemotherapy in HER2 Positive Breast Cancer, TRAIN-2",PHASE3,Phase 3,ACTIVE_NOT_RECRUITING,437,The Netherlands Cancer Institute,The Netherlands Cancer Institute,72,0,1,active_comparator,2,fec-t+pertuzumab;ptc+pertuzumab,,HER2,Monoclonal Antibody,HER2,1,1,0,1,0,0,0,0,0,1,HER2+,metastatic
NCT02032823,Olaparib as Adjuvant Treatment in Patients With Germline BRCA Mutated High Risk HER2 Negative Primary Breast Cancer,PHASE3,Phase 3,ACTIVE_NOT_RECRUITING,1837,AstraZeneca,AstraZeneca,780,1,1,placebo_comparator,2,,olaparib,PARP,Small Molecule,BRCA1;BRCA2;ER;HER2,0,0,1,1,0,0,0,0,0,1,"HR+, HER2+",metastatic · adenoca. · ECOG 0-1
NCT02057133,A Study of LY2835219 (Abemaciclib) in Combination With Therapies for Breast Cancer That Has Spread,PHASE1,Phase 1,ACTIVE_NOT_RECRUITING,198,Eli Lilly and Company,Eli Lilly,535,1,1,multi_experimental,13,ly2835219,anastrozole;endocrine therapy;everolimus;exemestane;fulvestrant;letrozole;ly2835219;ly3023414;pertuzumab;tamoxifen;trastuzumab,CDK4/6,Small Molecule,ER;HER2;PR,0,1,1,1,0,0,0,0,0,1,"HR+, HER2+",metastatic · measurable (RECIST)
NCT02107703,A Study of Abemaciclib (LY2835219) Combined With Fulvestrant in Women With Hormone Receptor Positive HER2 Negative Breast Cancer,PHASE3,Phase 3,ACTIVE_NOT_RECRUITING,669,Eli Lilly and Company,Eli Lilly,535,1,1,placebo_comparator,2,fulvestrant,abemaciclib;fulvestrant,CDK4/6,Small Molecule,ER;HER2;HR,0,1,1,1,0,0,0,1,1,1,"HR+, HER2+",metastatic · 1st-line · measurable (RECIST)
NCT02246621,A Study of Nonsteroidal Aromatase Inhibitors Plus Abemaciclib (LY2835219) in Postmenopausal Women With Breast Cancer,PHASE3,Phase 3,ACTIVE_NOT_RECRUITING,493,Eli Lilly and Company,Eli Lilly,535,1,1,placebo_comparator,2,anastrozole;letrozole,abemaciclib;anastrozole;letrozole,CDK4/6,Small Molecule,ER;HER2,0,1,1,1,0,0,0,0,0,1,"HR+, HER2−",metastatic · measurable (RECIST)
NCT02299999,SAFIR02_Breast - Efficacy of Genome Analysis as a Therapeutic Decision Tool for Patients With Metastatic Breast Cancer,PHASE2,Phase 2,ACTIVE_NOT_RECRUITING,1460,UNICANCER,UNICANCER,64,0,1,active_comparator,4,anthracyclines;bevacizumab;cyclophosphamide;dna intercalators;eribulin;methotrexate;mitomycin c;platinum based chemotherapies;taxanes;vinca alkaloids,azd2014;azd4547;azd5363;azd8931;bicalutamide;medi4736;olaparib;selumetinib;vandetanib,CDK4/6,Small Molecule,ER;HER2;PD-L1;PR;genomic,0,1,1,1,1,0,0,0,1,1,"HR+, HER2+, PD-L1+",metastatic · 2nd-line+ · measurable (RECIST)
NCT02326974,T-DM1+Pertuzumab in Pre-OP Early-Stage HER2+ BRCA,PHASE2,Phase 2,ACTIVE_NOT_RECRUITING,164,Dana-Farber Cancer Institute,Dana-Farber Cancer Institute,326,0,1,single_arm,1,excision of tumor/mastectomy;pertuzumab;t-dm1,excision of tumor/mastectomy;pertuzumab;t-dm1,HER2,ADC,ER;HER2;PR,1,1,1,1,0,0,0,0,0,1,"HR+, HER2+",metastatic
NCT02393794,Cisplatin Plus Romidepsin & Nivolumab in Locally Recurrent or Metastatic Triple Negative Breast Cancer (TNBC),PHASE1;PHASE2,Phase 2,ACTIVE_NOT_RECRUITING,51,Priyanka Sharma,Priyanka Sharma,2,0,1,multi_experimental,4,cisplatin;romidepsin,cisplatin;nivolumab;romidepsin,PD-1,Monoclonal Antibody,CD30;PD-L1,1,1,0,0,1,1,0,0,1,1,"PD-L1+, BRCA/HRD+",metastatic · 2nd-line+ · squamous
NCT02414269,Malignant Pleural Disease Treated With Autologous T Cells Genetically Engineered to Target the Cancer-Cell Surface Antigen Mesothelin,PHASE1;PHASE2,Phase 2,ACTIVE_NOT_RECRUITING,113,Memorial Sloan Kettering Cancer Center,Memorial Sloan Kettering Cancer Center,411,0,0,multi_experimental,3,,cyclophosphamide;icasp9m28z t cell infusions;pembrolizumab,PD-1,Monoclonal Antibody,MET;PD-L1,1,1,0,0,1,0,0,0,1,1,PD-L1+,metastatic · 2nd-line+ · small-cell
NCT02476786,Endocrine Treatment Alone for Elderly Patients With Estrogen Receptor Positive Operable Breast Cancer and Low Recurrence Score,PHASE2,Phase 2,RECRUITING,50,Washington University School of Medicine,Washington University School of Medicine,178,0,0,single_arm,1,anastrozole;archived tissue collection;behavioral: fact-b;exemestane;fulvestrant;goserelin;tamoxifen,anastrozole;archived tissue collection;behavioral: fact-b;exemestane;fulvestrant;goserelin;tamoxifen,GnRH,Peptide,ER;HER2,0,1,1,1,0,0,0,0,0,1,"HR+, HER2+",measurable (RECIST)
NCT02498613,A Phase 2 Study of Cediranib in Combination With Olaparib in Advanced Solid Tumors,PHASE2,Phase 2,ACTIVE_NOT_RECRUITING,122,National Cancer Institute (NCI),National Cancer Institute (NCI),18,0,1,single_arm,1,18f-fluoromisonidazole;cediranib maleate;laboratory biomarker analysis;olaparib;positron emission tomography,18f-fluoromisonidazole;cediranib maleate;laboratory biomarker analysis;olaparib;positron emission tomography,PARP,Small Molecule,ALK;BRCA1;BRCA2;ER;HER2;MET;PD-L1;PR,0,1,1,1,1,0,0,0,0,1,"HR+, HER2+, PD-L1+",metastatic · adenoca. · measurable (RECIST)
NCT02513394,PALbociclib CoLlaborative Adjuvant Study,PHASE3,Phase 3,ACTIVE_NOT_RECRUITING,5796,"Alliance Foundation Trials, LLC.","Alliance Foundation Trials, LLC.",15,0,1,multi_experimental,2,palbociclib;standard adjuvant endocrine therapy,palbociclib;standard adjuvant endocrine therapy,CDK4/6,Small Molecule,ER;HER2;PR;genomic,0,1,1,1,0,0,0,0,0,1,"HR+, HER2+",adjuvant
NCT02562118,Neoadjuvant Lenvatinib Combined With Letrozole in Hormone Receptor Positive Breast Cancer,PHASE1;PHASE2,Phase 2,ACTIVE_NOT_RECRUITING,40,"National University Hospital, Singapore","National University Hospital, Singapore",22,0,0,single_arm,1,lenvatinib + letrozole,lenvatinib + letrozole,VEGF/VEGFR,Small Molecule,ER,0,1,0,0,0,0,0,0,1,0,,metastatic · 2nd-line+ · measurable (RECIST) · ECOG 0-1
NCT02568267,"Basket Study of Entrectinib (RXDX-101) for the Treatment of Patients With Solid Tumors Harboring NTRK 1/2/3 (Trk A/B/C), ROS1, or ALK Gene Rearrangements (Fusions)",PHASE2,Phase 2,ACTIVE_NOT_RECRUITING,534,Hoffmann-La Roche,Roche/Genentech,922,1,1,multi_experimental,9,entrectinib,entrectinib,ROS1,Small Molecule,ALK;NTRK;ROS1,0,1,0,0,0,0,0,0,0,0,,metastatic
NCT02605486,Palbociclib in Combination With Bicalutamide for the Treatment of AR(+) Metastatic Breast Cancer (MBC),PHASE1;PHASE2,Phase 2,ACTIVE_NOT_RECRUITING,46,Memorial Sloan Kettering Cancer Center,Memorial Sloan Kettering Cancer Center,411,0,1,single_arm,1,bicalutamide;palbociclib,bicalutamide;palbociclib,CDK4/6,Small Molecule,AR;ER;HER2;MET;PR,0,1,1,1,0,0,0,0,0,1,"HR+, HER2+",metastatic
NCT02623972,A Phase 2 Study of Eribulin Followed by AC as Preoperative Therapy for HER2-negative Inflammatory Breast Cancer,PHASE2,Phase 2,ACTIVE_NOT_RECRUITING,22,Dana-Farber Cancer Institute,Dana-Farber Cancer Institute,326,0,0,multi_experimental,2,adriamycin;cyclophosphamide;eribulin,adriamycin;cyclophosphamide;eribulin,Tubulin,Small Molecule,HER2,0,1,0,1,0,0,0,0,0,1,HER2+,metastatic · squamous
NCT02624973,PErsonalized TREatment of High-risk MAmmary Cancer - the PETREMAC Trial,PHASE2,Phase 2,ACTIVE_NOT_RECRUITING,200,Haukeland University Hospital,Haukeland University Hospital,3,0,1,multi_experimental,8,breast conserving surgery or mastectomy + snb/axillary dissection;postoperative radiotherapy breast/chest wall + regional lymph nodes,adjuvant epirubicin+ cyclophosphamide;adjuvant letrozole (postmenopausal women);adjuvant palbociclib (if palbociclib given neoadjuvant);adjuvant tamoxifen + goserelin (premenopausal women);adjuvant trastuzumab;breast conserving surgery or mastectomy + snb/axillary dissection;neoadjuvant cyclophosphamide (after 10 weeks of olaparib alone);neoadjuvant docetaxel;neoadjuvant docetaxel + cyclophosphamide;neoadjuvant docetaxel + cyclophosphamide + trastuzumab + pertuzumab;neoadjuvant docetaxel + trastuzumab + pertuzumab;neoadjuvant endocrine therapy + palbociclib (if lack of response to endocrine therapy alone);neoadjuvant letrozole (postmenopausal women);neoadjuvant olaparib;neoadjuvant tamoxifen + goserelin (premenopausal women);postoperative radiotherapy breast/chest wall + regional lymph nodes,HER2,Monoclonal Antibody,ALK;ER;HER2;genomic,1,1,1,1,0,0,0,1,0,1,"HR+, HER2+",metastatic · 1st-line · measurable (RECIST)
NCT02644369,Study of the Effects of Pembrolizumab in Patients With Advanced Solid Tumors,PHASE2,Phase 2,ACTIVE_NOT_RECRUITING,100,"University Health Network, Toronto","University Health Network, Toronto",91,0,1,single_arm,1,pembrolizumab,pembrolizumab,PD-1,Monoclonal Antibody,PD-L1;biomarker,1,1,0,0,1,0,0,0,0,1,PD-L1+,metastatic · squamous · measurable (RECIST)
NCT02653755,The PRECISION Trial (Profiling Early Breast Cancer for Radiotherapy Omission): A Phase II Study of Breast-Conserving Surgery Without Adjuvant Radiotherapy for Favorable-Risk Breast Cancer,PHASE2,Phase 2,ACTIVE_NOT_RECRUITING,671,Dana-Farber Cancer Institute,Dana-Farber Cancer Institute,326,0,0,active_comparator,2,device: prosigna,,,,ER;HER2;PR,0,0,1,1,0,0,0,0,0,1,"HR+, HER2+",adjuvant
NCT02712723,"Letrozole Plus Ribociclib or Placebo as Neo-adjuvant Therapy in ER-positive, HER2-negative Early Breast Cancer",PHASE2,Phase 2,ACTIVE_NOT_RECRUITING,121,Qamar Khan,Qamar Khan,2,0,1,active_comparator,3,letrozole,letrozole;ribociclib,CDK4/6,Small Molecule,ER;GRPR;HER2,0,1,1,1,0,0,0,0,0,1,"HR+, HER2−",metastatic · ECOG 0
NCT02734004,A Phase I/II Study of MEDI4736 in Combination With Olaparib in Patients With Advanced Solid Tumors.,PHASE1;PHASE2,Phase 2,ACTIVE_NOT_RECRUITING,264,AstraZeneca,AstraZeneca,780,1,1,multi_experimental,3,medi4736;olaparib,bevacizumab;medi4736;olaparib,PARP,Small Molecule,BRCA1;BRCA2;ER;HER2;PD-L1;PR,0,1,1,1,1,0,0,0,1,1,"HR+, HER2−, PD-L1+",metastatic · 2nd-line+ · adenoca. · measurable (RECIST)
NCT02734290,Standard of Care Chemotherapy Plus Pembrolizumab for Breast Cancer,PHASE1;PHASE2,Phase 2,ACTIVE_NOT_RECRUITING,29,Providence Health & Services,Providence Health & Services,30,0,1,multi_experimental,2,pembrolizumab,capecitabine;paclitaxel;pembrolizumab,PD-1,Monoclonal Antibody,ER;HER2;PD-L1;PR,1,1,1,1,1,0,0,0,1,1,"HR−, HER2−, PD-L1+",metastatic · 2nd-line+ · measurable (RECIST)
NCT02738866,Palbociclib With Fulvestrant for Metastatic Breast Cancer After Treatment With Palbociclib and an Aromatase Inhibitor,PHASE2,Phase 2,ACTIVE_NOT_RECRUITING,60,Sidney Kimmel Comprehensive Cancer Center at Johns Hopkins,Sidney Kimmel Comprehensive Cancer Center at Johns Hopkins,160,0,1,single_arm,1,fulvestrant;palbociclib,fulvestrant;palbociclib,CDK4/6,Small Molecule,ER;HER2;PR,0,1,0,1,0,0,0,0,0,1,HER2+,metastatic · squamous · measurable (RECIST)
NCT02747004,A Study of Abemaciclib (LY2835219) Plus Tamoxifen or Abemaciclib Alone in Women With Metastatic Breast Cancer,PHASE2,Phase 2,ACTIVE_NOT_RECRUITING,234,Eli Lilly and Company,Eli Lilly,535,1,1,multi_experimental,3,abemaciclib,abemaciclib;prophylactic loperamide;tamoxifen,CDK4/6,Small Molecule,ER;HER2,0,1,1,1,0,0,0,0,1,1,"HR+, HER2+",metastatic · 2nd-line+ · measurable (RECIST)
NCT02750358,Feasibility Study of Adjuvant Enzalutamide for the Treatment of Early Stage AR (+) Triple Negative Breast Cancer,PHASE2,Phase 2,ACTIVE_NOT_RECRUITING,50,Memorial Sloan Kettering Cancer Center,Memorial Sloan Kettering Cancer Center,411,0,1,single_arm,1,behavioral: assessment;enzalutamide,behavioral: assessment;enzalutamide,AR,Small Molecule,AR;ER;HER2;PR,0,1,1,1,0,0,0,0,0,1,"HR+, HER2+",metastatic
NCT02763566,A Study of Abemaciclib (LY2835219) in Participants With Breast Cancer,PHASE3,Phase 3,ACTIVE_NOT_RECRUITING,463,Eli Lilly and Company,Eli Lilly,535,1,1,multi_experimental,4,,abemaciclib;anastrozole;fulvestrant;letrozole,CDK4/6,Small Molecule,ER;HER2;HR,0,1,1,1,0,0,0,1,1,1,"HR+, HER2+",metastatic · 1st-line · measurable (RECIST)
NCT02764541,Palbociclib and Endocrine Therapy for LObular Breast Cancer Preoperative Study (PELOPS),PHASE2,Phase 2,ACTIVE_NOT_RECRUITING,195,Dana-Farber Cancer Institute,Dana-Farber Cancer Institute,326,0,1,multi_experimental,4,endocrine therapy,endocrine therapy;letrozole;palbociclib;tamoxifen,CDK4/6,Small Molecule,ER;HER2;PR,0,1,1,1,0,0,0,0,0,1,"HR+, HER2+",metastatic · ductal
NCT02779751,A Study of Abemaciclib (LY2835219) in Participants With Non-Small Cell Lung Cancer or Breast Cancer,PHASE1,Phase 1,ACTIVE_NOT_RECRUITING,100,Eli Lilly and Company,Eli Lilly,535,1,1,multi_experimental,4,abemaciclib;pembrolizumab,abemaciclib;anastrozole;pembrolizumab,ER,Small Molecule,ER;HER2;KRAS;PD-L1,0,1,1,1,1,0,0,0,0,1,"HR+, HER2+, PD-L1+",metastatic · squamous · measurable (RECIST)
NCT02802423,"Phase I/II, Evaluate the Safety and Efficacy of BLEX 404 With Docetaxel in Patients With Advanced/Metastatic Triple Negative Breast Cancer.",PHASE1;PHASE2,Phase 2,NOT_YET_RECRUITING,44,"BioLite, Inc.",BioLite,3,1,0,single_arm,1,blex 404 oral liquid,blex 404 oral liquid,,,ER;HER2;PR,0,1,1,1,0,0,0,0,0,1,"HR+, HER2−",metastatic
NCT02826434,Adjuvant PVX-410 Vaccine and Durvalumab in Stage II/III Triple Negative Breast Cancer,PHASE1,Phase 1,ACTIVE_NOT_RECRUITING,22,Massachusetts General Hospital,Massachusetts General Hospital,170,0,1,single_arm,1,durvalumab;hiltonol;pvx-410,durvalumab;hiltonol;pvx-410,PD-L1,Vaccine,ER;HER2;PD-L1;PR,1,1,1,1,1,0,0,0,0,1,"HR+, HER2−, PD-L1+",metastatic · ductal
NCT02876107,Carboplatin and Paclitaxel With or Without Panitumumab in Treating Patients With Invasive Triple Negative Breast Cancer,PHASE2,Phase 2,ACTIVE_NOT_RECRUITING,42,M.D. Anderson Cancer Center,M.D. Anderson Cancer Center,697,0,1,multi_experimental,2,carboplatin;laboratory biomarker analysis;paclitaxel,carboplatin;laboratory biomarker analysis;paclitaxel;panitumumab,EGFR,Monoclonal Antibody,ER;HER2;RAS,1,1,1,1,0,0,0,0,0,1,"HR+, HER2+",metastatic
NCT02918084,CONcurrent vs SEqueNTial Adjuvant Treatments in Early Breast Cancer,PHASE3,Phase 3,ACTIVE_NOT_RECRUITING,1000,"IRCCS Azienda Ospedaliera Universitaria San Martino - IST Istituto Nazionale per la Ricerca sul Cancro, Genoa, Italy","IRCCS Azienda Ospedaliera Universitaria San Martino - IST Istituto Nazionale per la Ricerca sul Cancro, Genoa, Italy",1,0,0,multi_experimental,2,anastrozole or letrozole or exemestane,anastrozole or letrozole or exemestane,CYP19A1,Small Molecule,ER;PR,0,1,1,0,0,0,0,0,0,1,HR+,metastatic · squamous
NCT02926690,Safety Study of MELK Inhibitor to Treat Patients With Advanced Breast Cancer and Triple Negative Breast Cancer,PHASE1,Phase 1,RECRUITING,70,"OncoTherapy Science, Inc.",OncoTherapy Science,4,1,0,single_arm,1,ots167po,ots167po,MELK,Small Molecule,ER;HER2;PR,0,1,1,1,0,0,0,1,1,1,"HR+, HER2−",metastatic · 1st-line · measurable (RECIST)
NCT02942355,Trial of Anastrozole and Palbociclib in Metastatic HER2-Negative Breast Cancer,PHASE2,Phase 2,ACTIVE_NOT_RECRUITING,40,Wake Forest University Health Sciences,Wake Forest University Health Sciences,31,0,1,multi_experimental,2,anastrozole;palbociclib,anastrozole;palbociclib,CDK4/6,Small Molecule,ER;HER2;PR,0,1,1,1,0,0,0,1,0,1,"HR+, HER2+",metastatic · 1st-line · measurable (RECIST)
NCT02947685,"Randomized, Open Label, Clinical Study of the Targeted Therapy, Palbociclib, to Treat Metastatic Breast Cancer",PHASE3,Phase 3,ACTIVE_NOT_RECRUITING,518,"Alliance Foundation Trials, LLC.","Alliance Foundation Trials, LLC.",15,0,1,active_comparator,2,anastrozole;exemestane;fulvestrant;letrozole;pertuzumab,anastrozole;exemestane;fulvestrant;letrozole;palbociclib;pertuzumab;trastuzumab,CDK4/6,Small Molecule,ER;HER2;PR,0,1,1,1,0,0,0,0,0,1,"HR+, HER2+",metastatic
NCT02955940,An Open-Label Study to Enable Continued Treatment Access for Subjects Previously Enrolled in Studies of Ruxolitinib,PHASE2,Phase 2,ACTIVE_NOT_RECRUITING,10,Incyte Corporation,Incyte,162,1,0,multi_experimental,3,,capecitabine;regorafenib;ruxolitinib,JAK1,Small Molecule,JAK2,0,1,0,0,0,0,0,0,0,0,,
NCT02957968,Neoadjuvant Pembrolizumab + Decitabine Followed by Std Neoadj Chemo for Locally Advanced HER2- Breast Ca,PHASE2,Phase 2,ACTIVE_NOT_RECRUITING,46,Virginia Commonwealth University,Virginia Commonwealth University,13,0,1,multi_experimental,3,cyclophosphamide;decitabine;doxorubicin;paclitaxel;pembrolizumab,carboplatin;cyclophosphamide;decitabine;doxorubicin;paclitaxel;pembrolizumab,PD-1,Monoclonal Antibody,ER;HER2;PD-L1,1,1,1,1,1,0,0,0,0,1,"HR+, HER2−, PD-L1+",metastatic · adenoca.
NCT03006172,"To Evaluate the Safety, Tolerability, and Pharmacokinetics of Inavolisib Single Agent in Participants With Solid Tumors and in Combination With Endocrine and Targeted Therapies in Participants With Breast Cancer",PHASE1,Phase 1,ACTIVE_NOT_RECRUITING,200,"Genentech, Inc.",Roche/Genentech,922,1,1,multi_experimental,9,inavolisib,fulvestrant;inavolisib;letrozole;metformin;palbociclib;pertuzumab;trastuzumab,PI3K,Small Molecule,8P;HER2,0,1,1,1,0,0,1,0,0,1,"HR+, HER2+, PIK3CAm",metastatic · measurable (RECIST)
NCT03090165,Ribociclib and Bicalutamide in AR+ TNBC,PHASE1;PHASE2,Phase 2,ACTIVE_NOT_RECRUITING,37,Kari Wisinski,Kari Wisinski,2,0,1,single_arm,1,bicalutamide;ribociclib,bicalutamide;ribociclib,CDK4/6,Small Molecule,AR;ER;GRPR;HER2;PD-L1;PR,0,1,0,1,1,0,0,0,0,1,"HER2+, PD-L1+",metastatic · squamous · measurable (RECIST)
NCT03125928,"Clinical Trial of Atezolizumab With Paclitaxel, Trastuzumab, and Pertuzumab in Patients With Metastatic HER-2 Positive Breast Cancer",PHASE2,Phase 2,ACTIVE_NOT_RECRUITING,16,Fox Chase Cancer Center,Fox Chase Cancer Center,34,0,1,single_arm,1,atezolizumab;paclitaxel;pertuzumab;trastuzumab,atezolizumab;paclitaxel;pertuzumab;trastuzumab,PD-L1,Monoclonal Antibody,CMMRD;ER;HER2;MSI-H;PR;TMB,1,1,1,1,0,0,0,0,1,1,"HR+, HER2+",metastatic · 2nd-line+ · measurable (RECIST)
NCT03147287,Palbociclib After CDK and Endocrine Therapy (PACE),PHASE2,Phase 2,ACTIVE_NOT_RECRUITING,220,Dana-Farber Cancer Institute,Dana-Farber Cancer Institute,326,0,1,active_comparator,3,fulvestrant,avelumab;fulvestrant;palbociclib,CDK4/6,Small Molecule,ER;HER2;PR,0,1,1,1,0,0,0,0,0,1,"HR+, HER2+",metastatic · squamous
NCT03150576,Platinum and Polyadenosine 5'Diphosphoribose Polymerisation Inhibitor for Neoadjuvant Treatment of Triple Negative Breast Cancer and/or Germline BRCA Positive Breast Cancer,PHASE2;PHASE3,Phase 3,RECRUITING,780,Cambridge University Hospitals NHS Foundation Trust,Cambridge University Hospitals NHS Foundation Trust,7,0,1,active_comparator,3,paclitaxel and carboplatin,olaparib;paclitaxel and carboplatin,PARP,Small Molecule,BRCA1;BRCA2;ER;HER2;PR,0,1,1,1,0,1,0,0,0,1,"HR−, HER2+, BRCA/HRD+",metastatic · ductal
NCT03155997,Endocrine Therapy With or Without Abemaciclib (LY2835219) Following Surgery in Participants With Breast Cancer,PHASE3,Phase 3,ACTIVE_NOT_RECRUITING,5637,Eli Lilly and Company,Eli Lilly,535,1,1,multi_experimental,2,abemaciclib;standard adjuvant endocrine therapy,abemaciclib;standard adjuvant endocrine therapy,CDK4/6,Small Molecule,ER;HER2;HR;biomarker;biomarker analysis,0,1,1,1,0,0,0,0,0,1,"HR+, HER2+",metastatic · ductal
NCT03162627,Selumetinib and Olaparib in Solid Tumors,PHASE1,Phase 1,ACTIVE_NOT_RECRUITING,90,M.D. Anderson Cancer Center,M.D. Anderson Cancer Center,697,0,1,multi_experimental,5,olaparib;selumetinib,olaparib;selumetinib,MEK,Small Molecule,BRAF;KRAS,0,1,0,0,0,0,0,0,1,0,,metastatic · 2nd-line+ · measurable (RECIST)
NCT03170960,Study of Cabozantinib Alone or in Combination With Atezolizumab to Subjects With Locally Advanced or Metastatic Solid Tumors,PHASE1,Phase 1,ACTIVE_NOT_RECRUITING,914,Exelixis,Exelixis,52,1,0,multi_experimental,25,,atezolizumab;cabozantinib,MET,Small Molecule,PD-L1,0,1,0,0,1,0,0,0,0,1,PD-L1+,metastatic · measurable (RECIST)
NCT03272334,Her2-BATS and Pembrolizumab in Metastatic Breast Cancer,PHASE1;PHASE2,Phase 2,ACTIVE_NOT_RECRUITING,22,University of Virginia,University of Virginia,14,0,1,multi_experimental,3,her2 bats with pembrolizumab,her2 bats with pembrolizumab,HER2,Bispecific Antibody,HER2;PD-L1,1,1,1,1,1,0,0,0,1,1,"HR+, HER2+, PD-L1+",metastatic · 2nd-line+ · squamous · ECOG 0-1
NCT03281954,Clinical Trial of Neoadjuvant Chemotherapy With Atezolizumab or Placebo in Patients With Triple-Negative Breast Cancer Followed After Surgery by Atezolizumab or Placebo,PHASE3,Phase 3,ACTIVE_NOT_RECRUITING,1550,NSABP Foundation Inc,NSABP Foundation Inc,26,0,1,placebo_comparator,2,,atezolizumab,PD-L1,Monoclonal Antibody,CMMRD;ER;HER2;MET;MSI-H;PD-L1;TMB,1,0,1,1,1,0,0,0,0,1,"HR+, HER2−, PD-L1+",metastatic · adenoca.
NCT03283384,"Tailoring NEOadjuvant Therapy in Hormone Receptor Positive, HER2 Negative, Luminal Breast Cancer.",PHASE2,Phase 2,ACTIVE_NOT_RECRUITING,100,Borstkanker Onderzoek Groep,Borstkanker Onderzoek Groep,6,0,1,active_comparator,3,,ribociclib plus letrozole,CYP19A1,Small Molecule,ER;HER2;PR,0,0,1,1,0,0,0,0,0,1,"HR+, HER2−",metastatic · measurable (RECIST)
NCT03285412,"CDK 4/6 Inhibitor, Ribociclib, With Adjuvant Endocrine Therapy for ER-positive Breast Cancer",PHASE2,Phase 2,ACTIVE_NOT_RECRUITING,120,Massachusetts General Hospital,Massachusetts General Hospital,170,0,1,active_comparator,2,endocrine therapy,endocrine therapy;ribociclib,CDK4/6,Small Molecule,ER;GRPR;HER2;PR,0,1,1,1,0,0,0,0,0,1,"HR+, HER2+",metastatic · squamous
NCT03315364,Oral Paclitaxel Trial In Recurrent and Metastatic Breast Cancer As 1st Line Therapy,PHASE2;PHASE3,Phase 3,ACTIVE_NOT_RECRUITING,549,"Daehwa Pharmaceutical Co., Ltd.",Daehwa Pharmaceutical,5,1,0,active_comparator,2,paclitaxel injection,oral paclitaxel,TUB,Small Molecule,ER;HER2;PR,0,1,1,1,0,0,0,0,0,1,"HR+, HER2+",metastatic · measurable (RECIST)
NCT03330847,To Assess Safety and Efficacy of Agents Targeting DNA Damage Repair With Olaparib Versus Olaparib Monotherapy.,PHASE2,Phase 2,ACTIVE_NOT_RECRUITING,273,AstraZeneca,AstraZeneca,780,1,1,active_comparator,3,adavosertib;ceralasertib;olaparib continuous (28-day cycle),,ATM,Small Molecule,BRCA1;BRCA2;HER2;HRR;biomarker,0,1,0,1,0,0,0,0,0,1,HER2−,metastatic · measurable (RECIST) · ECOG 0-1
NCT03332797,A Study of GDC-9545 Alone or in Combination With Palbociclib and/or Luteinizing Hormone-Releasing Hormone (LHRH) Agonist in Locally Advanced or Metastatic Estrogen Receptor-Positive Breast Cancer,PHASE1,Phase 1,ACTIVE_NOT_RECRUITING,181,"Genentech, Inc.",Roche/Genentech,922,1,1,multi_experimental,12,gdc-9545,gdc-9545;lhrh agonist;palbociclib,ER,Small Molecule,ER;HER2;PR,0,1,1,1,0,0,0,0,1,1,"HR+, HER2+",metastatic · 2nd-line+ · adenoca. · measurable (RECIST)
NCT03344965,Olaparib In Metastatic Breast Cancer,PHASE2,Phase 2,ACTIVE_NOT_RECRUITING,114,Beth Israel Deaconess Medical Center,Beth Israel Deaconess Medical Center,28,0,1,multi_experimental,4,olaparib,olaparib,PARP,Small Molecule,BRCA1;BRCA2,0,1,1,0,0,1,0,0,0,1,"HR+, BRCA/HRD+",metastatic · ductal · measurable (RECIST)
NCT03362060,PVX-410 Vaccine Plus Pembrolizumab in HLA-A2+ Metastatic Triple Negative Breast Cancer,PHASE1,Phase 1,ACTIVE_NOT_RECRUITING,20,Massachusetts General Hospital,Massachusetts General Hospital,170,0,1,single_arm,1,pembrolizumab;pvx-410,pembrolizumab;pvx-410,PD-1,Monoclonal Antibody,ER;HER2;PD-L1;PR,1,1,1,1,1,0,0,0,1,1,"HR−, HER2−, PD-L1+",metastatic · 2nd-line+ · squamous · measurable (RECIST)
NCT03368729,Niraparib in Combination With Trastuzumab in Metastatic HER2+ Breast Cancer,PHASE1;PHASE2,Phase 2,ACTIVE_NOT_RECRUITING,46,University of Alabama at Birmingham,University of Alabama at Birmingham,65,0,0,multi_experimental,3,niraparib;trastuzumab,niraparib;trastuzumab,PARP,Small Molecule,BRCA1;BRCA2;HER2;HRD,0,1,1,1,0,1,0,0,1,1,"HR+, HER2+, BRCA/HRD+",metastatic · 2nd-line+ · squamous · measurable (RECIST)
NCT03377387,Capecitabine 7/7 Schedule With Neratinib in Patients With Metastatic HER2-Positive Breast Cancer,PHASE1;PHASE2,Phase 2,ACTIVE_NOT_RECRUITING,34,Memorial Sloan Kettering Cancer Center,Memorial Sloan Kettering Cancer Center,411,0,0,single_arm,1,behavioral: eortc qlq - br23;capecitabine;eortc qlq-c30;eq-5d-5l;neratinib,behavioral: eortc qlq - br23;capecitabine;eortc qlq-c30;eq-5d-5l;neratinib,HER2,Small Molecule,HER2,0,1,0,1,0,0,0,0,0,1,HER2+,metastatic · measurable (RECIST) · ECOG 0-1
NCT03379428,Trial of Ibrutinib Plus Trastuzumab in HER2-amplified Metastatic Breast Cancer,PHASE1;PHASE2,Phase 2,ACTIVE_NOT_RECRUITING,34,US Oncology Research,US Oncology Research,24,1,1,multi_experimental,4,trastuzumab,ibrutinib;trastuzumab,HER2,Monoclonal Antibody,HER2,1,1,0,1,0,0,0,0,0,1,HER2+,metastatic · measurable (RECIST)
NCT03393845,"Study of Pembrolizumab Plus Fulvestrant in Hormone Receptor Positive, HER-2 Negative Advanced/Metastatic Breast Cancer Patients",PHASE2,Phase 2,ACTIVE_NOT_RECRUITING,47,"Nancy Chan, MD","Nancy Chan, MD",1,0,1,single_arm,1,fulvestrant;pembrolizumab,fulvestrant;pembrolizumab,PD-1,Monoclonal Antibody,ER;HER2;PD-L1;PR,1,1,1,1,1,0,0,0,1,1,"HR+, HER2+, PD-L1+",metastatic · 2nd-line+ · squamous · measurable (RECIST)
NCT03401385,First-in-human Study of DS-1062a for Advanced Solid Tumors (TROPION-PanTumor01),PHASE1,Phase 1,ACTIVE_NOT_RECRUITING,890,"Daiichi Sankyo Co., Ltd.",Daiichi Sankyo,178,1,1,multi_experimental,2,datopotamab deruxtecan (dato-dxd),datopotamab deruxtecan (dato-dxd);non-steroid containing mouthwash;steroid containing mouthwash,TROP2,ADC,HER2;TROP-1;TROP2;biomarker,1,1,1,1,0,0,0,0,1,1,"HR+, HER2+",metastatic · 2nd-line+ · adenoca. · measurable (RECIST)
NCT03402841,Multicentre Study of Olaparib Maintenance Monotherapy in Platinum Sensitive Relapsed Non gBRCAm Ovarian Cancer Patients,PHASE3,Phase 3,COMPLETED,279,AstraZeneca,AstraZeneca,780,1,1,single_arm,1,olaparib,olaparib,PARP,Small Molecule,BRCA1;BRCA2;MET,0,1,0,0,0,1,0,0,1,1,BRCA/HRD+,metastatic · 2nd-line+ · ductal
NCT03414658,The AVIATOR Study: Trastuzumab and Vinorelbine With Avelumab OR Avelumab & Utomilumab in Advanced HER2+ Breast Cancer,PHASE2,Phase 2,ACTIVE_NOT_RECRUITING,100,Adrienne G. Waks,Adrienne G. Waks,4,0,1,multi_experimental,3,trastuzumab;vinorelbine,avelumab;trastuzumab;utomilumab;vinorelbine,HER2,Monoclonal Antibody,HER2;PD-L1,1,1,0,1,1,0,0,0,0,1,"HER2+, PD-L1+",metastatic · adenoca. · measurable (RECIST)
NCT03424005,A Study Evaluating the Efficacy and Safety of Multiple Treatment Combinations in Patients With Metastatic or Locally Advanced Breast Cancer,PHASE1;PHASE2,Phase 2,RECRUITING,1132,Hoffmann-La Roche,Roche/Genentech,922,1,1,active_comparator,23,atezolizumab;capecitabine;nab-paclitaxel,abemaciclib;atezolizumab;atirmociclib;bevacizumab;chemotherapy (gemcitabine + carboplatin or eribulin);empagliflozin;fulvestrant;giredestrant;inavolisib (dose #1);inavolisib (dose #2);ipatasertib;letrozole;metformin;nab-paclitaxel;palbociclib;ribociclib (dose #1);ribociclib (dose #2);sacituzumab govitecan;selicrelumab;sgn-liv1a;tocilizumab;trastuzumab deruxtecan,PD-L1,Monoclonal Antibody,CMMRD;HER2;MET;MSI-H;PD-L1;TMB;biomarker;biomarker analysis,1,1,0,0,1,0,0,0,0,1,PD-L1+,metastatic · adenoca. · measurable (RECIST)
NCT03435952,Pembrolizumab With Intratumoral Injection of Clostridium Novyi-NT,PHASE1,Phase 1,ACTIVE_NOT_RECRUITING,18,M.D. Anderson Cancer Center,M.D. Anderson Cancer Center,697,0,1,single_arm,1,clostridium novyi-nt;doxycycline;pembrolizumab,clostridium novyi-nt;doxycycline;pembrolizumab,PD-1,Monoclonal Antibody,PD-L1,1,1,0,0,1,0,0,0,0,1,PD-L1+,metastatic · measurable (RECIST)
NCT03449108,"LN-145 or LN-145-S1 in Treating Patients With Relapsed or Refractory Ovarian Cancer, Triple Negative Breast Cancer (TNBC), Anaplastic Thyroid Cancer, Osteosarcoma, or Other Bone and Soft Tissue Sarcomas",PHASE2,Phase 2,ACTIVE_NOT_RECRUITING,30,M.D. Anderson Cancer Center,M.D. Anderson Cancer Center,697,0,0,multi_experimental,2,aldesleukin;autologous tumor infiltrating lymphocytes ln-145;cyclophosphamide;fludarabine;quality-of-life assessment;questionnaire administration,aldesleukin;autologous tumor infiltrating lymphocytes ln-145;autologous tumor infiltrating lymphocytes ln-145-s1;cyclophosphamide;fludarabine;ipilimumab;nivolumab;quality-of-life assessment;questionnaire administration,,Cell Therapy,ER;HER2;PR,1,1,1,1,0,0,0,1,1,1,"HR−, HER2−",metastatic · 1st-line · squamous · measurable (RECIST) · ECOG 0
NCT03449238,Pembrolizumab And Stereotactic Radiosurgery (Srs) Of Selected Brain Metastases In Breast Cancer Patients,PHASE1;PHASE2,Phase 2,RECRUITING,41,Weill Medical College of Cornell University,Weill Medical College of Cornell University,90,0,1,single_arm,1,pembrolizumab,,PD-1,Monoclonal Antibody,HER2;PD-L1,1,0,0,1,0,0,0,1,0,1,HER2+,metastatic · 1st-line · squamous · measurable (RECIST)
NCT03515798,Study of Immunotherapy in Combination With Chemotherapy in HER2-negative Inflammatory Breast Cancer,PHASE2,Phase 2,ACTIVE_NOT_RECRUITING,52,Institut Paoli-Calmettes,Institut Paoli-Calmettes,12,0,1,active_comparator,2,neoadjuvant ec-paclitaxel,neoadjuvant ec-paclitaxel;pembrolizumab injection,PD-1,Monoclonal Antibody,HER2;MET;PD-L1,1,1,1,1,1,0,0,1,0,1,"HR+, HER2+, PD-L1+",metastatic · 1st-line · squamous · ECOG 2
NCT03529110,"DS-8201a Versus T-DM1 for Human Epidermal Growth Factor Receptor 2 (HER2)-Positive, Unresectable and/or Metastatic Breast Cancer Previously Treated With Trastuzumab and Taxane [DESTINY-Breast03]",PHASE3,Phase 3,ACTIVE_NOT_RECRUITING,524,Daiichi Sankyo,Daiichi Sankyo,178,1,1,active_comparator,2,ado-trastuzumab emtansine (t-dm1),trastuzumab deruxtecan (t-dxd),HER2,ADC,HER2,1,1,0,1,0,0,0,0,1,1,HER2+,metastatic · 2nd-line+ · measurable (RECIST)
NCT03534453,Olaparib Tablets Maintenance Monotherapy Ovarian Cancer Patients After Complete or Partial Response to Platinum Chemotherapy,PHASE3,Phase 3,COMPLETED,229,AstraZeneca,AstraZeneca,780,1,1,single_arm,1,olaparib,olaparib,PARP,Small Molecule,BRCA1;BRCA2;MET,0,1,0,0,0,1,0,0,1,1,BRCA/HRD+,metastatic · 2nd-line+ · ductal · measurable (RECIST)
NCT03546686,Peri-Operative Immune Checkpoint Inhibition and Cryoablation in Women With Triple-negative Breast Cancer,PHASE2,Phase 2,ACTIVE_NOT_RECRUITING,51,University of Texas Southwestern Medical Center,University of Texas Southwestern Medical Center,48,0,1,single_arm,1,breast surgery;core biopsy/cryoablation;ipilimumab;nivolumab;pembrolizumab,breast surgery;core biopsy/cryoablation;ipilimumab;nivolumab;pembrolizumab,PD-1,Monoclonal Antibody,ER;HER2;PD-L1;PR,1,1,1,1,0,0,0,0,0,1,"HR−, HER2+",metastatic · squamous
NCT03562637,Study of Adagloxad Simolenin (OBI-822)/OBI-821 in the Adjuvant Treatment of Patients With Globo H Positive TNBC,PHASE3,Phase 3,ACTIVE_NOT_RECRUITING,575,"OBI Pharma, Inc",OBI Pharma,9,1,0,active_comparator,2,device: globo h ihc assay;standard of care treatment,adagloxad simolenin combined with obi-821;device: globo h ihc assay;standard of care treatment,Globo H,Peptide,ER;Globo H;HER2;PR,0,1,1,1,0,0,0,0,0,1,"HR−, HER2−",metastatic
NCT03571633,Impact of Pegfilgrastim on Trastuzumab Anti-tumor Effect and ADCC in Operable HER2+ Breast Cancer Breast Cancer,PHASE2,Phase 2,ACTIVE_NOT_RECRUITING,90,Centre Leon Berard,Centre Leon Berard,30,0,1,active_comparator,2,trastuzumab + paclitaxel,pegfilgrastim;trastuzumab + paclitaxel,HER2,Monoclonal Antibody,HER2,1,1,0,1,0,0,0,0,1,1,HER2+,advanced · 2nd-line+ · squamous · measurable (RECIST)
NCT03573648,"Neoadjuvant Endocrine Therapy, Palbociclib, Avelumab in Estrogen Receptor Positive Breast Cancer",PHASE2,Phase 2,ACTIVE_NOT_RECRUITING,33,Sidney Kimmel Comprehensive Cancer Center at Johns Hopkins,Sidney Kimmel Comprehensive Cancer Center at Johns Hopkins,160,0,1,active_comparator,2,avelumab;endocrine therapy;palbociclib,,PD-L1,Monoclonal Antibody,ER;PD-L1;PR,1,1,0,0,0,0,0,0,0,0,,metastatic · squamous
NCT03589339,NBTXR3 Activated by Radiotherapy for Patients With Advanced Cancers Treated With An Anti-PD-1 Therapy,PHASE1,Phase 1,ACTIVE_NOT_RECRUITING,145,Nanobiotix,Nanobiotix,6,1,0,single_arm,1,nbtxr3;nivolumab;pembrolizumab;sabr,nbtxr3;nivolumab;pembrolizumab;sabr,PD-1,Radiopharmaceutical,,0,1,0,0,0,0,0,0,0,0,,metastatic · measurable (RECIST)
NCT03594396,Window of Opportunity Trial of Neoadjuvant Olaparib and Durvalumab for Triple Negative or Low ER+ Breast Cancer,PHASE1;PHASE2,Phase 2,ACTIVE_NOT_RECRUITING,54,Seoul National University Hospital,Seoul National University Hospital,43,0,1,single_arm,1,durvalumab;olaparib,durvalumab;olaparib,PARP,Small Molecule,BRCA1;BRCA2;ER;PD-L1,0,1,1,0,1,0,0,1,0,1,"HR−, PD-L1+",metastatic · 1st-line · squamous
NCT03595592,Neoadjuvant Treatment of HER2 Positive Early High-risk and Locally Advanced Breast Cancer,PHASE3,Phase 3,ACTIVE_NOT_RECRUITING,650,Fondazione Michelangelo,Fondazione Michelangelo,2,0,1,active_comparator,3,carboplatin;paclitaxel;pertuzumab;surgery;trastuzumab,atezolizumab;carboplatin;cyclophosphamide;doxorubicin;paclitaxel;pertuzumab;surgery;trastuzumab,HER2,Monoclonal Antibody,ER;HER2;PD-L1;biomarker,1,1,1,1,1,0,0,0,0,1,"HR+, HER2+, PD-L1+",metastatic
NCT03609047,Adjuvant Palbociclib in Elderly Patients With Breast Cancer,PHASE2,Phase 2,ACTIVE_NOT_RECRUITING,366,European Organisation for Research and Treatment of Cancer - EORTC,European Organisation for Research and Treatment of Cancer - EORTC,38,0,1,active_comparator,2,docetaxel / cyclophosphamide;doxorubicin/cyclophosphamide;epirubicin/cyclophosphamide;paclitaxel,palbociclib,CDK4/6,Small Molecule,ER;HER2;PR,0,1,1,1,0,0,0,0,0,1,"HR+, HER2+",metastatic · ductal
NCT03616587,Study of AZD9833 Alone or in Combination in Women With Advanced Breast Cancer.,PHASE1,Phase 1,ACTIVE_NOT_RECRUITING,396,AstraZeneca,AstraZeneca,780,1,1,multi_experimental,14,,azd9833;azd9833 with abemaciclib;azd9833 with anastrozole;azd9833 with capivasertib;azd9833 with everolimus;azd9833 with palbociclib;azd9833 with ribociclib,ESR1,Small Molecule,ER;ESR1;HER2,0,1,1,0,0,0,0,0,1,1,HR+,metastatic · 2nd-line+ · adenoca. · measurable (RECIST)
NCT03616886,Paclitaxel + Carboplatin + Durvalumab With or Without Oleclumab for Previously Untreated Locally Recurrent Inoperable or Metastatic TNBC,PHASE1;PHASE2,Phase 2,ACTIVE_NOT_RECRUITING,129,Jules Bordet Institute,Jules Bordet Institute,21,0,1,active_comparator,2,carboplatin;medi4736;paclitaxel,carboplatin;medi4736;medi9447;paclitaxel,PD-L1,Monoclonal Antibody,ER;HER2;PD-L1;PR;biomarker,1,1,1,1,1,0,0,0,1,1,"HR+, HER2+, PD-L1+",metastatic · 2nd-line+ · measurable (RECIST)
NCT03641755,Olaparib + Sapacitabine in BRCA Mutant Breast Cancer,PHASE1,Phase 1,ACTIVE_NOT_RECRUITING,10,Dana-Farber Cancer Institute,Dana-Farber Cancer Institute,326,0,1,multi_experimental,4,olaparib;sapacitabine,olaparib;sapacitabine,PARP,Small Molecule,BRCA1;BRCA2;HER2,0,1,1,1,0,0,0,0,0,1,"HR+, HER2+",metastatic · ductal · measurable (RECIST)
NCT03650894,"Nivolumab, Ipilimumab, and Bicalutamide in Human Epidermal Growth Factor (HER) 2 Negative Breast Cancer Patients",PHASE2,Phase 2,ACTIVE_NOT_RECRUITING,30,Providence Health & Services,Providence Health & Services,30,0,1,single_arm,1,bicalutamide;ipilimumab;nivolumab,bicalutamide;ipilimumab;nivolumab,PD-1,Monoclonal Antibody,AR;CD30;HER2;PD-L1,1,1,0,1,1,0,0,0,0,1,"HER2−, PD-L1+",metastatic · squamous · measurable (RECIST)
NCT03671044,A Study to Evaluate the Efficacy and Safety of Nanosomal Docetaxel Lipid Suspension in Triple Negative Breast Cancer Patients,PHASE3,Phase 3,RECRUITING,657,Jina Pharmaceuticals Inc.,Jina Pharmaceuticals,3,1,0,active_comparator,3,taxotere (,nanosomal docetaxel lipid suspension (,Tubulin,Small Molecule,ER;HER2;MET;PR,0,1,1,1,0,0,0,1,0,1,"HR+, HER2+",metastatic · 1st-line · measurable (RECIST)
NCT03678883,9-ING-41 in Patients With Advanced Cancers,PHASE2,Phase 2,ACTIVE_NOT_RECRUITING,350,Actuate Therapeutics Inc.,Actuate Therapeutics,4,1,0,multi_experimental,8,9-ing-41,9-ing-41;carboplatin.;doxorubicin.;gemcitabine - 21 day cycle;gemcitabine - 28 day cycle;irinotecan;lomustine;nab paclitaxel.;paclitaxel.,GSK3B,Small Molecule,HER2,0,1,0,1,0,0,0,1,1,1,HER2+,metastatic · 1st-line · measurable (RECIST) · ECOG 0
NCT03701334,A Trial to Evaluate Efficacy and Safety of Ribociclib With Endocrine Therapy as Adjuvant Treatment in Patients With HR+/HER2- Early Breast Cancer,PHASE3,Phase 3,ACTIVE_NOT_RECRUITING,5101,Novartis Pharmaceuticals,Novartis,836,1,1,active_comparator,2,endocrine therapy (et),endocrine therapy (et);ribociclib,CDK4/6,Small Molecule,ER;GRPR;HER2,0,1,1,1,0,0,0,0,0,1,"HR+, HER2−",metastatic · adenoca.
NCT03725059,"Study of Pembrolizumab (MK-3475) Versus Placebo in Combination With Neoadjuvant Chemotherapy & Adjuvant Endocrine Therapy in the Treatment of Early-Stage Estrogen Receptor-Positive, Human Epidermal Growth Factor Receptor 2-Negative (ER+/HER2-) Breast Cancer (MK-3475-756/KEYNOTE-756)",PHASE3,Phase 3,ACTIVE_NOT_RECRUITING,1240,Merck Sharp & Dohme LLC,Merck (MSD),649,1,1,placebo_comparator,2,cyclophosphamide (c);doxorubicin (a);epirubicin (e);paclitaxel (x);placebo (p);radiation therapy;surgery,cyclophosphamide (c);doxorubicin (a);endocrine therapy;epirubicin (e);paclitaxel (x);pembrolizumab (k);radiation therapy;surgery,PD-1,Monoclonal Antibody,ER;HER2;MET;PD-L1,1,1,1,1,1,0,0,0,0,1,"HR+, HER2+, PD-L1+",metastatic · adenoca.
NCT03734029,Trastuzumab Deruxtecan (DS-8201a) Versus Investigator's Choice for HER2-low Breast Cancer That Has Spread or Cannot be Surgically Removed [DESTINY-Breast04],PHASE3,Phase 3,ACTIVE_NOT_RECRUITING,557,Daiichi Sankyo,Daiichi Sankyo,178,1,1,active_comparator,2,capecitabine;eribulin;gemcitabine;nab-paclitaxel;paclitaxel,trastuzumab deruxtecan (ds-8201a),HER2,ADC,HER2,1,1,0,1,0,0,0,0,0,1,HER2+,metastatic
NCT03740893,PHOENIX DDR/Anti-PD-L1 Trial: A Pre-surgical Window of Opportunity and Post-surgical Adjuvant Biomarker Study of DNA Damage Response Inhibition With or Without Anti-PD-L1 Immunotherapy in Patients With Neoadjuvant Treatment Resistant Residual Triple Negative Breast Cancer,PHASE2,Phase 2,RECRUITING,119,"Institute of Cancer Research, United Kingdom","Institute of Cancer Research, United Kingdom",24,0,1,multi_experimental,7,,azd6738;durvalumab;olaparib,ATM,Small Molecule,ER;HER2;MET;PD-L1;Triple Negative Breast Cancer,0,1,1,1,1,0,0,0,0,1,"HR−, HER2−, PD-L1+",metastatic
NCT03742102,A Study of Novel Anti-cancer Agents in Patients With Metastatic Triple Negative Breast Cancer,PHASE1;PHASE2,Phase 2,ACTIVE_NOT_RECRUITING,243,AstraZeneca,AstraZeneca,780,1,1,multi_experimental,6,durvalumab,capivasertib;datopotamab deruxtecan;durvalumab;oleclumab;paclitaxel;trastuzumab deruxtecan,PD-L1,Monoclonal Antibody,EGFR;HER2;PD-L1,1,1,0,1,1,0,1,0,0,1,"HER2+, PD-L1+, PIK3CAm",metastatic · ECOG 0
NCT03742245,Olaparib in Combination With Vorinostat in Patients With Relapsed/Refractory and/or Metastatic Breast Cancer,PHASE1,Phase 1,ACTIVE_NOT_RECRUITING,28,The Methodist Hospital Research Institute,The Methodist Hospital Research Institute,27,0,1,single_arm,1,olaparib;vorinostat,olaparib;vorinostat,PARP,Small Molecule,BRCA1;BRCA2,0,1,0,0,0,0,0,0,1,0,,metastatic · 2nd-line+ · measurable (RECIST)
NCT03747120,Neoadjuvant Her2-targeted Therapy and Immunotherapy With Pembrolizumab [IIT2018-04-MCARTHUR-NEOHP],PHASE2,Phase 2,ACTIVE_NOT_RECRUITING,138,University of Texas Southwestern Medical Center,University of Texas Southwestern Medical Center,48,0,1,active_comparator,3,paclitaxel;pertuzumab;trastuzumab,paclitaxel;pembrolizumab;pertuzumab;trastuzumab,HER2,Monoclonal Antibody,HER2;PD-L1,1,1,0,1,1,0,0,1,0,1,"HER2+, PD-L1+",metastatic · 1st-line · squamous
NCT03789110,NIMBUS: Nivolumab Plus Ipilimumab in Metastatic Hypermutated HER2-negative Breast Cancer,PHASE2,Phase 2,ACTIVE_NOT_RECRUITING,30,Dana-Farber Cancer Institute,Dana-Farber Cancer Institute,326,0,1,single_arm,1,ipilimumab;nivolumab,ipilimumab;nivolumab,PD-1,Monoclonal Antibody,CD30;ER;HER2;PD-L1;PR;TMB,1,1,1,1,1,0,0,0,0,1,"HR+, HER2+, PD-L1+",metastatic · measurable (RECIST)
NCT03804944,Converting HR+ Breast Cancer Into an Individualized Vaccine,PHASE2,Phase 2,RECRUITING,100,Weill Medical College of Cornell University,Weill Medical College of Cornell University,90,0,1,active_comparator,4,cdx-301;focal radiation therapy;pembrolizumab (,,FLT3L,Cell Therapy,ER;HER2;PD-L1;PR,1,1,1,1,1,0,0,0,0,1,"HR+, HER2+, PD-L1+",metastatic · squamous
NCT03815890,Pre-operative Trial for Breast Cancer With Nivolumab in Combination With Novel IO,PHASE2,Phase 2,RECRUITING,80,The Netherlands Cancer Institute,The Netherlands Cancer Institute,72,0,1,multi_experimental,5,nivolumab,ipilimumab;nivolumab,PD-1,Monoclonal Antibody,CD30;ER;HER2;PD-L1;PR,1,1,0,1,1,0,0,0,0,1,"HER2−, PD-L1+",metastatic · squamous
NCT03820063,Image-guided De-escalation of Neo-adjuvant Chemotherapy in HER2-positive Breast Cancer: the TRAIN-3 Study,PHASE2,Phase 2,ACTIVE_NOT_RECRUITING,462,Borstkanker Onderzoek Groep,Borstkanker Onderzoek Groep,6,0,1,single_arm,1,ptc-pz,ptc-pz,HER2,Monoclonal Antibody,HER2,1,1,0,1,0,0,0,0,0,1,HER2+,metastatic
NCT03820141,Durvalumab With Trastuzumab and Pertuzumab in HER2-Enriched Breast Cancer,PHASE2,Phase 2,ACTIVE_NOT_RECRUITING,51,The Methodist Hospital Research Institute,The Methodist Hospital Research Institute,27,0,1,single_arm,1,durvalumab;pertuzumab;trastuzumab,durvalumab;pertuzumab;trastuzumab,PD-L1,Monoclonal Antibody,EGFR;HER2,1,1,1,1,0,0,0,0,0,1,"HR−, HER2+",
NCT03820830,Palbociclib for HR Positive / HER2-negative Isolated Locoregional Recurrence of Breast Cancer,PHASE3,Phase 3,ACTIVE_NOT_RECRUITING,405,ETOP IBCSG Partners Foundation,ETOP IBCSG Partners Foundation,20,0,1,active_comparator,2,standard endocrine therapy,palbociclib;standard endocrine therapy,CDK4/6,Small Molecule,ER;HER2;PR,0,1,1,1,0,0,0,0,0,1,"HR+, HER2+",metastatic · ductal
NCT03845166,A Study of XL092 as Single-Agent and Combination Therapy in Subjects With Solid Tumors,PHASE1,Phase 1,ACTIVE_NOT_RECRUITING,325,Exelixis,Exelixis,52,1,0,multi_experimental,5,xl092,atezolizumab;avelumab;xl092,PD-L1,Small Molecule,BRAF;ER;KRAS;MMR;MSI;MSI-H;PD-L1;PR;biomarker;dMMR,0,1,1,0,1,0,0,0,1,1,"HR+, PD-L1+",metastatic · 2nd-line+ · adenoca. · measurable (RECIST)
NCT03891953,Study of Safety and Efficacy of DKY709 Alone or in Combination With PDR001 in Patients With Advanced Solid Tumors.,PHASE1,Phase 1,ACTIVE_NOT_RECRUITING,98,Novartis Pharmaceuticals,Novartis,836,1,1,multi_experimental,2,dky709,dky709;pdr001,PD-1,Small Molecule,PD-L1,0,1,0,0,1,0,0,0,1,1,PD-L1+,metastatic · 2nd-line+ · measurable (RECIST)
NCT03893955,"A Study to Determine the Safety, Tolerability, Pharmacokinetics, and Preliminary Efficacy of ABBV-927 With ABBV-368, Budigalimab (ABBV-181) and/or Chemotherapy in Participants With Locally Advanced or Metastatic Solid Tumors",PHASE1,Phase 1,ACTIVE_NOT_RECRUITING,150,AbbVie,AbbVie,274,1,1,multi_experimental,7,abbv-927,abbv-181;abbv-368;abbv-927;carboplatin;nab-paclitaxel,PD-1,Monoclonal Antibody,PD-L1,1,1,1,0,1,0,0,1,1,1,"HR+, PD-L1−",metastatic · 1st-line · adenoca.
NCT03911973,"Gedatolisib Plus Talazoparib in Advanced Triple Negative or BRCA1/2 Positive, HER2 Negative Breast Cancers",PHASE1;PHASE2,Phase 2,ACTIVE_NOT_RECRUITING,37,Kari Wisinski,Kari Wisinski,2,0,1,single_arm,1,gedatolisib;talazoparib,gedatolisib;talazoparib,PI3K,Small Molecule,ER;HER2;PIK3CA;PR,0,1,1,1,0,1,0,0,0,1,"HR−, HER2+, BRCA/HRD+",metastatic · measurable (RECIST)
NCT03915678,Atezolizumab Combined With BDB001 AnD Immunogenic Radiotherapy in Patients With Advanced Solid Tumors,PHASE2,Phase 2,ACTIVE_NOT_RECRUITING,247,Institut Bergonié,Institut Bergonié,27,0,1,multi_experimental,6,,association atezolizumab + bdb001 + rt;association atezolizumab + bdb001+ rt,PD-L1,Monoclonal Antibody,PD-L1,1,1,0,0,0,0,0,0,0,0,,metastatic · small-cell · measurable (RECIST) · ECOG 1
NCT03917082,Limited Adjuvant Endocrine Therapy for Low Risk Breast Cancer,PHASE2,Phase 2,ACTIVE_NOT_RECRUITING,290,British Columbia Cancer Agency,British Columbia Cancer Agency,21,0,0,single_arm,1,tamoxifen citrate,tamoxifen citrate,HER2,Small Molecule,ER;HER2;genomic,0,1,1,1,0,0,0,0,0,1,"HR+, HER2+",neoadjuvant · ductal
NCT03944434,FACILE: FeAsibility of First-line RiboCIclib in OLdEr Patients with Advanced Breast Cancer,PHASE2,Phase 2,ACTIVE_NOT_RECRUITING,116,Fondazione Sandro Pitigliani,Fondazione Sandro Pitigliani,1,0,1,single_arm,1,aromatase inhibitors;lhrh agonist;non steroideal;ribociclib,aromatase inhibitors;lhrh agonist;non steroideal;ribociclib,CDK4/6,Small Molecule,ER;GRPR;HER2,0,1,1,1,0,0,0,0,0,1,"HR+, HER2−",metastatic · squamous · measurable (RECIST)
NCT03945721,A Phase I Study of Niraparib Administered Concurrently With Postoperative RT in Triple Negative Breast Cancer Patients,PHASE1,Phase 1,ACTIVE_NOT_RECRUITING,21,Massachusetts General Hospital,Massachusetts General Hospital,170,0,0,single_arm,1,niraparib;radiation therapy,niraparib;radiation therapy,PARP,Small Molecule,BRCA1;BRCA2;ER;HRD;PR,0,1,1,0,0,0,0,0,0,1,HR+,metastatic
NCT03946202,KORTUC Phase II - Intra-tumoural Radiation Sensitizer in Patients With Locally Advanced/Recurrent Breast Cancer,PHASE2,Phase 2,ACTIVE_NOT_RECRUITING,184,"Institute of Cancer Research, United Kingdom","Institute of Cancer Research, United Kingdom",24,0,0,multi_experimental,2,hydrogen peroxide,hydrogen peroxide,,,,0,1,0,0,0,0,0,0,0,0,,metastatic
NCT03959891,"AKT Inhibitor, Ipatasertib, With Endocrine and CDK 4/6 Inhibitor for Patients With Metastatic Breast Cancer (TAKTIC)",PHASE1,Phase 1,ACTIVE_NOT_RECRUITING,77,Massachusetts General Hospital,Massachusetts General Hospital,170,0,1,multi_experimental,3,ipatasertib,aromatase inhibitor;fulvestrant;ipatasertib;palbociclib,AKT1,Small Molecule,ER;HER2;PR,0,1,1,1,0,0,1,0,0,1,"HR+, HER2+, PIK3CAm",metastatic · measurable (RECIST)
NCT03964532,TALAVE: Induction Talazoparib Followed by Combination of Talazoparib and Avelumab in Advanced Breast Cancer,PHASE1;PHASE2,Phase 2,ACTIVE_NOT_RECRUITING,24,Georgetown University,Georgetown University,55,0,1,single_arm,1,avelumab;talazoparib,avelumab;talazoparib,PARP,Small Molecule,ATM;BRCA1;BRCA2;BRIP1;CDK12;CHEK2;PALB2;PD-L1;RA,0,1,0,0,1,0,0,0,0,1,PD-L1+,metastatic · measurable (RECIST)
NCT03971409,"Avelumab With Binimetinib, Sacituzumab Govitecan, or Liposomal Doxorubicin in Treating Stage IV or Unresectable, Recurrent Triple Negative Breast Cancer",PHASE2,Phase 2,ACTIVE_NOT_RECRUITING,145,"Laura Huppert, MD, BA","Laura Huppert, MD, BA",3,0,1,multi_experimental,6,avelumab,anti-ox40 antibody pf-04518600;avelumab;binimetinib;liposomal doxorubicin;sacituzumab govitecan;utomilumab,OX40,Monoclonal Antibody,ER;HER2;PD-L1;PR;TROP2,1,1,1,1,1,0,0,0,0,1,"HR−, HER2−, PD-L1+",metastatic · squamous · measurable (RECIST)
NCT03975647,A Study of Tucatinib vs. Placebo in Combination With Ado-trastuzumab Emtansine (T-DM1) for Patients With Advanced or Metastatic HER2+ Breast Cancer,PHASE3,Phase 3,ACTIVE_NOT_RECRUITING,466,"Seagen, a wholly owned subsidiary of Pfizer",Pfizer,687,1,1,active_comparator,2,t-dm1,t-dm1;tucatinib,HER2,Small Molecule,HER2;MET,0,1,0,1,0,0,0,0,1,1,HER2+,metastatic · 2nd-line+ · measurable (RECIST)
NCT03980054,A Study of Evaluating The Effects Of Pyrotinib After Adjuvant Trastuzumab In Women With Early Stage Breast Cancer,PHASE3,Phase 3,ACTIVE_NOT_RECRUITING,2135,"Jiangsu HengRui Medicine Co., Ltd.",Hengrui,312,1,0,placebo_comparator,2,,pyrotinib,HER2,Small Molecule,HER2,0,0,1,1,0,0,0,0,0,1,"HR+, HER2+",metastatic · ECOG 0-1
NCT03983954,"Naptumomab Estafenatox in Combination With Durvalumab in Subjects With Selected Advanced or Metastatic Solid Tumor, Including a Cohort Expansion in Esophageal Cancer.",PHASE1,Phase 1,ACTIVE_NOT_RECRUITING,120,NeoTX Therapeutics Ltd.,NeoTX Therapeutics,2,1,1,multi_experimental,11,naptumomab estafenatox and durvalumab,naptumomab estafenatox and durvalumab;obinutuzumab,5T4,Monoclonal Antibody,CD20;ER;HER2;PD-L1;biomarker;biomarker analysis,1,1,1,1,1,0,0,1,0,1,"HR+, HER2+, PD-L1+",metastatic · 1st-line · adenoca. · measurable (RECIST)
NCT03989089,Study of Pembrolizumab in Metastatic HER2-negative Breast Cancer Patients With APOBEC3B Mutation,PHASE2,Phase 2,ACTIVE_NOT_RECRUITING,44,University of Malaya,University of Malaya,4,0,1,single_arm,1,pembrolizumab,pembrolizumab,PD-1,Monoclonal Antibody,ER;HER2;PD-L1,1,1,1,1,1,0,0,0,1,1,"HR+, HER2+, PD-L1+",metastatic · 2nd-line+ · ductal · measurable (RECIST)
NCT03990896,"Evaluation of Talazoparib, a PARP Inhibitor, in Patients With Somatic BRCA Mutant Metastatic Breast Cancer: Genotyping Based Clinical Trial",PHASE2,Phase 2,RECRUITING,30,Massachusetts General Hospital,Massachusetts General Hospital,170,0,1,single_arm,1,talazoparib,talazoparib,PARP,Small Molecule,ATM;BRCA1;BRCA2;BRIP1;CDK12;CHEK2;ER;HER2;PALB2;PR;RA,0,1,1,1,0,1,0,0,0,1,"HR+, HER2+, BRCA/HRD+",metastatic · squamous · measurable (RECIST)
NCT03997123,Capivasertib+Paclitaxel as First Line Treatment for Patients With Locally Advanced or Metastatic TNBC,PHASE3,Phase 3,ACTIVE_NOT_RECRUITING,923,AstraZeneca,AstraZeneca,780,1,1,placebo_comparator,2,paclitaxel,capivasertib;paclitaxel,AKT1,Small Molecule,PIK3CA;PTEN,0,1,0,0,0,0,1,0,0,1,PIK3CAm,metastatic · measurable (RECIST) · ECOG 0-1
NCT04020575,Autologous huMNC2-CAR44 or huMNC2-CAR22 T Cells for Breast Cancer Targeting Cleaved Form of MUC1 (MUC1*),PHASE1,Phase 1,RECRUITING,69,Minerva Biotechnologies Corporation,Minerva Biotechnologies,1,1,0,multi_experimental,4,,humnc2-car44 car t cells or humnc2-car22 car t cells;humnc2-car44 car t cells or humnc2-car22 car t cells @ rp2d,MUC1,CAR-T,ER;HER2;MUC1*;PR,1,1,1,1,0,0,0,0,1,1,"HR+, HER2+",metastatic · 2nd-line+ · measurable (RECIST)
NCT04039230,Study to Evaluate Sacituzumab Govitecan in Combination With Talazoparib in Patients With Metastatic Breast Cancer.,PHASE1;PHASE2,Phase 2,ACTIVE_NOT_RECRUITING,75,Massachusetts General Hospital,Massachusetts General Hospital,170,0,1,single_arm,1,sacituzumab govitecan;talazoparib,sacituzumab govitecan;talazoparib,PARP,Small Molecule,ATM;BRCA1;BRCA2;BRIP1;CDK12;CHEK2;ER;HER2;MET;PALB2;PR;RA,0,1,1,1,0,0,0,0,0,1,"HR−, HER2−",metastatic · measurable (RECIST)
NCT04042701,DS8201a and Pembrolizumab in Participants With Locally Advanced/Metastatic Breast or Non-Small Cell Lung Cancer,PHASE1,Phase 1,ACTIVE_NOT_RECRUITING,115,Daiichi Sankyo,Daiichi Sankyo,178,1,1,multi_experimental,5,pembrolizumab;trastuzumab deruxtecan (ds-8201a),pembrolizumab;trastuzumab deruxtecan (ds-8201a),HER2,ADC,ALK;BRAF;EGFR;HER2;PD-L1;ROS1;genomic,1,1,1,1,1,0,0,0,0,1,"HR+, HER2+, PD-L1+",metastatic · measurable (RECIST) · ECOG 0-1
NCT04055493,"Adj. Marker-adjusted Personalized Therapy Comparing ET+Ribociclib vs Chemotherapy in Intermediate Risk, HR+/HER2- EBC",PHASE3,Phase 3,ACTIVE_NOT_RECRUITING,1684,Women's Cancer Study Group GmbH,Women's Cancer Study,15,0,1,multi_experimental,2,ribociclib,ribociclib,CDK4/6,Small Molecule,ER;GRPR;HER2,0,1,0,1,0,0,0,0,0,1,HER2−,metastatic
NCT04115306,Phase 1/1b/2 Study of Oral PMD-026 in Patients With Metastatic Breast Cancer,PHASE1;PHASE2,Phase 2,ACTIVE_NOT_RECRUITING,61,Phoenix Molecular Designs,Phoenix Molecular Designs,1,1,0,single_arm,1,fulvestrant;pmd-026,fulvestrant;pmd-026,RSK2,Small Molecule,HER2;RSK2,0,1,1,1,0,0,0,0,0,1,"HR+, HER2+",metastatic · adenoca. · measurable (RECIST)
NCT04138719,Nab-paclitaxel Plus Carboplatin Versus Nab-paclitaxel Plus Epirubicin in the Neoadjuvant Therapy for Breast Cancer,PHASE2,Phase 2,RECRUITING,520,Hebei Medical University Fourth Hospital,Hebei Medical University Fourth Hospital,6,0,0,active_comparator,2,nab-paclitaxel + epirubicin,nab-paclitaxel + carboplatin,Tubulin,Small Molecule,ER;HER2;PR,0,1,0,0,0,0,0,0,0,0,,neoadjuvant · measurable (RECIST)
NCT04140526,"Safety, PK and Efficacy of ONC-392 in Monotherapy and in Combination of Anti-PD-1 in Advanced Solid Tumors and NSCLC",PHASE1;PHASE2,Phase 2,ACTIVE_NOT_RECRUITING,733,"OncoC4, Inc.",OncoC4,10,1,0,multi_experimental,3,onc-392,docetaxel;onc-392;pembrolizumab,PD-1,Monoclonal Antibody,PD-L1,1,1,0,0,0,0,0,0,0,0,,metastatic · small-cell · measurable (RECIST)
NCT04150042,SHARON: A Clinical Trial for Metastatic Cancer Using Chemotherapy and Patients' Own Stem Cells,PHASE1,Phase 1,RECRUITING,24,"General Oncology, Inc.",General Oncology,1,1,0,single_arm,1,bcnu;device: autologous hematopoietic stem cells;melphalan;vitamin b12b;vitamin c,bcnu;device: autologous hematopoietic stem cells;melphalan;vitamin b12b;vitamin c,,,HER2,0,1,0,1,0,0,0,1,0,1,HER2−,metastatic · 1st-line · adenoca. · measurable (RECIST)
NCT04152499,"Phase I-II, FIH, TROP2 ADC, Advanced Unresectable/Metastatic Solid Tumors, Refractory to Standard Therapies (KL264-01)",PHASE1;PHASE2,Phase 2,ACTIVE_NOT_RECRUITING,1410,Klus Pharma Inc.,Klus Pharma,4,1,0,multi_experimental,11,skb264,skb264,TROP2,ADC,ER;HER2;PR;TROP2,1,1,1,1,0,0,0,0,1,1,"HR+, HER2+",metastatic · 2nd-line+ · adenoca. · measurable (RECIST)
NCT04159142,Nab-paclitaxel Plus Carboplatin Versus Nab-paclitaxel Plus Capecitabine in the Treatment of Advanced Triple-negative Breast Cancer,PHASE2,Phase 2,RECRUITING,414,Hebei Medical University Fourth Hospital,Hebei Medical University Fourth Hospital,6,0,0,multi_experimental,2,,nab-paclitaxel + capecitabine;nab-paclitaxel + carboplatin,Tubulin,Small Molecule,ER;HER2;PR,0,1,0,0,0,0,0,0,0,0,,metastatic · measurable (RECIST)
NCT04159818,Immune Induction Strategies to Improve Response to Immune Checkpoint Blockade in Triple Negative Breast Cancer (TNBC) Patients,PHASE2,Phase 2,RECRUITING,52,The Netherlands Cancer Institute,The Netherlands Cancer Institute,72,0,1,multi_experimental,3,nivolumab,cisplatin;low dose doxorubicin;nivolumab,PD-1,Monoclonal Antibody,CD30;ER;HER2,1,1,1,1,0,0,0,0,0,1,"HR+, HER2+",metastatic · measurable (RECIST)
NCT04176848,CFI-400945 and Durvalumab in Patients With Advanced Triple Negative Breast Cancer,PHASE2,Phase 2,ACTIVE_NOT_RECRUITING,15,Canadian Cancer Trials Group,Canadian Cancer Trials Group,48,0,1,single_arm,1,cfi-400945;durvalumab,cfi-400945;durvalumab,PLK4,Small Molecule,ER;HER2;IDH1;PD-L1;PR;TP53,0,1,1,1,1,0,0,0,0,1,"HR−, HER2−, PD-L1+",metastatic · measurable (RECIST)
NCT04180371,Study BT5528-100 in Patients With Advanced Solid Tumors Associated With EphA2 Expression,PHASE1;PHASE2,Phase 2,ACTIVE_NOT_RECRUITING,288,BicycleTx Limited,BicycleTx,8,1,0,multi_experimental,3,bt5528,bt5528;nivolumab,EphA2,Monoclonal Antibody,EPHA2;biomarker,1,1,0,0,0,0,0,0,0,0,,metastatic · squamous · measurable (RECIST)
NCT04188548,A Study of LY3484356 in Participants With Advanced or Metastatic Breast Cancer or Endometrial Cancer,PHASE1,Phase 1,ACTIVE_NOT_RECRUITING,379,Eli Lilly and Company,Eli Lilly,535,1,1,multi_experimental,8,ly3484356,abemaciclib;alpelisib;aromatase inhibitor (ai);everolimus;ly3484356;pertuzumab;trastuzumab,ER,Small Molecule,ER;ESR1;HER2;PIK3CA;PTEN;ctDNA,0,1,1,1,0,0,0,1,0,1,"HR+, HER2+",metastatic · 1st-line
NCT04191499,"A Study Evaluating the Efficacy and Safety of Inavolisib + Palbociclib + Fulvestrant vs Placebo + Palbociclib + Fulvestrant in Participants With PIK3CA-Mutant, Hormone Receptor-Positive, HER2-Negative, Locally Advanced or Metastatic Breast Cancer",PHASE2;PHASE3,Phase 3,ACTIVE_NOT_RECRUITING,325,Hoffmann-La Roche,Roche/Genentech,922,1,1,placebo_comparator,2,fulvestrant;palbociclib,fulvestrant;inavolisib;palbociclib,PI3K,Small Molecule,8P;HER2;biomarker,0,1,1,1,0,0,1,0,0,1,"HR+, HER2+, PIK3CAm",metastatic · measurable (RECIST)
NCT04208178,Study of Alpelisib (BYL719) in Combination With Trastuzumab and Pertuzumab as Maintenance Therapy in Patients With HER2-positive Advanced Breast Cancer With a PIK3CA Mutation,PHASE3,Phase 3,ACTIVE_NOT_RECRUITING,19,Novartis Pharmaceuticals,Novartis,836,1,1,placebo_comparator,3,alpelisib matching placebo;pertuzumab;trastuzumab,alpelisib;pertuzumab;trastuzumab,PI3K,Small Molecule,HER2;PIK3CA;PTEN,0,1,0,1,0,0,1,0,0,1,"HER2+, PIK3CAm",metastatic
NCT04214288,A Study to Investigate Efficacy and Safety With Oral AZD9833 Compared With Intramuscular Fulvestrant in Post-menopausal Women at Least 18 Years of Age With Advanced ER-positive HER2 Negative Breast Cancer,PHASE2,Phase 2,ACTIVE_NOT_RECRUITING,240,AstraZeneca,AstraZeneca,780,1,1,active_comparator,4,fulvestrant,azd9833,ESR1,Small Molecule,ER;ESR1;HER2,0,1,1,1,0,0,0,0,1,1,"HR+, HER2+",metastatic · 2nd-line+ · adenoca. · measurable (RECIST)
NCT04215146,A Study to Assess Overall Response Rate by Inducing an Inflammatory Phenotype in Metastatic BReast cAnCEr With the Oncolytic Reovirus PeLareorEp in CombinaTion With Anti-PD-L1 Avelumab and Paclitaxel - BRACELET-1 Study,PHASE2,Phase 2,ACTIVE_NOT_RECRUITING,48,Oncolytics Biotech,Oncolytics Biotech,15,1,0,active_comparator,3,paclitaxel,avelumab;paclitaxel;pelareorep,PD-L1,Monoclonal Antibody,ER;HER2;PD-L1,1,1,1,1,1,0,0,0,0,1,"HR+, HER2+, PD-L1+",metastatic · measurable (RECIST)
NCT04230109,Sacituzumab Govitecan In TNBC,PHASE2,Phase 2,RECRUITING,239,Massachusetts General Hospital,Massachusetts General Hospital,170,0,1,multi_experimental,2,sacituzumab govitecan,pembrolizumab;sacituzumab govitecan,PD-1,Monoclonal Antibody,PD-L1,1,1,0,0,0,0,0,1,0,0,,adjuvant · 1st-line
NCT04273061,Investigating the Effects of Atezolizumab in People Whose Tumour DNA or RNA Indicates Possible Sensitivity,PHASE2,Phase 2,RECRUITING,50,British Columbia Cancer Agency,British Columbia Cancer Agency,21,0,1,multi_experimental,3,atezolizumab,atezolizumab,PD-L1,Monoclonal Antibody,CMMRD;MET;MSI-H;PD-L1;TMB;genomic,1,1,0,0,1,0,0,0,0,1,PD-L1+,metastatic · measurable (RECIST)
NCT04282044,Study of CRX100 as Monotherapy and in Combination With Pembrolizumab in Patients With Advanced Solid Malignancies,PHASE1,Phase 1,RECRUITING,60,BioEclipse Therapeutics,BioEclipse Therapeutics,1,1,0,multi_experimental,2,crx100 suspension for infusion;cyclophosphamide;fludarabine,crx100 suspension for infusion;cyclophosphamide;fludarabine,PD-1,,ER;HER2;PR,0,1,1,1,0,0,0,0,1,1,"HR−, HER2−",metastatic · 2nd-line+ · adenoca. · measurable (RECIST)
NCT04288089,A Study of H3B-6545 in Combination With Palbociclib in Women With Advanced or Metastatic Estrogen Receptor-Positive Human Epidermal Growth Factor Receptor-2 (HER2)-Negative Breast Cancer,PHASE1,Phase 1,ACTIVE_NOT_RECRUITING,31,Eisai Inc.,Eisai,177,1,0,single_arm,1,100;125 milligram [mg]);300;h3b-6545 (150;palbociclib (75,100;125 milligram [mg]);300;h3b-6545 (150;palbociclib (75,ER,Small Molecule,ER;HER2,0,1,1,1,0,0,0,0,0,1,"HR+, HER2+",metastatic
NCT04293393,Neoadjuvant Study Chemotherapy vs Letrozole + Abemaciclib in HR+/HER2- High/Intermediate Risk Breast Cancer Patients,PHASE2,Phase 2,ACTIVE_NOT_RECRUITING,200,Spanish Breast Cancer Research Group,Spanish Breast Cancer Research Group,33,0,1,active_comparator,2,cyclophosphamide;doxorubicin;taxane,abemaciclib;letrozole;lhrh analogue,CDK4/6,Small Molecule,1p/19q-codeleted;ER;ESR1;HER2;IDH;biomarker,0,1,1,1,0,0,0,0,0,1,"HR+, HER2−",neoadjuvant · adenoca.
NCT04301739,to Evaluate Efficacy and Safety of HLX10 in Combination With Chemotherapy Versus Placebo in Combination With Chemotherapy as Neoadjuvant Therapy and HLX10 Versus Placebo as Adjuvant Therapy in Patients With Triple Negative Breast Cancer (TNBC),PHASE3,Phase 3,NOT_YET_RECRUITING,522,Shanghai Henlius Biotech,Shanghai Henlius,98,1,0,placebo_comparator,2,carboplatin;doxorubicin or epirubicin and cyclophosphamide;nab-paclitaxel,carboplatin;doxorubicin or epirubicin and cyclophosphamide;hlx10;nab-paclitaxel,PD-1,Monoclonal Antibody,ER;HER2;PD-L1,1,1,1,1,0,0,0,1,0,1,"HR+, HER2+",1st-line · squamous
NCT04305496,Capivasertib+Fulvestrant vs Placebo+Fulvestrant as Treatment for Locally Advanced (Inoperable) or Metastatic HR+/HER2- Breast Cancer,PHASE3,Phase 3,ACTIVE_NOT_RECRUITING,818,AstraZeneca,AstraZeneca,780,1,1,placebo_comparator,2,fulvestrant,capivasertib;fulvestrant,AKT1,Small Molecule,ER;HER2;PIK3CA;PTEN,0,1,1,1,0,0,1,0,0,1,"HR+, HER2+, PIK3CAm",metastatic · measurable (RECIST) · ECOG 0-1
NCT04360941,PAveMenT: Palbociclib and Avelumab in Metastatic AR+ Triple Negative Breast Cancer,PHASE1,Phase 1,ACTIVE_NOT_RECRUITING,45,Royal Marsden NHS Foundation Trust,Royal Marsden NHS Foundation Trust,40,0,1,single_arm,1,avelumab;palbociclib,avelumab;palbociclib,CDK4/6,Small Molecule,AR;ER;HER2;PR,0,1,1,1,0,0,0,0,1,1,"HR+, HER2+",metastatic · 2nd-line+ · squamous · measurable (RECIST)
NCT04373031,"Pembrolizumab, IRX-2, and Chemotherapy in Triple Negative Breast Cancer",PHASE2,Phase 2,ACTIVE_NOT_RECRUITING,12,Providence Health & Services,Providence Health & Services,30,0,1,multi_experimental,2,pembrolizumab,irx 2;pembrolizumab,PD-1,Monoclonal Antibody,PD-L1,1,1,0,0,1,0,0,1,0,1,PD-L1+,metastatic · 1st-line · squamous
NCT04389632,A Study of Sigvotatug Vedotin in Advanced Solid Tumors,PHASE1,Phase 1,RECRUITING,1006,"Seagen, a wholly owned subsidiary of Pfizer",Pfizer,687,1,1,multi_experimental,5,sigvotatug vedotin,carboplatin;cisplatin;pembrolizumab;sigvotatug vedotin,PD-1,Monoclonal Antibody,HER2;PD-L1,1,1,0,1,0,0,0,1,1,1,HER2−,metastatic · 1st-line · adenoca. · measurable (RECIST)
NCT04398914,"Pyrotinib, Trastuzumab, Pertuzumab and Nab-paclitaxel as Neoadjuvant Therapy in HER2-positive Breast Cancer",PHASE2,Phase 2,ACTIVE_NOT_RECRUITING,216,Shanghai Jiao Tong University School of Medicine,Shanghai Jiao Tong University School of Medicine,6,0,0,active_comparator,2,ec;nab-paclitaxel;pertuzumab;physician's choice;surgery;t-dm1;trastuzumab,ec;nab-paclitaxel;pertuzumab;physician's choice;pyrotinib;surgery;t-dm1;trastuzumab,HER2,Small Molecule,HER2,0,1,1,1,0,0,0,0,0,1,"HR+, HER2+",stage IV
NCT04421963,Roll Over StudY for Patients Who Have Completed a Previous Oncology Study With Olaparib,PHASE3,Phase 3,ACTIVE_NOT_RECRUITING,185,AstraZeneca,AstraZeneca,780,1,1,single_arm,1,olaparib,olaparib,PARP,Small Molecule,BRCA1;BRCA2;MET,0,1,0,0,0,0,0,0,0,0,,
NCT04425018,MARGetuximab Or Trastuzumab (MARGOT),PHASE2,Phase 2,ACTIVE_NOT_RECRUITING,174,Dana-Farber Cancer Institute,Dana-Farber Cancer Institute,326,0,0,multi_experimental,2,paclitaxel;pertuzumab,margetuximab;paclitaxel;pertuzumab;trastuzumab,HER2,Monoclonal Antibody,ER;HER2;MET;PR,1,1,1,1,0,0,0,0,0,1,"HR+, HER2+",metastatic
NCT04434040,Atezolizumab + Sacituzumab Govitecan to Prevent Recurrence in TNBC (ASPRIA),PHASE2,Phase 2,RECRUITING,40,Dana-Farber Cancer Institute,Dana-Farber Cancer Institute,326,0,1,single_arm,1,atezolizumab;sacituzumab govitecan,atezolizumab;sacituzumab govitecan,PD-L1,Monoclonal Antibody,CMMRD;ER;HER2;MSI-H;PR;TMB,1,1,1,1,0,0,0,0,0,1,"HR−, HER2+",metastatic
NCT04443348,Pre-op Pembro + Radiation Therapy in Breast Cancer (P-RAD),PHASE2,Phase 2,ACTIVE_NOT_RECRUITING,120,"Laura M. Spring, MD","Laura M. Spring, MD",1,0,1,multi_experimental,3,capecitabine;carboplatin;cyclophosphamide;doxorubicin;paclitaxel;pembrolizumab,capecitabine;carboplatin;cyclophosphamide;doxorubicin;paclitaxel;pembrolizumab;radiation therapy boost,PD-1,Monoclonal Antibody,ER;HER2;MET;PD-L1;PR;genomic,1,1,1,1,1,0,0,0,0,1,"HR+, HER2+, PD-L1+",metastatic · squamous
NCT04445844,"INCMGA00012 and Pelareorep for the Treatment of Metastatic Triple Negative Breast Cancer, IRENE Study",PHASE2,Phase 2,ACTIVE_NOT_RECRUITING,25,"Mridula George, MD","Mridula George, MD",1,0,0,single_arm,1,pelareorep;quality-of-life assessment;questionnaire administration;retifanlimab,pelareorep;quality-of-life assessment;questionnaire administration;retifanlimab,PD-1,Monoclonal Antibody,ER;HER2;PD-L1;PR;biomarker,1,1,1,1,1,0,0,0,1,1,"HR−, HER2+, PD-L1+",metastatic · 2nd-line+ · measurable (RECIST)
NCT04448886,Sacituzumab Govitecan +/- Pembrolizumab In HR+ / HER2 - MBC,PHASE2,Phase 2,ACTIVE_NOT_RECRUITING,110,"Ana C Garrido-Castro, MD","Ana C Garrido-Castro, MD",2,0,1,multi_experimental,3,sacituzumab govitecan,pembrolizumab;sacituzumab govitecan,PD-1,Monoclonal Antibody,ER;HER2;PD-L1;PR,1,1,1,1,1,0,0,0,1,1,"HR+, HER2+, PD-L1+",metastatic · 2nd-line+ · measurable (RECIST)
NCT04454437,Study of Sacituzumab Govitecan in Chinese Patients With Metastatic Triple-negative Breast Cancer Who Received at Least Two Prior Treatments,PHASE2,Phase 2,ACTIVE_NOT_RECRUITING,80,Gilead Sciences,Gilead Sciences,168,1,1,single_arm,1,sacituzumab govitecan-hziy,sacituzumab govitecan-hziy,TROP2,ADC,PD-L1,1,1,0,0,0,0,0,0,1,0,,metastatic · 2nd-line+ · measurable (RECIST)
NCT04457596,"T-DM1 and Tucatinib Compared With T-DM1 Alone in Preventing Relapses in People With High Risk HER2-Positive Breast Cancer, the CompassHER2 RD Trial",PHASE3,Phase 3,ACTIVE_NOT_RECRUITING,1056,Alliance for Clinical Trials in Oncology,Alliance for Clinical Trials in Oncology,29,0,0,active_comparator,2,placebo administration;quality-of-life assessment;questionnaire administration;trastuzumab emtansine,quality-of-life assessment;questionnaire administration;trastuzumab emtansine;tucatinib,HER2,Small Molecule,ER;HER2;MET;PR,0,1,1,1,0,0,0,0,0,1,"HR+, HER2+",metastatic · ductal
NCT04468061,Sacituzumab Govitecan +/- Pembrolizumab in Metastatic TNBC,PHASE2,Phase 2,RECRUITING,110,Dana-Farber Cancer Institute,Dana-Farber Cancer Institute,326,0,1,multi_experimental,3,sacituzumab govitecan,pembrolizumab;sacituzumab govitecan,PD-1,Monoclonal Antibody,HER2;PD-L1,1,1,0,1,1,0,0,1,1,1,"HER2−, PD-L1+",metastatic · 1st-line · measurable (RECIST)
NCT04478279,A Phase 1-2 Study of ST101 in Patients With Advanced Solid Tumors,PHASE1;PHASE2,Phase 2,ACTIVE_NOT_RECRUITING,125,Sapience Therapeutics,Sapience Therapeutics,3,1,0,multi_experimental,7,st101,radiation;st101;temozolomide,CEBPB,Peptide,BRAF,0,1,1,0,0,0,0,1,1,1,HR+,metastatic · 1st-line · measurable (RECIST)
NCT04480619,Safety and Efficacy of Ga68-IAC PET/CT for Diagnosis and Clinical Management in Metastatic Breast Cancer Patients,PHASE1;PHASE2,Phase 2,NOT_YET_RECRUITING,25,"Advanced Imaging Projects, LLC",Advanced Imaging Projects,2,1,0,single_arm,1,diagnostic test: ga-68-iac,diagnostic test: ga-68-iac,,Radiopharmaceutical,,0,1,0,0,0,0,0,0,0,0,,metastatic
NCT04494425,"Study of Trastuzumab Deruxtecan (T-DXd) vs Investigator's Choice Chemotherapy in HER2-low, Hormone Receptor Positive, Metastatic Breast Cancer",PHASE3,Phase 3,ACTIVE_NOT_RECRUITING,866,AstraZeneca,AstraZeneca,780,1,1,active_comparator,2,capecitabine;nab-paclitaxel;paclitaxel,trastuzumab deruxtecan,HER2,ADC,HER2,1,1,1,1,0,0,0,1,0,1,"HR+, HER2+",metastatic · 1st-line
NCT04503265,A Trial of AMXI-5001 for Treatment in Patients With Advanced Malignancies,PHASE1;PHASE2,Phase 2,RECRUITING,122,"AtlasMedx, Incorporated",AtlasMedx,1,1,0,single_arm,1,amxi-5001:dose escalation phase i;amxi-5001:dose expansion phase ii,amxi-5001:dose escalation phase i;amxi-5001:dose expansion phase ii,,,,0,1,0,0,0,0,0,0,1,0,,metastatic · 2nd-line+ · ECOG 0-1
NCT04511871,A Phase I Trial of CCT303-406 in Patients With Relapsed or Refractory HER2 Positive Solid Tumors,PHASE1,Phase 1,ACTIVE_NOT_RECRUITING,12,"Shanghai PerHum Therapeutics Co., Ltd.",Shanghai PerHum Therapeutics,4,1,0,single_arm,1,cct303-406,cct303-406,HER2,CAR-T,HER2,1,1,0,1,0,0,0,0,1,1,HER2+,metastatic · 2nd-line+ · squamous · measurable (RECIST)
NCT04514419,Treatment of Breast Cancer With Trastuzumab + HS627/ Pertuzumab + Docetaxel,PHASE3,Phase 3,ACTIVE_NOT_RECRUITING,408,"BioRay Pharmaceutical Co., Ltd.",BioRay Pharmaceutical,11,1,0,multi_experimental,2,,hs627;pertuzumab,HER2,Monoclonal Antibody,HER2,1,1,1,1,0,0,0,0,0,1,"HR+, HER2+",metastatic · squamous · ECOG 1
NCT04524000,Study Assessing the Efficacy and Safety of Treatment With Alpelisib Plus Fulvestrant in Japanese Men and Postmenopausal Women With Advanced Breast Cancer,PHASE2,Phase 2,ACTIVE_NOT_RECRUITING,24,Novartis Pharmaceuticals,Novartis,836,1,1,multi_experimental,3,alpelisib;fulvestrant,alpelisib;fulvestrant,PI3K,Small Molecule,ER;HER2;PIK3CA;PTEN,0,1,1,1,0,0,1,0,0,1,"HR+, HER2−, PIK3CAm",advanced · measurable (RECIST)
NCT04529044,177Lu-DOTATATE for the Treatment of Stage IV or Recurrent Breast Cancer,PHASE2,Phase 2,RECRUITING,10,OHSU Knight Cancer Institute,OHSU Knight Cancer Institute,48,0,1,single_arm,1,biopsy;biospecimen collection;computed tomography;gallium ga 68-dotatate;lutetium lu 177 dotatate;positron emission tomography,biopsy;biospecimen collection;computed tomography;gallium ga 68-dotatate;lutetium lu 177 dotatate;positron emission tomography,SSTR2,Radiopharmaceutical,HER2;PD-L1;SSTR2,0,1,1,1,1,0,0,0,0,1,"HR+, HER2+, PD-L1+",metastatic · measurable (RECIST)
NCT04538742,A Phase 1b/2 Study of T-DXd Combinations in HER2-positive Metastatic Breast Cancer,PHASE1;PHASE2,Phase 2,ACTIVE_NOT_RECRUITING,245,AstraZeneca,AstraZeneca,780,1,1,multi_experimental,8,trastuzumab deruxtecan,durvalumab;paclitaxel;pertuzumab;trastuzumab deruxtecan;tucatinib,PD-L1,Monoclonal Antibody,EGFR;HER2;biomarker,1,1,1,1,0,0,0,0,1,1,"HR+, HER2+",metastatic · 2nd-line+
NCT04539496,A Phase I/II Study of XZP-3287 in Metastasis Solid Tumors,PHASE1;PHASE2,Phase 2,ACTIVE_NOT_RECRUITING,402,Sihuan Pharmaceutical Holdings Group Ltd.,Sihuan Pharmaceutical,3,1,0,multi_experimental,3,,xzp-3287;xzp-3287;letrozole;anastrozole;fulvestrant,HER2,Small Molecule,HER2;HR,0,1,1,1,0,0,0,0,0,1,"HR+, HER2+",metastatic · squamous · measurable (RECIST)
NCT04544189,Study Assessing the Efficacy and Safety of Treatment With Alpelisib Plus Fulvestrant Versus Placebo Plus Fulvestrant in Chinese Men and Postmenopausal Women With Advanced Breast Cancer,PHASE2,Phase 2,ACTIVE_NOT_RECRUITING,69,Novartis Pharmaceuticals,Novartis,836,1,1,placebo_comparator,3,fulvestrant,alpelisib;fulvestrant,PI3K,Small Molecule,ER;HER2;PIK3CA;PTEN,0,1,1,1,0,0,1,0,1,1,"HR+, HER2−, PIK3CAm",metastatic · 2nd-line+ · squamous · measurable (RECIST)
NCT04546009,"A Study Evaluating the Efficacy and Safety of Giredestrant Combined With Palbociclib Compared With Letrozole Combined With Palbociclib in Participants With Estrogen Receptor-Positive, HER2-Negative Locally Advanced or Metastatic Breast Cancer (persevERA Breast Cancer)",PHASE3,Phase 3,ACTIVE_NOT_RECRUITING,992,Hoffmann-La Roche,Roche/Genentech,922,1,1,active_comparator,2,giredestrant-matched placebo;letrozole;lhrh agonist;palbociclib,giredestrant;letrozole-matched placebo;lhrh agonist;palbociclib,CDK4/6,Small Molecule,ER;HER2;PR;biomarker,0,1,1,1,0,0,0,0,0,1,"HR+, HER2+",metastatic · adenoca. · measurable (RECIST)
NCT04553133,PF-07104091 as a Single Agent and in Combination Therapy,PHASE2,Phase 2,ACTIVE_NOT_RECRUITING,157,Pfizer,Pfizer,687,1,1,multi_experimental,7,,pf-0704091 + fulvestrant (post cdk4/6);pf-07104091 + fulvestrant (post cdk4/6);pf-07104091 + palbociclib + fulvestrant;pf-07104091 + palbociclib + letrozole;pf-07104091 monotherapy dose escalation;pf-07104091 monotherapy dose expansion (ovarian);pf-07104091 monotherapy dose expansion (sclc),CDK2,Small Molecule,HER2;ctDNA,0,1,0,1,0,0,0,0,1,1,HER2+,metastatic · 2nd-line+ · measurable (RECIST)
NCT04553770,"Trastuzumab Deruxtecan Alone or in Combination With Anastrozole for the Treatment of Early Stage HER2 Low, Hormone Receptor Positive Breast Cancer",PHASE2,Phase 2,RECRUITING,88,Jonsson Comprehensive Cancer Center,Jonsson Comprehensive Cancer Center,117,0,1,active_comparator,2,therapeutic conventional surgery;trastuzumab deruxtecan,anastrozole;therapeutic conventional surgery;trastuzumab deruxtecan,AROM,Small Molecule,ER;HER2;PR,0,1,1,1,0,0,0,1,0,1,"HR+, HER2+",metastatic · 1st-line · ductal
NCT04556773,A Phase 1b Study of T-DXd Combinations in HER2-low Advanced or Metastatic Breast Cancer,PHASE1,Phase 1,ACTIVE_NOT_RECRUITING,138,AstraZeneca,AstraZeneca,780,1,1,multi_experimental,5,trastuzumab deruxtecan,anastrozole;capecitabine;capivasertib;durvalumab;fulvestrant;paclitaxel;trastuzumab deruxtecan,PD-L1,Monoclonal Antibody,EGFR;ER;HER2;biomarker,1,1,1,1,0,0,0,0,0,1,"HR+, HER2+",metastatic
NCT04557449,Study to Test the Safety and Tolerability of PF-07220060 in Participants With Advance Solid Tumors,PHASE2,Phase 2,ACTIVE_NOT_RECRUITING,362,Pfizer,Pfizer,687,1,1,multi_experimental,17,pf-07220060,enzalutamide;fulvestrant;letrozole;midazolam;pf-07220060,CDK4/6,Small Molecule,HER2,0,1,1,1,0,0,0,0,1,1,"HR+, HER2+",metastatic · 2nd-line+ · squamous · measurable (RECIST)
NCT04561362,Study BT8009-100 in Subjects With Nectin-4 Expressing Advanced Malignancies,PHASE1;PHASE2,Phase 2,ACTIVE_NOT_RECRUITING,329,BicycleTx Limited,BicycleTx,8,1,0,multi_experimental,13,bt8009,bt8009;pembrolizumab,NECTIN4,Monoclonal Antibody,ALK;BRAF;ER;HER2;KRAS;MET;NECTIN-4;PR;ROS1,1,1,1,1,0,0,0,0,1,1,"HR+, HER2−",metastatic · 2nd-line+ · squamous · measurable (RECIST)
NCT04565054,"Adjuvant Therapy With Abemaciclib + SOC ET vs. SOC ET in Clinical or Genomic High Risk, HR+/HER2- EBC",PHASE3,Phase 3,ACTIVE_NOT_RECRUITING,1260,Women's Cancer Study Group GmbH,Women's Cancer Study,15,0,1,multi_experimental,2,abemaciclib,abemaciclib,ER,Small Molecule,ER;HER2;genomic,0,1,0,1,0,0,0,0,0,1,HER2−,metastatic
NCT04567420,"DNA-guided Second Line Adjuvant Therapy for High Residual Risk, Estrogen Receptor Positive, HER-2 Negative Breast Cancer (DARE)",PHASE2,Phase 2,ACTIVE_NOT_RECRUITING,70,"Criterium, Inc.",Criterium,12,1,0,active_comparator,2,adjuvant therapy,fulvestrant;palbociclib,CDK4/6,Small Molecule,ER;HER2;PR,0,1,1,1,0,0,0,0,0,1,"HR+, HER2+",metastatic · squamous
NCT04569747,"A Single Arm Phase II Study of ADjuvant Endocrine Therapy, Pertuzumab, and Trastuzumab for Patients With Anatomic Stage I Hormone Receptor-positive, HER2-positive Breast Cancer",PHASE2,Phase 2,ACTIVE_NOT_RECRUITING,393,Dana-Farber Cancer Institute,Dana-Farber Cancer Institute,326,0,1,single_arm,1,adjuvant endocrine therapy;pertuzumab+trastuzumab,adjuvant endocrine therapy;pertuzumab+trastuzumab,HER2,Monoclonal Antibody,ER;HER2;PR,1,1,1,1,0,0,0,0,0,1,"HR+, HER2+",metastatic
NCT04576455,"A Study Evaluating the Efficacy and Safety of Giredestrant Compared With Physician's Choice of Endocrine Monotherapy in Participants With Previously Treated Estrogen Receptor-Positive, HER2-Negative Locally Advanced or Metastatic Breast Cancer (acelERA Breast Cancer)",PHASE2,Phase 2,ACTIVE_NOT_RECRUITING,303,Hoffmann-La Roche,Roche/Genentech,922,1,1,active_comparator,2,fulvestrant or an aromatase inhibitor (physician choice);lhrh agonist,giredestrant;lhrh agonist,ESR1,Small Molecule,ER;HER2,0,1,1,1,0,0,0,0,0,1,"HR+, HER2+",metastatic · adenoca. · measurable (RECIST)
NCT04579380,Basket Study of Tucatinib and Trastuzumab in Solid Tumors With HER2 Alterations,PHASE2,Phase 2,ACTIVE_NOT_RECRUITING,217,"Seagen, a wholly owned subsidiary of Pfizer",Pfizer,687,1,1,single_arm,1,fulvestrant;trastuzumab;tucatinib,fulvestrant;trastuzumab;tucatinib,HER2,Small Molecule,HER2;MET,0,1,1,1,0,0,0,0,0,1,"HR+, HER2+",metastatic · adenoca. · measurable (RECIST)
NCT04584255,Niraparib + Dostarlimab In BRCA Mutated Breast Cancer,PHASE2,Phase 2,ACTIVE_NOT_RECRUITING,62,Dana-Farber Cancer Institute,Dana-Farber Cancer Institute,326,0,1,multi_experimental,3,dostarlimab;niraparib,dostarlimab;niraparib,PARP,Small Molecule,BRCA1;BRCA2;ER;HER2;HRD;PR,0,1,1,1,0,0,0,0,0,1,"HR+, HER2+",stage IV · ductal
NCT04585750,The Evaluation of PC14586 in Patients With Advanced Solid Tumors Harboring a TP53 Y220C Mutation (PYNNACLE),PHASE1;PHASE2,Phase 2,RECRUITING,300,"PMV Pharmaceuticals, Inc",PMV Pharmaceuticals,2,1,1,multi_experimental,9,rezatapopt,pembrolizumab;rezatapopt,PD-1,Monoclonal Antibody,KRAS;PD-L1,1,1,0,0,1,0,0,0,1,1,PD-L1+,metastatic · 2nd-line+ · measurable (RECIST) · ECOG 0
NCT04588545,Radiation Therapy Followed by Intrathecal Trastuzumab/Pertuzumab in HER2+ Breast Leptomeningeal Disease,PHASE1;PHASE2,Phase 2,ACTIVE_NOT_RECRUITING,33,H. Lee Moffitt Cancer Center and Research Institute,H. Lee Moffitt Cancer Center and Research Institute,228,0,1,multi_experimental,4,pertuzumab;radiation therapy;trastuzumab,pertuzumab;radiation therapy;trastuzumab,HER2,Monoclonal Antibody,HER2,1,1,0,1,0,0,0,0,0,1,HER2+,metastatic
NCT04595565,Sacituzumab Govitecan in Primary HER2-negative Breast Cancer,PHASE3,Phase 3,ACTIVE_NOT_RECRUITING,1332,GBG Forschungs GmbH,GBG Forschungs,25,0,1,multi_experimental,2,sacituzumab govitecan,sacituzumab govitecan,TROP2,ADC,ER;HER2;MET;TROP2,1,1,1,1,0,0,0,0,0,1,"HR+, HER2−",metastatic · squamous
NCT04606446,Study of PF-07248144 in Advanced or Metastatic Solid Tumors,PHASE2,Phase 2,RECRUITING,320,Pfizer,Pfizer,687,1,1,multi_experimental,10,pf-07248144,arv-471;fulvestrant;letrozole;palbociclib;pf-07220060;pf-07248144;pf-07850327;vepdegestrant,KAT6,Small Molecule,AKT1;ER;ESR1;HER2;HR;PIK3CA;PTEN,0,1,1,1,0,0,0,0,1,1,"HR+, HER2+",metastatic · 2nd-line+ · squamous · measurable (RECIST)
NCT04614194,Single Cell Immune and Non-immune Correlates of Response to Neoadjuvant Abemaciclib,PHASE2,Phase 2,RECRUITING,60,University of Texas Southwestern Medical Center,University of Texas Southwestern Medical Center,48,0,1,multi_experimental,2,letrozole,abemaciclib;letrozole,ER,Small Molecule,ER;HER2,0,1,1,1,0,0,0,0,0,1,"HR+, HER2+",metastatic · ECOG 2
NCT04622319,A Study of Trastuzumab Deruxtecan (T-DXd) Versus Trastuzumab Emtansine (T-DM1) in High-risk HER2-positive Participants With Residual Invasive Breast Cancer Following Neoadjuvant Therapy (DESTINY-Breast05),PHASE3,Phase 3,ACTIVE_NOT_RECRUITING,1600,Daiichi Sankyo,Daiichi Sankyo,178,1,1,active_comparator,2,t-dm1,ds-8201a,HER2,ADC,ER;HER2;PR,1,1,1,1,0,0,0,0,0,1,"HR+, HER2+",metastatic
NCT04639986,Asian Study of Sacituzumab Govitecan (IMMU-132) in HR+/HER2- Metastatic Breast Cancer (MBC),PHASE3,Phase 3,ACTIVE_NOT_RECRUITING,331,Gilead Sciences,Gilead Sciences,168,1,1,active_comparator,2,capecitabine oral product;eribulin mesylate injection;gemcitabine injection;vinorelbine injection,sacituzumab govitecan-hziy,TROP2,ADC,HER2;PD-L1,1,1,1,1,0,0,0,0,1,1,"HR+, HER2+",metastatic · 2nd-line+ · measurable (RECIST)
NCT04641247,A Long-term Treatment Extension Study of Niraparib in Participants Who Completed a Prior GlaxoSmithKline/TESARO-sponsored Niraparib Study,PHASE2,Phase 2,RECRUITING,37,GlaxoSmithKline,GSK,468,1,1,single_arm,1,niraparib,niraparib,PARP,Small Molecule,BRCA1;BRCA2;HRD,0,1,0,0,0,0,0,0,0,0,,
NCT04644068,Study of AZD5305 as Monotherapy and in Combination With Anti-cancer Agents in Patients With Advanced Solid Malignancies,PHASE1;PHASE2,Phase 2,ACTIVE_NOT_RECRUITING,702,AstraZeneca,AstraZeneca,780,1,1,multi_experimental,6,azd5305,azd5305;camizestrant;carboplatin;dato-dxd;paclitaxel;t- dxd,PARP,Small Molecule,,0,1,0,0,0,0,0,0,1,0,,metastatic · 2nd-line+ · ECOG 0
NCT04647487,A Study of LY3484356 in Women With Breast Cancer Before Having Surgery,PHASE1,Phase 1,COMPLETED,87,Eli Lilly and Company,Eli Lilly,535,1,1,multi_experimental,3,ly3484356,ly3484356,ER,Small Molecule,ER;HER2;PIK3CA;PTEN,0,1,1,1,0,0,0,0,0,1,"HR+, HER2+",metastatic
NCT04647916,Testing Sacituzumab Govitecan Therapy in Patients With HER2-Negative Breast Cancer and Brain Metastases,PHASE2,Phase 2,ACTIVE_NOT_RECRUITING,44,SWOG Cancer Research Network,SWOG Cancer Research Network,15,0,1,single_arm,1,sacituzumab govitecan,sacituzumab govitecan,TROP2,ADC,HER2;TROP2,1,1,0,1,0,0,0,0,0,1,HER2−,metastatic · measurable (RECIST)
NCT04650581,Fulvestrant and Ipatasertib for Advanced HER-2 Negative and Estrogen Receptor Positive (ER+) Breast Cancer Following Progression on First Line CDK 4/6 Inhibitor and Aromatase Inhibitor,PHASE3,Phase 3,ACTIVE_NOT_RECRUITING,250,Canadian Cancer Trials Group,Canadian Cancer Trials Group,48,0,1,placebo_comparator,2,fulvestrant,fulvestrant;ipatasertib,AKT1,Small Molecule,ER,0,1,1,0,0,0,1,1,0,1,"HR+, PIK3CAm",metastatic · 1st-line
NCT04673448,"Niraparib and TSR-042 for the Treatment of BRCA-Mutated Unresectable or Metastatic Breast, Pancreas, Ovary, Fallopian Tube, or Primary Peritoneal Cancer",PHASE1,Phase 1,ACTIVE_NOT_RECRUITING,18,University of Washington,University of Washington,74,0,1,single_arm,1,biopsy;biospecimen collection;computed tomography;dostarlimab;magnetic resonance imaging;niraparib,biopsy;biospecimen collection;computed tomography;dostarlimab;magnetic resonance imaging;niraparib,PD-1,Monoclonal Antibody,ER;HER2;MSI-H;PD-L1;PR;dMMR,1,1,1,1,1,1,0,0,0,1,"HR+, HER2+, PD-L1+, BRCA/HRD+",metastatic · squamous · measurable (RECIST)
NCT04706962,TH1902 in Patients With Advanced Solid Tumors,PHASE1,Phase 1,ACTIVE_NOT_RECRUITING,70,Theratechnologies,Theratechnologies,1,1,0,single_arm,1,th1902,th1902,SORT1,Peptide,MET;SORT1,0,1,1,0,0,0,0,0,1,1,HR+,metastatic · 2nd-line+ · measurable (RECIST)
NCT04711252,A Comparative Study of AZD9833 Plus Palbociclib Versus Anastrozole Plus Palbociclib in Patients With ER-Positive HER2 Negative Breast Cancer Who Have Not Received Any Systemic Treatment for Advanced Disease,PHASE3,Phase 3,ACTIVE_NOT_RECRUITING,1370,AstraZeneca,AstraZeneca,780,1,1,active_comparator,2,anastrozole;azd9833 placebo;luteinizing hormone-releasing hormone (lhrh) agonist;palbociclib,anastrozole placebo;azd9833;luteinizing hormone-releasing hormone (lhrh) agonist;palbociclib,ESR1,Small Molecule,ER;ESR1;HER2,0,1,1,1,0,0,0,1,0,1,"HR+, HER2+",metastatic · 1st-line · measurable (RECIST)
NCT04711824,Study of Stereotactic Radiosurgery With Olaparib Followed by Durvalumab and Physician's Choice Systemic Therapy in Subjects With Breast Cancer Brain Metastases,PHASE1;PHASE2,Phase 2,ACTIVE_NOT_RECRUITING,41,Colette Shen,Colette Shen,1,0,1,single_arm,1,durvalumab;olaparib;physicians choice systemic;stereotactic radiosurgery,durvalumab;olaparib;physicians choice systemic;stereotactic radiosurgery,PARP,Small Molecule,BRCA1;BRCA2;ER;HER2;PD-L1;PR,0,1,1,1,1,1,0,0,1,1,"HR−, HER2−, PD-L1+, BRCA/HRD+",metastatic · 2nd-line+
NCT04721977,A Study of Tucatinib (MK-7119) in Combination With Trastuzumab and Capecitabine in Participants With Previously Treated Locally Advanced Unresectable or Metastatic Human Epidermal Growth Factor Receptor 2 Positive (HER2+) Breast Carcinoma (MK-7119-001),PHASE2,Phase 2,ACTIVE_NOT_RECRUITING,66,Pfizer,Pfizer,687,1,1,single_arm,1,capecitabine;trastuzumab;tucatinib,capecitabine;trastuzumab;tucatinib,HER2,Small Molecule,HER2,0,1,0,1,0,0,0,0,1,1,HER2+,metastatic · 2nd-line+
NCT04733118,Chemotherapy-Free pCR-Guided Strategy With Trastuzumab-pertuzumab and T-DM1 in HER2-positive Early Breast Cancer,PHASE2,Phase 2,ACTIVE_NOT_RECRUITING,393,MedSIR,MedSIR,27,0,1,single_arm,1,trastuzumab and pertuzumab (fdc sc) and t-dm1,trastuzumab and pertuzumab (fdc sc) and t-dm1,HER2,Bispecific Antibody,ER;HER2,1,1,1,1,0,0,0,0,0,1,"HR+, HER2+",metastatic · squamous · measurable (RECIST)
NCT04739761,A Study of T-DXd in Participants With or Without Brain Metastasis Who Have Previously Treated Advanced or Metastatic HER2 Positive Breast Cancer,PHASE3,Phase 3,ACTIVE_NOT_RECRUITING,506,AstraZeneca,AstraZeneca,780,1,1,single_arm,1,trastuzumab deruxtecan,trastuzumab deruxtecan,HER2,ADC,HER2,1,1,0,1,0,0,0,0,1,1,HER2+,metastatic · 2nd-line+ · measurable (RECIST)
NCT04759248,Study With Atezolizumab in Combination With Trastuzumab and Vinorelbine in HER2-positive Advanced/Metastatic Breast Cancer,PHASE2,Phase 2,ACTIVE_NOT_RECRUITING,55,SOLTI Breast Cancer Research Group,SOLTI Breast Cancer Research Group,18,0,1,single_arm,1,atezolizumab + trastuzumab + vinorelbine,atezolizumab + trastuzumab + vinorelbine,HER2,Monoclonal Antibody,HER2;PD-L1;TMB;biomarker,1,1,0,1,1,0,0,0,0,1,"HER2+, PD-L1+",metastatic · adenoca. · measurable (RECIST) · ECOG 0
NCT04762979,"Alpelisib (BYL719) in Combination With Continued Endocrine Therapy Following Progression on Endocrine Therapy in Hormone Receptor Positive, HER2 Negative, PIK3CA Mutant Metastatic Breast Cancer",PHASE2,Phase 2,ACTIVE_NOT_RECRUITING,44,Marina N Sharifi,Marina N Sharifi,1,0,1,single_arm,1,alpelisib;aromatase inhibitor;fulvestrant,alpelisib;aromatase inhibitor;fulvestrant,PI3K,Small Molecule,ER;HER2;PIK3CA;PR;PTEN,0,1,1,1,0,0,1,0,0,1,"HR+, HER2+, PIK3CAm",metastatic · measurable (RECIST)
NCT04784715,"Trastuzumab Deruxtecan (T-DXd) With or Without Pertuzumab Versus Taxane, Trastuzumab and Pertuzumab in HER2-positive Metastatic Breast Cancer (DESTINY-Breast09)",PHASE3,Phase 3,ACTIVE_NOT_RECRUITING,1157,AstraZeneca,AstraZeneca,780,1,1,active_comparator,3,pertuzumab;taxane;trastuzumab,pertuzumab;trastuzumab deruxtecan,HER2,Monoclonal Antibody,HER2,1,1,1,1,0,0,0,0,0,1,"HR+, HER2+",metastatic
NCT04787042,"Phase 1a and Phase 2 Study for Safety, Preliminary Efficacy, PK and PD of ST-067",PHASE1;PHASE2,Phase 2,RECRUITING,316,"Simcha IL-18, Inc.",Simcha IL-18,1,1,1,multi_experimental,4,st-067,obinutuzumab;pembrolizumab;st-067,PD-1,Recombinant Protein,ALK;HER2;MMR;MSI;MSI-H;PD-L1;TMB,0,1,1,1,1,0,0,0,1,1,"HR+, HER2+, PD-L1+",metastatic · 2nd-line+ · squamous · measurable (RECIST)
NCT04802759,A Study Evaluating the Efficacy and Safety of Multiple Treatment Combinations in Participants With Breast Cancer,PHASE1;PHASE2,Phase 2,RECRUITING,316,Hoffmann-La Roche,Roche/Genentech,922,1,1,active_comparator,16,giredestrant;ph fdc sc,abemaciclib;atezolizumab;everolimus;giredestrant;inavolisib;ipatasertib;palbociclib;ph fdc sc;ribociclib;samuraciclib,CDK4/6,Small Molecule,CDX;ER;ESR1;HER2;PD-L1;biomarker,0,1,1,1,1,0,1,0,1,1,"HR+, HER2+, PD-L1+, PIK3CAm",metastatic · 2nd-line+ · adenoca. · measurable (RECIST)
NCT04802876,Efficacy of Tislelizumab and Spartalizumab Across Multiple Cancer-types in Patients with PD1-high MRNA Expressing Tumors,PHASE2,Phase 2,ACTIVE_NOT_RECRUITING,184,SOLTI Breast Cancer Research Group,SOLTI Breast Cancer Research Group,18,0,1,multi_experimental,3,,spartalizumab;tislelizumab,PD-1,Monoclonal Antibody,BRAF,1,1,0,0,1,0,0,0,0,1,PD-L1+,metastatic · squamous · measurable (RECIST)
NCT04803539,"A Prospective, Phase II Trial Using ctDNA to Initiate Post-operation Boost Therapy After Adjuvant Chemotherapy in TNBC",PHASE2;PHASE3,Phase 3,RECRUITING,260,Sun Yat-Sen Memorial Hospital of Sun Yat-Sen University,Sun Yat-Sen Memorial Hospital of Sun Yat-Sen University,15,0,0,active_comparator,2,capecitabine,capecitabine + camrelizumab + apatinib,PD-1,Monoclonal Antibody,ER;HER2;PR,1,1,1,1,1,0,0,0,0,1,"HR+, HER2+, PD-L1+",metastatic · ECOG 0
NCT04829604,"ARX788 in HER2-positive, Metastatic Breast Cancer Subjects (ACE-Breast-03)",PHASE2,Phase 2,ACTIVE_NOT_RECRUITING,72,"Ambrx, Inc.",Ambrx,3,1,0,single_arm,1,arx788,arx788,HER2,ADC,HER2,1,1,0,1,0,0,0,0,0,1,HER2+,metastatic · measurable (RECIST)
NCT04841148,Avelumab or Hydroxychloroquine With or Without Palbociclib to Eliminate Dormant Breast Cancer,PHASE2,Phase 2,RECRUITING,96,Abramson Cancer Center at Penn Medicine,Abramson Cancer Center at Penn Medicine,31,0,1,multi_experimental,4,,avelumab;hcq;palbociclib,PD-L1,Monoclonal Antibody,ER;HER2;PD-L1;PR,1,1,1,1,0,0,0,0,0,1,"HR+, HER2+",recurrent · ductal
NCT04842617,"Phase III Study ：SHR6390/Placebo Combined With Endocrine Therapy for the Adjuvant Treatment of Hormone Receptor Positive,Human Epidermal Receptor 2 Negative",PHASE3,Phase 3,ACTIVE_NOT_RECRUITING,5274,"Jiangsu HengRui Medicine Co., Ltd.",Hengrui,312,1,0,placebo_comparator,2,,shr6390,CDK4/6,Small Molecule,HER2;HR,0,0,1,1,0,0,0,0,0,1,"HR+, HER2+",ECOG 0 - 1
NCT04851613,Study to Evaluate Efficacy & Safety of Afuresertib Plus Fulvestrant in Patients With Locally Advanced or Metastatic HR+/HER2- Breast Cancer,PHASE3,Phase 3,ACTIVE_NOT_RECRUITING,256,Laekna Limited,Laekna,7,1,0,placebo_comparator,4,afuresertib/placebo,afuresertib,AKT1,Small Molecule,ER;HER2;PR;biomarker,0,1,1,1,0,0,1,0,1,1,"HR+, HER2+, PIK3CAm",metastatic · 2nd-line+ · squamous · measurable (RECIST)
NCT04862663,Capivasertib + CDK4/6i + Fulvestrant for Advanced/Metastatic HR+/HER2- Breast Cancer (CAPItello-292),PHASE3,Phase 3,ACTIVE_NOT_RECRUITING,893,AstraZeneca,AstraZeneca,780,1,1,active_comparator,5,fulvestrant,abemaciclib;capivasertib;fulvestrant;palbociclib;ribociclib,AKT1,Small Molecule,ER;HER2;PIK3CA;PTEN,0,1,1,1,0,0,1,0,0,1,"HR+, HER2+, PIK3CAm",metastatic · measurable (RECIST)
NCT04872166,A Study of BTX-A51 in People With Advanced Solid Tumor and Breast Cancer,PHASE1,Phase 1,RECRUITING,112,Edgewood Oncology Inc.,Edgewood Oncology,2,1,0,multi_experimental,8,btx-a51,btx-a51,HER2,Small Molecule,ER;HER2;RUNX1,0,1,1,1,0,0,0,0,1,1,"HR+, HER2+",metastatic · 2nd-line+ · measurable (RECIST)
NCT04872985,"Pyrotinib Plus Neoadjuvant Chemotherapy in HR+/HER2-, HER4-High Breast Cancer",PHASE2,Phase 2,ACTIVE_NOT_RECRUITING,140,Sun Yat-Sen Memorial Hospital of Sun Yat-Sen University,Sun Yat-Sen Memorial Hospital of Sun Yat-Sen University,15,0,0,placebo_comparator,2,cyclophosphamide;docetaxel;doxorubicin hydrochloride liposome injection;epirubicin;nab-paclitaxel,cyclophosphamide;docetaxel;doxorubicin hydrochloride liposome injection;epirubicin;nab-paclitaxel;pyrotinib,HER2,Small Molecule,ER;HER2;PR;biomarker,0,1,1,1,0,0,0,0,0,1,"HR+, HER2+",metastatic · squamous · measurable (RECIST)
NCT04873362,A Study Evaluating the Efficacy and Safety of Adjuvant Atezolizumab or Placebo and Trastuzumab Emtansine for Participants With HER2-Positive Breast Cancer at High Risk of Recurrence Following Preoperative Therapy,PHASE3,Phase 3,ACTIVE_NOT_RECRUITING,1188,Hoffmann-La Roche,Roche/Genentech,922,1,1,active_comparator,2,trastuzumab;trastuzumab emtansine,atezolizumab;trastuzumab;trastuzumab emtansine,PD-L1,Monoclonal Antibody,CMMRD;HER2;MSI-H;PD-L1;TMB,1,1,1,1,1,0,0,0,0,1,"HR+, HER2+, PD-L1+",stage IV · ductal
NCT04879563,Artificial Intelligence Supporting CAncer Patients Across Europe - the ASCAPE Project,PHASE2,Phase 2,ACTIVE_NOT_RECRUITING,500,Region Örebro County,Region Örebro County,2,0,0,single_arm,1,ascape-based follow-up strategy,ascape-based follow-up strategy,,,,0,1,0,0,0,0,0,0,0,0,,metastatic
NCT04884360,D9319C00001- 1L OC Mono Global RCT,PHASE3,Phase 3,ACTIVE_NOT_RECRUITING,366,AstraZeneca,AstraZeneca,780,1,1,placebo_comparator,2,matching placebo,olaparib,PARP,Small Molecule,BRCA1;BRCA2;MET,0,1,0,0,0,1,0,1,0,1,BRCA/HRD+,metastatic · 1st-line · ductal · measurable (RECIST)
NCT04886531,"Trial of Pre-operative Neratinib and Endocrine Therapy With Trastuzumab in ER-Positive, HER-2 Positive Breast Cancers",PHASE2,Phase 2,RECRUITING,30,Ruth O'Regan,Ruth O'Regan,1,0,1,single_arm,1,letrozole (l) or anastrozole (a);neratinib;trastuzumab,letrozole (l) or anastrozole (a);neratinib;trastuzumab,HER2,Small Molecule,ER;HER2;PR,0,1,1,1,0,0,0,0,0,1,"HR+, HER2+",metastatic · squamous
NCT04893109,ATEMPT 2.0: Adjuvant T-DM1 vs TH,PHASE2,Phase 2,RECRUITING,500,Dana-Farber Cancer Institute,Dana-Farber Cancer Institute,326,0,1,multi_experimental,2,trastuzumab sc,paclitaxel;trastuzumab sc;trastuzumab-emtansine,HER2,Monoclonal Antibody,ER;HER2;PR;genomic,1,1,1,1,0,0,0,0,0,1,"HR+, HER2+",metastatic
NCT04895358,Study of Pembrolizumab (MK-3475) Plus Chemotherapy Versus Placebo Plus Chemotherapy for HR+/HER2- Locally Recurrent Inoperable or Metastatic Breast Cancer (MK-3475-B49/KEYNOTE-B49),PHASE3,Phase 3,ACTIVE_NOT_RECRUITING,342,Merck Sharp & Dohme LLC,Merck (MSD),649,1,1,active_comparator,2,capecitabine;dextrose;liposomal doxorubicin;nab-paclitaxel;paclitaxel,capecitabine;liposomal doxorubicin;nab-paclitaxel;paclitaxel;pembrolizumab,PD-1,Monoclonal Antibody,ER;HER2;PD-L1,1,1,1,1,1,1,0,0,1,1,"HR+, HER2+, PD-L1+, BRCA/HRD+",metastatic · 2nd-line+ · squamous · measurable (RECIST)
NCT04895709,A Study of BMS-986340 as Monotherapy and as Combination Therapy in Participants With Advanced Solid Tumors,PHASE1;PHASE2,Phase 2,RECRUITING,1109,Bristol-Myers Squibb,Bristol Myers Squibb,764,1,1,multi_experimental,9,bms-986340,bms-936558-01;bms-986340;docetaxel;pumitamig,PD-1,Monoclonal Antibody,PD-L1;biomarker;biomarker analysis,1,1,0,0,0,0,0,0,1,0,,metastatic · 2nd-line+ · measurable (RECIST)
NCT04906395,Ovarian Suppression Evaluating Subcutaneous Leuprolide Acetate in Breast Cancer,PHASE3,Phase 3,ACTIVE_NOT_RECRUITING,250,Tolmar Inc.,Tolmar,2,1,0,single_arm,1,anastrozole tablets;exemestane tablets;letrozole tablets;tamoxifen;tol2506,anastrozole tablets;exemestane tablets;letrozole tablets;tamoxifen;tol2506,HER2,,HER2;PR,0,1,1,1,0,0,0,0,0,1,"HR+, HER2+",neoadjuvant
NCT04915755,Efficacy and Safety Comparison of Niraparib to Placebo in Participants With Human Epidermal Growth Factor 2 Negative (HER2-) Breast Cancer Susceptibility Gene Mutation (BRCAmut) or Triple-Negative Breast Cancer (TNBC) With Molecular Disease,PHASE3,Phase 3,ACTIVE_NOT_RECRUITING,40,GlaxoSmithKline,GSK,468,1,1,multi_experimental,2,niraparib,niraparib,PARP,Small Molecule,BRCA1;BRCA2;ER;HER2;HRD,0,1,1,1,0,1,0,0,0,1,"HR+, HER2+, BRCA/HRD+",metastatic · ductal
NCT04920708,"Fulvestrant, Ipatasertib and CDK4/6 Inhibition in Metastatic ER+/HER2- Breast Cancer Patients Without ctDNA Suppression",PHASE2,Phase 2,ACTIVE_NOT_RECRUITING,57,Royal Marsden NHS Foundation Trust,Royal Marsden NHS Foundation Trust,40,0,1,active_comparator,4,cdk4/6 inhibitor;fulvestrant;palbociclib,fulvestrant;ipatasertib;palbociclib,AKT1,Small Molecule,ER;HER2,0,1,1,1,0,0,1,0,1,1,"HR+, HER2+, PIK3CAm",metastatic · 2nd-line+ · squamous · measurable (RECIST)
NCT04923542,SRS & Abemaciclib w/wo Imlunestrant in the Management of HR+/HER2- Breast CA Brain Metastases,PHASE1;PHASE2,Phase 2,RECRUITING,31,H. Lee Moffitt Cancer Center and Research Institute,H. Lee Moffitt Cancer Center and Research Institute,228,0,1,multi_experimental,2,abemaciclib;endocrine therapy;stereotactic radiosurgery (srs),abemaciclib;endocrine therapy;stereotactic radiosurgery (srs),CDK4/6,Small Molecule,ER;HER2;PR;biomarker,0,1,1,1,0,0,0,0,0,1,"HR+, HER2+",metastatic · measurable (RECIST)
NCT04961996,"A Study Evaluating the Efficacy and Safety of Adjuvant Giredestrant Compared With Physician's Choice of Adjuvant Endocrine Monotherapy in Participants With Estrogen Receptor-Positive, HER2-Negative Early Breast Cancer (lidERA Breast Cancer)",PHASE3,Phase 3,ACTIVE_NOT_RECRUITING,4170,Hoffmann-La Roche,Roche/Genentech,922,1,1,active_comparator,2,lhrh agonist;physician's choice of endocrine therapy,giredestrant;lhrh agonist,ESR1,Small Molecule,ER;HER2;biomarker,0,1,1,1,0,0,0,0,0,1,"HR+, HER2+",stage IV · ductal
NCT04964934,Phase III Study to Assess AZD9833+ CDK4/6 Inhibitor in HR+/HER2-MBC With Detectable ESR1m Before Progression (SERENA-6),PHASE3,Phase 3,ACTIVE_NOT_RECRUITING,315,AstraZeneca,AstraZeneca,780,1,1,active_comparator,2,abemaciclib;anastrozole;azd9833 placebo;letrozole;luteinizing hormone-releasing hormone (lhrh) agonist;palbociclib;ribociclib,abemaciclib;anastrozole placebo;azd9833;letrozole placebo;luteinizing hormone-releasing hormone (lhrh) agonist;palbociclib;ribociclib,ESR1,Small Molecule,CDX;ER;ESR1;HER2,0,1,1,1,0,0,0,0,0,1,"HR+, HER2+",metastatic · adenoca.
NCT04965766,Patritumab Deruxtecan (U3-1402) in Unresectable Locally Advanced or Metastatic Breast Cancer,PHASE2,Phase 2,RECRUITING,139,"Gustave Roussy, Cancer Campus, Grand Paris","Gustave Roussy, Cancer Campus, Grand Paris",31,0,1,single_arm,1,u3-1402,u3-1402,HER3,ADC,HER2;HER3,1,1,1,1,0,0,1,0,0,1,"HR+, HER2−, PIK3CAm",metastatic
NCT04969835,"A Study Evaluating the Safety, Pharmacokinetics and Early Efficacy of AVA6000 in Solid Tumours",PHASE1,Phase 1,RECRUITING,158,Avacta Life Sciences Ltd,Avacta Life Sciences,2,1,0,multi_experimental,4,ava6000,ava6000,FAP,ADC,FAP;PR,1,1,0,0,0,1,0,1,1,1,BRCA/HRD+,metastatic · 1st-line · measurable (RECIST)
NCT04975308,"A Study of Imlunestrant, Investigator's Choice of Endocrine Therapy, and Imlunestrant Plus Abemaciclib in Participants With ER+, HER2- Advanced Breast Cancer",PHASE3,Phase 3,ACTIVE_NOT_RECRUITING,874,Eli Lilly and Company,Eli Lilly,535,1,1,multi_experimental,3,,abemaciclib;exemestane;fulvestrant;imlunestrant,CDK4/6,Small Molecule,ER;HER2,0,1,1,1,0,0,1,0,0,1,"HR+, HER2+, PIK3CAm",metastatic · measurable (RECIST)
NCT04985266,A Trial of Early Detection of Molecular Relapse With Circulating Tumour DNA Tracking and Treatment With Palbociclib Plus Fulvestrant Versus Standard Endocrine Therapy in Patients With ER Positive HER2 Negative Breast Cancer,PHASE2,Phase 2,RECRUITING,1100,Royal Marsden NHS Foundation Trust,Royal Marsden NHS Foundation Trust,40,0,1,active_comparator,2,anastrozole;exemestane;letrozole;tamoxifen,fulvestrant injection;palbociclib,CDK4/6,Small Molecule,ER;HER2;PR;genomic,0,1,1,1,0,0,0,0,0,1,"HR+, HER2+",metastatic
NCT04986579,Scalp Cooling in MBC,PHASE2,Phase 2,RECRUITING,120,Dana-Farber Cancer Institute,Dana-Farber Cancer Institute,326,0,1,active_comparator,6,eribulin;sacituzumab govitecan;trastuzumab deruxtecan,device: paxman scalp cooling system;eribulin;sacituzumab govitecan;trastuzumab deruxtecan,Tubulin,Small Molecule,,0,1,0,0,0,0,0,0,0,0,,metastatic · ECOG 2
NCT04993430,"A Phase 1 Study of HRS8807 Monotherapy and in Combination With SHR6390 in Subjects With ER-Positive, HER2-Negative Metastatic or Locally Advanced Breast Cancer",PHASE1,Phase 1,ACTIVE_NOT_RECRUITING,46,"Shanghai Hengrui Pharmaceutical Co., Ltd.",Hengrui,312,1,0,multi_experimental,4,,device: hrs8807、shr6390;hrs8807;hrs8807、shr6390,ER,Small Molecule,ER;HER2,0,1,0,1,0,0,0,0,0,1,HER2+,metastatic
NCT05000294,Atezolizumab Plus Tivozanib in Immunologically Cold Tumor Types,PHASE1;PHASE2,Phase 2,RECRUITING,29,University of Florida,University of Florida,28,0,1,single_arm,1,atezolizumab;tivozanib,atezolizumab;tivozanib,PD-L1,Monoclonal Antibody,CMMRD;HER2;MET;MSI;MSI-H;PD-L1;TMB;dMMR,1,1,0,1,1,0,0,0,0,1,"HER2+, PD-L1+",metastatic · adenoca. · measurable (RECIST)
NCT05005403,"Study to Assess Adverse Events and Pharmacokinetics in Adult Participants With Non-Small Cell Lung Cancer, Head and Neck Squamous Cell Carcinoma and Other Solid Tumors, Receiving Intravenous Infusion of Azirkitug Alone or in Combination(s) With Budigalimab, Bevacizumab, or Telisotuzumab Adizutecan",PHASE1,Phase 1,RECRUITING,694,AbbVie,AbbVie,274,1,1,multi_experimental,17,azirkitug,azirkitug;bevacizumab;budigalimab;telisotuzumab adizutecan,PD-1,Monoclonal Antibody,BRAF;HER2;MSI;MSI-H;PD-L1,1,1,0,1,1,0,0,1,0,1,"HER2+, PD-L1+",metastatic · 1st-line · adenoca. · measurable (RECIST)
NCT05021900,"Efficacy and Safety of Tenalisib (RP6530), in Patients With Locally Advanced or Metastatic Breast Cancer",PHASE2,Phase 2,COMPLETED,40,Rhizen Pharmaceuticals SA,Rhizen Pharmaceuticals,13,1,0,multi_experimental,2,tenalisib,tenalisib,PI3K δ/γ,Small Molecule,,0,1,0,0,0,0,0,0,0,0,,metastatic · measurable (RECIST)
NCT05029999,"CD40 Agonist, Flt3 Ligand, and Chemotherapy in HER2 Negative Breast Cancer",PHASE1,Phase 1,RECRUITING,30,University of Texas Southwestern Medical Center,University of Texas Southwestern Medical Center,48,0,0,multi_experimental,2,cdx-1140;cdx-301;pld,cdx-1140;cdx-301;pld,HER2,Monoclonal Antibody,CDX;HER2;PD-L1,1,1,1,1,1,0,0,1,0,1,"HR+, HER2+, PD-L1+",metastatic · 1st-line · squamous · measurable (RECIST) · ECOG 0
NCT05033756,Comprehensive Analysis of Predictors of the Treatment With Pembrolizumab and Olaparib in Patients With Unresectable or Metastatic HER2 Negative Breast Cancer and a Deleterious Germline Mutation or a Homologous Recombination Deficiency (COMPRENDO,PHASE2,Phase 2,ACTIVE_NOT_RECRUITING,11,Institut fuer Frauengesundheit,Institut fuer Frauengesundheit,7,0,1,single_arm,1,olaparib oral tablet [lynparza];pembrolizumab injection [keytruda],olaparib oral tablet [lynparza];pembrolizumab injection [keytruda],PD-1,Monoclonal Antibody,ATM;BARD1;BRCA1/2;CHEK2;ER;FANCC;HER2;HRD;PALB2;PR;RA;SLX4;XRCC2,1,1,1,1,0,1,0,1,1,1,"HR+, HER2+, BRCA/HRD+",metastatic · 1st-line · measurable (RECIST)
NCT05035836,A Phase 2 Single-Arm Open-Label Pilot Trial Evaluating Zanidatamab (ZW25) in Patients With Early Stage HER2/Neu Positive (HER2+) Breast Cancer (BC),PHASE2,Phase 2,RECRUITING,20,M.D. Anderson Cancer Center,M.D. Anderson Cancer Center,697,0,0,single_arm,1,letrozole;tamoxifen;zanidatamab,letrozole;tamoxifen;zanidatamab,HER2,Bispecific Antibody,ER;HER2,1,1,1,1,0,0,0,0,0,1,"HR+, HER2+",metastatic
NCT05038735,"Study to Assess the Efficacy and Safety of Alpelisib Plus Fulvestrant in Participants With HR-positive (HR+), HER2-negative, Advanced Breast Cancer After Treatment With a CDK4/6 Inhibitor and an Aromatase Inhibitor.",PHASE3,Phase 3,ACTIVE_NOT_RECRUITING,210,Novartis Pharmaceuticals,Novartis,836,1,1,placebo_comparator,2,alpelisib-matching placebo;fulvestrant,alpelisib;fulvestrant,PI3K,Small Molecule,CDX;ER;HER2;PIK3CA;PTEN;companion diagnostic,0,1,1,1,0,0,1,0,1,1,"HR+, HER2−, PIK3CAm",metastatic · 2nd-line+ · measurable (RECIST)
NCT05039931,"A Study of GNC-035, a Tetra-specific Antibody, in Participants With Locally Advanced or Metastatic Solid Tumors",PHASE1,Phase 1,WITHDRAWN,0,"Sichuan Baili Pharmaceutical Co., Ltd.",Sichuan Baili Pharmaceutical,127,1,0,single_arm,1,gnc-035,gnc-035,ROR1,Bispecific Antibody,PD-L1;ROR1,1,1,0,0,1,0,0,0,1,1,PD-L1+,metastatic · 2nd-line+ · measurable (RECIST)
NCT05041842,Treatment With Tucatinib in Patients With an Isolated Brain Progression of a Metastatic Breast Cancer,PHASE2,Phase 2,ACTIVE_NOT_RECRUITING,53,UNICANCER,UNICANCER,64,0,0,single_arm,1,hormone therapy;pertuzumab;pertuzumab/ trastuzumab;trastuzumab;tucatinib,hormone therapy;pertuzumab;pertuzumab/ trastuzumab;trastuzumab;tucatinib,HER2,Small Molecule,HER2,0,1,1,1,0,0,0,0,0,1,"HR+, HER2+",metastatic · ECOG 0-1
NCT05057013,A Phase I/IIa Trial of HMBD-001 in Advanced HER3 Positive Solid Tumours,PHASE1;PHASE2,Phase 2,ACTIVE_NOT_RECRUITING,81,Cancer Research UK,Cancer Research UK,16,0,0,multi_experimental,2,,hmbd-001;hmbd-001 and enzalutamide,HER3,Monoclonal Antibody,HER3,1,1,0,0,0,0,1,0,1,1,PIK3CAm,metastatic · 2nd-line+ · adenoca.
NCT05063786,Trastuzumab + Alpelisib +/- Fulvestrant vs Trastuzumab + CT in Patients With PIK3CA Mutated Previously Treated HER2+ Advanced BrEasT Cancer (ALPHABET),PHASE3,Phase 3,ACTIVE_NOT_RECRUITING,27,Spanish Breast Cancer Research Group,Spanish Breast Cancer Research Group,33,0,1,active_comparator,3,capecitabine;eribulin;trastuzumab;vinorelbine,alpelisib;fulvestrant;trastuzumab,HER2,Monoclonal Antibody,ER;HER2,1,1,1,1,0,0,1,0,1,1,"HR+, HER2+, PIK3CAm",metastatic · 2nd-line+ · squamous · measurable (RECIST)
NCT05076760,MEM-288 Oncolytic Virus Alone and in Combination With Standard of Care Therapy in Advanced Solid Tumors,PHASE1,Phase 1,RECRUITING,40,"Memgen, Inc.",Memgen,4,1,0,multi_experimental,3,mem-288 intratumoral injection,docetaxel;mem-288 intratumoral injection;nivolumab,CD40L,Oncolytic Virus,ALK;BRAF;CD8+ T cells;EGFR;IFNγ;KRAS;MET;PD-L1;RET;TCF1+ stem-like CD8+ T cells,1,1,0,0,1,0,0,1,1,1,PD-L1+,metastatic · 1st-line · squamous · measurable (RECIST)
NCT05077449,A Study of XZP-3287 in Combination With Fulvestrant in Patients With Advanced Breast Cancer,PHASE3,Phase 3,ACTIVE_NOT_RECRUITING,300,"Xuanzhu Biopharmaceutical Co., Ltd.",Xuanzhu Biopharmaceutical,11,1,0,placebo_comparator,2,placebo + fulvestrant,xzp-3287+fulvestrant,CDK4/6,Small Molecule,HER2;HR,0,1,1,1,0,0,0,0,0,1,"HR+, HER2+",metastatic · measurable (RECIST)
NCT05081492,CF33-hNIS-antiPDL1 for the Treatment of Metastatic Triple Negative Breast Cancer,PHASE1,Phase 1,ACTIVE_NOT_RECRUITING,9,City of Hope Medical Center,City of Hope Medical Center,13,0,0,single_arm,1,oncolytic virus cf33-expressing hnis/anti-pd-l1 antibody,oncolytic virus cf33-expressing hnis/anti-pd-l1 antibody,PD-L1,Oncolytic Virus,ER;HER2;PR;Triple Negative Breast Cancer,1,1,1,1,0,0,0,0,0,1,"HR+, HER2−",metastatic · measurable (RECIST) · ECOG 2
NCT05081609,A Study to Investigate Safety and Tolerability of TransCon IL-2 β/γ Alone or in Combination With Pembrolizumab and/or TransCon TLR7/8 Agonist or Other Anticancer Therapies in Adult Participants With Locally Advanced or Metastatic Solid Tumor Malignancies,PHASE1;PHASE2,Phase 2,ACTIVE_NOT_RECRUITING,320,Ascendis Pharma Oncology Division A/S,Ascendis Pharma Oncology Division A/S,2,1,0,multi_experimental,13,transcon il-2 β/γ,chemotherapy drug;pembrolizumab;surgery;transcon il-2 β/γ;transcon tlr7/8 agonist;trastuzumab;trastuzumab emtansine (t-dm1),IL-2,Peptide,ALC;CD25;CXCL10;IFN-γ;PD-L1;eosinophil,0,1,0,0,1,0,0,0,1,1,PD-L1+,metastatic · 2nd-line+
NCT05082259,ASTEROID: A Trial of ASTX660 in Combination With Pembrolizumab,PHASE1,Phase 1,ACTIVE_NOT_RECRUITING,61,"Institute of Cancer Research, United Kingdom","Institute of Cancer Research, United Kingdom",24,0,1,multi_experimental,2,astx660;pembrolizumab,astx660;pembrolizumab,cIAP1,Small Molecule,CIAP1;CIAP2;ER;HER2;IDH1;IDH2;PD-L1;biomarker;biomarker analysis,0,1,1,1,1,0,0,0,1,1,"HR+, HER2+, PD-L1+",metastatic · 2nd-line+ · squamous · measurable (RECIST)
NCT05086692,A Beta-only IL-2 ImmunoTherapY Study,PHASE1;PHASE2,Phase 2,RECRUITING,115,"Medicenna Therapeutics, Inc.",Medicenna Therapeutics,2,1,1,single_arm,1,mdna11;pembrolizumab (keytruda),mdna11;pembrolizumab (keytruda),IL-2,Cell Therapy,MSI-H,1,1,0,0,0,0,0,0,1,0,,metastatic · 2nd-line+ · measurable (RECIST)
NCT05098210,"Personalized Neo-Antigen Peptide Vaccine for the Treatment of Stage IIIC-IV Melanoma, Hormone Receptor Positive HER2 Negative Metastatic Refractory Breast Cancer or Stage III-IV Non-Small Cell Lung Cancer",PHASE1,Phase 1,RECRUITING,28,Fred Hutchinson Cancer Center,Fred Hutchinson Cancer Center,52,0,0,single_arm,1,biopsy procedure;biospecimen collection;computed tomography;echocardiography test;multigated acquisition scan;neoantigen peptide vaccine;nivolumab;poly iclc;positron emission tomography;ruxolitinib,biopsy procedure;biospecimen collection;computed tomography;echocardiography test;multigated acquisition scan;neoantigen peptide vaccine;nivolumab;poly iclc;positron emission tomography;ruxolitinib,PD-1,Monoclonal Antibody,ALK;BRAF;CD30;ER;HER2;KRAS;PD-L1;PR;ROS1,1,1,1,1,1,0,0,0,0,1,"HR+, HER2+, PD-L1+",metastatic · small-cell · measurable (RECIST)
NCT05101096,Study of Sacituzumab Govitecan (SG) in Japanese Participants With Advanced Solid Tumors,PHASE1;PHASE2,Phase 2,ACTIVE_NOT_RECRUITING,135,Gilead Sciences,Gilead Sciences,168,1,1,multi_experimental,8,sacituzumab govitecan-hziy,sacituzumab govitecan-hziy,TROP2,ADC,HER2;PD-L1,1,1,1,1,1,0,0,0,1,1,"HR+, HER2+, PD-L1+",metastatic · 2nd-line+ · measurable (RECIST)
NCT05104866,"A Phase-3, Open-Label, Randomized Study of Dato-DXd Versus Investigator's Choice of Chemotherapy (ICC) in Participants With Inoperable or Metastatic HR-Positive, HER2-Negative Breast Cancer Who Have Been Treated With One or Two Prior Lines of Systemic Chemotherapy (TROPION-Breast01)",PHASE3,Phase 3,ACTIVE_NOT_RECRUITING,732,AstraZeneca,AstraZeneca,780,1,1,active_comparator,2,capecitabine;eribulin;gemcitabine;vinorelbine,dato-dxd,TROP2,ADC,HER2;TROP1;TROP2;genomic,1,1,1,1,0,0,0,0,1,1,"HR+, HER2+",metastatic · 2nd-line+ · squamous · measurable (RECIST) · ECOG 0
NCT05107674,A Study of NX-1607 in Adults With Advanced Malignancies,PHASE1,Phase 1,RECRUITING,345,"Nurix Therapeutics, Inc.",Nurix Therapeutics,7,1,0,multi_experimental,12,nx-1607,nx-1607;paclitaxel,CBL-B,Small Molecule,PD-L1,0,1,0,0,1,0,0,0,1,1,PD-L1+,metastatic · 2nd-line+ · squamous · measurable (RECIST)
NCT05113251,"Trastuzumab Deruxtecan (T-DXd) Alone or in Sequence With THP, Versus Standard Treatment (ddAC-THP), in HER2-positive Early Breast Cancer",PHASE3,Phase 3,ACTIVE_NOT_RECRUITING,927,AstraZeneca,AstraZeneca,780,1,1,active_comparator,3,cyclophosphamide;doxorubicin;paclitaxel;pertuzumab;trastuzumab,paclitaxel;pertuzumab;trastuzumab;trastuzumab deruxtecan,HER2,ADC,HER2,1,1,0,1,0,0,0,0,0,1,HER2+,stage IV
NCT05123482,"A Phase I/IIa Study of AZD8205 Given Alone or Combined, in Participants With Advanced/Metastatic Solid Malignancies",PHASE1;PHASE2,Phase 2,RECRUITING,460,AstraZeneca,AstraZeneca,780,1,1,multi_experimental,4,,azd8205;azd8205 and azd2936 (rilvegostomig);azd8205 and azd5305 (saruparib);azd8205 and azd5305 (saruparib) and azd2936 (rilvegostomig);azd8205 in combination with azd9574;azd8205 in combination with azd9574 plus rilvegostomig (azd2936),B7-H4,ADC,B7-H4,1,1,0,0,0,0,0,0,1,0,,metastatic · 2nd-line+ · squamous · measurable (RECIST)
NCT05130801,A Study of Multiparametric MRI and pHLIP® ICG in Breast Cancer Imaging During Surgery,PHASE1;PHASE2,Phase 2,RECRUITING,55,Memorial Sloan Kettering Cancer Center,Memorial Sloan Kettering Cancer Center,411,0,0,single_arm,1,diagnostic test: phlip icg nirf imaging,diagnostic test: phlip icg nirf imaging,,,,0,1,0,0,0,0,0,0,0,0,,metastatic
NCT05132582,A Study of Tucatinib or Placebo With Trastuzumab and Pertuzumab for Metastatic HER2+ Breast Cancer,PHASE3,Phase 3,ACTIVE_NOT_RECRUITING,654,"Seagen, a wholly owned subsidiary of Pfizer",Pfizer,687,1,1,active_comparator,2,combination product: trastuzumab + pertuzumab;pertuzumab;trastuzumab,combination product: trastuzumab + pertuzumab;pertuzumab;trastuzumab;tucatinib,HER2,Small Molecule,HER2,0,1,1,1,0,0,0,1,1,1,"HR+, HER2+",metastatic · 1st-line
NCT05142475,A Study of GC101 TIL in Advanced Breast Cancer (10hospital),EARLY_PHASE1,Phase 1,RECRUITING,50,Shanghai Juncell Therapeutics,Shanghai Juncell Therapeutics,19,1,0,single_arm,1,tumor infiltrating lymphocytes (til),tumor infiltrating lymphocytes (til),,Cell Therapy,,1,1,0,0,0,0,0,0,1,0,,metastatic · 2nd-line+ · ECOG 0
NCT05143229,Alpelisib And Sacituzumab Govitecan For Treatment Of Breast Cancer,PHASE1,Phase 1,ACTIVE_NOT_RECRUITING,18,University of Kansas Medical Center,University of Kansas Medical Center,27,0,1,multi_experimental,3,alpelisib;sacituzumab govitecan,alpelisib;sacituzumab govitecan,PI3K,Small Molecule,HER2;PD-L1;PIK3CA;PTEN,0,1,1,1,1,0,1,0,1,1,"HR+, HER2−, PD-L1+, PIK3CAm",metastatic · 2nd-line+ · squamous
NCT05143970,A Phase 1 First-In-Human Study of the Anti-CD73 IPH5301 Alone or in Combination With Chemotherapy and Trastuzumab in Patients With Advanced Solid Tumors,PHASE1,Phase 1,ACTIVE_NOT_RECRUITING,27,Institut Paoli-Calmettes,Institut Paoli-Calmettes,12,0,0,single_arm,1,iph5301 alone or in combination with chemotherapy and trastuzumab,iph5301 alone or in combination with chemotherapy and trastuzumab,CD73,Monoclonal Antibody,ER;HER2;MET;PD-L1;PR,1,1,1,1,1,1,0,1,1,1,"HR+, HER2+, PD-L1+, BRCA/HRD+",metastatic · 1st-line · ductal · measurable (RECIST)
NCT05159193,Neoadjuvant Treatment Pegylated Liposomal Doxorubicin Plus Cyclophosphamide Sequential Docetaxel Plus Trastuzumab and Pertuzumab Versus Docetaxel Plus Carboplatin Combined With Trastuzumab and Pertuzumab in HER-2 Positive Breast Cancer,PHASE3,Phase 3,RECRUITING,372,Sun Yat-Sen Memorial Hospital of Sun Yat-Sen University,Sun Yat-Sen Memorial Hospital of Sun Yat-Sen University,15,0,0,active_comparator,2,carboplatin (cb);docetaxel (t);pertuzumab (p);trastuzumab (h),cyclophosphamide (c);docetaxel (t);pegylated liposomal doxorubicin (pld);pertuzumab (p);trastuzumab (h),HER2,Small Molecule,ER;FOLR1;HER2;PR,0,1,1,1,0,0,0,0,0,1,"HR+, HER2+",metastatic · ductal · measurable (RECIST)
NCT05160545,"A Study of GNC-035, a Tetra-specific Antibody, in Participants With Locally Advanced or Metastatic Breast Cancer",PHASE1,Phase 1,ACTIVE_NOT_RECRUITING,36,"Sichuan Baili Pharmaceutical Co., Ltd.",Sichuan Baili Pharmaceutical,127,1,0,single_arm,1,gnc-035,gnc-035,ROR1,Bispecific Antibody,PD-L1;ROR1,1,1,0,0,1,0,0,0,1,1,PD-L1+,metastatic · 2nd-line+ · measurable (RECIST)
NCT05165225,"Phase II Neoadjuvant Pyrotinib Combined With Neoadjuvant Chemotherapy in HER2-low-expressing and HR Positive Early or Locally Advanced Breast Cancer: a Single-arm, Non-randomized, Single-center, Open Label Trial",PHASE2,Phase 2,ACTIVE_NOT_RECRUITING,48,Sun Yat-Sen Memorial Hospital of Sun Yat-Sen University,Sun Yat-Sen Memorial Hospital of Sun Yat-Sen University,15,0,0,single_arm,1,pyrotinib + epirubicin and cyclophosphamide followed by docetaxel treatment,pyrotinib + epirubicin and cyclophosphamide followed by docetaxel treatment,HER2,Small Molecule,ER;HER2;HR;PR,0,1,1,1,0,0,0,0,0,1,"HR+, HER2+",metastatic · measurable (RECIST) · ECOG 0-1
NCT05169567,Abemaciclib (LY2835219) Plus Fulvestrant Compared to Placebo Plus Fulvestrant in Previously Treated Breast Cancer,PHASE3,Phase 3,ACTIVE_NOT_RECRUITING,368,Eli Lilly and Company,Eli Lilly,535,1,1,active_comparator,2,fulvestrant,abemaciclib;fulvestrant,CDK4/6,Small Molecule,ER;HER2;HR,0,1,1,1,0,0,1,0,0,1,"HR+, HER2+, PIK3CAm",metastatic · measurable (RECIST)
NCT05172518,Utidelone Plus Capecitabine Versus Taxane Plus Capecitabine in HER2-negative Locally Advanced or Metastatic Breast Cancer,PHASE3,Phase 3,NOT_YET_RECRUITING,512,Sun Yat-sen University,Sun Yat-sen University,73,0,0,active_comparator,4,taxane plus intermittent capecitabine;taxane plus metronomic capecitabine,utidelone plus intermittent capecitabine;utidelone plus metronomic capecitabine,Tubulin,Small Molecule,HER2,0,1,1,1,0,0,0,1,0,1,"HR+, HER2−",metastatic · 1st-line · measurable (RECIST) · ECOG 0
NCT05181033,"Lenvatinib+Letrozole Versus Fulvestrant in Metastatic ER+/HER2- Breast Cancer, Post Progression on Al + CDK4/6 Inhibitor",PHASE2,Phase 2,RECRUITING,120,"National University Hospital, Singapore","National University Hospital, Singapore",22,0,0,active_comparator,2,fulvestrant,lenvatinib + letrozole,VEGF/VEGFR,Small Molecule,HER2;RET,0,1,1,1,0,0,0,1,0,1,"HR+, HER2+",metastatic · 1st-line · measurable (RECIST) · ECOG 0-1
NCT05187832,A Study of AND019 in Women With ER Positive HER2 Negative Advanced or Metastatic Breast Cancer,PHASE1,Phase 1,RECRUITING,61,Kind Pharmaceuticals LLC,Kind Pharmaceuticals,2,1,0,single_arm,1,and019 po qd,and019 po qd,HER2,Small Molecule,ER;HER2,0,1,1,1,0,0,0,0,0,1,"HR+, HER2+",metastatic · squamous · measurable (RECIST) · ECOG 0-1
NCT05203445,A Study of Olaparib and Pembrolizumab in People With Triple Negative Breast Cancer (TNBC) or Hormone Receptor-positive HER2-negative Breast Cancer,PHASE2,Phase 2,ACTIVE_NOT_RECRUITING,6,Memorial Sloan Kettering Cancer Center,Memorial Sloan Kettering Cancer Center,411,0,1,single_arm,1,olaparib;pembrolizumab,olaparib;pembrolizumab,PARP,Small Molecule,BRCA1;BRCA2;ER;HER2;PD-L1,0,1,1,1,1,0,0,0,0,1,"HR+, HER2+, PD-L1+",metastatic · squamous · measurable (RECIST)
NCT05208762,A Study of PF-08046054/SGN-PDL1V in Advanced Solid Tumors,PHASE1,Phase 1,RECRUITING,714,"Seagen, a wholly owned subsidiary of Pfizer",Pfizer,687,1,1,multi_experimental,2,pf-08046054,pembrolizumab;pf-08046054,PD-L1,Monoclonal Antibody,MET;PD-L1,1,1,0,0,1,0,0,0,1,1,PD-L1+,metastatic · 2nd-line+ · squamous · measurable (RECIST)
NCT05215106,Short-term Pre-OPerative Durvalumab (MEDI 4736) in Early Small Triple Negative Breast Cancer Patients (POP-Durva),PHASE2,Phase 2,ACTIVE_NOT_RECRUITING,200,"Gustave Roussy, Cancer Campus, Grand Paris","Gustave Roussy, Cancer Campus, Grand Paris",31,0,1,single_arm,1,durvalumab,durvalumab,PD-L1,Monoclonal Antibody,EGFR;ER;HER2;PD-L1;PR,1,1,1,1,1,0,0,0,0,1,"HR−, HER2−, PD-L1+",metastatic
NCT05215574,Study of NGM831 as Monotherapy and in Combination With Pembrolizumab or Pembrolizumab and NGM438 in Advanced or Metastatic Solid Tumors,PHASE1,Phase 1,ACTIVE_NOT_RECRUITING,130,"NGM Biopharmaceuticals, Inc",NGM Biopharmaceuticals,6,1,1,multi_experimental,3,,ngm831;ngm831 and ngm438 plus pembrolizumab (keytruda);ngm831 plus pembrolizumab (keytruda),ILT3,Monoclonal Antibody,,1,1,0,0,0,0,0,0,0,0,,metastatic
NCT05216432,"First-in-Human Study of Mutant-selective PI3Kα Inhibitor, RLY-2608, as a Single Agent in Patients With Advanced Solid Tumors and in Combination With Endocrine Therapy +/- a CDK4/6 or CDK4 Inhibitor in Patients With Advanced Solid Tumors or Advanced Breast Cancer",PHASE1,Phase 1,RECRUITING,930,"Relay Therapeutics, Inc.",Relay Therapeutics,4,1,0,multi_experimental,7,rly-2608,fulvestrant;palbociclib;pf-07220060;ribociclib;rly-2608,PIK3CA,Small Molecule,ER;HER2;PIK3CA,0,1,1,1,0,0,1,0,1,1,"HR+, HER2+, PIK3CAm",metastatic · 2nd-line+ · squamous · measurable (RECIST)
NCT05226871,Study for Participants Continuing From Pfizer-sponsored Palbociclib (a Study Medicine) Studies,PHASE2,Phase 2,ACTIVE_NOT_RECRUITING,35,Pfizer,Pfizer,687,1,1,multi_experimental,4,cetuximab;palbociclib,cetuximab;palbociclib,CDK4/6,Small Molecule,ER;HER2;PR,0,1,0,0,0,0,0,0,0,0,,
NCT05227664,A Study of AK117/AK112 in Metastatic Triple-Negative Breast Cancer,PHASE2,Phase 2,ACTIVE_NOT_RECRUITING,120,Akeso,Akeso,103,1,0,multi_experimental,3,nab-paclitaxel;paclitaxel,ak112;ak117;nab-paclitaxel;paclitaxel,PD-1,Monoclonal Antibody,ER;HER2;PD-L1;PR,1,1,1,1,0,0,0,0,0,1,"HR+, HER2+",metastatic · measurable (RECIST)
NCT05230810,Clinical Trial of Alpelisb and Tucatinib in Patients With PIK3CA-Mutant HER2+ Metastatic Breast Cancer.,PHASE1;PHASE2,Phase 2,ACTIVE_NOT_RECRUITING,40,"Criterium, Inc.",Criterium,12,1,1,single_arm,1,alpelisib;fulvestrant;tucatinib,alpelisib;fulvestrant;tucatinib,PI3K,Small Molecule,ER;HER2;MET;PIK3CA;PR;PTEN,0,1,1,1,0,0,1,0,1,1,"HR+, HER2+, PIK3CAm",metastatic · 2nd-line+ · measurable (RECIST)
NCT05232916,Phase 3 Study to Evaluate the Efficacy and Safety of HER2/Neu Peptide GLSI-100 (GP2 + GM-CSF) in HER2/Neu Positive Subjects,PHASE3,Phase 3,RECRUITING,2250,"Greenwich LifeSciences, Inc.",Greenwich LifeSciences,1,1,0,placebo_comparator,3,,glsi-100,HER2,Peptide,HER2,0,0,0,1,0,0,0,0,0,1,HER2+,metastatic · squamous · ECOG 0
NCT05239143,P-MUC1C-ALLO1 Allogeneic CAR-T Cells in the Treatment of Subjects With Advanced or Metastatic Solid Tumors,PHASE1,Phase 1,ACTIVE_NOT_RECRUITING,180,"Poseida Therapeutics, Inc.",Poseida Therapeutics,6,1,0,multi_experimental,8,p-muc1c-allo1 car-t cells;rimiducid,p-muc1c-allo1 car-t cells;rimiducid,MUC1,CAR-T,MUC1,1,1,0,0,0,0,0,0,0,0,,metastatic · squamous · measurable (RECIST)
NCT05251714,"CFI-402257, a Potent and Selective TTK Inhibitor, in Solid Tumors and With Fulvestrant in Breast Cancer",PHASE1;PHASE2,Phase 2,ACTIVE_NOT_RECRUITING,44,"Treadwell Therapeutics, Inc",Treadwell Therapeutics,3,1,0,multi_experimental,2,cfi-402257,cfi-402257;fulvestrant,TTK,Small Molecule,ER;HER2,0,1,1,1,0,0,0,0,0,1,"HR+, HER2+",metastatic · measurable (RECIST)
NCT05252988,Three Antidiarrheal Strategies in HER2+/HR+ Early Breast Cancer Patients Treated With Extended Adjuvant Neratinib,PHASE2,Phase 2,ACTIVE_NOT_RECRUITING,177,Spanish Breast Cancer Research Group,Spanish Breast Cancer Research Group,33,0,0,multi_experimental,3,neratinib,colesevelam;neratinib,HER2,Small Molecule,ER;HER2;PR,0,1,1,1,0,0,0,0,0,1,"HR+, HER2+",metastatic · adenoca. · ECOG 0
NCT05257395,A Study of XZP-3287 in Combination With Letrozole/Anastrozole in Patients With Advanced Breast Cancer,PHASE3,Phase 3,ACTIVE_NOT_RECRUITING,397,"Xuanzhu Biopharmaceutical Co., Ltd.",Xuanzhu Biopharmaceutical,11,1,0,placebo_comparator,2,placebo + letrozole/anastrozole,xzp-3287+ letrozole/anastrozole,HER2,,HER2,0,1,0,1,0,0,0,0,0,1,HER2+,metastatic · measurable (RECIST)
NCT05262400,A Study to Learn About the Study Medicine (Called PF-07220060 in Combination With PF-07104091) In Participants With Breast Cancer and Solid Tumors,PHASE1;PHASE2,Phase 2,ACTIVE_NOT_RECRUITING,235,Pfizer,Pfizer,687,1,1,multi_experimental,11,,pf-07104091 + pf-07220060 + fulvestrant dose expansion;pf-07104091 + pf-07220060 + letrozole dose expansion;pf-07220060 + pf-07104091 combination dose escalation,HER2,Small Molecule,ER;HER2,0,1,1,1,0,0,0,0,1,1,"HR+, HER2+",metastatic · 2nd-line+ · squamous · measurable (RECIST)
NCT05266105,A Phase 1 Study of Oral OP-1250 in Combination With Palbociclib in HR+/HER2- Breast Cancer Patients,PHASE1,Phase 1,ACTIVE_NOT_RECRUITING,60,"Olema Pharmaceuticals, Inc.",Olema Pharmaceuticals,6,1,1,multi_experimental,2,palazestrant;palbociclib,palazestrant;palbociclib,CDK4/6,Small Molecule,ER;HER2;PR,0,1,0,0,0,0,0,0,0,0,,metastatic
NCT05275777,"A Phase Ib Safety lead-in, Followed by Phase II Trial of ADG106 in Combination With Neoadjuvant Chemotherapy in HER2 Negative Breast Cancer",PHASE1;PHASE2,Phase 2,ACTIVE_NOT_RECRUITING,66,"National University Hospital, Singapore","National University Hospital, Singapore",22,0,0,multi_experimental,3,adg106,adg106;cyclophosphamide;doxorubicin;paclitaxel,HER2,Monoclonal Antibody,HER2;MET;biomarker,1,1,0,1,0,0,0,0,0,1,HER2−,metastatic · measurable (RECIST)
NCT05283330,Safety and Tolerability of ²¹²Pb-DOTAM-GRPR1 in Adult Subjects With Recurrent or Metastatic GRPR-expressing Tumors,PHASE1,Phase 1,RECRUITING,48,"Orano Med Theranostics, SAS",Orano Med Theranostics,1,1,0,single_arm,1,²¹²pb-dotam-grpr1,²¹²pb-dotam-grpr1,GRPR,Radiopharmaceutical,ER;GRPR;HER2,0,1,1,1,0,0,0,0,0,1,"HR+, HER2+",metastatic · small-cell · measurable (RECIST) · ECOG 0-1
NCT05293964,"Phase I Study to Evaluate SIM0270 Alone or in Combination in ER+, HER2- Locally Advanced or Metastatic Breast Cancer",PHASE1,Phase 1,ACTIVE_NOT_RECRUITING,214,"Jiangsu Simcere Pharmaceutical Co., Ltd.",Jiangsu Simcere Pharmaceutical,44,1,0,multi_experimental,3,sim0270,everolimus;palbociclib;sim0270,CDK4/6,Small Molecule,ER;HER2;MET,0,1,0,0,0,0,0,0,0,0,,metastatic · measurable (RECIST) · ECOG 0
NCT05296746,Neoadjuvant and Adjuvant Ribociclib and ET for Clinically High-risk ER+ and HER2- Breast Cancer,PHASE2,Phase 2,ACTIVE_NOT_RECRUITING,1100,SOLTI Breast Cancer Research Group,SOLTI Breast Cancer Research Group,18,0,1,multi_experimental,2,ribociclib (adjuvant);ribociclib (neoadjuvant),ribociclib (adjuvant);ribociclib (neoadjuvant),CDK4/6,Small Molecule,ER;HER2;genomic,0,1,1,1,0,0,0,0,0,1,"HR+, HER2+",metastatic · ductal
NCT05296798,"A Study to Evaluate the Efficacy and Safety of Giredestrant in Combination With Phesgo (Pertuzumab, Trastuzumab, and Hyaluronidase-zzxf) Versus Phesgo in Participants With Locally Advanced or Metastatic Breast Cancer (heredERA Breast Cancer)",PHASE3,Phase 3,ACTIVE_NOT_RECRUITING,922,Hoffmann-La Roche,Roche/Genentech,922,1,1,active_comparator,3,lhrh agonist;optional endocrine therapy of investigator's choice;phesgo,giredestrant;lhrh agonist;phesgo,HER2,Monoclonal Antibody,ER;HER2,1,1,1,1,0,0,0,0,0,1,"HR+, HER2+",metastatic · adenoca. · measurable (RECIST)
NCT05297617,Deescalation of Endocrine Therapy Duration in Women With HR+ HER2- Breast Cancer at Very Low Risk,PHASE2,Phase 2,RECRUITING,696,UNICANCER,UNICANCER,64,0,0,single_arm,1,anti-aromatase inhibitor,anti-aromatase inhibitor,CYP19A1,Small Molecule,HER2;HR;genomic,0,1,1,1,0,0,0,0,0,1,"HR−, HER2+",metastatic
NCT05304962,"FIH Study of RGT-419B Alone and With Endocrine Therapy in HR-Positive, HER2-Negative Advanced/Metastatic Breast Cancer",PHASE1,Phase 1,RECRUITING,64,Regor Pharmaceuticals Inc.,Regor Pharmaceuticals,4,1,0,multi_experimental,2,,rgt-419b;rgt-419b in combination with hormonal therapy,HER2,,ER;HER2,0,1,1,1,0,0,0,0,0,1,"HR+, HER2+",metastatic · measurable (RECIST)
NCT05305365,Study Assessing QBS72S For Treating Brain Metastases,PHASE2,Phase 2,ACTIVE_NOT_RECRUITING,21,Stanford University,Stanford University,58,0,0,multi_experimental,3,qbs72s,qbs72s,LAT1,Small Molecule,LAT1,0,1,0,0,0,0,0,0,0,0,,metastatic · squamous
NCT05305924,"Fulvestrant+Abemaciclib With Run-In of Fulvestrant in Er-Positive, Her2-Negative Metastatic Breast Cancer",PHASE2,Phase 2,RECRUITING,28,The Methodist Hospital Research Institute,The Methodist Hospital Research Institute,27,0,1,single_arm,1,fulvestrant run-in,fulvestrant run-in,ER,Monoclonal Antibody,ER;HER2,1,1,0,1,0,0,0,0,0,1,HER2+,metastatic · squamous · measurable (RECIST)
NCT05306041,"Neoadjuvant Endocrine Therapy +/- the PI3K Inhibitor Inavolisib in HER2+, HR+, PIK3CA Mutant Early Breast Cancer",PHASE2,Phase 2,RECRUITING,170,GBG Forschungs GmbH,GBG Forschungs,25,0,1,multi_experimental,2,endocrine therapy;inavolisib;phesgo,endocrine therapy;inavolisib;phesgo,PI3K,Small Molecule,8P;ER;HER2;PR,0,1,1,1,0,0,1,0,0,1,"HR+, HER2+, PIK3CAm",stage IV
NCT05306340,"A Study Evaluating the Efficacy and Safety of Giredestrant Plus Everolimus Compared With the Physician's Choice of Endocrine Therapy Plus Everolimus in Participants With Estrogen Receptor-Positive, HER2-Negative, Locally Advanced or Metastatic Breast Cancer (evERA Breast Cancer)",PHASE3,Phase 3,ACTIVE_NOT_RECRUITING,373,"Genentech, Inc.",Roche/Genentech,922,1,1,active_comparator,2,dexamethasone mouth rinse;everolimus;exemestane;fulvestrant;lhrh agonist;tamoxifen,dexamethasone mouth rinse;everolimus;giredestrant;lhrh agonist,ESR1,Small Molecule,ER;HER2,0,1,1,1,0,0,0,0,0,1,"HR+, HER2+",metastatic · adenoca. · measurable (RECIST)
NCT05307705,A Study of LOXO-783 in Patients With Breast Cancer/Other Solid Tumors,PHASE1,Phase 1,RECRUITING,260,Eli Lilly and Company,Eli Lilly,535,1,1,multi_experimental,7,loxo-783,abemaciclib;anastrozole;exemestane;fulvestrant;imlunestrant;loxo-783;or letrozole;paclitaxel,PIK3CA,Small Molecule,ER;HER2;PIK3CA,0,1,1,1,0,0,1,0,0,1,"HR+, HER2+, PIK3CAm",advanced · measurable (RECIST)
NCT05311397,A Study of A166 in Patients With Advanced Solid Malignant Tumors,PHASE1,Phase 1,ACTIVE_NOT_RECRUITING,120,"Sichuan Kelun-Biotech Biopharmaceutical Co., Ltd.",Kelun,50,1,0,multi_experimental,2,a166,a166,HER2,ADC,HER2,1,1,0,1,0,0,0,0,0,1,HER2+,metastatic
NCT05318469,Ivermectin in Combination With Balstilimab or Pembrolizumab in Patients With Metastatic Triple Negative Breast Cancer,PHASE1;PHASE2,Phase 2,RECRUITING,34,Yuan Yuan,Yuan Yuan,3,0,0,single_arm,1,balstilmab;ivermectin;pembrolizumab,balstilmab;ivermectin;pembrolizumab,PD-1,Monoclonal Antibody,ER;HER2;MET;PD-L1;PR,1,1,1,1,1,0,0,0,1,1,"HR−, HER2−, PD-L1−",metastatic · 2nd-line+ · squamous · measurable (RECIST) · ECOG 1
NCT05319873,"Ribociclib, Tucatinib, and Trastuzumab for the Treatment of HER2 Positive Breast Cancer",PHASE1;PHASE2,Phase 2,ACTIVE_NOT_RECRUITING,18,Jonsson Comprehensive Cancer Center,Jonsson Comprehensive Cancer Center,117,0,1,active_comparator,4,carboplatin;docetaxel;pertuzumab;quality-of-life assessment;trastuzumab,fulvestrant;quality-of-life assessment;ribociclib;trastuzumab;tucatinib,HER2,Monoclonal Antibody,HER2;MET,1,1,1,1,0,0,0,1,1,1,"HR+, HER2+",metastatic · 1st-line · measurable (RECIST)
NCT05323955,Secondary BRain Metastases Prevention After Isolated Intracranial Progression on Trastuzumab/Pertuzumab or T-DM1 in Patients With aDvanced Human Epidermal Growth Factor Receptor 2+ brEast Cancer With the Addition of Tucatinib,PHASE2,Phase 2,ACTIVE_NOT_RECRUITING,48,"Carey Anders, M.D.","Carey Anders, M.D.",1,0,1,single_arm,1,pertuzumab;trastuzumab;trastuzumab emtansine (t-dm1);tucatinib,pertuzumab;trastuzumab;trastuzumab emtansine (t-dm1);tucatinib,HER2,Monoclonal Antibody,HER2,1,1,0,1,0,0,0,1,1,1,HER2+,metastatic · 1st-line · measurable (RECIST)
NCT05325632,"Study of HER2 Directed Dendritic Cell (DC1) Vaccine + Weekly Paclitaxel, Trastuzumab & Pertuzumab",PHASE2,Phase 2,RECRUITING,53,H. Lee Moffitt Cancer Center and Research Institute,H. Lee Moffitt Cancer Center and Research Institute,228,0,0,multi_experimental,4,her-2 pulsed dc1;paclitaxel;pertuzumab;resection surgery;trastuzumab,her-2 pulsed dc1;paclitaxel;pertuzumab;resection surgery;trastuzumab,HER2,Cell Therapy,HER2,1,1,0,1,0,0,0,0,0,1,HER2+,metastatic
NCT05329532,"Modi-1 Moditope in Breast, Head and Neck, Ovarian, or Renal Cancer",PHASE1;PHASE2,Phase 2,RECRUITING,168,Scancell Ltd,Scancell,4,1,0,multi_experimental,3,device: micronjet600 microneedle device (nanopass);modi-1 moditope,device: micronjet600 microneedle device (nanopass);modi-1 moditope;pembrolizumab,PD-1,Peptide,PD-L1,0,1,0,0,1,0,0,1,0,1,PD-L1+,metastatic · 1st-line · measurable (RECIST)
NCT05339685,A Study of BL-M02D1 in Patients With Locally Advanced or Metastatic Triple Negative Breast Cancer or Other Solid Tumors,PHASE1,Phase 1,ACTIVE_NOT_RECRUITING,82,"Sichuan Baili Pharmaceutical Co., Ltd.",Sichuan Baili Pharmaceutical,127,1,0,single_arm,1,bl-m02d1,bl-m02d1,TROP2,ADC,TROP2,1,1,0,0,0,0,0,0,0,0,,metastatic · squamous · measurable (RECIST) · ECOG 0-1
NCT05346224,A Study to Evaluate the Efficacy and Safety of HLX11 vs. EU-Perjeta® in the Neoadjuvant Therapy of HER2-Positive and HR-Negative Early-stage or Locally Advanced Breast Cancer,PHASE3,Phase 3,ACTIVE_NOT_RECRUITING,900,Shanghai Henlius Biotech,Shanghai Henlius,98,1,0,active_comparator,2,eu-perjeta,hlx11,HER2,Monoclonal Antibody,ER;HER2;PR,1,1,1,1,0,0,0,0,0,1,"HR+, HER2+",metastatic · squamous
NCT05347134,"SKB264 Injection vs Investigator Selected Regimens to Treat Locally Advanced, Recurrent or Metastatic Triple-negative Breast Cancer",PHASE3,Phase 3,ACTIVE_NOT_RECRUITING,254,"Sichuan Kelun-Biotech Biopharmaceutical Co., Ltd.",Kelun,50,1,0,active_comparator,2,skb264,,TROP2,ADC,HER2;TROP2,1,0,1,1,0,0,0,0,1,1,"HR−, HER2+",metastatic · 2nd-line+ · squamous · measurable (RECIST)
NCT05365178,"To Evaluate the Efficacy and Safety of TQB3616 in Combination With Fulvestrant Versus Placebo in Combination With Fulvestrant in Previously Untreated Hormone-receptor (HR)-Positive, Human Epidermal Growth Factor Receptor 2 (HER2)-Negative Advanced Breast Cancer",PHASE3,Phase 3,ACTIVE_NOT_RECRUITING,432,"Chia Tai Tianqing Pharmaceutical Group Co., Ltd.",Chia Tai Tianqing Pharmaceutical,213,1,0,placebo_comparator,2,fulvestrant injection,fulvestrant injection;tqb3616 capsule,CDK4/6,Small Molecule,ER;HER2,0,1,0,1,0,0,0,0,0,1,HER2+,metastatic · measurable (RECIST)
NCT05374512,"A Study of Dato-DXd Versus Investigator's Choice Chemotherapy in Patients With Locally Recurrent Inoperable or Metastatic Triple-negative Breast Cancer, Who Are Not Candidates for PD-1/PD-L1 Inhibitor Therapy (TROPION-Breast02)",PHASE3,Phase 3,ACTIVE_NOT_RECRUITING,644,AstraZeneca,AstraZeneca,780,1,1,active_comparator,2,capecitabine;carboplatin;eribulin mesylate;nab-paclitaxel;paclitaxel,dato-dxd,TROP2,ADC,ER;HER2;PD-L1;TROP1;TROP2;genomic,1,1,1,1,1,0,0,0,1,1,"HR+, HER2+, PD-L1+",metastatic · 2nd-line+ · squamous · measurable (RECIST) · ECOG 0
NCT05374915,Efficacy and Safety Study of REM-001 Photodynamic Therapy for Treatment of Cutaneous Metastatic Breast Cancer (CMBC),PHASE2,Phase 2,ACTIVE_NOT_RECRUITING,15,"Kintara Therapeutics, Inc.",Kintara Therapeutics,4,1,0,single_arm,1,rem-001 photodynamic therapy,rem-001 photodynamic therapy,,,HER2,0,1,1,1,0,0,0,0,1,1,"HR+, HER2+",metastatic · 2nd-line+ · squamous
NCT05377996,A Study of Emiltatug Ledadotin (Emi-Le) in Participants With Solid Tumors,PHASE1;PHASE2,Phase 2,RECRUITING,360,"Day One Biopharmaceuticals, Inc.",Day One Biopharmaceuticals,7,1,0,single_arm,1,emi-le,emi-le,,,,0,1,0,0,0,0,0,0,0,0,,metastatic · squamous · measurable (RECIST)
NCT05382286,"Study of Sacituzumab Govitecan-hziy and Pembrolizumab Versus Treatment of Physician's Choice and Pembrolizumab in Patients With Previously Untreated, Locally Advanced Inoperable or Metastatic Triple-Negative Breast Cancer",PHASE3,Phase 3,ACTIVE_NOT_RECRUITING,443,Gilead Sciences,Gilead Sciences,168,1,1,active_comparator,2,carboplatin;gemcitabine;nab-paclitaxel;paclitaxel;pembrolizumab,pembrolizumab;sacituzumab govitecan-hziy,PD-1,Monoclonal Antibody,PD-L1,1,1,0,0,1,0,0,0,0,1,PD-L1+,metastatic · measurable (RECIST)
NCT05382299,Study of Sacituzumab Govitecan-hziy Versus Treatment of Physician's Choice in Patients With Previously Untreated Locally Advanced Inoperable or Metastatic Triple-Negative Breast Cancer,PHASE3,Phase 3,ACTIVE_NOT_RECRUITING,623,Gilead Sciences,Gilead Sciences,168,1,1,active_comparator,2,carboplatin;gemcitabine;nab-paclitaxel;paclitaxel,sacituzumab govitecan-hziy,TROP2,ADC,PD-L1,1,1,0,0,1,0,0,1,0,1,PD-L1+,metastatic · 1st-line · measurable (RECIST)
NCT05382364,Safety and Pharmacokinetics of Tucatinib (MK-7119) in Chinese Participants With Cancer (MK-7119-002),PHASE1,Phase 1,ACTIVE_NOT_RECRUITING,25,Pfizer,Pfizer,687,1,1,single_arm,1,tucatinib,tucatinib,HER2,Small Molecule,HER2,0,1,0,1,0,0,0,0,1,1,HER2+,metastatic · 2nd-line+ · squamous · measurable (RECIST)
NCT05383196,Onvansertib + Paclitaxel In TNBC,PHASE1;PHASE2,Phase 2,ACTIVE_NOT_RECRUITING,50,"Antonio Giordano, MD","Antonio Giordano, MD",1,0,0,multi_experimental,2,onvansertib;paclitaxel,onvansertib;paclitaxel,PLK1,Small Molecule,ER;KRAS;NRAS;PR,0,1,1,0,0,0,0,0,1,1,HR−,metastatic · 2nd-line+
NCT05386108,Study of Abemaciclib and Elacestrant in Participants With Brain Metastasis Due to ER+/HER-2- Breast Cancer,PHASE1;PHASE2,Phase 2,RECRUITING,73,"Stemline Therapeutics, Inc.",Stemline Therapeutics,20,1,0,multi_experimental,4,abemaciclib;elacestrant,abemaciclib;elacestrant,CDK4/6,Small Molecule,ER;HER2,0,1,1,0,0,0,0,1,0,1,HR+,metastatic · 1st-line · squamous · measurable (RECIST)
NCT05394259,"A Pilot Study to Assess the Clinical Utility of PYLARIFY PET-CT for Detecting Metastasis in Pancreatic Cancer, Hepatocellular Carcinoma and Breast Cancer",PHASE1,Phase 1,ACTIVE_NOT_RECRUITING,20,M.D. Anderson Cancer Center,M.D. Anderson Cancer Center,697,0,0,single_arm,1,piflufolastat f18,piflufolastat f18,,Radiopharmaceutical,,0,1,0,0,0,0,0,1,0,0,,metastatic · 1st-line · adenoca. · measurable (RECIST)
NCT05398861,Utidelone Combined With Bevacizumab in the Treatment of ≥ 2 Lines of HER-2 Negative Advanced Breast Cancer,PHASE2,Phase 2,RECRUITING,79,Henan Cancer Hospital,Henan Cancer Hospital,27,0,0,single_arm,1,bevacizumab;utidelone injection,bevacizumab;utidelone injection,VEGF/VEGFR,Monoclonal Antibody,HER2,1,1,1,1,0,0,0,0,0,1,"HR+, HER2+",metastatic · measurable (RECIST) · ECOG 0
NCT05403554,A Study of NI-1801 in Patients with Mesothelin Expressing Solid Cancers,PHASE1,Phase 1,RECRUITING,70,Light Chain Bioscience - Novimmune SA,Light Chain Bioscience - Novimmune,2,1,0,active_comparator,3,ni-1801 in combination with paclitaxel;paclitaxel,biological ni-1801;ni-1801 in combination with anti-pd1 (pembrolizumab),MSLN,Bispecific Antibody,Mesothelin;PR;biomarker;biomarker analysis,1,1,0,0,0,0,0,1,1,0,,metastatic · 1st-line · adenoca. · measurable (RECIST) · ECOG 0-1
NCT05424835,"A Trial of SHR-A1811versus Pyrotinib in Combination With Capecitabine in HER2-Positive, Unresectable and/or Metastatic Breast Cancer Subjects Previously Treated With Trastuzumab and Taxane",PHASE3,Phase 3,ACTIVE_NOT_RECRUITING,381,"Jiangsu HengRui Medicine Co., Ltd.",Hengrui,312,1,0,active_comparator,4,pyrotinib in combination with capecitabine.,shr-a1811,HER2,ADC,HER2,1,1,0,1,0,0,0,0,1,1,HER2+,metastatic · 2nd-line+ · measurable (RECIST)
NCT05430399,Utidelone Versus Docetaxel in HER2-negative Locally Advanced or Metastatic Breast Cancer,PHASE3,Phase 3,RECRUITING,349,Sun Yat-sen University,Sun Yat-sen University,73,0,0,active_comparator,2,docetaxel,utidelone,microtubule,Small Molecule,HER2,0,1,1,1,0,0,0,0,0,1,"HR+, HER2−",metastatic · measurable (RECIST) · ECOG 0-1
NCT05431504,The Efficacy and Safety of Dalpiciclib Plus Endocrine Therapy in HR-positive / HER2-negative Advanced Breast Cancer Patients With Visceral Crisis,PHASE2,Phase 2,NOT_YET_RECRUITING,53,"Cancer Institute and Hospital, Chinese Academy of Medical Sciences","Cancer Institute and Hospital, Chinese Academy of Medical Sciences",24,0,0,single_arm,1,dalpiciclib in combination with endocrine therapy by physicians choice,dalpiciclib in combination with endocrine therapy by physicians choice,CDK4/6,Small Molecule,ER;HER2;HR;PR,0,1,0,1,0,0,0,1,1,1,HER2+,metastatic · 1st-line
NCT05447702,Study of Camrelizumab Plus Apatinib and Chemotherapy as Neoadjuvant Therapy in Participants With Triple Negative Breast Cancer (TNBC),PHASE2,Phase 2,RECRUITING,35,West China Hospital,West China Hospital,11,0,0,single_arm,1,apatinib;camrelizumab;cyclophosphamide;epirubicin;nab-paclitaxel,apatinib;camrelizumab;cyclophosphamide;epirubicin;nab-paclitaxel,PD-1,Monoclonal Antibody,ER;HER2;PD-L1;PR,1,1,0,1,1,0,0,0,0,1,"HER2+, PD-L1+",metastatic · squamous · measurable (RECIST)
NCT05455619,Evexomostat Plus PI3K or AKT Inhibitor and Fulvestrant in Patients With a PI3K Alteration and HR+/Her2- Breast Cancer,PHASE1;PHASE2,Phase 2,RECRUITING,52,"SynDevRx, Inc.",SynDevRx,2,1,0,single_arm,1,evexomostat,evexomostat,MetAP2,Small Molecule,HER2;PI3K pathway;biomarker,0,1,1,1,0,0,1,0,1,1,"HR+, HER2+, PIK3CAm",metastatic · 2nd-line+ · squamous · measurable (RECIST) · ECOG 1
NCT05458674,Tucatinib+Trastuzumab+Eribulin in HER2+ MBC,PHASE2,Phase 2,ACTIVE_NOT_RECRUITING,17,"Criterium, Inc.",Criterium,12,1,0,single_arm,1,eribulin;trastuzumab;tucatinib,eribulin;trastuzumab;tucatinib,HER2,Small Molecule,HER2;MET,0,1,0,1,0,0,0,0,1,1,HER2+,metastatic · 2nd-line+ · measurable (RECIST) · ECOG 0-1
NCT05460273,"A Study of Dato-DXd in Chinese Patients With Advanced Non-Small Cell Lung Cancer, Triple-negative Breast Cancer and Other Solid Tumors (TROPION-PanTumor02)",PHASE1;PHASE2,Phase 2,ACTIVE_NOT_RECRUITING,119,AstraZeneca,AstraZeneca,780,1,1,single_arm,1,datopotamab deruxtecan (dato-dxd),datopotamab deruxtecan (dato-dxd),TROP2,ADC,ALK;HER2;RET;ROS1;TROP-1;genomic,1,1,1,1,0,0,0,0,1,1,"HR−, HER2−",metastatic · 2nd-line+ · measurable (RECIST)
NCT05461768,A Study of BL-M07D1 in Patients With Locally Advanced or Metastatic HER2-Positive/Negative Breast Cancer and Other Solid Tumors,PHASE1,Phase 1,RECRUITING,348,"Sichuan Baili Pharmaceutical Co., Ltd.",Sichuan Baili Pharmaceutical,127,1,0,single_arm,1,bl-m07d1,bl-m07d1,HER2,ADC,HER2;MET,1,1,0,1,0,0,0,0,0,1,HER2+,metastatic · squamous · measurable (RECIST) · ECOG 0
NCT05463601,Mecapegfilgrastim for the Prevention of Dalpiciclib -Induced Neutropenia in Advanced Breast Cancer,PHASE2,Phase 2,ACTIVE_NOT_RECRUITING,132,Sun Yat-Sen Memorial Hospital of Sun Yat-Sen University,Sun Yat-Sen Memorial Hospital of Sun Yat-Sen University,15,0,0,active_comparator,2,dalpiciclib;exemestane;fulvestrant;letrozole;tamoxifen,dalpiciclib;exemestane;fulvestrant;letrozole;mecapegfilgrastim;tamoxifen,CDK4/6,Small Molecule,HER2,0,1,1,1,0,0,0,0,0,1,"HR+, HER2+",metastatic · squamous
NCT05463952,"A Study to Learn About the Vepdegestrant (ARV-471, PF-07850327) in People With ER+/HER2- Locally Advanced or Metastatic Breast Cancer (BC)",PHASE1,Phase 1,ACTIVE_NOT_RECRUITING,6,Pfizer,Pfizer,687,1,1,single_arm,1,vepdegestrant,vepdegestrant,ESR1,Small Molecule,ER;HER2,0,1,1,1,0,0,0,0,0,1,"HR+, HER2+",metastatic · squamous
NCT05467891,"Ribociclib And Endocrine Treatment of Physician's Choice for Locoregional Recurrent, Resected Hormone Receptor Positive HER2 Negative Breast Cancer",PHASE2,Phase 2,RECRUITING,200,Oana Danciu,Oana Danciu,1,0,1,single_arm,1,anastrozole;exemestane;fulvestrant;letrozole;ribociclib,anastrozole;exemestane;fulvestrant;letrozole;ribociclib,CDK4/6,Small Molecule,ER;GRPR;HER2,0,1,1,1,0,0,0,0,0,1,"HR+, HER2−",metastatic
NCT05470348,A Study of BL-B01D1 in Patients With Unresectable Locally Advanced or Metastatic Breast Cancer and Other Solid Tumors,PHASE1,Phase 1,RECRUITING,36,"Sichuan Baili Pharmaceutical Co., Ltd.",Sichuan Baili Pharmaceutical,127,1,0,single_arm,1,bl-b01d1,bl-b01d1,EGFR/HER3,ADC,,1,1,0,0,0,0,0,0,0,0,,metastatic · measurable (RECIST)
NCT05483491,"KK-LC-1 TCR-T Cell Therapy for Gastric, Breast, Cervical, and Lung Cancer",PHASE1,Phase 1,RECRUITING,30,Christian Hinrichs,Christian Hinrichs,3,0,0,single_arm,1,aldesleukin;kk-lc-1 tcr-t cells,aldesleukin;kk-lc-1 tcr-t cells,KK-LC-1,CAR-T,KK-LC-1;genomic,1,1,0,0,0,0,0,0,0,0,,metastatic · measurable (RECIST)
NCT05485766,Novel Neoadjuvant and Adjuvant Strategy for Germline BRCA 1/2 Mutated Triple Negative Breast Cancer,PHASE2,Phase 2,RECRUITING,23,Okayama University,Okayama University,1,0,1,single_arm,1,carboplatin;definitive surgery;olaparib;paclitaxel;pembrolizumab,carboplatin;definitive surgery;olaparib;paclitaxel;pembrolizumab,PD-1,Monoclonal Antibody,PD-L1,1,1,0,0,1,1,0,1,0,1,"PD-L1+, BRCA/HRD+",metastatic · 1st-line
NCT05490472,JAB-2485 Activity in Adult Patients With Advanced Solid Tumors,PHASE1;PHASE2,Phase 2,RECRUITING,102,"Jacobio Pharmaceuticals Co., Ltd.",Jacobio Pharmaceuticals,13,1,0,multi_experimental,2,jab-2485 (aurora a inhibitor),jab-2485 (aurora a inhibitor),AURKA,Small Molecule,,0,1,0,0,0,0,0,0,1,0,,metastatic · 2nd-line+ · measurable (RECIST)
NCT05491083,Pembrolizumab and ADG106 in Advanced Solid Cancers and Triple Negative Breast Cancer,PHASE1;PHASE2,Phase 2,RECRUITING,51,"National University Hospital, Singapore","National University Hospital, Singapore",22,0,1,multi_experimental,2,,pembrolizumab & adg106 (phase ib);pembrolizumab & adg106 (phase ii),PD-1,Monoclonal Antibody,ER;HER2;MET;PD-L1;PR,1,1,1,1,0,0,0,0,1,1,"HR+, HER2+",metastatic · 2nd-line+ · squamous · measurable (RECIST)
NCT05491226,Reinvigorating TNBC Response to Immunotherapy With Combination Myeloid Inhibition and Radiation,PHASE2,Phase 2,RECRUITING,35,Stephen Shiao,Stephen Shiao,2,0,1,single_arm,1,axatilimab;pembrolizumab;radiation therapy,axatilimab;pembrolizumab;radiation therapy,PD-1,Monoclonal Antibody,ER;HER2;PD-L1;PR,1,1,1,0,1,0,0,0,1,1,"HR+, PD-L1+",metastatic · 2nd-line+ · squamous
NCT05492682,START: Safety and Anti-Tumor Activity of PeptiCRAd-1 in Treatment of Cancer,PHASE1,Phase 1,RECRUITING,15,Valo Therapeutics Oy,Valo Therapeutics,1,1,0,multi_experimental,2,cyclophosphamide;pembrolizumab;pepticrad-1,cyclophosphamide;pembrolizumab;pepticrad-1,NY-ESO-1,Oncolytic Virus,MAGE-A3;NY-ESO-1,1,1,0,0,1,0,0,0,1,1,PD-L1+,metastatic · 2nd-line+ · squamous · measurable (RECIST)
NCT05498155,Study of Neoadjuvant Olaparib Monotherapy and Olaparib and Durvalumab Combination in HER2 Negative BRCAm Breast Cancer,PHASE2,Phase 2,ACTIVE_NOT_RECRUITING,50,AstraZeneca,AstraZeneca,780,1,1,multi_experimental,2,,neoadjuvant combination therapy with olaparib plus durvalumab;neoadjuvant olaparib monotherapy group,PARP,Small Molecule,BRCA;ER;HER2;PD-L1,0,1,0,1,1,1,0,0,1,1,"HER2−, PD-L1+, BRCA/HRD+",metastatic · 2nd-line+
NCT05498896,Investigate the Contribution of Ipatasertib to Neoadjuvant Chemotherapy Plus Atezolizumab in TNBC,PHASE2,Phase 2,ACTIVE_NOT_RECRUITING,146,Queen Mary University of London,Queen Mary University of London,19,0,1,multi_experimental,2,atezolizumab;cyclophosphamide;doxorubicin;ipatasertib;paclitaxel,atezolizumab;cyclophosphamide;doxorubicin;ipatasertib;paclitaxel,PD-L1,Monoclonal Antibody,CMMRD;MSI-H;PD-L1;TMB,1,1,0,0,1,0,0,0,0,1,PD-L1+,metastatic
NCT05501704,ETHAN - ET for Male BC,PHASE2,Phase 2,RECRUITING,60,Jose Pablo Leone,Jose Pablo Leone,1,0,1,multi_experimental,7,,abemaciclib;anastrozole;degarelix;tamoxifen,ER,Small Molecule,ER;HER2;PR,0,1,1,1,0,0,0,0,0,1,"HR+, HER2+",
NCT05501886,Gedatolisib Plus Fulvestrant With or Without Palbociclib vs Standard-of-Care for the Treatment of Patients With Advanced or Metastatic HR+/HER2- Breast Cancer (VIKTORIA-1),PHASE3,Phase 3,ACTIVE_NOT_RECRUITING,701,Celcuity Inc,Celcuity,4,1,0,active_comparator,6,alpelisib;fulvestrant,fulvestrant;gedatolisib;palbociclib,PI3K,Small Molecule,HER2;PIK3CA,0,1,1,1,0,0,1,0,1,1,"HR+, HER2+, PIK3CAm",metastatic · 2nd-line+ · measurable (RECIST)
NCT05505812,Study on the Safety and Efficacy of Autogenous Tumor Infiltrates Lymphocytes for the Treatment of Advanced Breast Cancer,EARLY_PHASE1,Phase 1,NOT_YET_RECRUITING,10,The Affiliated Hospital of Qingdao University,The Affiliated Hospital of Qingdao University,4,0,0,single_arm,1,hs-it101,hs-it101,,Cell Therapy,,1,1,0,0,0,0,0,1,0,0,,metastatic · 1st-line · squamous · measurable (RECIST) · ECOG 0
NCT05508906,"Phase 1b Study of OP-1250 (Palazestrant) in Combination With Ribociclib, Alpelisib, Everolimus, or Atirmociclib in ER+, HER2- Breast Cancer",PHASE1,Phase 1,ACTIVE_NOT_RECRUITING,190,"Olema Pharmaceuticals, Inc.",Olema Pharmaceuticals,6,1,1,multi_experimental,4,palazestrant,alpelisib;atirmociclib;everolimus;palazestrant;ribociclib,CDK4/6,Small Molecule,ER;GRPR;HER2,0,1,1,1,0,0,0,0,0,1,"HR+, HER2+",metastatic · measurable (RECIST)
NCT05509790,A Study of LY3484356 in Chinese Participants With Advanced Breast Cancer,PHASE1,Phase 1,ACTIVE_NOT_RECRUITING,17,Eli Lilly and Company,Eli Lilly,535,1,1,multi_experimental,2,ly3484356,ly3484356,ER,Small Molecule,ER;HER2;PIK3CA;PTEN,0,1,1,1,0,0,0,0,0,1,"HR+, HER2+",metastatic
NCT05512364,Elacestrant for Treating ER+/HER2- Breast Cancer Patients With ctDNA Relapse (TREAT ctDNA),PHASE3,Phase 3,RECRUITING,220,European Organisation for Research and Treatment of Cancer - EORTC,European Organisation for Research and Treatment of Cancer - EORTC,38,0,0,active_comparator,2,anastrozole;exemestane;letrozole 2.;tamoxifen,elacestrant,ESR1,Small Molecule,ER;HER2;PR;genomic,0,1,1,1,0,0,0,0,0,1,"HR+, HER2+",metastatic · squamous
NCT05514054,A Study of Imlunestrant Versus Standard Endocrine Therapy in Participants With Early Breast Cancer,PHASE3,Phase 3,ACTIVE_NOT_RECRUITING,8000,Eli Lilly and Company,Eli Lilly,535,1,1,active_comparator,2,anastrozole;exemestane;letrozole;tamoxifen,imlunestrant,ESR1,Small Molecule,ER;HER2,0,1,1,1,0,0,0,0,0,1,"HR+, HER2+",metastatic
NCT05519670,A Phase 1b/2 Trial Evaluating Safety and Efficacy of CAPecitabine in Combination With Ni-rapaRIb in HER2-negative Advanced Breast canCEr,PHASE1;PHASE2,Phase 2,NOT_YET_RECRUITING,72,Institut Paoli-Calmettes,Institut Paoli-Calmettes,12,0,1,single_arm,1,niraparib oral product,niraparib oral product,PARP,Small Molecule,BRCA1;BRCA2;HER2;MET,0,1,1,1,0,0,0,1,1,1,"HR−, HER2+",metastatic · 1st-line · squamous · measurable (RECIST) · ECOG 0-1
NCT05544240,Phase 1 Trial of SYNC-T - Immunotherapy for Patients With Advanced/Metastatic Solid Tumors,PHASE1,Phase 1,RECRUITING,20,Williams Cancer Foundation,Williams Cancer Foundation,2,0,0,single_arm,1,sv-101,sv-101,,,,0,1,0,0,0,0,0,0,0,0,,metastatic · squamous · measurable (RECIST)
NCT05544929,A Study of Safety and Efficacy of KFA115 Alone and in Combo With Pembrolizumab in Patients With Select Advanced Cancers,PHASE1,Phase 1,ACTIVE_NOT_RECRUITING,126,Novartis Pharmaceuticals,Novartis,836,1,1,multi_experimental,3,kfa115,kfa115;pembrolizumab,PD-1,,BRAF;MSI;MSI-H;PD-L1,0,1,0,0,1,1,0,0,1,1,"PD-L1+, BRCA/HRD+",metastatic · 2nd-line+ · squamous
NCT05546268,Study of Oral MRT-2359 in Selected Cancer Patients,PHASE1;PHASE2,Phase 2,ACTIVE_NOT_RECRUITING,174,"Monte Rosa Therapeutics, Inc",Monte Rosa Therapeutics,2,1,0,multi_experimental,6,oral mrt-2359,oral mrt-2359,MYC,Small Molecule,HER2;MYC;biomarker,0,1,0,1,0,0,0,0,0,1,HER2+,metastatic · measurable (RECIST)
NCT05548127,TACTIVE-U: A Study to Learn About the Study Medicine (Vepdegestrant) When Given With Other Medicines in People With Advanced or Metastatic Breast Cancer (Sub-Study A),PHASE1;PHASE2,Phase 2,ACTIVE_NOT_RECRUITING,37,Pfizer,Pfizer,687,1,1,single_arm,1,abemaciclib;arv-471,abemaciclib;arv-471,ER,Small Molecule,ER;HER2,0,1,1,1,0,0,0,0,0,1,"HR+, HER2+",metastatic · squamous · measurable (RECIST) · ECOG 1
NCT05552001,Safety and Efficacy Analysis of an Antibody Associated With a Chemotherapy for Patients With a Triple Negative Metastatic Breast Cancer,PHASE3,Phase 3,ACTIVE_NOT_RECRUITING,96,UNICANCER,UNICANCER,64,0,1,single_arm,1,sacituzumab govitecan,sacituzumab govitecan,TROP2,ADC,ER;HER2;MET;PR;TROP2;biomarker,1,1,1,1,0,0,0,0,0,1,"HR+, HER2+",metastatic · ductal · measurable (RECIST)
NCT05563220,Open-Label Umbrella Study To Evaluate Safety And Efficacy Of Elacestrant In Various Combination In Participants With Metastatic Breast Cancer,PHASE1;PHASE2,Phase 2,ACTIVE_NOT_RECRUITING,435,"Stemline Therapeutics, Inc.",Stemline Therapeutics,20,1,0,multi_experimental,5,elacestrant,abemaciclib;alpelisib;capivasertib;elacestrant;everolimus;palbociclib;ribociclib,PI3K,Small Molecule,ER;HER2;PIK3CA;PTEN,0,1,1,1,0,1,1,1,1,1,"HR+, HER2+, BRCA/HRD+, PIK3CAm",metastatic · 1st-line · squamous · measurable (RECIST)
NCT05565417,Study of the Monoclonal Antibody IMT-009 in Patients With Advanced Solid Tumors or Lymphomas,PHASE1;PHASE2,Phase 2,ACTIVE_NOT_RECRUITING,67,Immunitas Therapeutics,Immunitas Therapeutics,1,1,0,multi_experimental,3,imt-009,fruquintinib;imt-009,CD161,Monoclonal Antibody,ALK;BRAF;CD161;CLEC2D;CXCL13;HER2;KRAS;MET;MSI;MSI-H;PD-L1;RET;biomarker;dMMR,1,1,1,1,1,0,1,1,1,1,"HR+, HER2+, PD-L1+, PIK3CAm",metastatic · 1st-line · squamous · measurable (RECIST)
NCT05569811,NeoadjuVAnt muLti-agENT Chemotherapy or Patritumab Deruxtecan With or Without endocrINE Therapy for High-risk HR+/HER2- Breast Cancer - VALENTINE Trial,PHASE2,Phase 2,ACTIVE_NOT_RECRUITING,120,SOLTI Breast Cancer Research Group,SOLTI Breast Cancer Research Group,18,0,1,active_comparator,3,,letrozole;patritumab deruxtecan,EGFR,ADC,EGFR;ER;HER2;biomarker;biomarker analysis;genomic,1,1,0,1,0,0,0,0,0,1,HER2+,metastatic · adenoca.
NCT05570253,A Study of SDX-7320 in Combination With Eribulin for People With Breast Cancer,PHASE2,Phase 2,RECRUITING,55,Memorial Sloan Kettering Cancer Center,Memorial Sloan Kettering Cancer Center,411,0,0,placebo_comparator,3,eribulin,eribulin;sdx-7320,MetAP2,Small Molecule,BMI;HER2;HOMA-IR;Metabolic Dysfunction;hemoglobin A1c,0,1,1,1,0,0,0,0,0,1,"HR−, HER2+",metastatic · squamous · measurable (RECIST) · ECOG 1
NCT05573126,Phase 1/2 Study to Evaluate EP0062 as Monotherapy and in Combination in Patients With Advanced or Metastatic AR+/HER-2-/ER+ Breast Cancer,PHASE1;PHASE2,Phase 2,RECRUITING,95,Ellipses Pharma,Ellipses Pharma,6,1,0,multi_experimental,4,ep0062,abemaciclib;elacestrant;ep0062;everolimus;exemestane;fulvestrant,AR,Small Molecule,AR;ER;HER2,0,1,1,1,0,0,0,0,0,1,"HR+, HER2+",metastatic · adenoca.
NCT05573555,TACTIVE-U: A Study to Learn About the Study Medicine (Vepdegestrant) When Given With Other Medicines in People With Advanced or Metastatic Breast Cancer (Sub-Study B),PHASE1;PHASE2,Phase 2,ACTIVE_NOT_RECRUITING,20,Pfizer,Pfizer,687,1,1,single_arm,1,arv-471;ribociclib,arv-471;ribociclib,ER,Small Molecule,ER;HER2,0,1,1,1,0,0,0,0,0,1,"HR+, HER2+",metastatic · squamous · measurable (RECIST) · ECOG 1
NCT05575804,GQ1001 Combined With Pyrotinib for Treatment With HER2 Positive Metastatic Breast Cancer,PHASE1;PHASE2,Phase 2,RECRUITING,32,Fudan University,Fudan University,29,0,0,single_arm,1,gq1001+pyrotinib,gq1001+pyrotinib,HER2,ADC,HER2,1,1,0,1,0,0,0,0,0,1,HER2+,metastatic · measurable (RECIST)
NCT05576389,"Fluzoparib Combined With Camrelizumab for Neoadjuvant Treatment of Embryogenic BRCA Mutation HER2 Negative Breast Cancer: an Open, Single Arm, Multicenter Study",PHASE2,Phase 2,RECRUITING,64,Peking University People's Hospital,Peking University People's Hospital,12,0,0,single_arm,1,camrelizumab+fluzoparib,camrelizumab+fluzoparib,PD-1,Monoclonal Antibody,BRCA;HER2;PD-L1,1,1,1,1,1,0,0,0,0,1,"HR+, HER2+, PD-L1+",metastatic · measurable (RECIST) · ECOG 0-1
NCT05579366,"Rinatabart Sesutecan (Rina-S, PRO1184, GEN1184) for Advanced Solid Tumors (GCT1184-01/ PRO1184-001)",PHASE1;PHASE2,Phase 2,RECRUITING,884,Genmab,Genmab,65,1,1,multi_experimental,4,rina-s,bevacizumab;carboplatin;pembrolizumab;rina-s,VEGF/VEGFR,Monoclonal Antibody,HER2,1,1,1,1,0,1,0,0,1,1,"HR+, HER2+, BRCA/HRD+",metastatic · 2nd-line+ · small-cell · measurable (RECIST)
NCT05582538,Restoring Sensitivity To Immunotherapy In Advanced Triple Negative Breast Cancer Exploiting Ceralasertib Priming Followed By Combined Durvalumab/Nab-Paclitaxel,PHASE2,Phase 2,RECRUITING,37,IFOM ETS - The AIRC Institute of Molecular Oncology,IFOM ETS - The AIRC Institute of Molecular Oncology,2,0,1,single_arm,1,ceralasertib;durvalumab;nab-paclitaxel,ceralasertib;durvalumab;nab-paclitaxel,ATM,Small Molecule,BRCA1;BRCA2;ER;HER2;HRR;MET;PD-L1,0,1,1,1,1,0,0,0,1,1,"HR+, HER2+, PD-L1+",metastatic · 2nd-line+ · measurable (RECIST)
NCT05587296,"A Study to Learn More About How Well Elinzanetant Works and How Safe it is Compared to Placebo for the Treatment of Hot Flashes Caused by Anti-cancer Therapy in Women With, or at High Risk for Developing Hormone-receptor Positive Breast Cancer",PHASE3,Phase 3,ACTIVE_NOT_RECRUITING,474,Bayer,Bayer,283,1,1,placebo_comparator,2,elinzanetant (bay3427080),elinzanetant (bay3427080),NK3R,Small Molecule,,0,1,0,0,0,0,0,0,0,0,,metastatic · squamous
NCT05593094,A Phase 1 Trial of ZN-A-1041 Enteric Capsules or Combination in Participants With Human Epidermal Growth Factor Receptor 2 (HER2)-Positive Advanced Solid Tumors,PHASE1;PHASE2,Phase 2,ACTIVE_NOT_RECRUITING,210,Hoffmann-La Roche,Roche/Genentech,922,1,1,multi_experimental,7,,zn-a-1041;zn-a-1041 + phesgo / herceptin plus perjeta injection for phase 1b;zn-a-1041 + phesgo / herceptin plus perjeta injection for phase 1c;zn-a-1041 + t-dm1 3.;zn-a-1041 + t-dxd 5.,HER2,ADC,HER2,1,1,0,1,0,0,0,1,1,1,HER2+,metastatic · 1st-line
NCT05596409,"ELACESTRANT in Women and Men With CDK4/6 Inhibitor-Naive Estrogen Receptor Positive, HER-2 Negative Metastatic Breast Cancer Study",PHASE2,Phase 2,ACTIVE_NOT_RECRUITING,61,"Stemline Therapeutics, Inc.",Stemline Therapeutics,20,1,0,single_arm,1,elacestrant,elacestrant,ESR1,Small Molecule,ER;HER2;companion diagnostic,0,1,1,1,0,0,0,1,1,1,"HR+, HER2+",metastatic · 1st-line · squamous · measurable (RECIST)
NCT05607004,(Z)-Endoxifen for the Treatment of Premenopausal Women With ER+/HER2- Breast Cancer,PHASE2,Phase 2,ACTIVE_NOT_RECRUITING,87,"Atossa Therapeutics, Inc.",Atossa Therapeutics,3,1,0,multi_experimental,4,(z)-endoxifen,(z)-endoxifen;goserelin,ESR1,Small Molecule,ER;HER2;biomarker,0,1,1,1,0,0,0,0,0,1,"HR+, HER2+",metastatic · squamous · ECOG 0
NCT05608252,VS-6766+Abema+Fulv in Met HR+/HER- BC,PHASE1;PHASE2,Phase 2,RECRUITING,63,Adrienne G. Waks,Adrienne G. Waks,4,0,1,multi_experimental,2,abemaciclib;fulvestrant;vs-6766,abemaciclib;fulvestrant;vs-6766,BRAF,Small Molecule,BRAF;ER;HER2;PR,0,1,1,1,0,0,0,0,0,1,"HR+, HER2+",metastatic · measurable (RECIST)
NCT05620134,Study of JK08 in Patients with Unresectable Locally Advanced or Metastatic Cancer,PHASE1;PHASE2,Phase 2,ACTIVE_NOT_RECRUITING,263,Salubris Biotherapeutics Inc,Salubris Biotherapeutics,2,1,0,multi_experimental,4,jk08,jk08;lenvatinib pill;pembrolizumab,CTLA-4,Monoclonal Antibody,ER;HER2;PR;genomic,1,1,1,1,0,0,0,0,1,1,"HR+, HER2+",metastatic · 2nd-line+ · adenoca. · measurable (RECIST)
NCT05625087,Detection of Tumor DNA in the Blood of Patients Receiving Standard Therapy for Hormone Receptor-positive (HR+) Non-HER2 Expressing (HER2-) Metastatic Breast Cancer as a Tool to Select Those Who May Benefit From the Next Course of Fulvestrant in Combination With Alpelisib or Ribociclib,PHASE2,Phase 2,ACTIVE_NOT_RECRUITING,162,UNICANCER,UNICANCER,64,0,1,active_comparator,2,ribociclib,alpelisib,PI3K,Small Molecule,ER;HER2;PIK3CA;PR;PTEN,0,1,1,1,0,0,1,1,0,1,"HR+, HER2+, PIK3CAm",metastatic · 1st-line · squamous · measurable (RECIST)
NCT05627960,First in Human Phase 1 Study of AG01 Anti-Progranulin/GP88 Antibody in Advanced Solid Tumor Malignancies,PHASE1,Phase 1,RECRUITING,77,A&G Pharmaceutical Inc.,A&G Pharmaceutical,1,1,0,multi_experimental,5,ag-01 compound,ag-01 compound,GRN,Monoclonal Antibody,ER;PR,1,1,1,0,0,0,1,0,1,1,"HR+, PIK3CAm",metastatic · 2nd-line+ · squamous · measurable (RECIST)
NCT05629585,A Study of Dato-DXd With or Without Durvalumab Versus Investigator's Choice of Therapy in Patients With Stage I-III Triple-negative Breast Cancer Without Pathological Complete Response Following Neoadjuvant Therapy (TROPION-Breast03),PHASE3,Phase 3,ACTIVE_NOT_RECRUITING,1174,AstraZeneca,AstraZeneca,780,1,1,active_comparator,3,capecitabine;pembrolizumab,dato-dxd;durvalumab,TROP2,ADC,PD-L1;TROP1,1,1,0,0,1,0,0,0,0,1,PD-L1+,metastatic · squamous
NCT05633654,Study of Sacituzumab Govitecan-hziy and Pembrolizumab Versus Treatment of Physician's Choice in Patients With Triple Negative Breast Cancer Who Have Residual Invasive Disease After Surgery and Neoadjuvant Therapy (ASCENT-05/AFT-65 OptimICE-RD/GBG 119/NSABP B-63),PHASE3,Phase 3,RECRUITING,1514,Gilead Sciences,Gilead Sciences,168,1,1,active_comparator,2,capecitabine;pembrolizumab,pembrolizumab;sacituzumab govitecan-hziy (sg),PD-1,Monoclonal Antibody,ER;HER2;PD-L1;PR,1,1,1,1,0,1,0,0,0,1,"HR+, HER2−, BRCA/HRD+",metastatic
NCT05633979,Phase 1b Study of EZH1/2 Inhibitor Valemetostat in Combination With Trastuzumab Deruxtecan in Subjects With HER2 Low/Ultra-low/Null Metastatic Breast Cancer,PHASE1,Phase 1,ACTIVE_NOT_RECRUITING,17,M.D. Anderson Cancer Center,M.D. Anderson Cancer Center,697,0,1,multi_experimental,2,valemetostat,trastuzumab deruxtecan;valemetostat,HER2,ADC,HER2,1,1,1,1,0,0,0,0,0,1,"HR+, HER2+",metastatic · squamous · measurable (RECIST)
NCT05635487,A Study of SHR-A1811 Monotherapy or Combined With Pyrotinib Maleate as Neoadjuvant Treatment in HER2-positive Breast Cancer Patients,PHASE2,Phase 2,RECRUITING,65,Shengjing Hospital,Shengjing Hospital,3,0,0,multi_experimental,2,shr-a1811,pyrotinib;shr-a1811,HER2,ADC,HER2,1,1,0,1,0,0,0,1,0,1,HER2+,stage IV · 1st-line · ECOG 0-1
NCT05645536,"Safety Extension Study for Subjects With HR+, HER2- Breast Cancer for Subjects Who Have Completed the OVELIA Study",PHASE3,Phase 3,ENROLLING_BY_INVITATION,250,Tolmar Inc.,Tolmar,2,1,0,single_arm,1,anastrozole tablets;exemestane tablets;letrozole tablets;tamoxifen;tol2506,anastrozole tablets;exemestane tablets;letrozole tablets;tamoxifen;tol2506,HER2,,HER2;PR,0,1,1,0,0,0,0,0,0,1,HR+,
NCT05646862,"A Study Evaluating the Efficacy and Safety of Inavolisib Plus Fulvestrant Compared With Alpelisib Plus Fulvestrant in Participants With HR-Positive, HER2-Negative, PIK3CA Mutated, Locally Advanced or Metastatic Breast Cancer Post CDK4/6i and Endocrine Combination Therapy",PHASE3,Phase 3,RECRUITING,420,Hoffmann-La Roche,Roche/Genentech,922,1,1,active_comparator,3,alpelisib;fulvestrant,bupropion;fulvestrant;inavolisib;midazolam;omeprazole,PI3K,Small Molecule,8P;HER2;biomarker,0,1,1,1,0,0,1,0,1,1,"HR+, HER2+, PIK3CAm",metastatic · 2nd-line+ · adenoca. · measurable (RECIST)
NCT05650879,ELVN-002 in HER2 Mutant Non-Small Cell Lung Cancer,PHASE1,Phase 1,ACTIVE_NOT_RECRUITING,198,Enliven Therapeutics,Enliven Therapeutics,4,1,0,multi_experimental,5,elvn-002,elvn-002;fam-trastuzumab deruxtecan-nxki;trastuzumab emtansine,HER2,ADC,ALK;BRAF;HER2;ROS1,1,1,0,1,0,0,0,0,0,1,HER2+,metastatic · squamous · measurable (RECIST)
NCT05653752,A Study of YL202 in Patients With Locally Advanced or Metastatic Non-small Cell Lung Cancer and Breast Cancer,PHASE1,Phase 1,ACTIVE_NOT_RECRUITING,80,"MediLink Therapeutics (Suzhou) Co., Ltd.",MediLink Therapeutics (Suzhou),23,1,0,single_arm,1,yl202,yl202,HER3,ADC,EGFR;HER2;HR,1,1,0,1,0,0,1,0,0,1,"HER2+, PIK3CAm",metastatic · measurable (RECIST) · ECOG 0
NCT05654532,Study of AC699 in Patients With Estrogen Receptor Positive/Human Epidermal Growth Factor Receptor 2 Negative (ER+/HER2-) Locally Advanced or Metastatic Breast Cancer,PHASE1,Phase 1,ACTIVE_NOT_RECRUITING,100,Accutar Biotechnology Inc,Accutar Biotechnology,6,1,0,single_arm,1,ac699,ac699,ESR1,Small Molecule,ER;ESR1;HER2,0,1,1,1,0,0,0,0,0,1,"HR+, HER2−",metastatic · measurable (RECIST)
NCT05654623,"A Study to Learn About a New Medicine Called Vepdegestrant (ARV-471, PF-07850327) in People Who Have Advanced Metastatic Breast Cancer",PHASE3,Phase 3,ACTIVE_NOT_RECRUITING,624,Pfizer,Pfizer,687,1,1,active_comparator,2,fulvestrant,arv-471,ER,Small Molecule,ER;HER2,0,1,1,1,0,0,1,0,0,1,"HR+, HER2+, PIK3CAm",metastatic · measurable (RECIST)
NCT05660083,Alpelisib/iNOS Inhibitor/Nab-paclitaxel in Patients With HER2 Negative Metaplastic Breast Cancer (MpBC),PHASE2,Phase 2,RECRUITING,36,The Methodist Hospital Research Institute,The Methodist Hospital Research Institute,27,0,1,single_arm,1,l-nmma,l-nmma,iNOS,Small Molecule,HER2;INOS,0,1,0,1,0,0,1,0,1,1,"HER2−, PIK3CAm",metastatic · 2nd-line+ · squamous · measurable (RECIST)
NCT05675579,A Phase II Study of Neoadjuvant Sacituzumab Govitecan and Pembrolizumab Therapy for Immunochemotherapy-resistant Early-stage Triple-negative Breast Cancer (TNBC),PHASE2,Phase 2,ACTIVE_NOT_RECRUITING,27,M.D. Anderson Cancer Center,M.D. Anderson Cancer Center,697,0,1,single_arm,1,pembrolizumab;sacituzumab govitecan,pembrolizumab;sacituzumab govitecan,PD-1,Monoclonal Antibody,ER;HER2;PD-L1;PR,1,1,1,1,0,0,0,0,0,1,"HR+, HER2−",stage IV
NCT05683418,A Study to Evaluate the Safety and Tolerability of TOS-358 in Women With HR+ HER2- Breast Cancer,PHASE1,Phase 1,RECRUITING,241,Totus Medicines,Totus Medicines,1,1,0,multi_experimental,3,tos-358,fulvestrant;palbociclib;ribociclib;tos-358,PI3K,Small Molecule,HER2,0,1,1,1,0,0,1,0,0,1,"HR+, HER2+, PIK3CAm",metastatic · measurable (RECIST)
NCT05693766,Gene Signatures to Guide HR+MBC Therapy in a Diverse Cohort,PHASE2,Phase 2,RECRUITING,64,Sonya Reid,Sonya Reid,1,0,0,active_comparator,2,endocrine-therapy;mammoprint and blueprint assays,capecitabine;mammoprint and blueprint assays,TS,Small Molecule,ER;HER2;PR,0,1,1,1,0,0,0,0,0,1,"HR+, HER2−",metastatic · squamous · measurable (RECIST)
NCT05696626,Evaluation of Lasofoxifene Combined With Abemaciclib Compared With Fulvestrant Combined With Abemaciclib in Locally Advanced or Metastatic ER+/HER2- Breast Cancer With an ESR1 Mutation,PHASE3,Phase 3,RECRUITING,600,LeonaBio,LeonaBio,1,1,0,active_comparator,2,fulvestrant in combination with abemaciclib,lasofoxifene in combination with abemaciclib,ESR1,Small Molecule,ER;ESR1;HER2;genomic,0,1,1,1,0,0,0,0,0,1,"HR+, HER2+",metastatic · squamous · measurable (RECIST)
NCT05698238,Clinical Study to Evaluate Safety and Dosing of CA9hu-1 in Patients With Advanced Solid Tumours,PHASE1,Phase 1,NOT_YET_RECRUITING,50,"Mabpro, a.s.","Mabpro, a.s.",1,1,0,single_arm,1,ca9hu-1,ca9hu-1,CA9,Monoclonal Antibody,CA9;biomarker,1,1,0,0,0,0,0,0,1,0,,metastatic · 2nd-line+ · small-cell
NCT05704829,NeoAdjuvant Therapy With Trastuzumab-deruxtecan Versus Chemotherapy+Trastuzumab+Pertuzumab in HER2+ Early Breast Cancer,PHASE2,Phase 2,RECRUITING,702,Women's Cancer Study Group GmbH,Women's Cancer Study,15,0,1,multi_experimental,7,trastuzumab deruxtecan,standard-of-care;trastuzumab deruxtecan,HER2,ADC,HER2,1,1,0,1,0,0,0,0,0,1,HER2+,metastatic · ECOG 0-1
NCT05706129,"A Study to Assess Safety, Tolerability and Imaging Characteristics of [68Ga]Ga-DPI-4452 and to Assess Safety, Tolerability, and Efficacy of [177Lu]Lu-DPI-4452 in Participants With Unresectable Locally Advanced or Metastatic Solid Tumors",PHASE1;PHASE2,Phase 2,RECRUITING,270,Lumara Bio Oncologics GmbH,Lumara Bio Oncologics,1,1,0,multi_experimental,5,[68ga]ga-dpi-4452,[177lu]lu-dpi-4452;[68ga]ga-dpi-4452,CA IX,Radiopharmaceutical,CA IX,0,1,0,0,0,0,0,0,0,0,,metastatic · adenoca. · measurable (RECIST)
NCT05732051,Nicotinamide Riboside and Prevention of Cancer Therapy Related Cardiac Dysfunction in Breast Cancer Patients,PHASE2,Phase 2,RECRUITING,60,"University Hospital, Akershus","University Hospital, Akershus",4,0,0,active_comparator,2,dietary supplement: nicotinamide riboside,,,,,0,0,0,0,0,0,0,0,0,0,,metastatic
NCT05735080,"Open-Label Study to Evaluate the Safety, Tolerability, PK, and Efficacy of INX-315 in Patients With Advanced Cancer",PHASE1;PHASE2,Phase 2,RECRUITING,150,Incyclix Bio,Incyclix Bio,1,1,0,multi_experimental,4,inx-315,abemaciclib;fulvestrant;inx-315,HER2,Small Molecule,CCNE1;HER2,0,1,1,1,0,0,0,0,1,1,"HR+, HER2+",metastatic · 2nd-line+ · squamous · measurable (RECIST)
NCT05740956,A Study of Hansoh (HS)-10502 in Patients With Advanced Solid Tumors,PHASE1,Phase 1,RECRUITING,318,"Jiangsu Hansoh Pharmaceutical Co., Ltd.",Hansoh,82,1,0,single_arm,1,hs-10502,hs-10502,,,HER2,0,1,0,1,0,1,0,0,0,1,"HER2−, BRCA/HRD+",metastatic · measurable (RECIST)
NCT05744687,Phase II/III Study of SPH4336 Combined With Letrozole vs Placebo Combined With Letrozole in First-line Treatment of Breast Cancer,PHASE2;PHASE3,Phase 3,RECRUITING,374,"Shanghai Pharmaceuticals Holding Co., Ltd",Shanghai Pharmaceuticals,18,1,0,placebo_comparator,2,sph4336 tablets placebo,sph4336 tablets,CDK4/6,Small Molecule,HER2;HR,0,1,1,0,0,0,0,0,0,1,HR+,metastatic
NCT05748834,Study of Tucatinib and Doxil in Participants With Human Epidermal Growth Factor Receptor 2 Positive (HER2+) Metastatic Breast Cancer,PHASE2,Phase 2,RECRUITING,36,"SCRI Development Innovations, LLC",SCRI Development Innovations,163,0,1,single_arm,1,doxil;tucatinib,doxil;tucatinib,HER2,Small Molecule,HER2;MET,0,1,0,1,0,0,0,0,1,1,HER2+,metastatic · 2nd-line+ · measurable (RECIST)
NCT05768139,First-in-Human Study of Tersolisib (STX-478) as Monotherapy and in Combination With Other Antineoplastic Agents in Participants With Advanced Solid Tumors,PHASE1;PHASE2,Phase 2,RECRUITING,880,Eli Lilly and Company,Eli Lilly,535,1,1,multi_experimental,5,stx-478,abemaciclib;anastrozole;exemestane;fulvestrant;imlunestrant;letrozole;metformin;palbociclib;ribociclib;stx-478;tamoxifen,PI3K,Small Molecule,PI3K,0,1,0,0,0,0,1,0,1,1,PIK3CAm,metastatic · 2nd-line+
NCT05768932,BAL0891 in Patients With Advanced Solid Tumors or Relapsed or Refractory Acute Myeloid Leukemia,PHASE1,Phase 1,RECRUITING,260,"SillaJen, Inc.",SillaJen,3,1,0,multi_experimental,8,bal0891,bal0891;paclitaxel;tislelizumab,TTK,Small Molecule,BRAF;ER;HER2;KRAS;MET;PIK3CA;PTEN,0,1,1,1,0,0,0,0,1,1,"HR+, HER2+",metastatic · 2nd-line+ · adenoca. · measurable (RECIST) · ECOG 0
NCT05774678,Trial Of PreoperAtive Radiation (TOPAz): A Randomized Trial Comparing Hypofractionated Versus Conventionally Fractionated Preoperative Radiation Followed by Mastectomy With Immediate Autologous Breast Reconstruction With Integrated Nanomechanical Biomarker Evaluation,PHASE3,Phase 3,RECRUITING,126,M.D. Anderson Cancer Center,M.D. Anderson Cancer Center,697,0,0,multi_experimental,2,group 1 (preoperative radiation hypofractionated);group 2 (preoperative radiation conventionally fractionated),group 1 (preoperative radiation hypofractionated);group 2 (preoperative radiation conventionally fractionated),,,HER2;MET,0,1,0,1,0,0,0,0,0,1,HER2+,metastatic
NCT05774951,A Study of Camizestrant in ER+/HER2- Early Breast Cancer After at Least 2 Years of Standard Adjuvant Endocrine Therapy,PHASE3,Phase 3,RECRUITING,4300,AstraZeneca,AstraZeneca,780,1,1,active_comparator,2,anastrozole;exemestane;letrozole;tamoxifen,camizestrant,ESR1,Small Molecule,ER;HER2,0,1,1,1,0,0,0,0,0,1,"HR+, HER2+",metastatic
NCT05780567,Clinical Study on Adjuvant Therapy of TQB3616 Combined With Endocrine Therapy Compared With Placebo Combined With Endocrine Therapy in Patients With Breast Cancer,PHASE3,Phase 3,ACTIVE_NOT_RECRUITING,1946,"Chia Tai Tianqing Pharmaceutical Group Co., Ltd.",Chia Tai Tianqing Pharmaceutical,213,1,0,placebo_comparator,2,anastrozole;letrozole;placebo capsules;tamoxifen,anastrozole;letrozole;tamoxifen;tqb3616 capsules,HER2,Small Molecule,ER;HER2,0,1,1,1,0,0,0,0,0,1,"HR+, HER2+",
NCT05783622,Study of JANX008 in Subjects With Advanced or Metastatic Solid Tumor Malignancies,PHASE1,Phase 1,ACTIVE_NOT_RECRUITING,130,Janux Therapeutics,Janux Therapeutics,4,1,0,multi_experimental,3,janx008,janx008,EGFR,,,0,1,0,0,0,0,0,0,0,0,,metastatic · measurable (RECIST)
NCT05787587,A Study of PARG Inhibitor IDE161 in Participants With Advanced Solid Tumors,PHASE1,Phase 1,ACTIVE_NOT_RECRUITING,216,IDEAYA Biosciences,IDEAYA Biosciences,11,1,1,multi_experimental,4,ide-161,ide-161;pembrolizumab,PARG,Small Molecule,MSI,0,1,0,0,0,1,0,0,0,1,BRCA/HRD+,metastatic
NCT05795101,TRUDI: TDXD+Durva in HER2+/Low IBC,PHASE2,Phase 2,RECRUITING,63,"Filipa Lynce, MD","Filipa Lynce, MD",2,0,1,multi_experimental,2,durvalumab;trastuzumab deruxtecan,durvalumab;trastuzumab deruxtecan,PD-L1,Monoclonal Antibody,EGFR;ER;HER2;PR,1,1,1,1,0,0,0,1,0,1,"HR+, HER2+",1st-line
NCT05800275,"Capecitabine, Tucatinib, and Intrathecal Trastuzumab for Breast Cancer Patients With Leptomeningeal Disease",PHASE2,Phase 2,RECRUITING,30,UNICANCER,UNICANCER,64,0,0,single_arm,1,capecitabine tablets;trastuzumab injection;tucatinib oral tablet,capecitabine tablets;trastuzumab injection;tucatinib oral tablet,HER2,Small Molecule,ER;HER2;PR,0,1,1,1,0,0,0,0,0,1,"HR+, HER2+",metastatic · squamous · ECOG 0
NCT05802225,Clinical Study of the Efficacy and Safety of BCD-178 and Perjeta® as Neoadjuvant Therapy of HER2-Positive Breast Cancer,PHASE3,Phase 3,ACTIVE_NOT_RECRUITING,398,Biocad,Biocad,28,1,0,active_comparator,2,perjeta,bcd-178,HER2,Monoclonal Antibody,ER;HER2;PR,1,1,1,1,0,0,0,0,0,1,"HR−, HER2+",metastatic · ECOG 0-1
NCT05806138,A Study of Vericiguat in People With Breast Cancer and Cancer Therapy-Related Cardiac Dysfunction,PHASE2,Phase 2,ACTIVE_NOT_RECRUITING,21,Memorial Sloan Kettering Cancer Center,Memorial Sloan Kettering Cancer Center,411,0,1,active_comparator,2,optimal medical therapy,vericiguat,sGC,Small Molecule,,0,1,0,0,0,0,0,0,0,0,,metastatic
NCT05810870,PIK3CA/PTEN-altered Advanced Breast Cancer Treated With MEN1611 Monotherapy or in Combination With Eribulin,PHASE2,Phase 2,ACTIVE_NOT_RECRUITING,14,MedSIR,MedSIR,27,0,0,single_arm,1,eribulin;men1611,eribulin;men1611,PIK3CA,Small Molecule,HER2;MET;PIK3CA,0,1,1,1,0,0,1,0,0,1,"HR+, HER2+, PIK3CAm",metastatic · measurable (RECIST)
NCT05814354,SHR-A1811 Versus Investigator's Chemotherapy in Recurrent/Metastatic Breast Cancer Clinical Trial,PHASE3,Phase 3,ACTIVE_NOT_RECRUITING,551,"Jiangsu HengRui Medicine Co., Ltd.",Hengrui,312,1,0,active_comparator,2,capecitabine/eribulin/gemcitabine/paclitaxel/nab-paclitaxel,shr-a1811,HER2,ADC,HER2,1,1,0,1,0,0,0,0,1,1,HER2+,metastatic · 2nd-line+
NCT05824975,"A Study to Evaluate the Safety and Therapeutic Activity of GI-102 As a Single Agent and in Combination with Conventional Anti-cancer Drugs, Pembrolizumab or Trastuzumab Deruxtecan(T-DXd) in Patients with Advanced Solid Tumors (KEYNOTE-G08)",PHASE1;PHASE2,Phase 2,RECRUITING,358,"GI Innovation, Inc.",GI Innovation,4,1,1,multi_experimental,7,,bevacizumab;doxorubicin;eribulin;gi-102;gi-102 subcutaneous (sc);paclitaxel;pembrolizumab;trastuzumab deruxtecan (t-dxd),CD80,Bispecific Antibody,,1,1,0,0,0,0,0,0,0,0,,metastatic · measurable (RECIST)
NCT05827081,Phase IIIb Study of Ribociclib + ET in Early Breast Cancer,PHASE3,Phase 3,RECRUITING,1400,Novartis Pharmaceuticals,Novartis,836,1,1,single_arm,1,ansastrozole;exemestane;goserelin;letrozole;leuprolide;ribociclib,ansastrozole;exemestane;goserelin;letrozole;leuprolide;ribociclib,CDK4/6,Small Molecule,ER;GRPR;HER2,0,1,1,1,0,0,0,0,0,1,"HR+, HER2−",metastatic
NCT05834764,Pyrotinib in Women With High-risk in Early Stage Breast Cancer,PHASE2,Phase 2,RECRUITING,188,The First Affiliated Hospital with Nanjing Medical University,The First Affiliated Hospital with Nanjing Medical University,30,0,0,single_arm,1,pyrotinib,pyrotinib,HER2,Small Molecule,HER2,0,1,0,1,0,0,0,0,0,1,HER2+,metastatic · squamous · ECOG 0-1
NCT05838066,Efficacy and Safety of KN026 in Combination With HB1801 in the First-line Treatment of Subjects With HER2-positive Recurrent or Metastatic Breast Cancer.,PHASE3,Phase 3,RECRUITING,880,Shanghai JMT-Bio Inc.,Shanghai JMT-Bio,33,1,0,active_comparator,2,docetaxel;pertuzumab;trastuzumab,hb1801;recombinant humanized bispecific antibody against her2，kn026,HER2,Bispecific Antibody,HER2,1,1,0,1,0,0,0,0,0,1,HER2+,metastatic · measurable (RECIST)
NCT05840211,Study of Sacituzumab Govitecan Versus Treatment of Physician's Choice in Patients With Hormone Receptor-positive/Human Epidermal Growth Factor Receptor 2 Negative (HR+/HER2-) Metastatic Breast Cancer Who Have Received Endocrine Therapy,PHASE3,Phase 3,ACTIVE_NOT_RECRUITING,654,Gilead Sciences,Gilead Sciences,168,1,1,active_comparator,2,capecitabine;nab-paclitaxel;paclitaxel,sacituzumab govitecan-hziy,TROP2,ADC,HER2;PD-L1,1,1,1,1,0,0,1,1,0,1,"HR+, HER2+, PIK3CAm",metastatic · 1st-line · measurable (RECIST)
NCT05846789,"Toci +/- SOC Chemo for Metastatic Triple Negative and ER-positive, HER2-negative Breast Cancers",PHASE2,Phase 2,RECRUITING,168,Kathy Miller,Kathy Miller,3,0,1,active_comparator,4,soc,soc;tocilizumab/tocilizumab biosimilar,HER2,,ER;HER2;PD-L1;PR,0,1,1,1,1,0,0,1,1,1,"HR+, HER2+, PD-L1+",metastatic · 1st-line · measurable (RECIST) · ECOG 0
NCT05851014,A Study of GB491 in Combination With Letrozole in Patients With HR Positive and HER2 Negative Advanced Breast Cancer,PHASE3,Phase 3,RECRUITING,350,"Genor Biopharma Co., Ltd.",Genor Biopharma,21,1,0,placebo_comparator,2,placebo combined with letrozole,gb491 combined with letrozole,HER2,,HER2,0,1,1,1,0,0,0,0,0,1,"HR+, HER2+",metastatic · ECOG 0-1
NCT05852691,"A Study of Tobemstomig + Nab-Paclitaxel Compared With Pembrolizumab + Nab-Paclitaxel in Participants With Previously Untreated, PD-L1-Positive, Locally-Advanced Unresectable or Metastatic Triple-Negative Breast Cancer",PHASE2,Phase 2,ACTIVE_NOT_RECRUITING,83,Hoffmann-La Roche,Roche/Genentech,922,1,1,active_comparator,2,nab-paclitaxel;pembrolizumab,nab-paclitaxel;tobemstomig,PD-1,Monoclonal Antibody,ER;HER2;PD-L1,1,1,0,1,1,0,0,0,0,1,"HER2+, PD-L1+",metastatic · ductal · measurable (RECIST)
NCT05860465,Safety and Efficacy of SPH4336 in Combination With Endocrine Therapy in the Treatment of Locally Advanced or Metastatic Breast Cancer,PHASE2;PHASE3,Phase 3,RECRUITING,254,"Shanghai Pharmaceuticals Holding Co., Ltd",Shanghai Pharmaceuticals,18,1,0,placebo_comparator,2,sph4336 tablets placebo,sph4336 tablets,CDK4/6,Small Molecule,HER2;HR,0,1,0,0,0,0,0,0,0,0,,metastatic
NCT05866432,Phase II Study of Dato-DXd in Triple-negative Breast Cancer Patients With Newly Diagnosed or Progressing Brain Metastases,PHASE2,Phase 2,RECRUITING,20,Medical University of Vienna,Medical University of Vienna,2,0,1,single_arm,1,datopotamab deruxtecan,datopotamab deruxtecan,TROP2,ADC,PD-L1;ctDNA;high-risk pathological features,1,1,0,0,1,0,0,0,0,1,PD-L1+,metastatic · squamous · measurable (RECIST) · ECOG 2
NCT05867251,Study of AVZO-021 in Patients With Advanced Solid Tumors,PHASE1;PHASE2,Phase 2,RECRUITING,430,"Avenzo Therapeutics, Inc.",Avenzo Therapeutics,4,1,0,multi_experimental,4,avzo-021,abemaciclib;avzo-021;carboplatin;fulvestrant;letrozole;palbociclib;ribociclib;sacituzumab govitecan-hziy,CDK2,Small Molecule,CCNE1;HER2;ctDNA,0,1,1,1,0,0,0,0,1,1,"HR+, HER2+",metastatic · 2nd-line+ · measurable (RECIST) · ECOG 0-1
NCT05868226,PRE-ISPY Phase I/II Oncology Platform Program,PHASE1;PHASE2,Phase 2,RECRUITING,280,QuantumLeap Healthcare Collaborative,QuantumLeap Healthcare Collaborative,2,0,1,multi_experimental,3,,alx148;fam-trastuzumab deruxtecan-nxki;ttx-mc138;tucatinib;zanidatamab,,,,0,1,0,0,0,0,0,0,1,0,,2nd-line+
NCT05870579,"[177Lu]Lu-NeoB in Combination With Ribociclib and Fulvestrant in Participants With ER+, HER2- and GRPR+ Advanced Breast Cancer",PHASE1,Phase 1,ACTIVE_NOT_RECRUITING,28,Novartis Pharmaceuticals,Novartis,836,1,1,single_arm,1,[177lu]lu-neob;[68ga]ga-neob;fulvestrant;goserelin;ribociclib,[177lu]lu-neob;[68ga]ga-neob;fulvestrant;goserelin;ribociclib,CDK4/6,Small Molecule,ER;GRPR;HER2,0,1,1,1,0,0,0,0,1,1,"HR+, HER2−",metastatic · 2nd-line+ · measurable (RECIST)
NCT05872295,IKS014 in Advanced Solid Tumors That Express HER2,PHASE1,Phase 1,RECRUITING,165,Iksuda Therapeutics Ltd.,Iksuda Therapeutics,3,1,0,multi_experimental,6,iks014,iks014,HER2,ADC,HER2,1,1,1,1,0,0,0,0,1,1,"HR+, HER2+",metastatic · 2nd-line+ · adenoca.
NCT05872347,Efficacy and Safety of SPH4336 in Combination With Endocrine Therapy in Breast Cancer Patients With Brain Metastases.,PHASE2,Phase 2,RECRUITING,52,"Shanghai Pharmaceuticals Holding Co., Ltd",Shanghai Pharmaceuticals,18,1,0,single_arm,1,sph4336 tablets,sph4336 tablets,CDK4/6,Small Molecule,HER2;HR,0,1,0,0,0,0,0,0,0,0,,metastatic
NCT05877599,A Study of NT-175 in Adult Participants With Advanced Malignancies That Are Positive for HLA-A*02:01 and the TP53 R175H Mutation,PHASE1,Phase 1,RECRUITING,45,AstraZeneca,AstraZeneca,780,1,1,single_arm,1,nt-175,nt-175,,Recombinant Protein,,0,1,0,0,0,0,0,0,0,0,,metastatic · adenoca.
NCT05891171,Study of AB598 Monotherapy and Combination Therapy in Participants With Advanced Cancers,PHASE1,Phase 1,ACTIVE_NOT_RECRUITING,40,"Arcus Biosciences, Inc.",Arcus Biosciences,21,1,0,multi_experimental,8,ab598,ab598;fluorouracil;leucovorin;oxaliplatin;zimberelimab,CD39,Monoclonal Antibody,HER2,1,1,0,1,0,0,0,0,0,1,HER2−,metastatic · adenoca. · measurable (RECIST)
NCT05892068,A Study of Tucatinib Given Before Surgery to People With HER2+ Cancers That Have Spread to the Brain,PHASE2,Phase 2,ACTIVE_NOT_RECRUITING,9,Memorial Sloan Kettering Cancer Center,Memorial Sloan Kettering Cancer Center,411,0,1,multi_experimental,3,tucatinib,tucatinib,HER2,Small Molecule,HER2,0,1,0,1,0,0,0,0,0,1,HER2+,metastatic
NCT05894239,A Study to Evaluate the Efficacy and Safety of Inavolisib in Combination With Phesgo Versus Placebo in Combination With Phesgo in Participants With PIK3CA-Mutated HER2-Positive Locally Advanced or Metastatic Breast Cancer,PHASE3,Phase 3,RECRUITING,230,Hoffmann-La Roche,Roche/Genentech,922,1,1,active_comparator,3,optional endocrine therapy of investigator's choice;phesgo,inavolisib;optional endocrine therapy of investigator's choice;phesgo,PI3K,Small Molecule,8P;HER2;biomarker,0,1,0,1,0,0,1,0,0,1,"HER2+, PIK3CAm",metastatic · adenoca.
NCT05901935,DP303c in Patients With HER2-positive Advanced Breast Cancer,PHASE3,Phase 3,NOT_YET_RECRUITING,420,"CSPC ZhongQi Pharmaceutical Technology Co., Ltd.",CSPC ZhongQi Pharmaceutical Technology,92,1,0,active_comparator,2,capecitabine tablets;trastuzumab;vinorelbine tartrate,dp303c,HER2,ADC,HER2,1,1,0,1,0,0,0,0,0,1,HER2+,metastatic
NCT05902988,A Phase I/II Study of VLS-1488 in Subjects With Advanced Cancer,PHASE1;PHASE2,Phase 2,RECRUITING,200,"Volastra Therapeutics, Inc.",Volastra Therapeutics,3,1,0,multi_experimental,4,vls-1488,vls-1488,KIF18A,Small Molecule,MSI;MSI-H;dMMR,0,1,0,0,0,0,0,0,1,0,,metastatic · 2nd-line+ · adenoca. · measurable (RECIST)
NCT05909397,Vepdegestrant (ARV-471/PF-07850327) + Palbociclib vs Letrozole + Palbociclib in ER(+)/HER2(-) Advanced Breast Cancer,PHASE3,Phase 3,ACTIVE_NOT_RECRUITING,59,Pfizer,Pfizer,687,1,1,active_comparator,2,letrozole;palbociclib,palbociclib;vepdegestrant (arv-471/pf-07850327),ESR1,Small Molecule,ER;HER2,0,1,1,1,0,0,0,0,1,1,"HR+, HER2+",metastatic · 2nd-line+ · measurable (RECIST)
NCT05919108,Neoadjuvant Neratinib in Stage I-III HER2-Mutated Lobular Breast Cancers,PHASE2,Phase 2,RECRUITING,30,Vanderbilt-Ingram Cancer Center,Vanderbilt-Ingram Cancer Center,25,0,0,active_comparator,2,biopsy of breast;biospecimen collection;breast surgery;endocrine therapy;magnetic resonance imaging;mammogram;neratinib,biopsy of breast;biospecimen collection;breast surgery;endocrine therapy;magnetic resonance imaging;mammogram;neratinib;ultrasound,HER2,Small Molecule,ER;HER2;MET,0,1,1,1,0,0,0,0,0,1,"HR+, HER2+",metastatic
NCT05933265,Study of LP-184 in Patients With Advanced Solid Tumors,PHASE1;PHASE2,Phase 2,ACTIVE_NOT_RECRUITING,64,Lantern Pharma Inc.,Lantern Pharma,3,1,0,multi_experimental,4,lp-184,lp-184;nivolumab & ipilimumab;olaparib,PTGR1,Small Molecule,ATM;ATR;BRCA1;BRCA2;ERCC3;ERCC4;PR;genomic,0,1,0,0,0,0,0,0,1,0,,metastatic · 2nd-line+ · measurable (RECIST)
NCT05950945,Trastuzumab Deruxtecan (T-DXd) in Patients Who Have Hormone Receptor-negative and Hormone Receptor-positive HER2-low or HER2 IHC 0 Metastatic Breast Cancer,PHASE3,Phase 3,RECRUITING,250,Daiichi Sankyo,Daiichi Sankyo,178,1,1,multi_experimental,4,trastuzumab deruxtecan,trastuzumab deruxtecan,HER2,ADC,HER2,1,1,1,1,0,0,0,1,1,1,"HR+, HER2+",metastatic · 1st-line
NCT05952557,An Adjuvant Endocrine-based Therapy Study of Camizestrant (AZD9833) in ER+/HER2- Early Breast Cancer (CAMBRIA-2),PHASE3,Phase 3,ACTIVE_NOT_RECRUITING,5511,AstraZeneca,AstraZeneca,780,1,1,active_comparator,2,abemaciclib;anastrozole;exemestane;letrozole;tamoxifen,abemaciclib;camizestrant,CDK4/6,Small Molecule,ER;HER2,0,1,1,1,0,0,0,0,0,1,"HR+, HER2+",metastatic
NCT05955170,Tucatinib in Combination With Oral Etoposide andTrastuzumab in Patients With Metastatic HER2+ Breast Cancer,PHASE2,Phase 2,RECRUITING,66,Institut Curie,Institut Curie,18,0,0,single_arm,1,tucatinib in combination of oral vp16 and trastuzumab,tucatinib in combination of oral vp16 and trastuzumab,HER2,Small Molecule,HER2,0,1,0,1,0,0,0,0,0,1,HER2+,metastatic · measurable (RECIST)
NCT05982678,Basket Study for Oligo-metastatic Breast Cancer,PHASE2,Phase 2,RECRUITING,72,The Netherlands Cancer Institute,The Netherlands Cancer Institute,72,0,1,single_arm,1,trastuzumab deruxtecan,trastuzumab deruxtecan,HER2,ADC,ER;HER2,1,1,0,1,0,0,0,0,0,1,HER2+,metastatic · measurable (RECIST)
NCT05983432,Evaluate BL-B01D1 in Patients With Metastatic or Unresectable Non-Small Cell Lung Cancer (NSCLC) and Other Solid Tumors,PHASE1,Phase 1,RECRUITING,470,SystImmune Inc.,SystImmune,7,1,0,multi_experimental,2,bl-b01d1,bl-b01d1,EGFR/HER3,ADC,ALK;EGFR;HER2;MET;PD-L1;ROS1;genomic,1,1,1,1,1,1,0,0,1,1,"HR+, HER2+, PD-L1+, BRCA/HRD+",metastatic · 2nd-line+ · adenoca. · measurable (RECIST) · ECOG 0-1
NCT05985655,Study to Assess GTAEXS617 in Participants With Advanced Solid Tumors,PHASE1;PHASE2,Phase 2,RECRUITING,230,"Exscientia AI Ltd., a wholly owned subsidiary of Recursion Pharmaceuticals, Inc.","Exscientia AI Ltd., a wholly owned subsidiary of Recursion Pharmaceuticals",3,1,0,multi_experimental,4,gtaexs617,gtaexs617;soc,CDK7,Small Molecule,HER2,0,1,1,1,0,0,0,0,1,1,"HR+, HER2−",metastatic · 2nd-line+ · adenoca.
NCT05986071,I/II Phase Study Evaluating M1774 in Combination With Fulvestrant in HR+ and HER2- Advanced Breast Cancers,PHASE1;PHASE2,Phase 2,NOT_YET_RECRUITING,57,Institut Paoli-Calmettes,Institut Paoli-Calmettes,12,0,1,single_arm,1,fulvestrant injection;m1774,fulvestrant injection;m1774,ATR,Small Molecule,ER;HER2;MSI-H;PD-L1;genomic,0,1,1,1,0,1,0,0,0,1,"HR+, HER2+, BRCA/HRD+",metastatic · ductal · measurable (RECIST)
NCT06001762,TRADE: Dose Escalation Tolerability of Abemaciclib in HR+ HER2- Early Stage Breast Cancer,PHASE2,Phase 2,ACTIVE_NOT_RECRUITING,90,Dana-Farber Cancer Institute,Dana-Farber Cancer Institute,326,0,1,single_arm,1,abemaciclib;anastrozole;exemestane;letrozole;lhrh agonist;tamoxifen,abemaciclib;anastrozole;exemestane;letrozole;lhrh agonist;tamoxifen,ER,Small Molecule,ER;HER2,0,1,1,1,0,0,0,0,0,1,"HR+, HER2+",adjuvant · ductal
NCT06010862,Clinical Study of CEA-targeted CAR-T Therapy for CEA-positive Advanced/Metastatic Malignant Solid Tumors,PHASE1,Phase 1,RECRUITING,36,"Chongqing Precision Biotech Co., Ltd",Chongqing Precision Biotech,41,1,0,multi_experimental,2,cea car-t cells,cea car-t cells,CEA,CAR-T,CEA,1,1,0,0,0,0,0,0,1,0,,metastatic · 2nd-line+ · measurable (RECIST) · ECOG 0
NCT06016387,"Tucatinib, Trastuzumab and Capecitabine With Brain and/or Spinal Radiotherapy (XRT) in Patients With HER2+, HER2 Mutated and/or HER2-amplified Metastatic Breast Cancer and Leptomeningeal Disease: A Multi-centre Phase II, Single Arm Feasibility Study",PHASE2,Phase 2,RECRUITING,30,Sunnybrook Health Sciences Centre,Sunnybrook Health Sciences Centre,26,0,1,single_arm,1,brain & spinal radiation;capecitabine;trastuzumab;tucatinib,brain & spinal radiation;capecitabine;trastuzumab;tucatinib,HER2,Small Molecule,HER2,0,1,0,1,0,0,0,0,0,1,HER2+,metastatic · measurable (RECIST) · ECOG 2
NCT06016738,OP-1250 (Palazestrant) vs. Standard of Care for the Treatment of ER+/HER2- Advanced Breast Cancer,PHASE3,Phase 3,ACTIVE_NOT_RECRUITING,510,"Olema Pharmaceuticals, Inc.",Olema Pharmaceuticals,6,1,0,active_comparator,2,anastrozole;exemestane;fulvestrant;letrozole,palazestrant,ESR1,Small Molecule,ER;HER2,0,1,1,1,0,0,0,0,0,1,"HR+, HER2+",metastatic · measurable (RECIST)
NCT06018337,"A Study of DB-1303/BNT323 vs Investigator's Choice Chemotherapy in HER2-Low, Hormone Receptor Positive Metastatic Breast Cancer (DYNASTY-Breast02)",PHASE3,Phase 3,ACTIVE_NOT_RECRUITING,541,DualityBio Inc.,DualityBio,11,1,0,active_comparator,2,capecitabine;nab-paclitaxel;paclitaxel,db-1303/bnt323,HER2,ADC,ER;HER2;HR,1,1,1,1,0,0,0,1,0,1,"HR+, HER2+",metastatic · 1st-line · measurable (RECIST)
NCT06022029,A Dose Escalation and Dose Expansion Study of Intratumoral ONM-501 Alone and in Combination With Cemiplimab in Patients With Advanced Solid Tumors and Lymphomas.,PHASE1,Phase 1,RECRUITING,168,"OncoNano Medicine, Inc.",OncoNano Medicine,4,1,0,multi_experimental,3,onm-501,cemiplimab;onm-501,PD-1,Small Molecule,,0,1,0,0,0,0,0,0,1,0,,metastatic · 2nd-line+ · squamous
NCT06027268,"Phase II Trial of Trilaciclib, Pembrolizumab, Gemcitabine and Carboplatin in Metastatic Triple-Negative Breast Cancer",PHASE2,Phase 2,ACTIVE_NOT_RECRUITING,36,Wake Forest University Health Sciences,Wake Forest University Health Sciences,31,0,1,single_arm,1,carboplatin;gemcitabine;pembrolizumab;trilaciclib,carboplatin;gemcitabine;pembrolizumab;trilaciclib,CDK4/6,Small Molecule,HER2;PD-L1,0,1,0,1,1,0,0,0,0,1,"HER2−, PD-L1+",metastatic · squamous · measurable (RECIST)
NCT06036121,A Study of ADRX-0706 in Select Advanced Solid Tumors,PHASE1,Phase 1,ACTIVE_NOT_RECRUITING,144,Adcentrx Therapeutics,Adcentrx Therapeutics,2,1,0,multi_experimental,2,adrx-0706,adrx-0706,Nectin-4,ADC,Nectin-4 expression (H-score ≥100),1,1,0,0,0,0,0,0,0,0,,metastatic · squamous · measurable (RECIST)
NCT06042894,A Study of SI-B003 or BL-B01D1+SI-B003 in Patients With Unresectable Locally Advanced or Recurrent Metastatic HER2 Negative Breast Cancer,PHASE2,Phase 2,RECRUITING,58,"Sichuan Baili Pharmaceutical Co., Ltd.",Sichuan Baili Pharmaceutical,127,1,0,single_arm,1,bl-b01d1;si-b003,bl-b01d1;si-b003,HER2,ADC,HER2;MET,1,1,0,1,0,0,0,0,0,1,HER2−,metastatic · squamous · measurable (RECIST) · ECOG 0
NCT06043466,A Clinical Trial Targeting CEA Chimeric Antigen Receptor T (CAR-T) for CEA Positive Advanced Malignant Solid Tumors,PHASE1,Phase 1,RECRUITING,30,"Chongqing Precision Biotech Co., Ltd",Chongqing Precision Biotech,41,1,0,single_arm,1,cea-targeted car-t cells,cea-targeted car-t cells,CEA,CAR-T,ALK;BRAF;CEA;MET;NTRK;PD-L1;RET;ROS1,1,1,1,0,1,0,0,1,1,1,"HR+, PD-L1+",metastatic · 1st-line · squamous · measurable (RECIST) · ECOG 0
NCT06044623,Implementing Geriatric Assessment for Dose Optimization of Cyclin-dependent Kinase (CDK) 4/6-inhibitors in Older Breast Cancer Patients,PHASE3,Phase 3,RECRUITING,495,Region Örebro County,Region Örebro County,2,0,0,active_comparator,3,cdk 4/6 inhibitors;endocrine therapy,cdk 4/6 inhibitors;endocrine therapy,CDK4/6,Small Molecule,HER2,0,1,0,1,0,0,0,0,0,1,HER2−,metastatic · measurable (RECIST)
NCT06048718,T-DXd Therapy for HER2-low Breast Cancer Patients With Brain Metastases,PHASE2,Phase 2,ACTIVE_NOT_RECRUITING,28,MedSIR,MedSIR,27,0,1,single_arm,1,trastuzumab-deruxtecan (t-dxd),trastuzumab-deruxtecan (t-dxd),HER2,ADC,HER2,1,1,0,1,0,0,0,0,1,1,HER2−,metastatic · 2nd-line+ · measurable (RECIST)
NCT06057610,A Phase III Study of SHR-A1811 Injection With or Without Pertuzumab in HER2-Positive Recurrent or Metastatic Breast Cancer,PHASE3,Phase 3,ACTIVE_NOT_RECRUITING,868,"Jiangsu HengRui Medicine Co., Ltd.",Hengrui,312,1,0,active_comparator,3,trastuzumab injection；pertuzumab injection ； docetaxel injection,shr-a1811 injection;shr-a1811 injection ； pertuzumab injection,HER2,ADC,HER2,1,1,0,1,0,0,0,0,0,1,HER2+,metastatic · measurable (RECIST) · ECOG 0
NCT06062810,Bioequivalence ANDA SNP Clinical Study - Raloxifene and Single Nucleotide Polymorphisms,PHASE2;PHASE3,Phase 3,ACTIVE_NOT_RECRUITING,600,"Han Xu, M.D., Ph.D., FAPCR, Sponsor-Investigator, IRB Chair","Han Xu, M.D., Ph.D., FAPCR, Sponsor-Investigator, IRB Chair",5,1,0,multi_experimental,2,,raloxifene - study;raloxifene - usual,ESR1,Small Molecule,ER;ESR1,0,1,0,0,0,0,0,0,0,0,,measurable (RECIST)
NCT06064812,A Phase I/II Study of FWD1802 in Patients With ER+/HER2- Advanced BC.,PHASE1;PHASE2,Phase 2,RECRUITING,99,"Forward Pharmaceuticals Co., Ltd.",Forward Pharmaceuticals,3,1,0,multi_experimental,3,fwd1802,fwd1802,ESR1,Small Molecule,ER;ESR1;HER2;biomarker,0,1,1,1,0,0,0,0,0,1,"HR+, HER2+",metastatic · squamous · measurable (RECIST)
NCT06065748,"A Study to Evaluate Efficacy and Safety of Giredestrant Compared With Fulvestrant (Plus a CDK4/6 Inhibitor), in Participants With ER-Positive, HER2-Negative Advanced Breast Cancer Resistant to Adjuvant Endocrine Therapy (pionERA Breast Cancer)",PHASE3,Phase 3,ACTIVE_NOT_RECRUITING,1050,Hoffmann-La Roche,Roche/Genentech,922,1,1,active_comparator,2,abemaciclib;diagnostic test: foundationone liquid cdx assay (f1lcdx);fulvestrant;lhrh agonist;palbociclib;ribociclib,abemaciclib;diagnostic test: foundationone liquid cdx assay (f1lcdx);giredestrant;lhrh agonist;palbociclib;ribociclib,CDK4/6,Small Molecule,ER;HER2,0,1,1,1,0,0,0,0,1,1,"HR+, HER2+",metastatic · 2nd-line+ · adenoca. · measurable (RECIST) · ECOG 0-1
NCT06068985,Classifying for HER2 Dependence to De-Escalate Neoadjuvant Chemotherapy in Patients With HER2+ Early Breast Cancer Undergoing HER2 Double-Blockade,PHASE2,Phase 2,ACTIVE_NOT_RECRUITING,63,Latin American Cooperative Oncology Group,Latin American Cooperative Oncology,12,0,1,single_arm,1,phesgo,phesgo,HER2,Monoclonal Antibody,ER;HER2;PR;biomarker,1,1,1,1,0,0,0,0,1,1,"HR+, HER2+",metastatic · 2nd-line+ · ductal · ECOG 1
NCT06072612,Study of the Bria-IMT Regimen and CPI vs Physicians' Choice in Advanced Metastatic Breast Cancer.,PHASE3,Phase 3,RECRUITING,404,BriaCell Therapeutics Corporation,BriaCell Therapeutics,4,1,0,active_comparator,3,treatment of physician's choice,cyclophosphamide;interferon infiltration of the inoculation site;retifanlimab;sv-br-1-gm,,Cell Therapy,ER;HER2;PR;genomic,1,1,1,1,0,0,0,0,1,1,"HR+, HER2+",metastatic · 2nd-line+ · squamous
NCT06075810,A Study of Oral MBQ-167 in Participants With Advanced Breast Cancer,PHASE1,Phase 1,RECRUITING,48,MBQ Pharma,MBQ Pharma,1,1,0,single_arm,1,mbq-167,mbq-167,HER2,Small Molecule,HER2;MET,0,1,0,0,0,0,0,0,0,0,,metastatic
NCT06078384,Pembrolizumab and Chemotherapy Treatment or no Treatment Guided by the Level of TILs in Resected Early-stage TNBC,PHASE2,Phase 2,RECRUITING,354,UNICANCER,UNICANCER,64,0,1,multi_experimental,2,paclitaxel injection;pembrolizumab,paclitaxel injection;pembrolizumab,PD-1,Monoclonal Antibody,ER;HER2;PD-L1,1,1,1,1,1,0,0,0,0,1,"HR+, HER2−, PD-L1+",advanced · squamous
NCT06079983,"JSKN003 Versus Treatment Of Physician'S Choice For HER2-low, Unresectable and/or Metastatic Breast Cancer Subjects",PHASE3,Phase 3,RECRUITING,400,"Jiangsu Alphamab Biopharmaceuticals Co., Ltd",Jiangsu Alphamab Biopharmaceuticals,35,1,0,active_comparator,2,capecitabine tablets;docetaxel injection;eribulin mesylate injection;gemcitabine hydrochloride for injection;paclitaxel for injection (albumin-bound type);vinorelbine tartrate injection,jskn003,HER2,Monoclonal Antibody,HER2,1,1,0,1,0,0,0,0,0,1,HER2+,metastatic · measurable (RECIST) · ECOG 0
NCT06081244,"NeoAdj. Therapy Comparing Sacituzumab Govitecan (SG) vs. SG+Pembrolizumab in Low-risk, Triple-neg. EBC (ADAPT-TN-III)",PHASE3,Phase 3,RECRUITING,348,Women's Cancer Study Group GmbH,Women's Cancer Study,15,0,1,multi_experimental,2,sacituzumab govitecan,pembrolizumab;sacituzumab govitecan,PD-1,Monoclonal Antibody,ER;HER2;PD-L1;PR,1,1,1,1,0,0,0,0,0,1,"HR+, HER2+",metastatic · ECOG 1
NCT06081959,"Study of SKB264 for Locally Advanced, Recurrent or Metastatic HR+/HER2- Breast Cancer",PHASE3,Phase 3,RECRUITING,376,"Sichuan Kelun-Biotech Biopharmaceutical Co., Ltd.",Kelun,50,1,0,active_comparator,2,capecitabine;eribulin;gemcitabine;vinorelbine,skb264,TROP2,ADC,HER2;TROP2,1,1,1,1,0,0,0,0,0,1,"HR+, HER2+",metastatic · squamous · measurable (RECIST)
NCT06084481,Study to Assess Adverse Events and Change in Disease Activity in Adult Participants With Select Advanced Solid Tumor Indications Receiving Intravenous (IV) ABBV-400,PHASE1,Phase 1,RECRUITING,325,AbbVie,AbbVie,274,1,1,multi_experimental,10,abbv-400,abbv-400;bevacizumab;itraconazole (itz),HER2,,HER2,0,1,1,1,0,0,0,0,0,1,"HR+, HER2+",metastatic · adenoca. · measurable (RECIST)
NCT06099769,"A Study of Enzalutamide, Enzalutamide in Combination With Mifepristone, or Chemotherapy in People With Metastatic Breast Cancer",PHASE2,Phase 2,RECRUITING,201,Memorial Sloan Kettering Cancer Center,Memorial Sloan Kettering Cancer Center,411,0,1,active_comparator,3,tpc,enzalutamide;mifepristone,AR,Small Molecule,AR;ER;HER2;PD-L1,0,1,1,1,1,0,0,0,1,1,"HR−, HER2−, PD-L1+",metastatic · 2nd-line+ · measurable (RECIST)
NCT06100874,A Single-arm Phase II Trial of SAcituzumab Govitecan and Trastuzumab for HER2+ Metastatic Breast Cancer After Trastuzumab dEruxtEcaN (SATEEN),PHASE2,Phase 2,ACTIVE_NOT_RECRUITING,28,Adrienne G. Waks,Adrienne G. Waks,4,0,1,single_arm,1,sacituzumab govitecan;trastuzumab;trastuzumab and hyaluronidase-oysk,sacituzumab govitecan;trastuzumab;trastuzumab and hyaluronidase-oysk,HER2,Monoclonal Antibody,ER;HER2;PR,1,1,1,1,0,0,0,0,1,1,"HR+, HER2+",metastatic · 2nd-line+ · measurable (RECIST)
NCT06103864,A Phase III Study of Dato-DXd With or Without Durvalumab Compared With Investigator's Choice of Chemotherapy in Combination With Pembrolizumab in Patients With PD-L1 Positive Locally Recurrent Inoperable or Metastatic Triple-negative Breast Cancer (TROPION-Breast05),PHASE3,Phase 3,RECRUITING,625,AstraZeneca,AstraZeneca,780,1,1,active_comparator,3,carboplatin;gemcitabine;nab-paclitaxel;paclitaxel;pembrolizumab,dato-dxd;durvalumab,TROP1,ADC,PD-L1;TROP1;TROP2,1,1,0,0,1,0,0,0,1,1,PD-L1+,metastatic · 2nd-line+ · measurable (RECIST) · ECOG 0
NCT06105632,"A Study to Learn About the Study Medicine Called PF-07220060 in Combination With Fulvestrant in People With HR-positive, HER2-negative Advanced or Metastatic Breast Cancer Who Progressed After a Prior Line of Treatment",PHASE2,Phase 2,ACTIVE_NOT_RECRUITING,333,Pfizer,Pfizer,687,1,1,active_comparator,2,everolimus;exemestane;fulvestrant,fulvestrant;pf-07220060 cdk4 inhibitor,CDK4/6,Small Molecule,ER;HER2;PR,0,1,1,1,0,0,0,0,0,1,"HR+, HER2−",metastatic · measurable (RECIST)
NCT06107686,A Study of YL202 in Selected Patients With Advanced Solid Tumors,PHASE2,Phase 2,RECRUITING,200,"MediLink Therapeutics (Suzhou) Co., Ltd.",MediLink Therapeutics (Suzhou),23,1,0,multi_experimental,4,yl202 should be intravenously infused,yl202 should be intravenously infused,HER3,ADC,HER2,1,1,0,1,0,0,0,0,0,1,HER2+,metastatic · measurable (RECIST)
NCT06110793,"A Study of Lenvatinib, Pembrolizumab, and Fulvestrant in People With Breast Cancer",PHASE1;PHASE2,Phase 2,RECRUITING,56,Memorial Sloan Kettering Cancer Center,Memorial Sloan Kettering Cancer Center,411,0,1,single_arm,1,fulvestrant;lenvatinib;pembrolizuma,fulvestrant;lenvatinib;pembrolizuma,VEGF/VEGFR,Small Molecule,ER;HER2;MET;PD-L1;biomarker;biomarker analysis,0,1,1,1,1,0,0,0,1,1,"HR+, HER2+, PD-L1+",metastatic · 2nd-line+ · squamous · measurable (RECIST)
NCT06112379,A Phase III Randomised Study to Evaluate Dato-DXd and Durvalumab for Neoadjuvant/Adjuvant Treatment of Triple-Negative or Hormone Receptor-low/HER2-negative Breast Cancer,PHASE3,Phase 3,ACTIVE_NOT_RECRUITING,1902,AstraZeneca,AstraZeneca,780,1,1,active_comparator,2,capecitabine;carboplatin;cyclophosphamide;doxorubicin;epirubicin;olaparib;paclitaxel;pembrolizumab,capecitabine;carboplatin;cyclophosphamide;dato-dxd;doxorubicin;durvalumab;epirubicin;olaparib;paclitaxel,TROP1,ADC,HER2;TROP1,1,1,1,1,0,0,0,0,0,1,"HR−, HER2−",ECOG 0
NCT06120283,BGB-43395 Alone or as Part of Combination Therapies in Participants With Breast Cancer and Other Advanced Solid Tumors,PHASE1,Phase 1,RECRUITING,433,BeOne Medicines,BeiGene/BeOne,149,1,0,multi_experimental,5,bgb-43395,anti-diarrheal agent;bgb-43395;elacestrant;fulvestrant;letrozole,CDK4/6,Small Molecule,HER2,0,1,1,1,0,0,0,1,0,1,"HR+, HER2+",metastatic · 1st-line · squamous
NCT06125522,TACTIVE-U: A Study to Learn About the Study Medicine (Vepdegestrant) When Given With Other Medicines in People With Advanced or Metastatic Breast Cancer. (Sub-Study C),PHASE1;PHASE2,Phase 2,ACTIVE_NOT_RECRUITING,11,Pfizer,Pfizer,687,1,1,single_arm,1,samuraciclib;vepdegestrant,samuraciclib;vepdegestrant,CDK4/6,Small Molecule,ER;HER2,0,1,1,1,0,0,0,0,0,1,"HR+, HER2+",metastatic · squamous · measurable (RECIST) · ECOG 1
NCT06126406,Clinical Study of CEA Targeting Chimeric Antigen Receptor T Lymphocytes（CAR-T） for CEA Positive Advanced Malignant Solid Tumors,PHASE1,Phase 1,RECRUITING,60,"Chongqing Precision Biotech Co., Ltd",Chongqing Precision Biotech,41,1,0,multi_experimental,2,cea-targeted car-t cells,cea-targeted car-t cells,CEA,CAR-T,CEA,1,1,0,0,0,0,0,0,1,0,,metastatic · 2nd-line+ · measurable (RECIST) · ECOG 0
NCT06126640,"A Phase III, Active-Controlled Study of SHR-A1811 Versus Trastuzumab Emtansine (T-DM1) in HER2-Positive Primary Breast Cancer Participants With Residual Invasive Disease Following Neoadjuvant Therapy",PHASE3,Phase 3,ACTIVE_NOT_RECRUITING,1615,"Jiangsu HengRui Medicine Co., Ltd.",Hengrui,312,1,0,active_comparator,2,trastuzumab emtansine,shr-a1811,HER2,ADC,ER;HER2;PR,1,1,1,1,0,0,0,0,0,1,"HR+, HER2+",metastatic · ECOG 0
NCT06144944,Neoadjuvant Pyrotinib in HR-positive and HER2-low High-risk Early Breast Cancer,PHASE3,Phase 3,ACTIVE_NOT_RECRUITING,160,Sun Yat-Sen Memorial Hospital of Sun Yat-Sen University,Sun Yat-Sen Memorial Hospital of Sun Yat-Sen University,15,0,0,placebo_comparator,2,cyclophosphamide;epirubicin or doxorubicin;paclitaxel,cyclophosphamide;epirubicin or doxorubicin;paclitaxel;pyrotinib,HER2,Small Molecule,HER2,0,1,1,1,0,0,0,0,0,1,"HR−, HER2+",metastatic · squamous · measurable (RECIST)
NCT06150664,A Phase 1 of CTX-8371 in Patients With Advanced Malignancies,PHASE1,Phase 1,RECRUITING,85,Compass Therapeutics,Compass Therapeutics,6,1,0,multi_experimental,2,ctx-8371,ctx-8371,PD-1,Bispecific Antibody,BRAF;ER;HER2;MET;PD-L1;PR,1,1,1,1,1,0,0,0,1,1,"HR+, HER2+, PD-L1+",metastatic · 2nd-line+ · squamous · measurable (RECIST)
NCT06157892,A Study of Disitamab Vedotin With Other Anticancer Drugs in Solid Tumors,PHASE2,Phase 2,ACTIVE_NOT_RECRUITING,54,"Seagen, a wholly owned subsidiary of Pfizer",Pfizer,687,1,1,multi_experimental,7,disitamab vedotin;tucatinib,disitamab vedotin;tucatinib,HER2,Small Molecule,HER2;PD-L1,0,1,1,1,1,1,0,0,1,1,"HR+, HER2+, PD-L1+, BRCA/HRD+",metastatic · 2nd-line+ · adenoca. · measurable (RECIST)
NCT06162559,"Neoadjuvant Trastuzumab, Pertuzumab and Tucatinib Without Chemotherapy in HER2-positive Breast Cancer: the TRAIN-4 Study",PHASE1,Phase 1,RECRUITING,30,The Netherlands Cancer Institute,The Netherlands Cancer Institute,72,0,0,single_arm,1,pertuzumab;trastuzumab;tucatinib,pertuzumab;trastuzumab;tucatinib,HER2,Small Molecule,ER;HER2;PR,0,1,1,1,0,0,0,0,0,1,"HR+, HER2+",neoadjuvant
NCT06167694,Clinical Study of HRS-8080 in Combination With Dalpiciclib Isethionate Tablets in Patients With Unresectable or Metastatic Breast Cancer,PHASE1;PHASE2,Phase 2,RECRUITING,146,"Shandong Suncadia Medicine Co., Ltd.",Shandong Suncadia Medicine,22,1,0,single_arm,1,hrs-8080; dalpiciclib isethionate tablets,hrs-8080; dalpiciclib isethionate tablets,CDK4/6,Small Molecule,ER;HER2,0,1,0,0,0,0,0,1,0,0,,metastatic · 1st-line
NCT06172127,PHESGO Maintenance After T-DXd Short Induction for HER2+ Unresectable Locally Recurrent or Metastatic Breast Cancer,PHASE2,Phase 2,ACTIVE_NOT_RECRUITING,165,MedSIR,MedSIR,27,0,1,single_arm,1,000 unt in;000 unt per;phesgo;phesgo 1;trastuzumab deruxtecan,000 unt in;000 unt per;phesgo;phesgo 1;trastuzumab deruxtecan,HER2,ADC,ER;HER2,1,1,1,1,0,0,0,0,1,1,"HR+, HER2+",metastatic · 2nd-line+ · measurable (RECIST)
NCT06172478,A Study of HER3-DXd in Subjects With Locally Advanced or Metastatic Solid Tumors,PHASE2,Phase 2,RECRUITING,740,Daiichi Sankyo,Daiichi Sankyo,178,1,1,single_arm,1,her3-dxd,her3-dxd,HER3,ADC,ALK;BRAF;CLDN18.2;ER;HER2;HER3;KRAS;MET;MMR;MSI;NTRK;PD-L1;RET;ROS1;genomic,1,1,1,1,1,0,1,1,1,1,"HR+, HER2+, PD-L1+, PIK3CAm",metastatic · 1st-line · adenoca. · measurable (RECIST) · ECOG 0
NCT06175390,"Tiragolumab, Atezolizumab and Chemotherapy in Triple Negative Breast Cancer",PHASE2,Phase 2,ACTIVE_NOT_RECRUITING,81,Institut Curie,Institut Curie,18,0,1,multi_experimental,2,68ga-fapi-46 pet/ct;blood samples analysis: circulating tumor dna;tumor samples analysis,68ga-fapi-46 pet/ct;blood samples analysis: circulating tumor dna;tumor samples analysis,PD-L1,Monoclonal Antibody,ER;HER2;MET;PD-L1;PR,1,1,1,1,1,0,0,0,0,1,"HR−, HER2+, PD-L1−",metastatic · adenoca.
NCT06176261,DATO-BASE: DATOpotamab-deruxtecan for Breast Cancer Brain metAstaSEs,PHASE2,Phase 2,RECRUITING,58,"Nancy Lin, MD","Nancy Lin, MD",5,0,1,multi_experimental,3,datopotamab deruxtecan,datopotamab deruxtecan,TROP2,ADC,HER2;ctDNA;high-risk pathological features,1,1,0,1,0,0,0,1,0,1,HER2−,metastatic · 1st-line
NCT06178159,DV in Combination With Pertuzumab With or Without Toripalimab Neoadjuvant Therapy With HER2-positive Breast Cancer,PHASE2,Phase 2,RECRUITING,40,"RemeGen Co., Ltd.",RemeGen,51,1,0,multi_experimental,2,disitamab vedotin injection;pertuzumab injection,disitamab vedotin injection;pertuzumab injection;toripalimab,PD-1,Monoclonal Antibody,HER2;MET;PD-L1,1,1,0,1,0,0,0,0,0,1,HER2+,adjuvant · measurable (RECIST)
NCT06188520,"A First-in-human Dose Escalation and Expansion Study to Evaluate the Safety, and Tolerability of AZD8421 Alone or in Combination in Participants With Selected Advanced or Metastatic Solid Tumors",PHASE1;PHASE2,Phase 2,RECRUITING,564,AstraZeneca,AstraZeneca,780,1,1,multi_experimental,2,azd8421,abemaciclib;azd8421;camizestrant;palbociclib;ribociclib,CDK2,Small Molecule,CCNE1;ER;HER2;RB-DEFICIENT,0,1,0,0,0,0,0,0,1,0,,metastatic · 2nd-line+ · measurable (RECIST)
NCT06189209,Efficacy and Safety of Tenalisib in Patients With Metastatic Triple Negative Breast Cancer (TNBC),PHASE2,Phase 2,RECRUITING,40,Rhizen Pharmaceuticals SA,Rhizen Pharmaceuticals,13,1,0,single_arm,1,tenalisib,tenalisib,PI3K δ/γ,Small Molecule,,0,1,0,0,0,0,0,0,0,0,,metastatic · measurable (RECIST)
NCT06195709,ECLECTIC: EstroTEP and Circulating Biomarkers for ER-positive HER2-negative Metastatic Breast Cancer Patients,PHASE3,Phase 3,RECRUITING,300,Institut Curie,Institut Curie,18,0,0,active_comparator,3,endocrine therapy,,,,ER;HER2;biomarker,0,0,1,1,0,0,0,1,1,1,"HR+, HER2+",metastatic · 1st-line · measurable (RECIST)
NCT06198751,A Study of Neoadjuvant Treatment With TQB2102 for Injection for Human Epidermal Growth Factor Receptor 2 (HER2) Positive Breast Cancer,PHASE2,Phase 2,ACTIVE_NOT_RECRUITING,104,"Chia Tai Tianqing Pharmaceutical Group Co., Ltd.",Chia Tai Tianqing Pharmaceutical,213,1,0,multi_experimental,2,,6.;7.,HER2,ADC,HER2,1,1,0,1,0,0,0,0,0,1,HER2+,metastatic
NCT06201234,Evaluating the Addition of Elacestrant (Oral SERD) to Olaparib (PARP-inhibitor) in Patients With Advanced/Metastatic HR+/HER2- Breast Cancer,PHASE2,Phase 2,RECRUITING,176,GBG Forschungs GmbH,GBG Forschungs,25,0,0,active_comparator,2,olaparib,olaparib + elacestrant,PARP,Small Molecule,BRCA1;BRCA2;ER;HER2,0,1,1,1,0,0,0,0,0,1,"HR+, HER2+",metastatic
NCT06202261,A Study of TQB2930 for Injection Monotherapy or Combination Therapy in Patients With Recurrent/Metastatic Breast Cancer,PHASE1;PHASE2,Phase 2,RECRUITING,154,"Chia Tai Tianqing Pharmaceutical Group Co., Ltd.",Chia Tai Tianqing Pharmaceutical,213,1,0,multi_experimental,4,tqb2930 for injection,capecitabine tablets;eribulin mesylate injection;fulvestrant injection;gemcitabine hydrochloride for injection;paclitaxel for injection (albumin-bound);tqb2930 for injection;tqb3616 capsule;vinorelbine tartrate injection,HER2,Bispecific Antibody,HER2,1,1,1,1,0,0,0,0,0,1,"HR+, HER2+",metastatic · measurable (RECIST) · ECOG 0
NCT06206837,A Study to Learn About Vepdegestrant When Given With PF-07220060 to People With Advanced or Metastatic Breast Cancer.,PHASE1;PHASE2,Phase 2,ACTIVE_NOT_RECRUITING,71,Pfizer,Pfizer,687,1,1,single_arm,1,pf-07220060;vepdegestrant,pf-07220060;vepdegestrant,CDK4/6,Small Molecule,ER;HER2,0,1,1,1,0,0,0,0,0,1,"HR+, HER2+",metastatic · squamous · measurable (RECIST) · ECOG 0
NCT06222879,Study of HRS-8080 or SHR-A2009 Combined With Anti-tumor Therapy in Patients With Unresectable or Metastatic Breast Cancer,PHASE1;PHASE2,Phase 2,RECRUITING,350,"Shandong Suncadia Medicine Co., Ltd.",Shandong Suncadia Medicine,22,1,0,multi_experimental,3,,hrs-8080; shr-a1811;hrs-8080; shr-a2009;shr-a2009; shr-1316,HER2,Monoclonal Antibody,ER;HER2,1,1,1,1,0,0,0,0,0,1,"HR+, HER2+",metastatic · squamous · measurable (RECIST)
NCT06224673,ARX788 for Treating Patients With HER2-low Locally Advanced Unresectable or Metastatic Breast Cancer,PHASE2,Phase 2,RECRUITING,36,"Laura Huppert, MD, BA","Laura Huppert, MD, BA",3,0,0,multi_experimental,3,arx788;biospecimen collection;computed tomography (ct),amiloride;arx788;biospecimen collection;computed tomography (ct),HER2,ADC,ER;HER2;PR;biomarker;biomarker analysis,1,1,1,1,0,0,0,0,0,1,"HR+, HER2+",metastatic · squamous · measurable (RECIST) · ECOG 0
NCT06225284,Neoadjuvant Chemotherapy With or Without GnRH Agonist for Premenopausal Triple-negative Early Breast Cancer Patients,PHASE2,Phase 2,RECRUITING,124,National Taiwan University Hospital,National Taiwan University Hospital,22,0,0,multi_experimental,2,goserelin acetate 3.,goserelin acetate 3.,GnRH,Peptide,ER;HER2;PR,0,1,1,1,0,0,0,1,0,1,"HR−, HER2+",metastatic · 1st-line · squamous · ECOG 0-1
NCT06227117,"Neoadjuvant Study of DV in Combination Toripalimab or Sequence Chemotherapy in HR-negative, HER2 Low-expressing Breast Cancer",PHASE2,Phase 2,RECRUITING,120,"RemeGen Co., Ltd.",RemeGen,51,1,0,multi_experimental,3,,carboplatin;disitamab vedotin injection （12 weeks）;disitamab vedotin injection （18 weeks）;sequential ctx;sequential epirubicin;toripalimab （12weeks）;toripalimab （18weeks）,HER2,ADC,ER;HER2;HR;MET,1,1,1,1,0,0,0,0,0,1,"HR+, HER2+",adjuvant · measurable (RECIST) · ECOG 0
NCT06238479,"A Study of LY4101174 in Participants With Recurrent, Advanced or Metastatic Solid Tumors",PHASE1,Phase 1,ACTIVE_NOT_RECRUITING,490,Eli Lilly and Company,Eli Lilly,535,1,1,multi_experimental,3,ly4101174,ly4101174,NECTIN4,ADC,NECTIN-4,1,1,0,0,0,0,0,0,0,0,,metastatic · squamous · measurable (RECIST)
NCT06238921,Sacituzumab Govitecan and Zimberelimab w/SRS in the Management of Metastatic Triple Negative Breast Cancer With Brain Metastases,PHASE1;PHASE2,Phase 2,RECRUITING,31,H. Lee Moffitt Cancer Center and Research Institute,H. Lee Moffitt Cancer Center and Research Institute,228,0,1,single_arm,1,sacituzumab govitecan;stereotactic radiation;zimberelimab,sacituzumab govitecan;stereotactic radiation;zimberelimab,PD-1,Monoclonal Antibody,ER;MET;PD-L1;PR,1,1,1,0,0,0,0,0,0,1,HR+,metastatic · squamous · measurable (RECIST)
NCT06239194,Dose Escalation and Dose Expansion Study of MDX2001 in Patients With Advanced Solid Tumors,PHASE1;PHASE2,Phase 2,RECRUITING,285,"ModeX Therapeutics, An OPKO Health Company","ModeX Therapeutics, An OPKO Health",3,1,0,multi_experimental,4,mdx2001,mdx2001,CD3,Bispecific Antibody,MET;TROP2,1,1,0,0,0,0,0,0,0,0,,metastatic · measurable (RECIST)
NCT06239467,First-in-Human Study of OKI-219 in Advanced Solid Tumors and Advanced Breast Cancer,PHASE1,Phase 1,ACTIVE_NOT_RECRUITING,200,"OnKure, Inc.",OnKure,3,1,0,multi_experimental,9,oki-219,atirmociclib;fulvestrant;oki-219;ribociclib;trastuzumab;tucatinib,PIK3CA,Small Molecule,HER2;KRAS;MET;PIK3CA,0,1,1,1,0,0,1,0,0,1,"HR+, HER2+, PIK3CAm",metastatic · measurable (RECIST)
NCT06242470,A Study of MGC026 in Participants With Advanced Solid Tumors,PHASE1,Phase 1,RECRUITING,250,MacroGenics,MacroGenics,29,1,0,multi_experimental,12,,mgc026 dose escalation;mgc026 dose for expansion,,,,0,1,0,0,0,0,0,0,0,0,,metastatic · squamous · measurable (RECIST)
NCT06247995,"A Phase I/II, Dose Finding and Optimization Study of [177Lu]Lu-NeoB in Combination With Capecitabine in Patients With GRPR+, ER+, HER2- Metastatic Breast Cancer After Progression on Previous Endocrine Therapy in Combination With a CDK4/6 Inhibitor.",PHASE1;PHASE2,Phase 2,ACTIVE_NOT_RECRUITING,20,Novartis Pharmaceuticals,Novartis,836,1,1,multi_experimental,4,[177lu]lu-neob;[68ga]ga-neob;capecitabine,[177lu]lu-neob;[68ga]ga-neob;capecitabine,GRPR,Radiopharmaceutical,ER;Gastrin Releasing Peptide Receptor;HER2;Human Epidermal Growth Factor Receptor-2,0,1,1,1,0,0,0,0,0,1,"HR+, HER2+",metastatic · squamous · measurable (RECIST)
NCT06253871,A Phase 1/1b Study of IAM1363 in HER2 Cancers,PHASE1,Phase 1,RECRUITING,383,"Iambic Therapeutics, Inc",Iambic Therapeutics,1,1,0,single_arm,1,iam1363,iam1363,HER2,Small Molecule,HER2,0,1,0,1,0,0,0,0,1,1,HER2+,metastatic · 2nd-line+ · measurable (RECIST)
NCT06254066,Adebrelimab Combined With Fluzoparib in HRD-positive HR +/HER2- Advanced Breast Cancer,PHASE2,Phase 2,NOT_YET_RECRUITING,40,Zhejiang Cancer Hospital,Zhejiang Cancer Hospital,12,0,0,single_arm,1,adebrelimab plus fluzoparib,adebrelimab plus fluzoparib,PD-1,Monoclonal Antibody,ER;HER2;HRD;PD-L1;PR,1,1,1,1,1,1,0,0,0,1,"HR+, HER2+, PD-L1+, BRCA/HRD+",metastatic · ECOG 0
NCT06257264,A Study to Examine the Safety of Different Doses of BG-68501 Given to Participants With Advanced-Stage Tumors,PHASE1,Phase 1,ACTIVE_NOT_RECRUITING,103,BeiGene,BeiGene/BeOne,149,1,1,multi_experimental,5,bg-68501,bg-68501;bgb-43395;fulvestrant,CDK2,Small Molecule,HER2,0,1,1,1,0,0,0,0,1,1,"HR+, HER2+",metastatic · 2nd-line+ · adenoca. · measurable (RECIST)
NCT06263543,Sequencing Antibody Drug Conjugates in ER+/HER2 LOW/ULTRA LOW MBC,PHASE2,Phase 2,RECRUITING,75,"Reshma L. Mahtani, D.O.","Reshma L. Mahtani, D.O.",1,0,1,single_arm,1,sacituzumab govitecan,sacituzumab govitecan,TROP2,ADC,HER2;TROP2,1,1,1,1,0,0,1,0,1,1,"HR+, HER2+, PIK3CAm",metastatic · 2nd-line+ · measurable (RECIST)
NCT06265025,"GM103 Intratumoral Injection in Patients With Locally Advanced, Unresectable, Refractory and/or Metastatic Solid Tumors",PHASE1;PHASE2,Phase 2,RECRUITING,125,"GeneMedicine Co., Ltd.",GeneMedicine,1,1,0,multi_experimental,3,,gm103 (part a);gm103 (part b);gm103 and pembrolizumab (part c),PD-1,Oncolytic Virus,,1,1,0,0,0,0,0,0,1,0,,metastatic · 2nd-line+ · measurable (RECIST)
NCT06265428,A Study to Compare DB-1303/BNT323 Versus T-DM1 in Breast Cancer,PHASE3,Phase 3,ACTIVE_NOT_RECRUITING,228,DualityBio Inc.,DualityBio,11,1,0,multi_experimental,2,,db-1303/bnt323;t-dm1,HER2,ADC,HER2;HR,1,1,0,1,0,0,0,0,1,1,HER2+,metastatic · 2nd-line+ · measurable (RECIST)
NCT06279364,A Study of SKB264 Versus Investigator's Choice Chemotherapy in Patients With Unresectable Recurrent or Metastatic Triple-Negative Breast Cancer,PHASE3,Phase 3,RECRUITING,524,"Sichuan Kelun-Biotech Biopharmaceutical Co., Ltd.",Kelun,50,1,0,active_comparator,2,capecitabine;carboplatin;eribulin;nab-paclitaxel;paclitaxel,skb264,HER2,ADC,HER2;PD-L1;TROP2,1,1,0,0,1,0,0,0,1,1,PD-L1+,metastatic · 2nd-line+ · measurable (RECIST)
NCT06293898,Open Label Study to Evaluate BL-M07D1 in HER2 Expressing Malignant Solid Tumors,PHASE1,Phase 1,RECRUITING,280,SystImmune Inc.,SystImmune,7,1,0,multi_experimental,3,bl-m07d1,bl-m07d1,HER2,ADC,HER2;MET;PD-L1,1,1,0,1,1,0,0,0,1,1,"HER2+, PD-L1+",metastatic · 2nd-line+ · squamous · measurable (RECIST) · ECOG 0-1
NCT06298084,"Dose-Expansion Modular Study To Explore the Safety, Tolerability, and Anti-tumor Activity of HER3- DXd Monotherapy and Combinations in Patients With Inoperable Advanced Breast Cancer (ABC) After Progression on T-DXd",PHASE1;PHASE2,Phase 2,RECRUITING,152,"Gustave Roussy, Cancer Campus, Grand Paris","Gustave Roussy, Cancer Campus, Grand Paris",31,0,1,multi_experimental,3,patritumab deruxtecan,olaparib;patritumab deruxtecan,PARP,Small Molecule,BRCA1;BRCA2;HER2,0,1,1,1,0,0,0,0,0,1,"HR+, HER2+",metastatic · measurable (RECIST) · ECOG 1
NCT06299124,"A Phase I Study of RGT-419B in Patients With HR-Positive, HER2-Negative Advanced Breast Cancer or Other Solid Tumors",PHASE1,Phase 1,ACTIVE_NOT_RECRUITING,40,Regor Pharmaceuticals Inc.,Regor Pharmaceuticals,4,1,0,single_arm,1,rgt-419b,rgt-419b,HER2,,HER2,0,1,1,1,0,0,0,0,0,1,"HR+, HER2+",metastatic
NCT06305962,177Lu-anti-PD-L1 sdAb in Metastatic Solid Tumors,EARLY_PHASE1,Phase 1,RECRUITING,30,"Radiopharm Theranostics, Ltd",Radiopharm Theranostics,7,1,0,single_arm,1,177lu-rad204,177lu-rad204,PD-L1,Radiopharmaceutical,MSI;PD-L1,0,1,0,0,1,0,0,0,1,1,PD-L1+,metastatic · 2nd-line+ · measurable (RECIST)
NCT06312176,A Study of Sacituzumab Tirumotecan (MK-2870) as a Single Agent and in Combination With Pembrolizumab (MK-3475) Versus Treatment of Physician's Choice in Participants With HR+/HER2- Unresectable Locally Advanced or Metastatic Breast Cancer (MK-2870-010),PHASE3,Phase 3,RECRUITING,1200,Merck Sharp & Dohme LLC,Merck (MSD),649,1,1,active_comparator,3,capecitabine;liposomal doxorubicin;nab-paclitaxel;paclitaxel,pembrolizumab;sacituzumab tirumotecan,PD-1,Monoclonal Antibody,HER2;PD-L1,1,1,1,1,0,0,0,0,1,1,"HR+, HER2+",metastatic · 2nd-line+
NCT06313086,DP303c Versus Trastuzumab Emtansine in in Patients With HER2-positive Advanced Breast Cancer,PHASE3,Phase 3,RECRUITING,442,"CSPC ZhongQi Pharmaceutical Technology Co., Ltd.",CSPC ZhongQi Pharmaceutical Technology,92,1,0,active_comparator,2,trastuzumab emtansine,dp303c,HER2,ADC,HER2,1,1,0,1,0,0,0,0,0,1,HER2+,metastatic
NCT06313983,A Phase Ⅲ Study of Hemay022 in Combination With AI In Advanced Breast Cancer,PHASE3,Phase 3,RECRUITING,339,"Tianjin Hemay Pharmaceutical Co., Ltd",Tianjin Hemay Pharmaceutical,4,1,0,active_comparator,2,lapatinib+capecitabine,hemay022+ai,HER2,Monoclonal Antibody,ER;HER2,1,1,1,1,0,0,0,1,0,1,"HR+, HER2+",metastatic · 1st-line · squamous · measurable (RECIST)
NCT06316531,A Study Comparing BL-M07D1 With T-DM1 in Patients With Unresectable Locally Advanced or Metastatic HER2-positive Breast Cancer,PHASE3,Phase 3,ACTIVE_NOT_RECRUITING,274,"Sichuan Baili Pharmaceutical Co., Ltd.",Sichuan Baili Pharmaceutical,127,1,0,multi_experimental,2,,bl-m07d1;t-dm1,HER2,ADC,HER2,1,1,1,1,0,0,0,0,0,1,"HR+, HER2+",metastatic · measurable (RECIST) · ECOG 0
NCT06324357,Beamion BCGC-1: A Study to Find a Suitable Dose of Zongertinib Used Alone and in Combination With Other Treatments to Test Whether it Helps People With Different Types of HER2+ Cancer That Has Spread,PHASE1;PHASE2,Phase 2,RECRUITING,768,Boehringer Ingelheim,Boehringer Ingelheim,237,1,1,multi_experimental,18,zongertinib,FOLFOX;capecitabine;trastuzumab;trastuzumab deruxtecan;trastuzumab emtansine;zanidatamab;zongertinib,HER2,Small Molecule,HER2,0,1,0,1,0,0,0,0,0,1,HER2+,metastatic · adenoca. · measurable (RECIST) · ECOG 0
NCT06328738,"ELVN-002 With Trastuzumab +/- Chemotherapy in HER2+ Solid Tumors, Colorectal and Breast Cancer",PHASE1,Phase 1,ACTIVE_NOT_RECRUITING,275,Enliven Therapeutics,Enliven Therapeutics,4,1,0,multi_experimental,13,elvn-002;trastuzumab,capecitabine;elvn-002;eribulin;fluorouracil;leucovorin;oxaliplatin;paclitaxel;trastuzumab,HER2,ADC,BRAF;HER2;MMR;MSI;dMMR,1,1,0,1,0,0,0,1,1,1,HER2+,metastatic · 1st-line · measurable (RECIST)
NCT06334432,Safety and Efficacy Study of NUV-1511 in Adult Patients With Advanced Solid Tumors,PHASE1;PHASE2,Phase 2,ACTIVE_NOT_RECRUITING,466,Nuvation Bio Inc.,Nuvation,16,1,0,multi_experimental,5,nuv-1511,nuv-1511,,Small Molecule,HER2,0,1,1,1,0,0,0,0,1,1,"HR+, HER2+",metastatic · 2nd-line+ · adenoca. · measurable (RECIST)
NCT06337084,Diagnostic Efficacy and Dosimetry of MNPR-101-DFO*-89Zr in Patients With Solid Tumors,PHASE1,Phase 1,ACTIVE_NOT_RECRUITING,12,Monopar Therapeutics,Monopar Therapeutics,3,1,0,single_arm,1,diagnostic test: pet/ct diagnostic imaging;mnpr-101-dfo*-89zr,diagnostic test: pet/ct diagnostic imaging;mnpr-101-dfo*-89zr,,Radiopharmaceutical,,0,1,0,0,0,0,0,0,0,0,,metastatic · measurable (RECIST)
NCT06340230,SHR-A1811 Alone or in Combination With Adebrelimab as Neoadjuvant Treatment in HR Positive/HER2 Low Breast Cancer,PHASE2,Phase 2,RECRUITING,93,Shengjing Hospital,Shengjing Hospital,3,0,0,multi_experimental,3,,shr-a1811 injection;shr-a1811 injection + adebrelimab injection,PD-1,Monoclonal Antibody,HER2;PD-L1,1,1,1,1,0,0,0,1,0,1,"HR+, HER2+",stage IV · 1st-line · ECOG 0
NCT06342037,NOvel Immunotherapy Strategies for Advanced Triple Negative Breast Cancer (TNBC) Patients: TONIC-3 Trial,PHASE2,Phase 2,RECRUITING,60,The Netherlands Cancer Institute,The Netherlands Cancer Institute,72,0,1,multi_experimental,3,tiragolumab,atezolizumab;ipilimumab;tiragolumab,TIGIT,Monoclonal Antibody,ER;HER2;PD-L1,1,1,1,1,1,0,0,0,1,1,"HR+, HER2+, PD-L1−",metastatic · 2nd-line+ · measurable (RECIST)
NCT06343948,"A Study Comparing BL-B01D1 With Chemotherapy of Physician's Choice in Patients With Unresectable Locally Advanced, Recurrent, or Metastatic HR+HER2- Breast Cancer(PANKU-Breast01)",PHASE3,Phase 3,ACTIVE_NOT_RECRUITING,383,"Sichuan Baili Pharmaceutical Co., Ltd.",Sichuan Baili Pharmaceutical,127,1,0,multi_experimental,2,,bl-b01d1;capecitabine;eribulin;gemcitabine;vinorelbine,HER2,,HER2,0,1,1,1,0,0,0,0,0,1,"HR+, HER2+",metastatic · measurable (RECIST) · ECOG 0
NCT06353997,Neoadjuvant INBRX-106 in Combination With Pembrolizumab for Stage II/III TNBC Patients,PHASE2,Phase 2,RECRUITING,12,Providence Health & Services,Providence Health & Services,30,0,0,single_arm,1,inbrx-106;pembrolizumab,inbrx-106;pembrolizumab,PD-1,Monoclonal Antibody,ER;HER2;PD-L1;PR;biomarker,1,1,1,1,1,0,0,0,0,1,"HR+, HER2−, PD-L1+",metastatic · squamous
NCT06354114,A Study to Evaluate the Efficacy and Safety in Subjects With Advanced Breast Cancer Treated With SYHX2011,PHASE2,Phase 2,NOT_YET_RECRUITING,80,"CSPC Ouyi Pharmaceutical Co., Ltd.",CSPC Ouyi Pharmaceutical,11,1,0,single_arm,1,syhx2011,syhx2011,,,,0,1,0,0,0,0,0,0,0,0,,metastatic · measurable (RECIST)
NCT06365788,Bicalutamide and Abemaciclib in Inoperable or Metastatic Androgen Receptor-positive Triple-negative Breast Cancer,PHASE2,Phase 2,RECRUITING,53,Universitaire Ziekenhuizen KU Leuven,Universitaire Ziekenhuizen KU Leuven,13,0,1,single_arm,1,abemaciclib;bicalutamide,abemaciclib;bicalutamide,ER,Small Molecule,AR;ER;HER2;PR,0,1,1,1,0,0,0,0,1,1,"HR+, HER2+",metastatic · 2nd-line+ · squamous · measurable (RECIST)
NCT06369285,"A Study of Alisertib in Combination With Endocrine Therapy in Patients With HR-positive, HER2-negative Recurrent or Metastatic Breast Cancer",PHASE2,Phase 2,RECRUITING,225,"Puma Biotechnology, Inc.",Puma Biotechnology,26,1,0,multi_experimental,3,alisertib;endocrine therapy,alisertib;endocrine therapy,AURKA,Small Molecule,HER2;biomarker,0,1,1,1,0,0,0,0,0,1,"HR+, HER2+",metastatic
NCT06369831,HER2 Targeted Molecular Imaging in mBC and Other Metastatic Solid Carcinomas Using 68Ga-ABS011,PHASE2,Phase 2,RECRUITING,60,Abscint NV/SA,Abscint NV/,1,1,0,single_arm,1,diagnostic test: 68ga-nota-abscint-her2 pet/ct,diagnostic test: 68ga-nota-abscint-her2 pet/ct,HER2,Radiopharmaceutical,HER2,0,1,1,1,0,0,0,0,0,1,"HR+, HER2+",metastatic
NCT06374459,Zunsemetinib in Combination With Capecitabine in Patients With Hormone Receptor-Positive and HER2-Negative Metastatic Breast Cancer With Bone Metastasis,PHASE1;PHASE2,Phase 2,RECRUITING,152,Washington University School of Medicine,Washington University School of Medicine,178,0,0,active_comparator,4,capecitabine;denosumab;zoledronic acid,capecitabine;zumsemetinib,EGFR,Small Molecule,HER2,0,1,1,1,0,0,0,0,0,1,"HR+, HER2+",metastatic · measurable (RECIST)
NCT06375187,A Study of GC203 TIL in Advanced Malignant Solid Tumors,PHASE1,Phase 1,RECRUITING,18,Shanghai Juncell Therapeutics,Shanghai Juncell Therapeutics,19,1,0,single_arm,1,engineering tumor infiltrating lymphocytes,engineering tumor infiltrating lymphocytes,,Cell Therapy,,1,1,0,0,0,0,0,0,0,0,,metastatic · measurable (RECIST)
NCT06380660,Study of ACE-86225106 to Treat Patients With Advanced Solid Tumors,PHASE1;PHASE2,Phase 2,ACTIVE_NOT_RECRUITING,298,Acerand Therapeutics (Shanghai) Limited,Acerand Therapeutics (Shanghai),1,1,0,single_arm,1,ace-86225106 tablet,ace-86225106 tablet,PARP,Small Molecule,BRCA1;BRCA2;CDK12;HRR;PALB2,0,1,0,0,0,1,0,0,0,1,BRCA/HRD+,metastatic · measurable (RECIST)
NCT06380751,"Saruparib (AZD5305) Plus Camizestrant or Plus Endocrine Therapy, Compared With CDK4/6 Inhibitor Plus Endocrine Therapy or Plus Camizestrant in HR-Positive, HER2-Negative (IHC 0, 1+, 2+/ ISH Non-amplified), BRCA1, BRCA2, or PALB2m Advanced Breast Cancer",PHASE3,Phase 3,RECRUITING,788,AstraZeneca,AstraZeneca,780,1,1,active_comparator,4,abemaciclib;anastrozole;exemestane;fulvestrant;letrozole;palbociclib;ribociclib,abemaciclib;anastrozole;camizestrant;exemestane;fulvestrant;letrozole;palbociclib;ribociclib;saruparib (azd5305),PARP,Small Molecule,BRCA1;BRCA2;HER2;PALB2,0,1,0,1,0,0,0,0,1,1,HER2+,metastatic · 2nd-line+
NCT06380816,A Phase I/II Trial of UCB4594 in Participants With Advanced Cancer,PHASE1;PHASE2,Phase 2,RECRUITING,167,Cancer Research UK,Cancer Research UK,16,0,0,multi_experimental,2,ucb4594,ucb4594,,,,0,1,0,0,0,0,0,0,1,0,,metastatic · 2nd-line+ · squamous · measurable (RECIST)
NCT06382142,A Study Comparing BL-B01D1 With Chemotherapy of Physician's Choice in Patients With Unresectable Locally Advanced or Metastatic Triple-Negative Breast Cancer(PANKU-Breast02),PHASE3,Phase 3,ACTIVE_NOT_RECRUITING,418,"Sichuan Baili Pharmaceutical Co., Ltd.",Sichuan Baili Pharmaceutical,127,1,0,multi_experimental,2,,bl-b01d1;capecitabine;eribulin;gemcitabine;vinorelbine,HER2,,HER2,0,1,0,0,0,0,0,0,0,0,,metastatic · measurable (RECIST) · ECOG 0
NCT06382948,"Elacestrant + Everolimus in Patients ER+/HER2-, ESR1mut, Advanced Breast Cancer Progressing to ET and CDK4/6i.",PHASE3,Phase 3,RECRUITING,300,MedSIR,MedSIR,27,0,0,active_comparator,2,auxiliary medicinal product - dexamethasone;auxiliary medicinal product - luteinizing hormone-releasing hormone (lhrh) analogues;elacestrant,auxiliary medicinal product - dexamethasone;auxiliary medicinal product - luteinizing hormone-releasing hormone (lhrh) analogues;elacestrant;everolimus,mTOR,Small Molecule,CDX;ER;HER2,0,1,1,1,0,0,1,0,1,1,"HR+, HER2+, PIK3CAm",metastatic · 2nd-line+ · adenoca. · measurable (RECIST)
NCT06383767,A Phase III Study of ESG401 for Locally Advanced or Metastatic HR+/HER2- Breast Cancer,PHASE3,Phase 3,RECRUITING,378,"Qilu Pharmaceutical Co., Ltd.",Qilu Pharmaceutical,108,1,0,active_comparator,2,capecitabine;eribulin;gemcitabine or vinorelbine (treatment of physician's choice),esg401,HER2,ADC,HER2;TROP2,1,1,1,1,0,0,0,0,0,1,"HR+, HER2+",metastatic · measurable (RECIST)
NCT06389006,"To Evaluate the Efficacy and Safety of Disitamab Vedotin Combined With Toripalimab Sequential Chemotherapy as Neoadjuvant Treatment in Patients With HR-positive, HER2-low Breast Cancer",PHASE2,Phase 2,RECRUITING,79,"RemeGen Co., Ltd.",RemeGen,51,1,0,single_arm,1,cyclophosphamide;disitamab vedotin for injection;epirubicin;toripalimab,cyclophosphamide;disitamab vedotin for injection;epirubicin;toripalimab,PD-1,Monoclonal Antibody,ER;HER2;PD-L1,1,1,1,1,0,0,0,0,0,1,"HR+, HER2+",adjuvant · measurable (RECIST)
NCT06393374,Sacituzumab Tirumotecan (MK-2870) Plus Pembrolizumab Versus TPC in TNBC Who Did Not Achieve pCR (MK-2870-012),PHASE3,Phase 3,RECRUITING,1530,Merck Sharp & Dohme LLC,Merck (MSD),649,1,1,active_comparator,2,capecitabine;pembrolizumab,pembrolizumab;sacituzumab tirumotecan,PD-1,Monoclonal Antibody,PD-L1;TROP2,1,1,0,0,1,1,0,0,0,1,"PD-L1+, BRCA/HRD+",neoadjuvant
NCT06395519,A Study of PARG Inhibitor ETX-19477 in Patients With Advanced Solid Malignancies,PHASE1;PHASE2,Phase 2,RECRUITING,120,"858 Therapeutics, Inc.",858 Therapeutics,1,1,0,multi_experimental,2,etx-19477,etx-19477,PARG,Small Molecule,,0,1,0,0,0,0,0,0,0,0,,metastatic · squamous · measurable (RECIST)
NCT06399757,A Study to Investigate APL-5125 in Adults With Advanced Solid Tumors,PHASE1;PHASE2,Phase 2,ACTIVE_NOT_RECRUITING,100,Apollo Therapeutics Ltd,Apollo Therapeutics,2,1,0,multi_experimental,2,apl-5125,apl-5125,,,KRAS,0,1,0,0,0,0,0,0,0,0,,metastatic · adenoca. · ECOG 1
NCT06400472,A Study of Sofe-M in Participants With Selected Advanced Solid Tumors,PHASE1,Phase 1,RECRUITING,575,Eli Lilly and Company,Eli Lilly,535,1,1,multi_experimental,11,sofe-m,bevacizumab;carboplatin;itraconazole;pembrolizumab;sofe-m,VEGF/VEGFR,Monoclonal Antibody,,1,1,0,0,0,0,0,0,0,0,,metastatic · small-cell
NCT06419621,PM8002 or Placebo Plus Nab-Paclitaxel as First-line Treatment in Inoperable Locally Advanced/Metastatic TNBC,PHASE3,Phase 3,ACTIVE_NOT_RECRUITING,392,Biotheus Inc.,Biotheus,16,1,0,placebo_comparator,2,nab-paclitaxel,nab-paclitaxel;pm8002,PD-L1,Bispecific Antibody,ER;PD-L1;PR,1,1,0,0,1,0,0,0,0,1,PD-L1+,metastatic · measurable (RECIST) · ECOG 0-1
NCT06428396,Study of Belzutifan (MK-6482) Plus Fulvestrant for ER+/HER2- Metastatic Breast Cancer (MK-6482-029/LITESPARK-029),PHASE2,Phase 2,ACTIVE_NOT_RECRUITING,120,Merck Sharp & Dohme LLC,Merck (MSD),649,1,1,active_comparator,2,everolimus;exemestane;fulvestrant,belzutifan;fulvestrant,HIF-2α,Small Molecule,ER;HER2;HIF-2α;VHL,0,1,1,1,0,1,0,0,0,1,"HR+, HER2−, BRCA/HRD+",metastatic
NCT06435429,"A Study Comparing the Efficacy and Safety of Zanidatamab to Trastuzumab, Each in Combination With Physician's Choice Chemotherapy, for the Treatment of Participants With Metastatic HER2-positive Breast Cancer",PHASE3,Phase 3,RECRUITING,550,Jazz Pharmaceuticals,Jazz Pharmaceuticals,59,1,0,active_comparator,2,capecitabine;eribulin;gemcitabine;trastuzumab;vinorelbine,capecitabine;eribulin;gemcitabine;vinorelbine;zanidatamab,HER2,Bispecific Antibody,HER2,1,1,0,1,0,0,0,0,0,1,HER2+,metastatic · measurable (RECIST)
NCT06439771,"A Phase 2 Study to Evaluate the Efficacy, Safety and Pharmacokinetics of YL202 in Patients With BC",PHASE2,Phase 2,RECRUITING,180,"MediLink Therapeutics (Suzhou) Co., Ltd.",MediLink Therapeutics (Suzhou),23,1,0,multi_experimental,3,yl202 should be intravenously infused,yl202 should be intravenously infused,HER2,,HER2;TROP2,0,1,1,1,0,0,0,0,0,1,"HR+, HER2+",metastatic · measurable (RECIST)
NCT06440005,"A Study to Evaluate Safety, Tolerability and Preliminary Activity of AGX101 in Participants With Advanced Solid Tumors",PHASE1,Phase 1,RECRUITING,80,"Angiex, Inc.",Angiex,1,1,0,multi_experimental,2,agx101,agx101,TM4SF1,ADC,,1,1,0,0,0,0,0,0,1,0,,metastatic · 2nd-line+ · squamous
NCT06445400,"A Study of BL-M07D1, BL-M07D1+Pertuzumab and BL-M07D1+Pertuzumab+Docetaxel in Patients With Unresectable Locally Advanced or Metastatic HER2-positive Breast Cancer",PHASE2,Phase 2,ACTIVE_NOT_RECRUITING,83,"Sichuan Baili Pharmaceutical Co., Ltd.",Sichuan Baili Pharmaceutical,127,1,0,single_arm,1,bl-m07d1;docetaxel;pertuzumab,bl-m07d1;docetaxel;pertuzumab,HER2,ADC,HER2,1,1,0,1,0,0,0,0,0,1,HER2+,metastatic · measurable (RECIST) · ECOG 0
NCT06449027,"Safety, Efficacy and Pharmacokinetic Behavior of Leuprolide Injectable Emulsion for Premenopausal Breast Cancer Subjects.",PHASE3,Phase 3,ACTIVE_NOT_RECRUITING,211,"Changchun GeneScience Pharmaceutical Co., Ltd.",Changchun GeneScience Pharmaceutical,23,1,0,active_comparator,2,leuprorelin acetate microspheres for injection,t leuprolide injectable emulsion,GnRH,Peptide,HER2,0,1,1,1,0,0,0,0,0,1,"HR+, HER2+",metastatic
NCT06449222,"Safety and Preliminary Effectiveness of BNT327, an Investigational Therapy for Breast Cancer, When Given in Combination With Chemotherapy",PHASE2,Phase 2,ACTIVE_NOT_RECRUITING,83,BioNTech SE,BioNTech,45,1,1,multi_experimental,5,,bnt327 dose level 1 (dl1);bnt327 dose level 1 (dl2);bnt327 equivalent q3w dose;bnt327 optimized dose;carboplatin;eribulin;gemcitabine;nab-placlitaxel;paclitaxel,HER2,mRNA,HER2;MET,0,1,1,1,0,0,0,1,1,1,"HR+, HER2+",metastatic · 1st-line · squamous · measurable (RECIST)
NCT06450314,Decreasing Treatment for Metastatic HER2-Positive Breast Cancer With Undectable Cancer Levels in Blood Tests.,PHASE2,Phase 2,RECRUITING,170,UNICANCER,UNICANCER,64,0,0,single_arm,1,device: monitoring with signatera test;discontinuation of the anti-her2 maintenance therapy,device: monitoring with signatera test;discontinuation of the anti-her2 maintenance therapy,HER2,Monoclonal Antibody,ER;HER2,1,1,1,1,0,0,0,0,1,1,"HR+, HER2+",metastatic · 2nd-line+ · squamous · ECOG 1
NCT06451497,"This is a Phase 1 Trial of ZM008, an Anti-LLT1 Antibody, Used as Single Agent Followed by Combination Treatment With Toripalimab in Patients With Advanced Solid Tumors",PHASE1,Phase 1,RECRUITING,100,Zumutor Biologics Inc.,Zumutor Biologics,1,1,0,single_arm,1,zm008,zm008,LLT1,Monoclonal Antibody,,1,1,0,0,0,0,0,0,1,0,,metastatic · 2nd-line+ · adenoca. · measurable (RECIST)
NCT06452706,The Clinical Trial of TQB2102 for Injection Against Human Epidermal Growth Factor Receptor 2 Negative Breast Cancer,PHASE2,Phase 2,RECRUITING,42,"Chia Tai Tianqing Pharmaceutical Group Nanjing Shunxin Pharmaceutical Co., Ltd.",Chia Tai Tianqing Pharmaceutical Group Nanjing Shunxin Pharmaceutical,36,1,0,single_arm,1,tqb2102 for injection,tqb2102 for injection,HER2,Monoclonal Antibody,HER2,1,1,1,1,0,0,0,1,0,1,"HR+, HER2−",metastatic · 1st-line · measurable (RECIST) · ECOG 1
NCT06458712,"Study to Assess Safety, Tolerability and Activity of DSB2455 in Participants With Advanced Malignancies",PHASE1,Phase 1,RECRUITING,180,Duke Street Bio Ltd,Duke Street Bio,1,1,0,single_arm,1,dsb2455,dsb2455,PARP,Small Molecule,HRD,0,1,0,0,0,0,0,0,1,0,,metastatic · 2nd-line+ · adenoca. · measurable (RECIST)
NCT06460298,ProAgio in Combination With Gemcitabine in Patients With Metastatic Triple Negative Breast Cancer,PHASE1;PHASE2,Phase 2,RECRUITING,51,"ProDa BioTech, LLC",ProDa BioTech,3,1,0,multi_experimental,2,,2;3;4;proagio dose expansion;proagio dose levels (dl) 1,ITGB3,Small Molecule,ER;HER2;PR,0,1,1,1,0,0,0,0,0,1,"HR−, HER2+",metastatic · measurable (RECIST)
NCT06465069,A Study of LY4052031 in Participants With Advanced or Metastatic Urothelial Cancer or Other Solid Tumors,PHASE1,Phase 1,RECRUITING,420,Eli Lilly and Company,Eli Lilly,535,1,1,multi_experimental,3,ly4052031,ly4052031,NECTIN4,ADC,NECTIN-4,1,1,0,0,0,0,0,0,0,0,,metastatic · squamous · measurable (RECIST)
NCT06470633,To Evaluate the Efficacy of Adebrelimab Combined With Chemotherapy After HIFU Induction Neoadjuvant Therapy HR+/HER2- Breast Cancer,PHASE2,Phase 2,NOT_YET_RECRUITING,29,The First Affiliated Hospital with Nanjing Medical University,The First Affiliated Hospital with Nanjing Medical University,30,0,0,single_arm,1,adebrelimab;cyclophosphamide;docetaxel;epirubicin;high intensity focused ultrasoun（hifu）,adebrelimab;cyclophosphamide;docetaxel;epirubicin;high intensity focused ultrasoun（hifu）,PD-1,Monoclonal Antibody,ER;HER2;PD-L1;PR,1,1,1,0,0,0,0,0,0,1,HR+,metastatic · measurable (RECIST) · ECOG 0 - 1
NCT06471205,A Study of BL-B01D1+PD-1 Monoclonal Antibody in Patients With Unresectable Locally Advanced or Recurrent Metastatic Triple-negative Breast Cancer,PHASE2,Phase 2,RECRUITING,52,"Sichuan Baili Pharmaceutical Co., Ltd.",Sichuan Baili Pharmaceutical,127,1,0,single_arm,1,bl-b01d1;pd-1 monoclonal antibody,bl-b01d1;pd-1 monoclonal antibody,PD-1,ADC,,1,1,0,0,0,0,0,0,0,0,,metastatic · measurable (RECIST) · ECOG 0
NCT06475937,A Study of DM001 in Patients With Advanced Solid Tumors,PHASE1,Phase 1,ACTIVE_NOT_RECRUITING,128,"Xadcera Biopharmaceutical (Suzhou) Co., Ltd.",Xadcera Biopharmaceutical (Suzhou),2,1,0,single_arm,1,dm001,dm001,TROP2,Cell Therapy,,1,1,0,0,0,0,0,0,0,0,,metastatic · measurable (RECIST)
NCT06488378,Phase Ib Study of Axatilimab in Combination With Olaparib in BRCA1/2 and PALB2- Associated Metastatic HER2-negative Breast Cancer,PHASE1,Phase 1,RECRUITING,20,Dana-Farber Cancer Institute,Dana-Farber Cancer Institute,326,0,0,single_arm,1,axatilimab;olaparib,axatilimab;olaparib,CSF1R,Monoclonal Antibody,BRCA1/2;ER;HER2;PALB2;PR,1,1,1,1,0,0,0,0,0,1,"HR+, HER2+",metastatic · measurable (RECIST)
NCT06492005,A Clinical Study of 9MW2821 (and PD-1 Inhibitor) in Locally Advanced or Metastatic Triple-Negative Breast Cancer,PHASE2,Phase 2,RECRUITING,160,"Mabwell (Shanghai) Bioscience Co., Ltd.",Mabwell (Shanghai) Bioscience,33,1,0,multi_experimental,3,9mw2821,9mw2821;pd-1 inhibitior,Nectin-4,ADC,TROP-1,1,1,0,0,0,0,0,0,0,0,,metastatic · measurable (RECIST)
NCT06492616,"A Study of Elacestrant Versus Standard Endocrine Therapy in Women and Men With ER+,HER2-, Early Breast Cancer With High Risk of Recurrence",PHASE3,Phase 3,RECRUITING,4220,"Stemline Therapeutics, Inc.",Stemline Therapeutics,20,1,0,multi_experimental,2,,anastrozole;elacestrant;exemestane;letrozole;tamoxifen,ESR1,Small Molecule,ER;HER2,0,1,1,1,0,0,0,0,0,1,"HR+, HER2+",metastatic · squamous
NCT06493864,A Study of BL-B16D1 in Patients With Unresectable Locally Advanced or Metastatic Breast Cancer and Other Solid Tumors,PHASE1,Phase 1,RECRUITING,21,"Sichuan Baili Pharmaceutical Co., Ltd.",Sichuan Baili Pharmaceutical,127,1,0,single_arm,1,bl-b16d1,bl-b16d1,,,,0,1,0,0,0,0,0,0,0,0,,metastatic · measurable (RECIST) · ECOG 0
NCT06503783,A Study of BL-M17D1 in Patients With Locally Advanced or Metastatic HER2 Positive/Negative Breast Cancer and Other Solid Tumors,PHASE1,Phase 1,RECRUITING,20,"Sichuan Baili Pharmaceutical Co., Ltd.",Sichuan Baili Pharmaceutical,127,1,0,single_arm,1,bl-m17d1,bl-m17d1,HER2,ADC,HER2,1,1,0,1,0,0,0,0,0,1,HER2+,metastatic · measurable (RECIST) · ECOG 0
NCT06508216,"A Study to Explore Safety, Tolerability, Pharmacokinetics, and Anti-tumor Activity of Novel Therapeutics in Patients With Early Relapsed Metastatic Triple-negative Breast Cancer",PHASE1;PHASE2,Phase 2,RECRUITING,50,"Gustave Roussy, Cancer Campus, Grand Paris","Gustave Roussy, Cancer Campus, Grand Paris",31,0,1,multi_experimental,2,dato-dxd,dato-dxd;durvalumab,TROP1,ADC,HER2;TROP1;TROP2,1,1,1,1,0,0,0,0,1,1,"HR−, HER2+",metastatic · 2nd-line+ · measurable (RECIST) · ECOG 0
NCT06515470,"Safety, Tolerability, Pharmacokinetics, and Preliminary Efficacy of BTX-9341 in Advanced and/or Metastatic Breast Cancer",PHASE1,Phase 1,RECRUITING,82,"Biotheryx, Inc.",Biotheryx,2,1,0,multi_experimental,3,btx-9341,btx-9341;fulvestrant,CDK4/6,Small Molecule,HER2;HR,0,1,1,1,0,0,0,0,0,1,"HR+, HER2+",metastatic · measurable (RECIST)
NCT06519370,"FDA018-ADC vs Investigator's Choice Chemotherapy to Treat Locally Advanced, Recurrent or Metastatic Triple-negative Breast Cancer",PHASE3,Phase 3,ACTIVE_NOT_RECRUITING,350,"Shanghai Fudan-Zhangjiang Bio-Pharmaceutical Co., Ltd.",Shanghai Fudan-Zhangjiang Bio-Pharmaceutical,13,1,0,active_comparator,2,capecitabine;eribulin;gemcitabine;vinorelbine,fda018-adc,HER2,ADC,ER;HER2;PR,1,1,1,1,0,0,0,0,0,1,"HR−, HER2+",metastatic · squamous · measurable (RECIST)
NCT06531486,A Study of XS-02 Capsules in Patients With Advanced Solid Tumors,PHASE1;PHASE2,Phase 2,NOT_YET_RECRUITING,96,"NovaOnco Therapeutics Co., Ltd.",NovaOnco Therapeutics,3,1,0,single_arm,1,xs-02 capsules,xs-02 capsules,,,,0,1,0,0,0,0,0,0,1,0,,metastatic · 2nd-line+ · squamous · measurable (RECIST) · ECOG 0-1
NCT06533059,A Study to Learn About Study Medicine ALTA2618 in Adults With AKT1 E17K-Mutant Solid Tumors,PHASE1,Phase 1,ACTIVE_NOT_RECRUITING,110,"Alterome Therapeutics, Inc.",Alterome Therapeutics,2,1,0,single_arm,1,alta2618,alta2618,AKT1,Small Molecule,AKT1;BRAF;KRAS;genomic,0,1,0,0,0,0,0,0,0,0,,metastatic · measurable (RECIST)
NCT06533826,TReatment of ADC-Refractory Breast CancEr With Dato-DXd or T-DXd: TRADE DXd,PHASE2,Phase 2,RECRUITING,357,"Ana C Garrido-Castro, MD","Ana C Garrido-Castro, MD",2,0,1,multi_experimental,8,,datopotamab deruxtecan;trastuzumab deruxtecan,HER2,ADC,ER;HER2;MET;PR,1,1,1,1,0,0,0,0,0,1,"HR+, HER2+",metastatic · measurable (RECIST)
NCT06545331,Study of XB010 in Subjects With Solid Tumors,PHASE1,Phase 1,RECRUITING,396,Exelixis,Exelixis,52,1,0,multi_experimental,3,xb010,pembrolizumab;xb010,PD-1,,,0,1,0,0,0,0,0,0,0,0,,metastatic · squamous
NCT06545942,Study of Orally Administered MOMA-313 in Participants With Advanced or Metastatic Solid Tumors,PHASE1,Phase 1,RECRUITING,220,MOMA Therapeutics,MOMA Therapeutics,2,1,0,multi_experimental,2,moma-313,moma-313;olaparib,Polθ,Small Molecule,MET,0,1,0,0,0,0,0,0,1,0,,metastatic · 2nd-line+ · adenoca. · measurable (RECIST) · ECOG 2
NCT06547840,A Study of MOv18 IgE in Patients With Solid Tumours That Express Folate Receptor Alpha,PHASE1,Phase 1,RECRUITING,45,Epsilogen Ltd,Epsilogen,1,1,0,single_arm,1,mov18 ige,mov18 ige,FOLR1,Monoclonal Antibody,ER;Folate Receptor Alpha;HER2,1,1,1,1,0,0,0,0,0,1,"HR+, HER2−",metastatic · squamous · measurable (RECIST)
NCT06555068,"A Trial of HRS-6209 in Combination With Fulvestrant, Letrozole, HRS-8080, or HRS-1358 in Breast Cancer Patients",PHASE1;PHASE2,Phase 2,RECRUITING,528,"Jiangsu HengRui Medicine Co., Ltd.",Hengrui,312,1,0,multi_experimental,9,,hrs-6209 in combination with fulvestrant;hrs-6209 in combination with hrs-1358;hrs-6209 in combination with hrs-8080;hrs-6209 in combination with hrs-9813 and hrs-8080;hrs-6209 in combination with hrs-9813 and letrozole;hrs-6209 in combination with letrozole,,,,0,1,0,0,0,0,0,0,0,0,,metastatic · measurable (RECIST)
NCT06561607,A Clinical Trial of TQB2102 for Injection in the Treatment of HER2 Low-Expressing Recurrent/Metastatic Breast Cancer,PHASE3,Phase 3,ACTIVE_NOT_RECRUITING,542,"Chia Tai Tianqing Pharmaceutical Group Co., Ltd.",Chia Tai Tianqing Pharmaceutical,213,1,0,active_comparator,2,chemotherapy drug (capecitabine/paclitaxel/albumin paclitaxel),tqb2102 for injection,HER2,ADC,HER2,1,1,1,1,0,0,0,0,0,1,"HR+, HER2−",metastatic · measurable (RECIST) · ECOG 0-1
NCT06562192,"Phase I Study of [177Lu]Lu-NNS309 in Patients With Pancreatic, Lung, Breast and Colorectal Cancers",PHASE1,Phase 1,RECRUITING,162,Novartis Pharmaceuticals,Novartis,836,1,1,single_arm,1,[177lu]lu-nns309;[68ga]ga-nns309,[177lu]lu-nns309;[68ga]ga-nns309,FAP,Radiopharmaceutical,HER2;MMR;MSI;MSI-H;[68Ga]Ga-NNS309 uptake;dMMR;genomic,0,1,1,1,0,0,0,0,0,1,"HR+, HER2+",metastatic · ductal
NCT06568692,A Phase 2 Study of PCS6422 With Capecitabine in Patients With Advanced or Metastatic Breast Cancer,PHASE2,Phase 2,RECRUITING,90,Processa Pharmaceuticals,Processa Pharmaceuticals,4,1,0,active_comparator,3,capecitabine,pcs6422 and capecitabine,PD-1,Small Molecule,ER;HER2;MET,0,1,1,1,0,0,0,0,0,1,"HR+, HER2+",metastatic · measurable (RECIST) · ECOG 0
NCT06577987,Safety/Efficacy Study of CID-078 in Patients With Advanced Solid Tumor Malignancies,PHASE1,Phase 1,ACTIVE_NOT_RECRUITING,220,Circle Pharma,Circle Pharma,1,1,0,single_arm,1,cid-078 monotherapy,cid-078 monotherapy,CDK2,Small Molecule,genomic,0,1,0,0,0,0,0,0,1,0,,metastatic · 2nd-line+ · squamous · measurable (RECIST)
NCT06582017,"Safety, PK and Efficacy of QXL138AM in Patients With Solid Tumors and Multiple Myeloma",PHASE1,Phase 1,RECRUITING,100,Nammi Therapeutics Inc,Nammi Therapeutics,1,1,0,multi_experimental,4,qxl138am injection every 2 weeks by iv infusion,qxl138am injection every 2 weeks by iv infusion,,Recombinant Protein,,0,1,0,0,0,0,0,0,0,0,,metastatic · measurable (RECIST)
NCT06586047,Breast Cancer PSMA PET,EARLY_PHASE1,Phase 1,RECRUITING,30,Ahmad Shariftabrizi,Ahmad Shariftabrizi,1,0,0,single_arm,1,diagnostic test: pet imaging,diagnostic test: pet imaging,PSMA,Radiopharmaceutical,PSMA,0,1,0,0,0,0,0,0,0,0,,metastatic
NCT06586866,JK-1201I in Triple Negative Breast Cancer Patients with Brain Metastases,PHASE2,Phase 2,NOT_YET_RECRUITING,25,"JenKem Technology Co., Ltd.",JenKem Technology,5,1,0,single_arm,1,jk-1201i,jk-1201i,,,,0,1,0,0,0,0,0,0,0,0,,metastatic · ECOG 1
NCT06586957,A Study With NKT3964 for Adults With Advanced/Metastatic Solid Tumors,PHASE1,Phase 1,RECRUITING,150,"NiKang Therapeutics, Inc.",NiKang Therapeutics,5,1,0,multi_experimental,2,nkt3964,nkt3964,CDK2,Small Molecule,HER2,0,1,1,1,0,0,0,0,1,1,"HR+, HER2+",metastatic · 2nd-line+ · adenoca.
NCT06590857,"Trial of 225Ac-DOTATATE (RYZ101) in Subjects With ER+, HER2-negative Unresectable or Metastatic Breast Cancer Expressing SSTRs.",PHASE1;PHASE2,Phase 2,ACTIVE_NOT_RECRUITING,16,"RayzeBio, Inc.",RayzeBio,7,1,0,multi_experimental,2,ryz101,ryz101;standard of care endocrine therapy,SSTR,Radiopharmaceutical,ER;HER2;SSTR,0,1,1,1,0,0,0,0,0,1,"HR+, HER2+",metastatic · measurable (RECIST)
NCT06592625,Neoadjuvant SHR-A1811 Plus Adebrelimab in HR Negative/Low & HER2 Low Breast Cancer Patients,PHASE2,Phase 2,NOT_YET_RECRUITING,60,"Suzhou Suncadia Biopharmaceuticals Co., Ltd.",Suzhou Suncadia Biopharmaceuticals,86,1,0,single_arm,1,adebrelimab;shr-a1811,adebrelimab;shr-a1811,HER2,ADC,HER2,1,1,0,1,0,0,0,1,0,1,HER2−,metastatic · 1st-line · squamous
NCT06596915,Safety and Efficacy of BA1302 in Patients With Advanced Solid Tumors,PHASE1,Phase 1,RECRUITING,167,"Shandong Boan Biotechnology Co., Ltd",Shandong Boan Biotechnology,6,1,0,single_arm,1,ba1302,ba1302,,,biomarker;biomarker analysis,0,1,0,0,0,0,0,0,0,0,,metastatic · adenoca. · measurable (RECIST)
NCT06609187,A Study of GNC-077 in Patients With Locally Advanced or Metastatic Breast Cancer and Other Solid Tumors,PHASE1,Phase 1,RECRUITING,20,"Sichuan Baili Pharmaceutical Co., Ltd.",Sichuan Baili Pharmaceutical,127,1,0,single_arm,1,gnc-077,gnc-077,,,,0,1,0,0,0,0,0,0,0,0,,metastatic · measurable (RECIST) · ECOG 1
NCT06612203,Clinical Study to Evaluate Debio0123 + Sacituzumab Govitecan Combination in TNBC or HR+/HER2- Advanced Breast Cancer,PHASE1;PHASE2,Phase 2,ACTIVE_NOT_RECRUITING,76,MedSIR,MedSIR,27,0,1,single_arm,1,debio 0123 and sacituzumab govitecan,debio 0123 and sacituzumab govitecan,Wee1,Small Molecule,HER2;TROP2,0,1,1,1,0,0,0,0,1,1,"HR+, HER2+",metastatic · 2nd-line+ · squamous · measurable (RECIST)
NCT06614751,A PARG Inhibitor DAT-2645 Monotherapy in Patients with Advanced/Metastatic Solid Tumors Harboring BRCA1/2 Loss of Function Alterations And/or Other Defects in the DDR Pathway,PHASE1,Phase 1,NOT_YET_RECRUITING,112,"Danatlas Pharmaceuticals Co., Ltd",Danatlas Pharmaceuticals,3,1,0,multi_experimental,3,dat-2645 tablet,dat-2645 tablet,PARP,Small Molecule,BRCA1;BRCA2,0,1,0,0,0,0,0,0,0,0,,metastatic · measurable (RECIST)
NCT06617169,Dose-Escalation of MNPR-101-PCTA-177Lu in Solid Tumors,PHASE1,Phase 1,ACTIVE_NOT_RECRUITING,12,Monopar Therapeutics,Monopar Therapeutics,3,1,0,multi_experimental,5,mnpr-101-pcta-177lu,mnpr-101-pcta-177lu,,Radiopharmaceutical,,0,1,0,0,0,0,0,0,0,0,,metastatic
NCT06618287,"A Study to Evaluate the Safety, Tolerability, Drug Levels, and Preliminary Efficacy of BMS-986507 Combinations in Adult Participants With Advanced Solid Tumors",PHASE1;PHASE2,Phase 2,RECRUITING,416,Bristol-Myers Squibb,Bristol Myers Squibb,764,1,1,multi_experimental,5,bms-986507,bms-986507;nivolumab;osimertinib;pembrolizumab;pumitamig,,,EGFR;ER;HER2,0,1,0,1,0,0,0,0,0,1,HER2−,metastatic · small-cell
NCT06625775,Open-Label Study of BBO-10203 in Subjects With Advanced Solid Tumors,PHASE1,Phase 1,RECRUITING,392,"TheRas, Inc., d/b/a BBOT (BridgeBio Oncology Therapeutics)","TheRas, Inc., d/b/a BBOT (BridgeBio Oncology Therapeutics)",3,1,0,multi_experimental,5,bbo-10203,FOLFOX;bbo-10203;bevacizumab;fulvestrant;ribociclib;trastuzumab,PIK3CA,Small Molecule,BRAF;HER2;KRAS;MET;MSI;MSI-H;NTRK;RET;ROS1;dMMR,0,1,0,1,0,0,1,0,0,1,"HER2+, PIK3CAm",metastatic · small-cell · measurable (RECIST)
NCT06631092,Personalised Neoantigen-targeting Cancer Vaccine NECVAX-NEO1 in Neoadjuvant Triple-negative Breast Cancer,PHASE1;PHASE2,Phase 2,RECRUITING,28,NEC Bio B.V,NEC Bio,2,1,0,single_arm,1,oral dna vaccine,oral dna vaccine,PD-1,Vaccine,,1,1,0,0,0,0,0,0,0,0,,metastatic
NCT06635447,Capivasertib+Fulvestrant asTreatment for Locally Advanced(Inoperable) or Metastatic HR+/HER2- Breast Cancer in Chinese Patients,PHASE3,Phase 3,ACTIVE_NOT_RECRUITING,293,AstraZeneca,AstraZeneca,780,1,1,multi_experimental,2,capivasertib;fulvestrant,capivasertib;fulvestrant,AKT1,Small Molecule,ER;HER2;PIK3CA;PTEN,0,1,1,1,0,0,1,0,1,1,"HR+, HER2+, PIK3CAm",metastatic · 2nd-line+
NCT06638307,A First-in-Human Study of MEN2312 in Adults With Advanced Breast Cancer,PHASE1,Phase 1,RECRUITING,240,"Stemline Therapeutics, Inc.",Stemline Therapeutics,20,1,0,multi_experimental,2,men2312,elacestrant;men2312,KAT6,Small Molecule,,0,1,0,0,0,0,1,1,1,1,PIK3CAm,metastatic · 1st-line
NCT06642545,Efficacy and Safety Study of Disitamab Vedotin + RC148 vs. Albumin-Paclitaxone ± Toripalimab in HR-/HER2-low Breast Cancer,PHASE2,Phase 2,RECRUITING,40,"RemeGen Co., Ltd.",RemeGen,51,1,0,active_comparator,2,albumin-bound paclitaxone;toripalimab,disitamab vedotin;rc148,HER2,ADC,ER;HER2;MET;PD-L1;biomarker,1,1,1,1,1,0,0,1,0,1,"HR+, HER2+, PD-L1+",metastatic · 1st-line · measurable (RECIST)
NCT06645808,PET-imaging of Two Vartumabs in Patients With Solid Tumors,EARLY_PHASE1,Phase 1,RECRUITING,32,Var2 Pharmaceuticals,Var2 Pharmaceuticals,1,1,0,multi_experimental,2,pet/ct scan,89zr-dfo-n-suc-c9scfv;89zr-dfo-n-suc-f8scfv;pet/ct scan,oncofetal chondroitin sulfate,Radiopharmaceutical,,0,1,0,0,0,0,0,0,0,0,,adjuvant · squamous
NCT06657222,First in Human Study of TUB-030 in Patients With Advanced Solid Tumors,PHASE1;PHASE2,Phase 2,RECRUITING,250,Tubulis GmbH,Tubulis,5,1,0,multi_experimental,2,tub-030,tub-030,5T4,ADC,,1,1,0,0,0,0,0,0,0,0,,metastatic · measurable (RECIST) · ECOG 0-1
NCT06665178,Genomic and Transcriptomic Predictors of Sequential SG Sensitivity After T-DXd in ER+/HER2-Low Metastatic Breast Cancer,PHASE2,Phase 2,RECRUITING,20,British Columbia Cancer Agency,British Columbia Cancer Agency,21,0,1,single_arm,1,sacituzumab govitecan,sacituzumab govitecan,TROP2,ADC,ER;HER2;TROP2;biomarker,1,1,1,1,0,0,0,0,1,1,"HR+, HER2+",metastatic · 2nd-line+ · measurable (RECIST) · ECOG 0
NCT06666270,Study of SYN818 for the Treatment of Advanced or Metastatic Solid Tumors,PHASE1,Phase 1,RECRUITING,30,"Hangzhou SynRx Therapeutics Biomedical Technology Co., Ltd",Hangzhou SynRx Therapeutics Biomedical Technology,3,1,0,single_arm,1,syn818,syn818,POLQ,Small Molecule,,0,1,1,0,0,1,0,0,1,1,"HR+, BRCA/HRD+",metastatic · 2nd-line+ · squamous · measurable (RECIST)
NCT06673329,Brodalumab in the Treatment of Immune-Related Adverse Events,PHASE1,Phase 1,RECRUITING,11,"Brian Henick, MD","Brian Henick, MD",1,0,0,single_arm,1,brodalumab;ct scan,brodalumab;ct scan,IL-17RA,Monoclonal Antibody,,1,1,0,0,0,0,0,0,0,0,,metastatic
NCT06678269,A Study of Abemaciclib and Radiation Therapy in People With Metastatic Breast Cancer,PHASE1,Phase 1,RECRUITING,28,Memorial Sloan Kettering Cancer Center,Memorial Sloan Kettering Cancer Center,411,0,1,single_arm,1,abemaciclib;radiation therapy,abemaciclib;radiation therapy,ER,Small Molecule,ER;HER2,0,1,1,1,0,0,0,0,0,1,"HR+, HER2−",metastatic · measurable (RECIST)
NCT06679036,"A Trial of HRS-2189 in Combination With Fluvastatin±HRS-6209, or HRS-8080±HRS-6209, or HRS-6209+HRS-1358 in Breast Cancer Patients",PHASE1;PHASE2,Phase 2,RECRUITING,300,"Shandong Suncadia Medicine Co., Ltd.",Shandong Suncadia Medicine,22,1,0,multi_experimental,5,hrs-2189,fluvustat;hrs-1358;hrs-2189;hrs-6209;hrs-8080,,,,0,1,0,0,0,0,0,0,0,0,,metastatic · measurable (RECIST)
NCT06680596,Detecting Tumor DNA in the Blood of HR+/HER2-low Metastatic Breast Cancer Patients to Find Candidates for T-DXd Therapy,PHASE2,Phase 2,ENROLLING_BY_INVITATION,80,UNICANCER,UNICANCER,64,0,1,single_arm,1,trastuzumab derxutecan,trastuzumab derxutecan,HER2,ADC,HER2,1,1,1,1,0,0,1,1,0,1,"HR+, HER2+, PIK3CAm",metastatic · 1st-line · measurable (RECIST)
NCT06680921,A Study of SIM0270 Combined With Everolimus vs. Treatment of Physician's Choice in Patients With ER+/HER2- Advanced Breast Cancer (SIMRISE),PHASE3,Phase 3,ACTIVE_NOT_RECRUITING,482,"Jiangsu Simcere Pharmaceutical Co., Ltd.",Jiangsu Simcere Pharmaceutical,44,1,0,active_comparator,2,everolimus (afinitor);exemestane tablets;fulvestrant injection,everolimus (afinitor);sim0270,CDK4/6,Small Molecule,ER;HER2,0,1,1,1,0,0,0,0,0,1,"HR+, HER2+",metastatic · measurable (RECIST)
NCT06682793,"A Study to Evaluate the Safety and Efficacy of A2B395, an Allogeneic Logic-gated CAR T, in Participants With Solid Tumors That Express EGFR and Have Lost HLA-A*02 Expression",PHASE1;PHASE2,Phase 2,RECRUITING,240,A2 Biotherapeutics Inc.,A2 Biotherapeutics,3,1,0,single_arm,1,a2b395;diagnostic test: xt cdx with hla-loh assay,a2b395;diagnostic test: xt cdx with hla-loh assay,EGFR,CAR-T,HLA-A*02,1,1,0,0,0,0,0,0,0,0,,metastatic · measurable (RECIST)
NCT06686394,Study of Patritumab Deruxtecan With Other Anticancer Agents in Participants With HER2 Positive Breast Cancer That Has Spread and Cannot Be Surgically Removed (MK-1022-009),PHASE1;PHASE2,Phase 2,RECRUITING,81,Merck Sharp & Dohme LLC,Merck (MSD),649,1,1,multi_experimental,3,patritumab deruxtecan;trastuzumab;trastuzumab biosimilar,patritumab deruxtecan;pertuzumab;trastuzumab;trastuzumab biosimilar;tucatinib,HER2,ADC,HER2,1,1,0,1,0,0,0,0,0,1,HER2+,metastatic
NCT06695845,A Phase 2 Study of Zanidatamab in Patients With HER2-expressing Tumors,PHASE2,Phase 2,RECRUITING,200,Jazz Pharmaceuticals,Jazz Pharmaceuticals,59,1,0,single_arm,1,zanidatamab,zanidatamab,HER2,Bispecific Antibody,ALK;BRAF;EGFR;HER2;KRAS;MET;ROS1,1,1,0,1,0,0,0,0,0,1,HER2+,metastatic · small-cell · measurable (RECIST)
NCT06700070,A Phase 0 Multicenter Study of the Pharmacodynamic Effects of Intratumoral Microdose Administration of PBA-0111 in Patients With Solid Tumors,EARLY_PHASE1,Phase 1,RECRUITING,12,Pure Biologics S.A.,Pure Biologics,2,1,0,single_arm,1,pba-0111,pba-0111,,,biomarker,0,1,1,0,0,0,0,0,0,1,HR+,metastatic
NCT06702618,Evaluation of TQB3616 Capsules in a Phase II Clinical Trial for Recurrent/Metastatic Breast Cancer,PHASE2,Phase 2,ACTIVE_NOT_RECRUITING,33,"Chia Tai Tianqing Pharmaceutical Group Co., Ltd.",Chia Tai Tianqing Pharmaceutical,213,1,0,single_arm,1,tqb3616 capsule+fulvestrant injection,tqb3616 capsule+fulvestrant injection,CDK4/6,Small Molecule,HER2;HR,0,1,1,1,0,0,0,0,0,1,"HR+, HER2+",measurable (RECIST)
NCT06711523,Study Evaluating PEG-G-CSF Injectionin Preventing Neutropenia After Chemotherapy,PHASE3,Phase 3,ACTIVE_NOT_RECRUITING,250,"Kexing Biopharm Co., Ltd.",Kexing Biopharm,2,1,0,active_comparator,2,peg-g-csf injection (neulasta，amgen europe b.v.),ltd.);peg-g-csf injection (kexing biopharmaceutical co.,,,HER2,0,1,0,1,0,0,0,0,0,1,HER2+,metastatic · ECOG 1
NCT06714617,Evaluate BL-M17D1 in Patients w/HER2-Expressing/Mutant Advanced or Metastatic Solid Tumors,PHASE1,Phase 1,ACTIVE_NOT_RECRUITING,120,SystImmune Inc.,SystImmune,7,1,0,multi_experimental,3,bl-m17d1,bl-m17d1,HER2,ADC,HER2;MET,1,1,0,1,0,0,0,0,1,1,HER2+,metastatic · 2nd-line+ · squamous · measurable (RECIST) · ECOG 0-1
NCT06724263,"A Multicenter, Open-label Phase IIa Clinical Study to Evaluate the Efficacy and Safety of B1962 Injection in the Treatment of Advanced Malignant Solid Tumors",PHASE2,Phase 2,NOT_YET_RECRUITING,120,"Tasly Biopharmaceuticals Co., Ltd.",Tasly Biopharmaceuticals,3,1,0,single_arm,1,b1962,b1962,,,ER;PD-L1;PR,0,1,1,0,1,0,0,1,0,1,"HR+, PD-L1+",metastatic · 1st-line · squamous · measurable (RECIST)
NCT06726148,Study of ECI830 Single Agent or in Combination in Patients With Advanced HR+/HER2- Breast Cancer and in Patients With Other Advanced Solid Tumors,PHASE1;PHASE2,Phase 2,RECRUITING,280,Novartis Pharmaceuticals,Novartis,836,1,1,multi_experimental,6,,eci830;fulvestrant;ribociclib,CDK2,Small Molecule,CCNE1;HER2;HR,0,1,1,1,0,0,0,0,0,1,"HR+, HER2+",metastatic · measurable (RECIST)
NCT06732323,A Phase III Study of ESG401 for Unresectable Recurrent or Metastatic Triple-Negative Breast Cancer,PHASE3,Phase 3,RECRUITING,504,"Qilu Pharmaceutical Co., Ltd.",Qilu Pharmaceutical,108,1,0,active_comparator,2,investigator's choice,esg401,TROP2,ADC,PD-L1;TROP2,1,1,0,0,1,0,0,0,1,1,PD-L1+,metastatic · 2nd-line+ · measurable (RECIST)
NCT06738966,"A Study of BL0175 Injection in Postmenopausal Female Adults With HR-positive, Locally Advanced or Metastatic Cancer",PHASE1,Phase 1,RECRUITING,9,"Shanghai Best-Link Bioscience, LLC",Shanghai Best-Link Bioscience,6,1,0,multi_experimental,5,bl0175,bl0175,HER2,Peptide,ER;HER2;PR,0,1,1,1,0,0,0,0,0,1,"HR+, HER2+",metastatic · squamous
NCT06746688,"A First-in-human, Clinical Trial Assessing the Safety of ES2B-C001-S01 With or Without [Adjuvant] in Patients With HER2-expressing Metastatic Breast Cancer.",PHASE1,Phase 1,ACTIVE_NOT_RECRUITING,40,ExpreS2ion Biotechnologies,ExpreS2ion Biotechnologies,1,1,0,multi_experimental,3,es2b-c001;isa 51 vd,es2b-c001;isa 51 vd,HER2,Peptide,HER2,0,1,0,1,0,0,0,0,0,1,HER2+,metastatic
NCT06747338,A Phase III Study of KN026 in Combination With HB1801 ± Carboplatin as Neoadjuvant Treatment for Early or Locally Advanced HER2-Positive Breast Cancer,PHASE3,Phase 3,ACTIVE_NOT_RECRUITING,520,Shanghai JMT-Bio Inc.,Shanghai JMT-Bio,33,1,0,active_comparator,2,carboplatin;docetaxel;pertuzumab;trastuzumab,hb1801;kn026,HER2,ADC,HER2,1,1,0,1,0,0,0,0,0,1,HER2+,locally advanced · squamous · ECOG 0-1
NCT06750484,Trial of Trastuzumab Deruxtecan in Previously Treated HER2,PHASE2,Phase 2,RECRUITING,40,Yale University,Yale University,65,0,1,single_arm,1,trastuzumab deruxtecan,trastuzumab deruxtecan,HER2,ADC,HER2,1,1,0,1,0,0,0,0,1,1,HER2+,metastatic · 2nd-line+ · measurable (RECIST) · ECOG 2
NCT06756932,BGB-21447 (Bcl-2 Inhibitor) Combinations for Adults With Hormone-Receptor Positive (HR+)/Human Epidermal Growth Factor Receptor 2 Negative (HER2-) Metastatic Breast Cancer,PHASE1,Phase 1,RECRUITING,120,BeOne Medicines,BeiGene/BeOne,149,1,0,multi_experimental,4,bgb-21447;fulvestrant,bgb-21447;bgb-43395;fulvestrant,BCL2,Small Molecule,HER2,0,1,1,1,0,0,0,0,0,1,"HR+, HER2+",metastatic · squamous
NCT06757335,A Phase I/II Trial to Evaluate Oral HP568 Tablets in Patients with ER+/HER2 Advanced Breast Cancer,PHASE1;PHASE2,Phase 2,NOT_YET_RECRUITING,204,Hinova Pharmaceuticals Inc.,Hinova Pharmaceuticals,6,1,0,multi_experimental,2,,hp568;hp568 in combination with palbociclib,ER,Small Molecule,ER;HER2,0,1,1,1,0,0,0,0,0,1,"HR+, HER2+",metastatic
NCT06757634,"Phase 3 Study of Gedatolisib as First-Line Treatment for Patients With HR-Positive, HER2-Negative Advanced Breast Cancer (VIKTORIA-2)",PHASE3,Phase 3,RECRUITING,1180,Celcuity Inc,Celcuity,4,1,0,active_comparator,4,arm b: ribociclib + fulvestrant;arm d: ribociclib + letrozole,arm a: gedatolisib + palbociclib + fulvestrant;arm c: gedatolisib + palbociclib + letrozole,PI3K/AKT/mTOR,Small Molecule,HER2;HR;PIK3CA,0,1,1,1,0,0,1,0,0,1,"HR+, HER2+, PIK3CAm",metastatic · measurable (RECIST)
NCT06760637,Study of PF-07220060 With Letrozole in Adults With HR-positive HER2-negative Breast Cancer Who Have Not Received Anticancer Treatment for Advanced/Metastatic Disease,PHASE3,Phase 3,ACTIVE_NOT_RECRUITING,1035,Pfizer,Pfizer,687,1,1,active_comparator,2,abemaciclib;letrozole;palbociclib;ribociclib,letrozole;pf-07220060,CDK4/6,Small Molecule,ER;HER2;PR,0,1,1,1,0,0,0,1,0,1,"HR+, HER2−",metastatic · 1st-line · measurable (RECIST)
NCT06764186,A Phase IIIB Study to Evaluate the Use of Capivasertib in Combination With Fulvestrant in Patients With Advanced Breast Cancer Who Have Relapsed/Progressed on ET and CDK4/6 Inhibitor Reflecting Real World Clinical Practice in Spain,PHASE3,Phase 3,ACTIVE_NOT_RECRUITING,101,AstraZeneca,AstraZeneca,780,1,1,single_arm,1,capivasertib;fulvestrant,capivasertib;fulvestrant,AKT1,Small Molecule,ER;HER2;PIK3CA;PTEN,0,1,1,1,0,0,1,0,1,1,"HR+, HER2+, PIK3CAm",metastatic · 2nd-line+ · ECOG 2
NCT06764940,A Pivotal Phase II Clinical Trial of Utidelone Injection Plus Capecitabine in HER2-negative Breast Cancer Patients With Brain Metastases,PHASE2,Phase 2,RECRUITING,120,"Biostar Pharma, Inc.",Biostar Pharma,2,1,0,multi_experimental,4,,utidelone;utidelone in combination with capecitabine,HER2,Small Molecule,HER2,0,1,0,1,0,0,0,0,0,1,HER2+,metastatic · squamous · measurable (RECIST) · ECOG 0
NCT06767527,AK112 or Placebo Plus Nab-Paclitaxel as First-line Treatment in Inoperable Locally Advanced/ Metastatic Triple-negative Breast Cancer,PHASE3,Phase 3,RECRUITING,416,Akeso,Akeso,103,1,0,placebo_comparator,2,nab-paclitaxel,ak112;nab-paclitaxel,PD-1,Bispecific Antibody,ER;PR,1,1,0,0,0,0,0,0,0,0,,metastatic · measurable (RECIST)
NCT06769425,HS-10502 Combination Treatment in Patients With Advanced Solid Tumors,PHASE1,Phase 1,RECRUITING,157,"Jiangsu Hansoh Pharmaceutical Co., Ltd.",Hansoh,82,1,0,multi_experimental,7,,hs-10502 + bevacizumab;hs-10502 + hs-20089;hs-10502 + hs-20093;hs-10502 + nab-paclitaxel or docetaxel or irinotecan;hs-10502 + nha;hs-10502 + platinum + bevacizumab;hs-10502+ apatinib,,,,0,1,0,0,0,0,0,0,0,0,,metastatic · measurable (RECIST)
NCT06774963,A Phase 1 Study of LNCB74 in Advanced Solid Tumors,PHASE1,Phase 1,RECRUITING,145,"NextCure, Inc.",NextCure,8,1,0,multi_experimental,2,lncb74,lncb74,B7-H4,ADC,,1,1,0,0,0,0,0,0,1,0,,metastatic · 2nd-line+ · measurable (RECIST)
NCT06775236,Clinical Trial of SYS6010±SYH2051 Versus Chemotherapy in Advanced Breast Cancer and Other Solid Tumors,PHASE1;PHASE2,Phase 2,NOT_YET_RECRUITING,410,"CSPC Megalith Biopharmaceutical Co.,Ltd.",CSPC Megalith Biopharmaceutical,29,1,0,active_comparator,3,monotherapy,syh2051 tablets;sys6010 jnjection,EGFR,Monoclonal Antibody,EGFR;HER2,1,1,0,1,0,0,0,0,1,1,HER2+,metastatic · 2nd-line+ · measurable (RECIST)
NCT06778863,A Study of CLSP-1025 in Adult Patients With Solid Tumors That Harbor the p53 R175H Mutation,PHASE1,Phase 1,RECRUITING,90,"Clasp Therapeutics, Inc.",Clasp Therapeutics,2,1,0,multi_experimental,2,clsp-1025,clsp-1025,p53,Bispecific Antibody,HLA-A*02:01;P53,1,1,0,0,0,0,0,0,0,0,,metastatic
NCT06781996,A Study to Determine the Efficacy of a Digital Self-management Support Tool to Improve the Quality of Life During Adjuvant HOrmonal Therapy for Patients With Early Breast Cancer,PHASE3,Phase 3,RECRUITING,180,"Gustave Roussy, Cancer Campus, Grand Paris","Gustave Roussy, Cancer Campus, Grand Paris",31,0,0,active_comparator,2,standard supportive care,multimodal resilience© digital companion;standard supportive care,,,ER,0,1,1,0,0,0,0,0,0,1,HR+,metastatic · ductal
NCT06784193,Phase 1 Study of OP-3136 in Advanced or Metastatic Solid Tumors,PHASE1,Phase 1,RECRUITING,180,"Olema Pharmaceuticals, Inc.",Olema Pharmaceuticals,6,1,0,multi_experimental,7,op-3136,fulvestrant;op-3136;palazestrant,KAT6A,Small Molecule,ER;HER2,0,1,1,1,0,0,0,0,0,1,"HR+, HER2+",metastatic
NCT06790693,"A Study Evaluating the Efficacy and Safety of Inavolisib Plus CDK4/6 Inhibitor and Letrozole vs Placebo + CDK4/6i and Letrozole in Participants With Endocrine-Sensitive PIK3CA-Mutated, Hormone Receptor-Positive, HER2-Negative Advanced Breast Cancer",PHASE3,Phase 3,RECRUITING,450,Hoffmann-La Roche,Roche/Genentech,922,1,1,placebo_comparator,2,cdk4/6i;letrozole,cdk4/6i;inavolisib;letrozole,PI3K,Small Molecule,8P;ER;HER2;biomarker,0,1,1,1,0,0,0,0,1,1,"HR+, HER2+",metastatic · 2nd-line+ · measurable (RECIST)
NCT06793553,Induction Therapy of PTX+BV Followed by Atezolizumab+Nab-PTX for PD-L1+ TNBC,PHASE2,Phase 2,RECRUITING,106,Japan Breast Cancer Research Group,Japan Breast Cancer Research Group,4,0,0,active_comparator,2,induction therapy,induction therapy,VEGF/VEGFR,Small Molecule,ER;HER2;MET;PD-L1,0,1,0,1,1,1,0,0,1,1,"HER2+, PD-L1+, BRCA/HRD+",metastatic · 2nd-line+ · squamous · ECOG 0-1
NCT06797635,"Study of Patritumab Deruxtecan Plus Pembrolizumab With Other Anticancer Agents in Participants With High-Risk Early-Stage Triple-Negative or Hormone Receptor-Low Positive/HER-2 Negative Breast Cancer (MK-1022-010, HERTHENA-Breast-03)",PHASE2,Phase 2,RECRUITING,372,Merck Sharp & Dohme LLC,Merck (MSD),649,1,1,active_comparator,4,capecitabine;carboplatin;cyclophosphamide;doxorubicin hydrochloride;epirubicin hydrochloride;olaparib;paclitaxel;pembrolizumab,capecitabine;carboplatin;cyclophosphamide;doxorubicin hydrochloride;epirubicin hydrochloride;olaparib;paclitaxel;patritumab deruxtecan;pembrolizumab,PD-1,Monoclonal Antibody,HER2;PD-L1,1,1,0,1,1,0,0,0,0,1,"HER2+, PD-L1+",metastatic
NCT06799065,"First-in-Human Study of ATX-295, an Oral Inhibitor of KIF18A, in Patients With Advanced or Metastatic Solid Tumors, Including Ovarian Cancer",PHASE1,Phase 1,RECRUITING,90,Accent Therapeutics,Accent Therapeutics,2,1,0,multi_experimental,2,atx-295,atx-295,KIF18A,Small Molecule,,0,1,0,0,0,0,0,0,1,0,,metastatic · 2nd-line+
NCT06810804,A Phase IIa Study to Evaluate NBQ72S,PHASE2,Phase 2,RECRUITING,10,Nantong Bencao Quadriga Medical Technology Co. Ltd.,Nantong Bencao Quadriga Medical Technology,1,1,0,single_arm,1,nbq72s,nbq72s,,,,0,1,0,0,0,0,0,0,0,0,,metastatic · squamous
NCT06819215,Phase I/II Clinical Study to Evaluate VB15010 Tablets in Patients With Advanced Solid Tumors,PHASE1;PHASE2,Phase 2,RECRUITING,188,"Zhejiang Yangli Pharmaceutical Technology Co., Ltd.",Zhejiang Yangli Pharmaceutical Technology,3,1,0,single_arm,1,vb15010,vb15010,PARP,Small Molecule,,0,1,0,0,0,1,0,0,0,1,BRCA/HRD+,metastatic
NCT06827236,"A Clinical Study to Find the Optimal Dose of an Investigational Treatment Called BNT323 When Used in Combination With Another Investigational Treatment, BNT327, and to Test if That Combination Treatment is Safe and Beneficial for Patients With Advanced Breast Cancer",PHASE1;PHASE2,Phase 2,RECRUITING,380,BioNTech SE,BioNTech,45,1,0,multi_experimental,8,,bnt323;bnt327,HER2,mRNA,HER2;PD-L1,0,1,0,1,1,0,0,0,0,1,"HER2+, PD-L1+",metastatic · measurable (RECIST)
NCT06827613,"A Study of Invikafusp Alfa (STAR0602), a Selective T Cell Receptor (TCR)-Targeting, Bifunctional Antibody-fusion Molecule, in Combination With Sacituzumab Govitecan in Participants With Advanced Solid Tumors",PHASE1;PHASE2,Phase 2,RECRUITING,50,"Marengo Therapeutics, Inc.",Marengo Therapeutics,2,1,0,multi_experimental,2,sacituzumab govitecan (sg);star0602,sacituzumab govitecan (sg);star0602,TCR,Bispecific Antibody,HER2,1,1,1,1,0,0,0,0,0,1,"HR+, HER2+",metastatic · measurable (RECIST)
NCT06830889,A Study of BL-M07D1 Versus T-DM1 in the Adjuvant Treatment of HER2-positive Breast Cancer With Residual Invasive Cancer After Neoadjuvant Therapy,PHASE3,Phase 3,RECRUITING,1450,"Sichuan Baili Pharmaceutical Co., Ltd.",Sichuan Baili Pharmaceutical,127,1,0,active_comparator,2,t-dm1,bl-m07d1,HER2,ADC,HER2,1,1,1,1,0,0,0,0,0,1,"HR+, HER2+",metastatic · ECOG 0
NCT06832202,"A Phase II Study of HLX22 in Combination With Trastuzumab Deruxtecan in HER2-low, Hormone Receptor Positive Locally Advanced or Metastatic Breast Cancer Patients",PHASE2,Phase 2,RECRUITING,50,Shanghai Henlius Biotech,Shanghai Henlius,98,1,0,single_arm,1,hlx22;trastuzumab deruxtecan,hlx22;trastuzumab deruxtecan,HER2,Monoclonal Antibody,HER2,1,1,1,1,0,0,0,0,0,1,"HR+, HER2+",metastatic · measurable (RECIST) · ECOG 0-1
NCT06835400,Oral Paclitaxel + Encequidar vs IV Paclitaxel in Treatment of HER2 Negative Metastatic Breast Cancer,PHASE3,Phase 3,NOT_YET_RECRUITING,340,Health Hope Pharma,Health Hope Pharma,4,1,0,active_comparator,4,iv paclitaxel,encequidar tablet;paclitaxel capsule,TUB,Small Molecule,ER;HER2;PR,0,1,1,1,0,0,0,0,1,1,"HR+, HER2−",metastatic · 2nd-line+ · measurable (RECIST)
NCT06840483,Study of Zelenectide Pevedotin in Participants With Advanced Breast Cancer,PHASE2,Phase 2,ACTIVE_NOT_RECRUITING,66,BicycleTx Limited,BicycleTx,8,1,0,multi_experimental,2,zelenectide pevedotin (bt8009),zelenectide pevedotin (bt8009),NECTIN4,ADC,ER;HER2;NECTIN4,1,1,1,1,0,0,0,0,1,1,"HR+, HER2+",metastatic · 2nd-line+ · measurable (RECIST) · ECOG 1
NCT06841354,"A Study of Sacituzumab Tirumotecan (Sac-TMT, MK-2870) as Monotherapy and in Combination With Pembrolizumab (MK-3475) in Participants With Triple-Negative Breast Cancer (MK-2870-011/TroFuse-011)",PHASE3,Phase 3,RECRUITING,1000,Merck Sharp & Dohme LLC,Merck (MSD),649,1,1,active_comparator,3,carboplatin;gemcitabine;nab-paclitaxel;paclitaxel,pembrolizumab;rescue medication;sacituzumab tirumotecan,PD-1,Monoclonal Antibody,PD-L1,1,1,0,0,1,0,0,0,1,1,PD-L1+,metastatic · 2nd-line+
NCT06846437,"JSKN003 Versus Trastuzumab Emtansine (T-DM1) for HER2-Positive, Advanced Breast Cancer",PHASE3,Phase 3,RECRUITING,228,Shanghai JMT-Bio Inc.,Shanghai JMT-Bio,33,1,0,active_comparator,2,trastuzumab emtansine (t-dm1),jskn003,HER2,Monoclonal Antibody,HER2,1,1,0,1,0,0,0,0,1,1,HER2+,metastatic · 2nd-line+ · measurable (RECIST) · ECOG 0 - 1
NCT06875128,Evaluation of the Safety and Efficacy of Treatment w/High Dose Melphalan Given Directly Into the Liver Followed by Treatment w/Approved Cancer Treatment or Approved Cancer Treatment Alone in Patients w/ Metastatic Breast Cancer w/Liver Dominant Disease,PHASE2,Phase 2,RECRUITING,90,Delcath Systems Inc.,Delcath Systems,9,1,0,active_comparator,2,or capecitabine);physician's choice of soc (eribulin;vinorelbine,melphalan/hds followed by physician's choice of soc (eribulin;or capecitabine);vinorelbine,,,HER2,0,1,1,1,0,0,0,0,0,1,"HR+, HER2+",metastatic · measurable (RECIST) · ECOG 0-1
NCT06891833,A Study of BL-M07D1 With or Without Pertuzumab Versus Docetaxel + Carboplatin + Trastuzumab + Pertuzumab in Neoadjuvant Therapy for HER2-Positive Breast Cancer,PHASE2;PHASE3,Phase 3,RECRUITING,985,"Sichuan Baili Pharmaceutical Co., Ltd.",Sichuan Baili Pharmaceutical,127,1,0,active_comparator,2,carboplatin;docetaxel;pertuzumab;trastuzumab,bl-m07d1;pertuzumab,HER2,ADC,HER2;MET,1,1,1,1,0,0,0,0,0,1,"HR+, HER2+",metastatic · ECOG 0
NCT06908928,A Dose Randomization Study of Bulumtatug Fuvedotin in TNBC Patients Previously Treated With ADCs,PHASE1,Phase 1,RECRUITING,52,"Mabwell (Shanghai) Bioscience Co., Ltd.",Mabwell (Shanghai) Bioscience,33,1,0,multi_experimental,2,bulumtatug fuvedotin,bulumtatug fuvedotin,TROP-1,ADC,TROP-1,1,1,0,0,0,0,0,0,0,0,,metastatic · measurable (RECIST) · ECOG 0-1
NCT06910657,IDOV-Immune for Advanced Solid Tumors,PHASE1,Phase 1,RECRUITING,78,"ViroMissile, Inc.",ViroMissile,1,1,0,single_arm,1,idov-immune (oncolytic vaccinia virus),idov-immune (oncolytic vaccinia virus),,Oncolytic Virus,,1,1,0,0,0,0,0,0,0,0,,metastatic · measurable (RECIST)
NCT06917313,FLASH-Breast: Evaluating the Efficacy of Fezolinetant in Reducing Vasomotor Symptoms in Women With Breast Cancer on Endocrine Therapy,PHASE2,Phase 2,RECRUITING,92,Yale University,Yale University,65,0,1,active_comparator,2,fezolinetant,,NK3R,Small Molecule,HER2,0,0,1,1,0,0,0,0,0,1,"HR+, HER2+",metastatic
NCT06923527,Circulating Tumor DNA,PHASE2,Phase 2,RECRUITING,50,Yale University,Yale University,65,0,0,single_arm,1,elacestrant,elacestrant,ESR1,Small Molecule,ER;HER2;PR,0,1,1,1,0,0,0,0,0,1,"HR+, HER2+",metastatic · squamous
NCT06926075,Early Phase Study of KESONOTIDE™in Participants With Solid Tumours,PHASE1;PHASE2,Phase 2,RECRUITING,80,Filamon LTD,Filamon,1,1,0,multi_experimental,2,a novel hgiia-vimentin inhibitor;dose expansion,a novel hgiia-vimentin inhibitor;dose expansion,VIMENTIN,Small Molecule,biomarker,0,1,0,0,0,0,0,0,0,0,,metastatic · measurable (RECIST)
NCT06926868,"A Study of Izalontamab Brengitecan Versus Chemotherapy in Participants With Previously Untreated, Locally Advanced, Recurrent Inoperable, or Metastatic Triple-negative Breast Cancer Ineligible for Anti-PD(L)1 Drugs (IZABRIGHT-Breast01)",PHASE2;PHASE3,Phase 3,RECRUITING,600,Bristol-Myers Squibb,Bristol Myers Squibb,764,1,1,active_comparator,3,capecitabine;carboplatin;gemcitabine;nab-paclitaxel;paclitaxel,iza-bren,EGFR,ADC,ER;HER2;PD-L1;TNBC,1,1,1,1,1,1,0,0,0,1,"HR+, HER2+, PD-L1−, BRCA/HRD+",metastatic · measurable (RECIST)
NCT06926920,A Study of Sacituzumab Govitecan Given at an Alternative Dose and Schedule in Participants With Advanced Triple-Negative Breast Cancer,PHASE1;PHASE2,Phase 2,RECRUITING,100,Gilead Sciences,Gilead Sciences,168,1,1,multi_experimental,2,sacituzumab govitecan-hziy (sg),sacituzumab govitecan-hziy (sg),TROP-1,ADC,PD-L1;TROP-1,1,1,0,0,1,0,0,0,1,1,PD-L1+,metastatic · 2nd-line+ · measurable (RECIST)
NCT06929325,Sirolimus for Injection (Albumin-bound) Combined With Fulvestrant for HR+/HER2- Advanced/Metastatic Breast Cancer Patients Previously Treated With CDK4/6 Inhibitors,PHASE3,Phase 3,NOT_YET_RECRUITING,312,"CSPC ZhongQi Pharmaceutical Technology Co., Ltd.",CSPC ZhongQi Pharmaceutical Technology,92,1,0,active_comparator,2,fulvestrant injection;placebo for sirolimus for injection (albumin-bound),fulvestrant injection;sirolimus for injection (albumin-bound),mTOR,Small Molecule,ER;HER2;biomarker,0,1,1,1,0,0,1,0,0,1,"HR+, HER2+, PIK3CAm",metastatic · measurable (RECIST)
NCT06941142,A Study of Sirolimus (Albumin-Bound) in Combination With Palbociclib and Fulvestrant for the Treatment of Advanced Breast Cancer,PHASE1,Phase 1,NOT_YET_RECRUITING,382,"CSPC ZhongQi Pharmaceutical Technology Co., Ltd.",CSPC ZhongQi Pharmaceutical Technology,92,1,0,single_arm,1,fulvestrant injection;palbociclib tablet;sirolimus (albumin - bound),fulvestrant injection;palbociclib tablet;sirolimus (albumin - bound),mTOR,Small Molecule,HER2;HR,0,1,1,1,0,0,1,0,0,1,"HR+, HER2+, PIK3CAm",metastatic · measurable (RECIST)
NCT06942234,Study of JSKN016 Combination Therapy in Inoperable Locally Advanced or Metastatic HER2-Negative Breast Cancer,PHASE1;PHASE2,Phase 2,RECRUITING,180,"Jiangsu Alphamab Biopharmaceuticals Co., Ltd",Jiangsu Alphamab Biopharmaceuticals,35,1,0,multi_experimental,4,jskn016,capecitabine;eribulin;jskn016;paclitaxel (albumin bound);pembrolizumab,HER2,ADC,HER2;TROP2,1,1,1,1,0,0,0,0,0,1,"HR+, HER2−",metastatic · measurable (RECIST)
NCT06943521,A Study of MT-4561 in Patients With Various Advanced Solid Tumors,PHASE1;PHASE2,Phase 2,RECRUITING,27,"Tanabe Pharma America, Inc.",Tanabe Pharma America,3,1,0,single_arm,1,mt-4561,mt-4561,BRD4,Small Molecule,,0,1,0,0,0,0,0,0,0,0,,metastatic · adenoca. · measurable (RECIST)
NCT06948539,To Evaluate the Tolerability and Pharmacokinetics of TQB2101 for Injection in Patients With Advanced Malignant Tumors,PHASE1,Phase 1,NOT_YET_RECRUITING,66,"Chia Tai Tianqing Pharmaceutical Group Nanjing Shunxin Pharmaceutical Co., Ltd.",Chia Tai Tianqing Pharmaceutical Group Nanjing Shunxin Pharmaceutical,36,1,0,single_arm,1,tqb2101 for injection,tqb2101 for injection,,ADC,,1,1,0,0,0,0,0,0,0,0,,metastatic · measurable (RECIST) · ECOG 0
NCT06950086,Study of TYK-00540 Tablets in Patients With Advanced Solid Tumors,PHASE1;PHASE2,Phase 2,RECRUITING,180,"TYK Medicines, Inc",TYK Medicines,14,1,0,single_arm,1,tyk-00540,tyk-00540,CDK2,Small Molecule,HER2,0,1,1,1,0,0,0,0,0,1,"HR+, HER2+",metastatic · squamous · measurable (RECIST)
NCT06953882,"Impact of Omitting Chemo Based on Patient's Selection for ER-Positive, HER2-Negative Breast Cancer With Ribociclib and Endocrine Therapy",PHASE2,Phase 2,RECRUITING,140,Yale University,Yale University,65,0,1,multi_experimental,2,anastrazole;goserelin 3.;letrozole 2.;ribociclib,adjuvant;anastrazole;goserelin 3.;letrozole 2.;ribociclib,CDK4/6,Small Molecule,ER;GRPR;HER2;MET;genomic,0,1,0,1,0,0,0,0,0,1,HER2+,metastatic
NCT06954480,Investigating Datopotamab Deruxtecan Plus Durvalumab Versus Datopotamab Deruxtecan in Patients With PDL1-negative Metastatic Triple-negative Breast Cancer,PHASE2,Phase 2,RECRUITING,140,Queen Mary University of London,Queen Mary University of London,19,0,1,active_comparator,2,datopotamab deruxtecan (dato-dxd),datopotamab deruxtecan (dato-dxd);durvalumab,PD-L1,Monoclonal Antibody,EGFR;ER;HER2;PD-L1;PR;TROP2,1,1,1,1,1,0,0,0,0,1,"HR+, HER2+, PD-L1+",metastatic · squamous · measurable (RECIST)
NCT06954961,A Study to Evaluate D-0502 in Subjects With ER+ Her2- Locally Advanced or Metastatic Breast Cancer,PHASE3,Phase 3,RECRUITING,640,"InventisBio Co., Ltd",InventisBio,10,1,0,active_comparator,2,fulvestrant,d-0502,HER2,,ER;HER2,0,1,1,1,0,0,0,0,1,1,"HR+, HER2+",metastatic · 2nd-line+ · measurable (RECIST)
NCT06956690,"A Phase 1/2 Clinical Trial to Assess the Safety, Tolerability, Pharmacokinetics and Preliminary Efficacy of HMBD-501 in Patients With HER3-Expressing Solid Tumors",PHASE1;PHASE2,Phase 2,RECRUITING,180,Hummingbird Bioscience,Hummingbird Bioscience,4,1,0,single_arm,1,env-501,env-501,EGFR,ADC,,1,1,0,0,0,0,0,0,1,0,,metastatic · 2nd-line+ · adenoca.
NCT06957379,Sirolimus for Injection (Albumin-bound) in Combination With Endocrine Therapy for HR+/HER2- Advanced/Metastatic Breast Cancer Patients Who Have Failed Standard Therapy,PHASE2,Phase 2,ACTIVE_NOT_RECRUITING,78,"CSPC ZhongQi Pharmaceutical Technology Co., Ltd.",CSPC ZhongQi Pharmaceutical Technology,92,1,0,single_arm,1,anastrozole;exemestane;fulvestrant;letrozole;sirolimus for injection (albumin-bound),anastrozole;exemestane;fulvestrant;letrozole;sirolimus for injection (albumin-bound),CYP19A1,Small Molecule,ER;HER2;PR,0,1,1,1,0,0,1,0,0,1,"HR+, HER2+, PIK3CAm",metastatic · measurable (RECIST)
NCT06957886,A Study of BL-M07D1 Versus Investigator's Choice of Chemotherapy in Patients With HER2-low Recurrent/Metastatic Breast Cancer,PHASE3,Phase 3,RECRUITING,566,"Sichuan Baili Pharmaceutical Co., Ltd.",Sichuan Baili Pharmaceutical,127,1,0,active_comparator,2,capecitabine;eribulin;gemcitabine;or albumin paclitaxel;paclitaxel,bl-m07d1,HER2,ADC,HER2,1,1,1,1,0,0,0,0,0,1,"HR+, HER2−",metastatic · measurable (RECIST) · ECOG 0
NCT06963905,Saci Nivo Rela for TNBC,PHASE1;PHASE2,Phase 2,RECRUITING,60,Yale University,Yale University,65,0,1,active_comparator,2,nivolumab;relatlimab fdc + nivolumab;sacituzumab govitecan (sg),,PD-1,Monoclonal Antibody,ER;HER2;PD-L1;TROP2,1,1,1,1,1,0,0,0,0,1,"HR+, HER2+, PD-L1+",metastatic · measurable (RECIST) · ECOG 0
NCT06966453,A Study of Disitamab Vedotin in Adults With HER2 Expressing Advanced Breast Cancer,PHASE1;PHASE2,Phase 2,ACTIVE_NOT_RECRUITING,74,Pfizer,Pfizer,687,1,1,multi_experimental,3,disitamab vedotin,disitamab vedotin,HER2,ADC,ER;HER2;PD-L1;PR,1,1,1,1,1,1,0,1,1,1,"HR+, HER2+, PD-L1+, BRCA/HRD+",metastatic · 1st-line
NCT06966700,"A Clinical Study of Sacituzumab Tirumotecan (Sac-TMT, MK-2870) in People With Breast Cancer (MK-2870-032)",PHASE3,Phase 3,RECRUITING,2400,Merck Sharp & Dohme LLC,Merck (MSD),649,1,1,active_comparator,2,capecitabine;carboplatin;cyclophosphamide;doxorubicin;epirubicin;olaparib;paclitaxel;pembrolizumab;rescue medication,capecitabine;carboplatin;cyclophosphamide;doxorubicin;epirubicin;olaparib;paclitaxel;pembrolizumab;rescue medication;sacituzumab tirumotecan,PD-1,Monoclonal Antibody,ER;HER2;PD-L1;TROP2,1,1,1,1,1,0,0,1,0,1,"HR+, HER2+, PD-L1+",metastatic · 1st-line
NCT06968585,A Study of A166 Versus Trastuzumab Emtansine (T-DM1) in Patients With HER2-Positive Unresectable or Metastatic Breast Cancer Previously Treated With Trastuzumab and Taxane Therapy,PHASE3,Phase 3,ACTIVE_NOT_RECRUITING,365,"Sichuan Kelun-Biotech Biopharmaceutical Co., Ltd.",Kelun,50,1,0,active_comparator,2,t-dm1,a166,HER2,ADC,HER2,1,1,0,1,0,0,0,0,0,1,HER2+,metastatic · measurable (RECIST)
NCT06974929,A Clinical Study of HRS-6209 Combined With Other Treatment Regimens in Patients With Breast Cancer,PHASE1;PHASE2,Phase 2,RECRUITING,80,"Jiangsu HengRui Medicine Co., Ltd.",Hengrui,312,1,0,multi_experimental,2,hrs-6209 capsules;letrozole tablets,hrs-2189 tablets;hrs-6209 capsules;letrozole tablets,,,,0,1,0,0,0,0,0,0,0,0,,metastatic · measurable (RECIST)
NCT06976944,Pembrolizumab + Paclitaxel +/- Bevacizumab for Triple-negative Breast Cancer,PHASE2,Phase 2,RECRUITING,24,Yukinori Ozaki,Yukinori Ozaki,1,0,1,active_comparator,2,paclitaxel;pembrolizumab,bevacizumab;paclitaxel;pembrolizumab,PD-1,Monoclonal Antibody,ER;HER2;PD-L1,1,1,1,1,1,1,0,0,0,1,"HR−, HER2−, PD-L1+, BRCA/HRD+",metastatic · measurable (RECIST)
NCT06982521,Phase 3 Study of RLY-2608 + Fulvestrant vs Capivasertib + Fulvestrant as Treatment for Locally Advanced or Metastatic PIK3CA-mutant HR+/HER2- Breast Cancer,PHASE3,Phase 3,RECRUITING,540,"Relay Therapeutics, Inc.",Relay Therapeutics,4,1,0,active_comparator,2,capivasertib;fulvestrant,fulvestrant;zovegalisib,HER2,,HER2,0,1,1,1,0,0,1,0,0,1,"HR+, HER2+, PIK3CAm",metastatic · measurable (RECIST)
NCT06993844,Phase 1/2 Study of ETX-636 in Participants With Advanced Solid Tumors,PHASE1;PHASE2,Phase 2,RECRUITING,233,Ensem Therapeutics,Ensem Therapeutics,1,1,0,multi_experimental,3,,etx-636 dose escalation;etx-636 dose escalation in combination with fulvestrant;etx-636 dose expansion in combination with fulvestrant,PIK3CA,Small Molecule,HER2;PI3K,0,1,1,1,0,0,1,0,0,1,"HR+, HER2+, PIK3CAm",metastatic · measurable (RECIST)
NCT06997029,A Phase 1 Study of BMS-986500 as Monotherapy or Combination Therapy in Advanced Solid Tumors,PHASE1,Phase 1,RECRUITING,234,Bristol-Myers Squibb,Bristol Myers Squibb,764,1,1,multi_experimental,5,bms-986500,bms-986500;fulvestrant;palbociclib,CDK4/6,Small Molecule,CDK4/6 inhibitor resistance,0,1,0,0,0,0,0,0,0,0,,metastatic · measurable (RECIST)
NCT06998108,Study of BEBT-209 in Combination With Fulvestrant Versus Placebo in Combination With Fulvestrant in Patients With HR+/HER2- Locally Advanced or Metastatic Breast Cancer Who Have Progressed After Prior Endocrine Therapy,PHASE3,Phase 3,RECRUITING,330,BeBetter Med Inc,BeBetter Med,13,1,0,active_comparator,2,bebt-209 capsules;fulvestrant injection,,HER2,Small Molecule,ER;HER2;HR;PR,0,1,1,1,0,0,0,0,0,1,"HR+, HER2+",metastatic · squamous · measurable (RECIST)
NCT06998407,"ORION-1: Study of AVZO-023 as a Single Agent and in Combination With AVZO-021, and/or Endocrine Therapy in Advanced Solid Tumors",PHASE1;PHASE2,Phase 2,RECRUITING,380,"Avenzo Therapeutics, Inc.",Avenzo Therapeutics,4,1,0,multi_experimental,4,avzo-023,avzo-021;avzo-023;fulvestrant;letrozole,CDK2,Small Molecule,CCNE1;ctDNA,0,1,0,0,0,0,0,1,1,0,,metastatic · 1st-line · squamous · measurable (RECIST) · ECOG 0-1
NCT06999187,"A Study of DR-0202 in Patients With Locally Advanced or Metastatic, Relapsed or Refractory Carcinomas",PHASE1,Phase 1,RECRUITING,96,Dren Bio,Dren Bio,2,1,0,multi_experimental,8,dr-0202,dr-0202,,Bispecific Antibody,HER2,1,1,1,1,0,0,0,0,1,1,"HR+, HER2+",metastatic · 2nd-line+ · measurable (RECIST)
NCT07002177,A Phase Ib/II Study to Evaluate Multiple Combination Therapies of FWD1802 in Patients With ER+/HER2- BC,PHASE1;PHASE2,Phase 2,RECRUITING,196,"Forward Pharmaceuticals Co., Ltd.",Forward Pharmaceuticals,3,1,0,multi_experimental,4,fwd1802,abemaciclib;everolimus;fwd1802;palbociclib;ribociclib,ESR1,Small Molecule,ER;ESR1;HER2;biomarker,0,1,1,1,0,0,0,0,0,1,"HR+, HER2+",metastatic · measurable (RECIST)
NCT07003074,A Clinical Study of TQB2102 Versus Docetaxel Plus Trastuzumab and Pertuzumab in the Treatment of HER2 Positive Recurrent or Metastatic Breast Cancer,PHASE3,Phase 3,RECRUITING,642,"Chia Tai Tianqing Pharmaceutical Group Nanjing Shunxin Pharmaceutical Co., Ltd.",Chia Tai Tianqing Pharmaceutical Group Nanjing Shunxin Pharmaceutical,36,1,0,active_comparator,2,docetaxel combined + trastuzumab +pertuzumab,tqb2102 for injection,HER2,Monoclonal Antibody,HER2,1,1,1,1,0,0,0,1,0,1,"HR+, HER2+",metastatic · 1st-line · measurable (RECIST) · ECOG 0-1
NCT07007559,ASPEN-09-03: A Study of Evorpacept in Combination With Trastuzumab and Chemotherapy in Metastatic HER2-Positive Breast Cancer,PHASE2,Phase 2,RECRUITING,120,ALX Oncology Inc.,ALX Oncology,8,1,0,single_arm,1,capecitabine;eribulin;evorpacept (alx148);gemcitabine;paclitaxel;trastuzumab;vinorelbine,capecitabine;eribulin;evorpacept (alx148);gemcitabine;paclitaxel;trastuzumab;vinorelbine,CD47,Monoclonal Antibody,HER2,1,1,0,1,0,0,0,0,0,1,HER2+,metastatic · measurable (RECIST)
NCT07008976,Clinical Trial of TQB2102 for Injection Versus Trastuzumab Emtansine for Injection in HER2-positive Advanced Breast Cancer,PHASE3,Phase 3,RECRUITING,246,"Chia Tai Tianqing Pharmaceutical Group Nanjing Shunxin Pharmaceutical Co., Ltd.",Chia Tai Tianqing Pharmaceutical Group Nanjing Shunxin Pharmaceutical,36,1,0,active_comparator,2,trastuzumab emtansine for injection,tqb2102 injection,HER2,Monoclonal Antibody,ER;HER2;PR,1,1,1,1,0,0,0,0,0,1,"HR+, HER2+",metastatic · measurable (RECIST) · ECOG 1
NCT07011654,Study of Naxitamab and Sacituzumab Govitecan in Patients With Metastatic Triple-negative Breast Cancer (TNBC),PHASE1;PHASE2,Phase 2,RECRUITING,31,M.D. Anderson Cancer Center,M.D. Anderson Cancer Center,697,0,0,single_arm,1,naxitamab;sacituzumab govitecan,naxitamab;sacituzumab govitecan,GD2,Monoclonal Antibody,ER;GD2;HER2;TROP2,1,1,1,1,0,0,0,0,0,1,"HR−, HER2−",metastatic · measurable (RECIST)
NCT07015853,ASTRAEA: ReinvigorAting ReSponse To ImmunotheRApy in MEtAstatic TNBC With Combination Myeloid Inhibition and Radiation,PHASE2,Phase 2,NOT_YET_RECRUITING,34,Stephen Shiao,Stephen Shiao,2,0,1,single_arm,1,axatilimab;pembrolizumab;radiotherapy,axatilimab;pembrolizumab;radiotherapy,PD-1,Monoclonal Antibody,ER;HER2;PD-L1;PR,1,1,1,1,0,0,0,0,1,1,"HR−, HER2+",metastatic · 2nd-line+ · squamous
NCT07017673,Phase II Trial of Ivonescimab in Combination With Carboplatin + Docetaxel in Patients With Early-Stage Triple Negative Breast Cancer,PHASE2,Phase 2,RECRUITING,34,Cedars-Sinai Medical Center,Cedars-Sinai Medical Center,11,0,0,single_arm,1,carboplatin;docetaxel;ivonescimab,carboplatin;docetaxel;ivonescimab,PD-1,Bispecific Antibody,BRAF;ER;HER2;MSS;PD-L1;PR;pMMR,1,1,0,1,1,0,0,0,0,1,"HER2−, PD-L1+",metastatic · squamous · ECOG 1
NCT07020117,A Study of [225Ac]Ac-AKY-1189 in Patients With Solid Tumors,PHASE1,Phase 1,RECRUITING,150,"Aktis Oncology, Inc.",Aktis Oncology,2,1,0,single_arm,1,[225ac]ac-aky-1189 (therapeutic);[64cu]cu-aky-1189 (imaging),[225ac]ac-aky-1189 (therapeutic);[64cu]cu-aky-1189 (imaging),NECTIN4,Radiopharmaceutical,NECTIN4,0,1,0,0,0,0,0,0,0,0,,metastatic · measurable (RECIST)
NCT07024173,A Phase 3 Study of HRS-8080 Versus Treatment Chosen by Physicians in Locally Advanced and Metastatic Breast Cancer,PHASE3,Phase 3,RECRUITING,240,"Shandong Suncadia Medicine Co., Ltd.",Shandong Suncadia Medicine,22,1,0,active_comparator,4,anastrozole tablets;everolimus tablets;exemestane tablets;fulvestrant injection;letrozole tablets,hrs-8080 tablet,ER,Small Molecule,ER,0,1,0,0,0,0,0,0,0,0,,metastatic
NCT07029399,A Study With NKT5097 for Adults With Advanced/Metastatic Solid Tumors,PHASE1,Phase 1,RECRUITING,361,"NiKang Therapeutics, Inc.",NiKang Therapeutics,5,1,0,multi_experimental,5,nkt5097 cdk2/cdk4 dual degrader,fulvestrant;letrozole;nkt5097 cdk2/cdk4 dual degrader,CDK2/CDK4,Small Molecule,HER2,0,1,1,1,0,0,0,0,1,1,"HR+, HER2+",metastatic · 2nd-line+ · squamous · measurable (RECIST) · ECOG 0
NCT07036185,A Clinical Trail of KJ015 in Patients With HER2-Expressing Solid Tumors,PHASE1,Phase 1,NOT_YET_RECRUITING,66,"Shanghai Bao Pharmaceuticals Co., Ltd.",Shanghai Bao Pharmaceuticals,1,1,0,single_arm,1,kj015 injection (subcutaneous injection),kj015 injection (subcutaneous injection),HER2,Monoclonal Antibody,HER2,1,1,0,0,0,0,0,0,0,0,,metastatic
NCT07038369,A Phase 1 Study of ATV-1601 in Patients With Advanced Cancer That Have AKT1 E17K Mutations,PHASE1,Phase 1,ACTIVE_NOT_RECRUITING,134,"Atavistik Bio, Inc",Atavistik Bio,1,1,0,multi_experimental,2,,atv-1601;atv-1601 + fulvestrant,AKT1,Small Molecule,AKT1;BRAF;HER2;KRAS,0,1,1,1,0,0,0,0,0,1,"HR+, HER2+",metastatic · measurable (RECIST)
NCT07043725,A Clinical Study of Neoadjuvant Treatment With TQB2102 for Injection for Human Epidermal Growth Factor Receptor 2 (HER2) Positive Breast Cancer,PHASE3,Phase 3,RECRUITING,544,"Chia Tai Tianqing Pharmaceutical Group Nanjing Shunxin Pharmaceutical Co., Ltd.",Chia Tai Tianqing Pharmaceutical Group Nanjing Shunxin Pharmaceutical,36,1,0,active_comparator,2,trastuzumab injection and pertuzumab injection and docetaxel injection and carboplatin injection,tqb2102 for injection,HER2,Monoclonal Antibody,HER2,1,1,1,1,0,0,0,0,0,1,"HR+, HER2+",metastatic · ductal · ECOG 0-1
NCT07046923,A Study of LY4175408 in Participants With Advanced Cancer,PHASE1,Phase 1,RECRUITING,240,Eli Lilly and Company,Eli Lilly,535,1,1,multi_experimental,5,ly4175408,carboplatin;cisplatin;ly4175408;pembrolizumab,PTK7,ADC,HER2;genomic,1,1,0,1,0,0,0,1,0,1,HER2−,metastatic · 1st-line · small-cell · measurable (RECIST)
NCT07047365,TQB2930 Injection for the Treatment of HER2-positive Advanced Breast Cancer,PHASE3,Phase 3,RECRUITING,416,"Chia Tai Tianqing Pharmaceutical Group Nanjing Shunxin Pharmaceutical Co., Ltd.",Chia Tai Tianqing Pharmaceutical Group Nanjing Shunxin Pharmaceutical,36,1,0,active_comparator,2,trastuzumab+,tqb2930+,HER2,ADC,HER2,1,1,0,1,0,0,0,0,0,1,HER2+,metastatic · measurable (RECIST)
NCT07054190,"A Study to Test Inavolisib Treatments in Participants With Early-Stage, PIK3CA-Mutated Breast Cancer",PHASE2,Phase 2,RECRUITING,120,Hoffmann-La Roche,Roche/Genentech,922,1,1,multi_experimental,7,inavolisib;ribociclib,giredestrant;inavolisib;letrozole;ribociclib,PI3K,Small Molecule,8P;ER;HER2,0,1,0,1,0,0,1,0,0,1,"HER2−, PIK3CAm",metastatic · ductal
NCT07054242,"A Prospective, Single-center, Phase II Study of Sacituzumab Tirumotecan in Combination With Pembrolizumab for Neoadjuvant Treatment of Triple-Negative Breast Cancer (TNBC)",PHASE2,Phase 2,NOT_YET_RECRUITING,52,Yantai Yuhuangding Hospital,Yantai Yuhuangding Hospital,3,0,0,single_arm,1,sacituzumab tirumotecan (skb264) plus pembrolizumab,sacituzumab tirumotecan (skb264) plus pembrolizumab,TROP2,ADC,ER;HER2;PR;Triple-Negative Breast Cancer;biomarker;biomarker analysis,1,1,1,1,0,0,0,0,0,1,"HR−, HER2−",measurable (RECIST)
NCT07060807,A Clinical Study of Patritumab Deruxtecan to Treat Breast Cancer (MK-1022-016),PHASE3,Phase 3,RECRUITING,1000,Merck Sharp & Dohme LLC,Merck (MSD),649,1,1,active_comparator,2,capecitabine;liposomal doxorubicin;nab-paclitaxel;paclitaxel;trastuzumab deruxtecan,patritumab deruxtecan,HER3,ADC,EGFR;HER2,1,1,1,1,0,1,0,0,1,1,"HR+, HER2+, BRCA/HRD+",metastatic · 2nd-line+ · measurable (RECIST)
NCT07062965,"A Study to Learn About the Study Medicine Called PF-07248144 in Combination With Fulvestrant in People With HR-positive, HER2-negative Advanced or Metastatic Breast Cancer Who Progressed After a Prior Line of Treatment.",PHASE3,Phase 3,RECRUITING,400,Pfizer,Pfizer,687,1,1,active_comparator,2,everolimus;exemestane;fulvestrant,,KAT6,Small Molecule,AKT1;ESR1;HER2;HR;PIK3CA;PTEN,0,1,1,1,0,1,1,0,0,1,"HR+, HER2+, BRCA/HRD+, PIK3CAm",metastatic · measurable (RECIST)
NCT07064018,"Trial of Single Protein Encapsulated Doxorubicin, SPEDOX-6 in Advanced Malignancies",PHASE1;PHASE2,Phase 2,RECRUITING,67,"University of California, Irvine","University of California, Irvine",22,0,0,multi_experimental,8,spedox-6,filgrastim;pegfilgrastim;spedox-6,KRAS,Small Molecule,FCRN;KRAS,0,1,0,0,0,0,0,0,1,0,,metastatic · 2nd-line+ · adenoca. · measurable (RECIST)
NCT07069595,PREDICT-RD: ctDNA Surveillance in TNBC With Residual Disease,PHASE2,Phase 2,RECRUITING,78,UNC Lineberger Comprehensive Cancer Center,UNC Lineberger Comprehensive Cancer Center,85,0,1,single_arm,1,datopotamab deruxtecan;diagnostic test: circulating tumor dna (ctdna) testing,datopotamab deruxtecan;diagnostic test: circulating tumor dna (ctdna) testing,TROP2,ADC,ER;HER2;PR;TROP2;ctDNA;high-risk pathological features,1,1,1,1,0,0,0,0,0,1,"HR+, HER2+",metastatic
NCT07071337,"A Study of SKB264 Versus Investigator's Choice of Chemotherapy in Subjects With Unresectable Locally Advanced, Relapsed, or Metastatic HR+/HER2- Breast Cancer Who Have Previously Failed Endocrine Therapy",PHASE3,Phase 3,RECRUITING,430,"Sichuan Kelun-Biotech Biopharmaceutical Co., Ltd.",Kelun,50,1,0,active_comparator,2,capecitabine;nab-paclitaxel;paclitaxel,skb264,TROP2,ADC,HER2;TROP2,1,1,1,1,0,0,0,1,1,1,"HR+, HER2+",metastatic · 1st-line · squamous · measurable (RECIST)
NCT07072728,Psilocybin-Assisted Psychotherapy in Cancer Patients With Adjustment Disorder,PHASE2,Phase 2,RECRUITING,87,Psyence Australia Pty Ltd,Psyence Australia Pty,1,1,0,active_comparator,3,psilocybin therapy,,,,,0,0,1,0,0,0,0,0,0,1,HR+,metastatic
NCT07080619,SC-101 in Subjects With Advanced NECTIN4-Amplified Cancers,PHASE2,Phase 2,NOT_YET_RECRUITING,120,"Tianjin ConjuStar Biologics Co., Ltd.",Tianjin ConjuStar Biologics,3,1,0,single_arm,1,sc-101,sc-101,NECTIN4,Peptide,NECTIN-4,0,1,0,0,0,0,0,0,0,0,,
NCT07081555,A First-in-Human Phase 1 Safety and Biodistribution of [177Lu]Lu-ABY-271 in Subjects With HER2-positive Metastatic Breast Cancer,PHASE1,Phase 1,RECRUITING,21,Affibody,Affibody,1,1,0,multi_experimental,4,[177lu]lu-aby-271,[177lu]lu-aby-271,HER2,Radiopharmaceutical,HER2,0,1,0,1,0,0,0,0,0,1,HER2+,metastatic
NCT07083505,A Study Comparing the Efficacy and Safety of HB1801 With Taxotere® in Advanced Breast Cancer,PHASE2,Phase 2,NOT_YET_RECRUITING,60,"CSPC ZhongQi Pharmaceutical Technology Co., Ltd.",CSPC ZhongQi Pharmaceutical Technology,92,1,0,active_comparator,2,taxotere,hb1801,,,,0,1,0,0,0,0,0,0,1,0,,metastatic · 2nd-line+ · squamous · measurable (RECIST)
NCT07085767,Palazestrant in Combination With Ribociclib for the First-line Treatment of ER+/HER2- Advanced Breast Cancer,PHASE3,Phase 3,RECRUITING,1000,"Olema Pharmaceuticals, Inc.",Olema Pharmaceuticals,6,1,1,active_comparator,2,letrozole;palazestrant matching-placebo;ribociclib,letrozole-matching placebo;palazestrant;ribociclib,CDK4/6,Small Molecule,ER;GRPR;HER2,0,1,1,1,0,0,0,0,0,1,"HR+, HER2+",metastatic · measurable (RECIST)
NCT07088588,Study of SYN608 for the Treatment of Advanced or Metastatic Solid Tumors,PHASE1,Phase 1,NOT_YET_RECRUITING,105,"Hangzhou SynRx Therapeutics Biomedical Technology Co., Ltd",Hangzhou SynRx Therapeutics Biomedical Technology,3,1,0,single_arm,1,syn608,syn608,PARG,Small Molecule,,0,1,0,0,0,1,0,0,1,1,BRCA/HRD+,metastatic · 2nd-line+ · measurable (RECIST)
NCT07100106,"A Study to Evaluate the Effect of GDC-4198 Alone and in Combination With Giredestrant Versus Abemaciclib and Giredestrant in Participants With Locally Advanced or Metastatic Estrogen Receptor-Positive (ER+), Human Epidermal Growth Factor Receptor-Negative (HER2-) Breast Cancer",PHASE1;PHASE2,Phase 2,RECRUITING,285,"Genentech, Inc.",Roche/Genentech,922,1,1,multi_experimental,4,giredestrant,abemaciclib;gdc-4198;giredestrant,CDK4/2,Small Molecule,ER;HER2,0,1,1,1,0,0,0,0,0,1,"HR+, HER2+",metastatic · adenoca. · measurable (RECIST)
NCT07101601,Study of DM5167 in Patients With Advanced Solid Tumors,PHASE1,Phase 1,RECRUITING,58,DIGMBIO,DIGMBIO,1,1,0,multi_experimental,7,dm5167,dm5167,PARP,Small Molecule,,0,1,0,0,0,0,0,0,0,0,,unresectable · measurable (RECIST)
NCT07102381,A Phase 2 Neoadjuvant Study of Zanidatamab in Combination With Chemotherapy in Participants With HER2-positive Breast Cancer,PHASE2,Phase 2,RECRUITING,125,Jazz Pharmaceuticals,Jazz Pharmaceuticals,59,1,0,active_comparator,3,carboplatin;docetaxel;paclitaxel;pertuzumab;trastuzumab;zanidatamab,,HER2,Bispecific Antibody,HER2,1,1,1,1,0,0,0,0,1,1,"HR+, HER2+",metastatic · 2nd-line+ · ductal
NCT07102940,Efti in Patients With Hormone Receptor Positive/HER2-neg Breast Cancer,PHASE2,Phase 2,NOT_YET_RECRUITING,50,George Washington University,George Washington University,2,0,0,single_arm,1,docetaxel-cyclophosphamide (tc) intravenous (i.v);dose dense adriamycin-cyclophosphamide (ac) i.v;eftilagimod alfa (efti),docetaxel-cyclophosphamide (tc) intravenous (i.v);dose dense adriamycin-cyclophosphamide (ac) i.v;eftilagimod alfa (efti),HER2,Fusion Protein,ER;HER2;PR,0,1,1,1,0,0,0,0,0,1,"HR+, HER2+",metastatic
NCT07108309,BCD-236 in Combination With Chemotherapy in Patients With Relapsed and/or Metastatic Triple Negative Breast Cancer,PHASE2,Phase 2,RECRUITING,124,Biocad,Biocad,28,1,0,active_comparator,2,,bcd-236,,,ER;HER2;PR,0,0,1,1,0,0,0,0,0,1,"HR+, HER2+",metastatic · measurable (RECIST) · ECOG 0-1
NCT07109726,A Phase 1/2 Trial of TER-2013 in Patients With Solid Tumors Harboring AKT/PI3K/PTEN Pathway Alterations,PHASE1;PHASE2,Phase 2,RECRUITING,205,Terremoto Biosciences Inc.,Terremoto Biosciences,1,1,0,multi_experimental,4,ter-2013,fulvestrant injection;ter-2013,AKT,Small Molecule,AKT;BRAF;HER2;KRAS;PI3K;PTEN,0,1,1,1,0,0,1,0,0,1,"HR+, HER2+, PIK3CAm",metastatic · adenoca. · measurable (RECIST)
NCT07111832,A Clinical Trial of SHR-A1811 in the Treatment of Triple-negative Breast Cancer,PHASE3,Phase 3,RECRUITING,400,"Suzhou Suncadia Biopharmaceuticals Co., Ltd.",Suzhou Suncadia Biopharmaceuticals,86,1,0,active_comparator,2,paclitaxel for injection;toripalimab injection,shr-1316 injection;shr-a1811 for injection,PD-1,Monoclonal Antibody,PD-L1,1,1,0,0,0,0,0,0,0,0,,metastatic
NCT07114601,A Study of LY4257496 in Participants With Cancer (OMNIRAY),PHASE1,Phase 1,RECRUITING,421,Eli Lilly and Company,Eli Lilly,535,1,1,multi_experimental,5,diagnostic test: ly4257529;ly4257496,diagnostic test: ly4257529;ly4257496;standard of care anticancer therapies,GRPR,Radiopharmaceutical,ER;GRPR;HER2,0,1,1,1,0,0,0,0,1,1,"HR+, HER2+",metastatic · 2nd-line+ · adenoca. · measurable (RECIST)
NCT07115043,A Study to Investigate Safety of AZD6750 in Adult Participants With Select Advanced or Metastatic Solid Tumors,PHASE1;PHASE2,Phase 2,RECRUITING,120,AstraZeneca,AstraZeneca,780,1,1,multi_experimental,2,azd6750,azd6750;rilvegostomig,IL-2,Small Molecule,PD-L1,0,1,0,0,1,0,0,0,0,1,PD-L1+,metastatic · squamous · measurable (RECIST) · ECOG 0-1
NCT07116824,HB1801 Combined Treatment of HER2-positive Breast Cancer,PHASE2,Phase 2,NOT_YET_RECRUITING,80,"CSPC ZhongQi Pharmaceutical Technology Co., Ltd.",CSPC ZhongQi Pharmaceutical Technology,92,1,0,active_comparator,2,docetaxel;pertuzumab;trastuzumab,hb1801;pertuzumab;trastuzumab,HER2,,HER2,0,1,0,1,0,0,0,0,1,1,HER2+,metastatic · 2nd-line+ · squamous · measurable (RECIST)
NCT07117214,A Phase I Study of [68Ga]Ga-DWJ155 in Patients With Breast and Lung Cancers,PHASE1,Phase 1,RECRUITING,36,Novartis Pharmaceuticals,Novartis,836,1,1,multi_experimental,2,[68ga]ga-dwj155,[68ga]ga-dwj155,HER2,Radiopharmaceutical,HER2,0,1,1,1,0,0,0,1,1,1,"HR+, HER2+",metastatic · 1st-line · adenoca. · measurable (RECIST)
NCT07130383,A Study of MHB036C Combined With MHB039A in Patients With Advanced Breast Cancer or Other Advanced Malignant Solid Tumors,PHASE2,Phase 2,RECRUITING,210,Minghui Pharmaceutical (Hangzhou) Ltd,Minghui Pharmaceutical (Hangzhou),10,1,0,multi_experimental,7,mhb036c for injection;mhb039a for injection,mhb036c for injection;mhb039a for injection,,,,0,1,0,0,0,0,0,0,0,0,,metastatic · measurable (RECIST)
NCT07136428,Asciminib in HER2+ Breast Cancer Brain Metastases,PHASE1;PHASE2,Phase 2,RECRUITING,42,Duke University,Duke University,91,0,1,single_arm,1,asciminib and trastuzumab,asciminib and trastuzumab,BTK,Small Molecule,HER2,0,1,0,1,0,0,0,0,0,1,HER2+,metastatic · ECOG 0
NCT07145255,"Phase 1/2 Dose Finding, Safety and PK Study in Advanced Refractory Solid Tumors",PHASE1;PHASE2,Phase 2,RECRUITING,150,MBrace Therapeutics,MBrace Therapeutics,2,1,0,multi_experimental,3,adc,adc,,ADC,AR;HER2,1,1,1,1,0,0,0,0,1,1,"HR+, HER2+",metastatic · 2nd-line+ · adenoca. · measurable (RECIST)
NCT07156253,Study of SYN818 With Olaparib for the Treatment of Locally Advanced or Metastatic Solid Tumors,PHASE1,Phase 1,RECRUITING,110,"Hangzhou SynRx Therapeutics Biomedical Technology Co., Ltd",Hangzhou SynRx Therapeutics Biomedical Technology,3,1,0,single_arm,1,syn818 and olaparib will be administered,syn818 and olaparib will be administered,PARP,Small Molecule,BRCA1;BRCA2;HER2;HRR,0,1,0,1,0,1,0,0,1,1,"HER2−, BRCA/HRD+",metastatic · 2nd-line+ · measurable (RECIST)
NCT07159451,"A Short-term Preoperative, Evaluating Activity and Safety of Elacestrant Monotherapy as Compared to Elacestrant + Ovarian Function Suppression (LHRH Agonist) in Premenopausal Patients With Stage I-II ER+/HER2- Breast Cancer",PHASE2,Phase 2,RECRUITING,140,"Gustave Roussy, Cancer Campus, Grand Paris","Gustave Roussy, Cancer Campus, Grand Paris",31,0,0,multi_experimental,2,elacestrant,elacestrant;leuprorelin,ESR1,Small Molecule,ER;HER2;genomic,0,1,1,1,0,0,0,0,0,1,"HR+, HER2+",neoadjuvant
NCT07163481,"A Trial to Evaluate Sacituzumab Govitecan in Combination With Endocrine Therapy in Patients With HR-positive, HER2-negative Metastatic Breast Cancer Progressed on CDK4/6 Inhibitors",PHASE1,Phase 1,NOT_YET_RECRUITING,12,Hunan Cancer Hospital,Hunan Cancer Hospital,13,0,1,multi_experimental,2,,sacituzumab govitecan + anastrozole / exemestane;sacituzumab govitecan + fulvestrant,TROP2,ADC,CDK4/6 inhibitor resistant;ER;HER2;HR;MET;PD-L1,1,1,1,1,1,0,0,1,0,1,"HR+, HER2+, PD-L1+",metastatic · 1st-line · measurable (RECIST)
NCT07164976,Ribociclib for HR-positive HER2-negative Metastatic Breast Cancer,PHASE1;PHASE2,Phase 2,RECRUITING,86,Nagoya City University,Nagoya City University,1,0,1,multi_experimental,3,ribociclib,ribociclib,CDK4/6,Small Molecule,ER;GRPR;HER2,0,1,1,1,0,0,0,0,0,1,"HR+, HER2+",metastatic
NCT07169994,A Study of YL202 in Combination With Other Anti-tumor Therapies in Patients With Advanced Solid Tumors,PHASE1;PHASE2,Phase 2,RECRUITING,414,"MediLink Therapeutics (Suzhou) Co., Ltd.",MediLink Therapeutics (Suzhou),23,1,0,multi_experimental,2,,yl202 for injection; furmonertinib mesilate tablets;yl202 for injection; toripalimab injection,PD-1,Monoclonal Antibody,PD-L1,1,1,0,0,0,0,0,0,1,0,,metastatic · 2nd-line+ · ECOG 0
NCT07173556,A Phase Ib/II Study of QLC1401 Combined With CDK4/6 or mTOR Inhibitors in ER+/HER2- Advanced Breast Cancer,PHASE1;PHASE2,Phase 2,NOT_YET_RECRUITING,96,"Qilu Pharmaceutical Co., Ltd.",Qilu Pharmaceutical,108,1,0,multi_experimental,2,qlc1401,qlc1401,CDK4/6,Small Molecule,ER;HER2,0,1,1,0,0,0,0,0,0,1,HR+,metastatic · measurable (RECIST)
NCT07173751,ROSETTA Breast-01: The Effects and Safety of Pumitamig in Patients With Triple-Negative Breast Cancer,PHASE3,Phase 3,RECRUITING,558,BioNTech SE,BioNTech,45,1,1,placebo_comparator,2,carboplatin;eribulin;gemcitabine;matching placebo;nab-paclitaxel/paclitaxel,carboplatin;eribulin;gemcitabine;nab-paclitaxel/paclitaxel;pumitamig,PD-L1,Bispecific Antibody,ER;HER2;PD-L1,1,1,1,1,1,0,0,0,0,1,"HR−, HER2+, PD-L1+",metastatic · measurable (RECIST)
NCT07174336,A Study of Tersolisib (LY4064809/STX-478) With Other Anti-Cancer Treatments in Participants With Advanced Breast Cancer With a Genetic Change (PIK3CA),PHASE3,Phase 3,RECRUITING,800,Eli Lilly and Company,Eli Lilly,535,1,1,placebo_comparator,3,abemaciclib;anastrozole;exemestane;fulvestrant;letrozole;palbociclib;ribociclib,abemaciclib;anastrozole;exemestane;fulvestrant;letrozole;ly4064809;palbociclib;ribociclib,PIK3CA,Small Molecule,ER;HER2;PIK3CA;PR,0,1,1,1,0,0,1,0,1,1,"HR+, HER2+, PIK3CAm",metastatic · 2nd-line+ · measurable (RECIST)
NCT07178171,A Study of QL1706 Combined With Short-Cycle Anthracyclines or Taxanes for the Treatment of Early-Stage TNBC,PHASE1,Phase 1,RECRUITING,30,Xijing Hospital,Xijing Hospital,3,0,0,multi_experimental,2,ql1706 (bispecific antibody targeting pd-1 and clta-4),carboplatin (auc 5);cyclophosphamide;nab-paclitaxel;pirarubicin;ql1706 (bispecific antibody targeting pd-1 and clta-4),PD-1,Bispecific Antibody,PD-L1,1,1,0,0,0,0,0,0,0,0,,squamous · measurable (RECIST)
NCT07178730,"NeoAdjuvant Therapy Comparing Sacituzumab Govitecan+Pembrolizumab vs. SoC Chemotherapy in Clinical Stage II-III, Triple-negative Early Breast Cancer",PHASE3,Phase 3,NOT_YET_RECRUITING,765,Women's Cancer Study Group GmbH,Women's Cancer Study,15,0,1,active_comparator,3,pembrolizumab;soc,pembrolizumab;sacituzumab govitecan,PD-1,Monoclonal Antibody,ER;HER2;MET;PD-L1;PR,1,1,1,1,0,0,0,0,0,1,"HR+, HER2+",metastatic · ECOG 1
NCT07179939,Maintenance Therapy in HER2-Positive Unresectable Locally Recurrent or Metastatic Breast Cancer: A Phase II Study,PHASE2,Phase 2,NOT_YET_RECRUITING,288,Fudan University,Fudan University,29,0,0,single_arm,1,dalpiciclib;et: letrozole/ anastrozole/ exemestane/ fulvestrant/ leuprorelin/ goserelin.;pyrotinib;trastuzumab;trastuzumab rezetecan,dalpiciclib;et: letrozole/ anastrozole/ exemestane/ fulvestrant/ leuprorelin/ goserelin.;pyrotinib;trastuzumab;trastuzumab rezetecan,HER2,Small Molecule,HER2,0,1,1,1,0,0,0,0,0,1,"HR+, HER2+",metastatic
NCT07182149,A Phase 1 Study of NRM-823 in Participants With Locally Advanced or Metastatic Refractory Solid Tumors,PHASE1,Phase 1,RECRUITING,150,"Normunity AccelCo, Inc.",Normunity AccelCo,1,1,0,single_arm,1,nrm-823,nrm-823,,Bispecific Antibody,,1,1,0,0,0,0,0,0,0,0,,metastatic · adenoca.
NCT07189871,"177Lu-BetaBart in Patients With Relapsed/Refractory, Locally Advanced Inoperable, or Metastatic Solid Tumors",PHASE1;PHASE2,Phase 2,RECRUITING,61,"Radiopharm Theranostics, Ltd",Radiopharm Theranostics,7,1,0,single_arm,1,177lu-betabart,177lu-betabart,B7-H3,Radiopharmaceutical,,0,1,0,0,0,0,0,0,1,0,,metastatic · 2nd-line+ · measurable (RECIST)
NCT07190469,PQ203 in Advanced Malignant Tumors Including Triple Negative Breast Cancer,PHASE1,Phase 1,RECRUITING,80,ProteinQure Inc.,ProteinQure,1,1,0,single_arm,1,pq203,pq203,SORT1,ADC,,1,1,0,0,0,0,0,0,0,0,,metastatic · measurable (RECIST)
NCT07193394,Tucatinib and Trastuzumab in HER3-mutant and HER2-not Amplified Metastatic Breast Cancer,PHASE2,Phase 2,RECRUITING,20,Institut Curie,Institut Curie,18,0,1,single_arm,1,trastuzumab (herceptin);tucatinib (ont-380),trastuzumab (herceptin);tucatinib (ont-380),HER2,Small Molecule,HER2,0,1,0,1,0,1,0,0,0,1,"HER2−, BRCA/HRD+",metastatic · measurable (RECIST)
NCT07196774,A Trial of SHR-A1811 Compared to Other Antitumor Therapies as Neoadjuvant Treatments in Early-stage or Locally Advanced HER2-positive Breast Cancer,PHASE3,Phase 3,ACTIVE_NOT_RECRUITING,740,"Jiangsu HengRui Medicine Co., Ltd.",Hengrui,312,1,0,active_comparator,2,carboplatin for injection;docetaxel injection;pertuzumab injection;trastuzumab injection,shr-a1811 for injection,PD-1,Monoclonal Antibody,HER2;PD-L1,1,1,0,1,0,0,0,0,0,1,HER2+,ECOG 0-1
NCT07198724,ERADICATE: A Phase Ib/II Study of Elacestrant Plus Trastuzumab Deruxtecan in Patients With CDK4/6 Inhibitor and Endocrine-resistant HR+/HER2-low or HER2-ultralow Metastatic Breast Cancer,PHASE1;PHASE2,Phase 2,RECRUITING,65,Kristina A. Fanucci,Kristina A. Fanucci,2,0,0,multi_experimental,2,elacestrant;trastuzumab deruxtecan,elacestrant;trastuzumab deruxtecan,ESR1,Small Molecule,CDX;ER;HER2;MET;PR,0,1,1,1,0,0,0,0,1,1,"HR+, HER2+",metastatic · 2nd-line+ · squamous · measurable (RECIST)
NCT07205822,"A Study of Dato-DXd in Inoperable or Metastatic Hormone Receptor-positive, HER2 IHC 0 Breast Cancer",PHASE3,Phase 3,RECRUITING,100,AstraZeneca,AstraZeneca,780,1,1,single_arm,1,dato-dxd,dato-dxd,TROP1,ADC,ER;HER2;TROP1;TROP2,1,1,1,1,0,0,0,0,0,1,"HR+, HER2+",metastatic · squamous · measurable (RECIST)
NCT07207070,"A Randomised, Open-label, Multicentre Phase III Clinical Study to Evaluate the Efficacy and Safety of JS105 Combined With Dalpiciclib and Fulvestrant Compared With Dalpiciclib and Fulvestrant in Patients With PIK3CA-mutated, HR-positive, HER2-negative Recurrent or Metastatic Breast Cancer.",PHASE3,Phase 3,RECRUITING,312,"Risen (Suzhou) Pharma Tech Co., Ltd.",Risen (Suzhou) Pharma Tech,3,1,0,active_comparator,2,dalpiciclib;fulvestrant,dalpiciclib;fulvestrant;js105,PIK3CA,Small Molecule,HER2;PIK3CA,0,1,0,1,0,0,1,0,1,1,"HER2+, PIK3CAm",metastatic · 2nd-line+ · measurable (RECIST) · ECOG 0
NCT07208149,A Study of MR001 in Patients With Locally Recurrent or Metastatic Advanced Triple-Negative Breast Cancer (TNBC),PHASE1;PHASE2,Phase 2,RECRUITING,42,"Shenzhen Majory Biotechnology Co., Ltd.",Shenzhen Majory Biotechnology,1,1,0,multi_experimental,5,mr001 bispecific antibody for injection,mr001 bispecific antibody for injection,,Bispecific Antibody,,1,1,0,0,0,0,0,1,0,0,,metastatic · 1st-line · measurable (RECIST)
NCT07213791,A Study of LY4337713 in Participants With FAP-Positive Solid Tumors,PHASE1,Phase 1,RECRUITING,241,Eli Lilly and Company,Eli Lilly,535,1,1,multi_experimental,6,ly4337713,ly4337713,FAP,Radiopharmaceutical,FAP;HER2,0,1,1,1,0,0,0,0,1,1,"HR+, HER2+",metastatic · 2nd-line+ · adenoca. · ECOG 0-1
NCT07216105,"FT836 With or Without Chemotherapy and/or Monoclonal Antibodies, in Participants With Advanced Solid Tumors",PHASE1,Phase 1,RECRUITING,119,Fate Therapeutics,Fate Therapeutics,19,1,0,multi_experimental,8,ft836,cetuximab;ft836;trastuzumab,HER2,CAR-T,,1,1,0,0,0,0,0,0,1,0,,metastatic · 2nd-line+ · measurable (RECIST)
NCT07218003,A Phase 1/1b of RNDO-564 Single Agent or in Combination With Pembrolizumab in Bladder Cancer and Other Solid Tumors Associated With Nectin-4,PHASE1,Phase 1,ENROLLING_BY_INVITATION,149,Rondo Therapeutics,Rondo Therapeutics,1,1,0,multi_experimental,15,rndo-564,pembrolizumab;rndo-564,NECTIN4,Bispecific Antibody,NECTIN-4,1,1,0,0,0,0,0,0,0,0,,metastatic · squamous · measurable (RECIST)
NCT07222215,PhII Randomized CAPecitabine + ELAcestrant vs. Capecitabine Alone in ER+ Breast Cancer (CAPELA),PHASE2,Phase 2,RECRUITING,297,Kristina A. Fanucci,Kristina A. Fanucci,2,0,0,multi_experimental,3,,capecitabine;elacestrant,ESR1,Small Molecule,ER;HER2,0,1,1,1,0,0,0,0,0,1,"HR+, HER2+",metastatic · squamous · measurable (RECIST) · ECOG 0-1
NCT07222267,An Investigational Study of BG-75202 Alone and in Combination With Other Therapeutic Agents in Adults With Advanced Solid Tumors,PHASE1,Phase 1,RECRUITING,86,BeOne Medicines,BeiGene/BeOne,149,1,0,multi_experimental,5,bg-75202,aromatase inhibitor;bg-75202;cdk4 inhibitor;estrogen receptor antagonist,,,,0,1,0,0,0,0,0,1,0,0,,metastatic · 1st-line · measurable (RECIST)
NCT07235176,Phase Ib/II Clinical Study of QLS1304 Combined With Endocrine Therapy in the Treatment of ER+/HER2- Breast Cancer Patients,PHASE1;PHASE2,Phase 2,RECRUITING,300,"Qilu Pharmaceutical Co., Ltd.",Qilu Pharmaceutical,108,1,0,multi_experimental,2,,qls1304 tablet+fulvestrant or qlc1401;qls1304 tablet+fulvestrant，ai or qlc1401+cdk4/6i,KAT6A,Small Molecule,ER;HER2,0,1,1,1,0,0,0,0,0,1,"HR+, HER2+",metastatic · measurable (RECIST) · ECOG 0-1
NCT07237256,"Chemotherapy De-escalation in HR +, HER2-, Intermediate-risk Early Breast Cancer Treated With Adjuvant Ribociclib",PHASE3,Phase 3,RECRUITING,3902,UNICANCER,UNICANCER,64,0,1,multi_experimental,2,de-escalation,de-escalation,CDK4/6,Small Molecule,ER;HER2;HR;MET;genomic,0,1,1,1,0,0,0,0,0,1,"HR+, HER2+",metastatic · squamous
NCT07242352,Marker - Adjusted Therapy Comparing Adjuvant Elacestrant With Standard Endocrine Treatment in Genomically and/or Clinically High-risk ER+/HER2- eBC,PHASE3,Phase 3,RECRUITING,1520,Women's Cancer Study Group GmbH,Women's Cancer Study,15,0,0,active_comparator,2,standard-of-care endocrine treatment,elacestrant,ESR1,Small Molecule,ER;HER2;PR;genomic,0,1,1,1,0,0,0,0,0,1,"HR+, HER2+",metastatic · squamous · ECOG 1
NCT07250386,A Study of CEA-Targeted CAR-T Therapy in Patients With CEA-Positive Advanced Solid Tumors,PHASE1,Phase 1,RECRUITING,48,"Second Affiliated Hospital, Zhejiang University, School of Medicine","Second Affiliated Hospital, Zhejiang University, School of Medicine",12,0,0,multi_experimental,2,,cea-targeted car-t (intrapleural);cea-targeted car-t (intravenous),CEA,CAR-T,CEA;MET,1,1,0,0,0,0,0,0,1,0,,metastatic · 2nd-line+ · small-cell · measurable (RECIST)
NCT07260058,Immune Cell Therapy for Advanced Solid Tumors,PHASE1;PHASE2,Phase 2,NOT_YET_RECRUITING,48,"Liaoning Medical Diagnosis and Treatment Technology Research and Development Co., Ltd.",Liaoning Medical Diagnosis and Treatment Technology Research and Development,1,1,0,active_comparator,2,standard,autologous immune cells;standard,,Cell Therapy,,1,1,0,0,0,0,0,0,0,0,,metastatic · measurable (RECIST)
NCT07261631,Phase I Study of [177Lu]Lu-DFC413 in Patients With Solid Tumors,PHASE1,Phase 1,RECRUITING,180,Novartis Pharmaceuticals,Novartis,836,1,1,single_arm,1,177lu-dfc413;68ga-nns309,177lu-dfc413;68ga-nns309,,Radiopharmaceutical,HER2;MMR;MSI;MSI-H;dMMR;genomic,0,1,1,1,0,0,0,0,0,1,"HR+, HER2+",metastatic · ductal
NCT07272642,"A Phase 1, Multicenter Imaging Study of LNTH-2403 in Participants With Locally Advanced or Metastatic Solid Tumors.",PHASE1,Phase 1,NOT_YET_RECRUITING,16,"Radiopharm Theranostics, Ltd",Radiopharm Theranostics,7,1,0,single_arm,1,lnth-2403,lnth-2403,LRRC15,Radiopharmaceutical,biomarker,0,1,0,0,0,0,0,0,0,0,,metastatic · squamous
NCT07274852,"A Study of Lutetium [177Lu]-BL-ARC001 in Patients With Locally Advanced or Metastatic Lung Cancer, Breast Cancer, Head and Neck Squamous Cell Carcinoma and Other Solid Tumors",PHASE1,Phase 1,RECRUITING,22,"Sichuan Baili Pharmaceutical Co., Ltd.",Sichuan Baili Pharmaceutical,127,1,0,single_arm,1,lutetium [177lu] bl-arc001,lutetium [177lu] bl-arc001,,Radiopharmaceutical,,0,1,0,0,0,0,0,0,0,0,,metastatic · measurable (RECIST)
NCT07276880,"Preoperative Chemotherapy, Pembrolizumab and Low or High Dose RADiation in an Expansion Cohort of Node(+), Triple Negative Breast Cancer",PHASE2,Phase 2,RECRUITING,32,UNC Lineberger Comprehensive Cancer Center,UNC Lineberger Comprehensive Cancer Center,85,0,1,multi_experimental,2,neoadjuvant pembrolizumab,high dose neoadjuvant boost;low dose neoadjuvant boost;neoadjuvant pembrolizumab,PD-1,Monoclonal Antibody,HER2;PD-L1,1,1,0,0,0,0,0,0,0,0,,
NCT07281833,"Phase III Study to Evaluate the Safety, Efficacy, and Impact on Quality of Life of Capivasertib Alongside Standard-of-care Endocrine Treatment in Patients With HR+/HER2- Advanced Breast Cancer and Progression on Prior Endocrine-based Treatment",PHASE3,Phase 3,RECRUITING,250,Women's Cancer Study Group GmbH,Women's Cancer Study,15,0,1,single_arm,1,capivasertib,capivasertib,AKT1,Small Molecule,ER;HER2;PIK3CA;PTEN;biomarker,0,1,1,1,0,0,1,0,1,1,"HR+, HER2+, PIK3CAm",metastatic · 2nd-line+
NCT07281976,A Trial of LBL-024 Monotherapy or Combination Drug in Patients With Triple Negative Breast Cancer,PHASE1;PHASE2,Phase 2,RECRUITING,220,"Nanjing Leads Biolabs Co.,Ltd",Nanjing Leads Biolabs,19,1,0,active_comparator,2,albumin-bound paclitaxel injection;toripalimab injection,albumin-bound paclitaxel injection;lbl-024 for injection,PD-1,Monoclonal Antibody,PD-L1,1,1,0,0,0,0,0,0,0,0,,measurable (RECIST) · ECOG 0
NCT07287098,A Study of Imlunestrant (LY3484356) in Premenopausal Women With Estrogen Receptor-Positive (ER+) Human Epidermal Growth Factor Receptor 2 Negative (HER2-) Early Breast Cancer,PHASE2,Phase 2,RECRUITING,600,Eli Lilly and Company,Eli Lilly,535,1,1,active_comparator,5,tamoxifen,goserelin;imlunestrant,ESR1,Small Molecule,ER;HER2,0,1,1,1,0,0,0,0,0,1,"HR+, HER2+",metastatic
NCT07287917,Study of AMXT 1501 and DFMO in Combination With Standard Therapies in Advanced Solid Tumors,PHASE1;PHASE2,Phase 2,RECRUITING,92,"Aminex Therapeutics, Inc.",Aminex Therapeutics,4,1,0,multi_experimental,2,amxt 1501 dicaprate;dfmo,amxt 1501 dicaprate;capivasertib;dfmo;fulvestrant;pembrolizumab,AKT1,Small Molecule,BRAF;ER;HER2;PIK3CA;PTEN,0,1,1,1,0,0,1,0,1,1,"HR+, HER2+, PIK3CAm",metastatic · 2nd-line+ · squamous · measurable (RECIST)
NCT07288359,Study of GVV858 as a Single Agent or in Combination With Endocrine Therapy in Patients With HR+/HER2- Breast Cancer and Other Advanced Solid Tumors,PHASE1;PHASE2,Phase 2,RECRUITING,205,Novartis Pharmaceuticals,Novartis,836,1,1,multi_experimental,5,gvv858,fulvestrant;gvv858;letrozole,HER2,,HER2,0,1,1,1,0,0,0,0,0,1,"HR+, HER2+",metastatic · adenoca. · measurable (RECIST)
NCT07294508,A Study to Evaluate HLX22 in Combination With HLX87 in Patients With HER2-Positive Recurrent or Metastatic Breast Cancer,PHASE2;PHASE3,Phase 3,RECRUITING,706,Shanghai Henlius Biotech,Shanghai Henlius,98,1,0,active_comparator,4,t-dxd + pertuzumab;thp,hlx87 + hlx22;hlx87 + pertuzumab,HER2,ADC,ER;HER2,1,1,1,1,0,0,0,0,0,1,"HR+, HER2+",metastatic · measurable (RECIST)
NCT07294534,A Phase II/III Clinical Study to Evaluate the Efficacy and Safety of HLX87in Combination With HLX22 or Pertuzumab in the Neoadjuvant Therapy of HER2-Positive Bresat Cancer,PHASE2;PHASE3,Phase 3,NOT_YET_RECRUITING,817,Shanghai Henlius Biotech,Shanghai Henlius,98,1,0,active_comparator,3,tcbhp,hlx87 + pertuzumab;hlx87+hx22,HER2,ADC,ER;HER2;PR,1,1,1,1,0,0,0,0,0,1,"HR+, HER2+",metastatic · ductal
NCT07299825,A Study of A166 in Patients With HER2-Positive Unresectable or Metastatic Breast Cancer,PHASE2,Phase 2,RECRUITING,40,"Sichuan Kelun-Biotech Biopharmaceutical Co., Ltd.",Kelun,50,1,0,single_arm,1,a166,a166,HER2,ADC,HER2,1,1,0,1,0,0,0,0,0,1,HER2+,metastatic · measurable (RECIST)
NCT07310420,A Trial to Evaluate Ovarian Suppression Following Subcutaneous ZOLADEX 10.8 mg in Premenopausal Women With Early-stage and Advanced HR+ Breast Cancer,PHASE1,Phase 1,RECRUITING,176,TerSera Therapeutics LLC,TerSera Therapeutics,3,1,0,single_arm,1,zoladex,zoladex,GnRH,Peptide,ER;HER2;HR;MET;PR,0,1,1,1,0,0,1,1,0,1,"HR+, HER2+, PIK3CAm",metastatic · 1st-line · adenoca.
NCT07310758,Contrast-enhanced Ultrasound for Sentinel Node Detection,PHASE2;PHASE3,Phase 3,RECRUITING,91,The Netherlands Cancer Institute,The Netherlands Cancer Institute,72,0,0,single_arm,1,sonazoid,,,,,0,0,0,0,0,0,0,0,0,0,,
NCT07311993,Phase 1 Study of CLR 125 in Triple Negative Breast Cancer,PHASE1,Phase 1,RECRUITING,60,"Cellectar Biosciences, Inc.",Cellectar Biosciences,11,1,0,multi_experimental,4,clr 125,clr 125,,Radiopharmaceutical,ER;PR,0,1,1,0,0,0,0,0,0,1,HR+,metastatic · measurable (RECIST)
NCT07318805,A Study to Learn About the Study Medicine Called PF-08032562 in People With Advanced or Metastatic Solid Tumors,PHASE1,Phase 1,RECRUITING,260,Pfizer,Pfizer,687,1,1,multi_experimental,7,pf-08032562,bevacizumab;cetuximab;fluorouracil;fulvestrant;leucovorin;oxaliplatin;pf-08032562,,,,0,1,0,0,0,0,0,0,0,0,,metastatic · measurable (RECIST)
NCT07319195,Window Study of Intratumoral Mitazalimab in Breast Cancer (WINIT-BC),EARLY_PHASE1,Phase 1,RECRUITING,32,Jennifer Zhang,Jennifer Zhang,1,0,0,multi_experimental,6,intratumoral mitazalimab,intratumoral mitazalimab;intratumoral nivolumab,CD40,Monoclonal Antibody,ER;HER2,1,1,1,1,0,0,0,0,0,1,"HR+, HER2+",metastatic
NCT07336771,"JSKN016 in Combination With D-0502 for Locally Advanced or Metastatic HR-Positive, HER2-Negative Breast Cancer",PHASE1;PHASE2,Phase 2,NOT_YET_RECRUITING,60,"Jiangsu Alphamab Biopharmaceuticals Co., Ltd",Jiangsu Alphamab Biopharmaceuticals,35,1,0,multi_experimental,2,d-0502,d-0502;jskn016 q2w;jskn016 q3w,HER2,ADC,ER;HER2;PR,1,1,1,1,0,0,0,0,0,1,"HR+, HER2+",metastatic · measurable (RECIST)
NCT07339176,Intratumoral N17350 in Advanced Solid Tumors,PHASE1;PHASE2,Phase 2,RECRUITING,275,Onchilles Pharma Inc,Onchilles Pharma,1,1,0,multi_experimental,10,n17350,n17350,CD95,Oncolytic Virus,,1,1,0,0,0,0,0,0,0,0,,metastatic · measurable (RECIST)
NCT07340658,"A Study to Investigate the Efficacy and Safety of Letrozole SIE Compared With Femara® (Both Combined With the CDK4/6 Inhibitor Ribociclib) in Postmenopausal Women With HR-Positive, HER2-Negative, Inoperable Locally Advanced or Metastatic Breast Cancer",PHASE3,Phase 3,NOT_YET_RECRUITING,300,Rovi Pharmaceuticals Laboratories,Rovi Pharmaceuticals Laboratories,4,1,0,active_comparator,2,oral femara + ribociclib + injectable placebo,letrozole sie + ribociclib + oral placebo,CDK4/6,Small Molecule,HER2;HR,0,1,0,1,0,0,0,1,0,1,HER2+,metastatic · 1st-line · squamous · measurable (RECIST)
NCT07341737,SL-28 for Advanced Solid Tumours,PHASE1;PHASE2,Phase 2,RECRUITING,60,Second Life Therapeutics,Second Life Therapeutics,1,1,0,multi_experimental,3,sl-28,sl-28,,,biomarker,0,1,0,0,0,0,0,0,1,0,,metastatic · 2nd-line+ · adenoca. · measurable (RECIST)
NCT07349069,A Phase III Trial Comparing HRS-8080 With Standard Endocrine Therapy in Patients With Intermediate or High Risk Early Breast Cancer,PHASE3,Phase 3,RECRUITING,5500,"Shandong Suncadia Medicine Co., Ltd.",Shandong Suncadia Medicine,22,1,0,active_comparator,2,anastrozole tablets;exemestane tablets;letrozole tablets;tamoxifen citrate tablets,hrs-8080 tablets,ER,Small Molecule,ER,0,1,0,0,0,0,0,0,0,0,,metastatic
NCT07350928,Observation of the Effect of Preoperative Use of Dexmedetomidine Hydrochloride Nasal Spray on Optimizing Awake Sedation During Breast-Conserving Surgery for Breast Cancer and Postoperative Awake Status,PHASE3,Phase 3,RECRUITING,394,Tianjin Medical University Cancer Institute and Hospital,Tianjin Medical University Cancer Institute and Hospital,28,0,0,placebo_comparator,2,induction of anesthesia with placebo spray prior to surgery,induction of anesthesia with dexmedetomidine nasal spray prior to surgery,,,,0,1,1,0,0,0,0,0,0,1,HR+,
NCT07354022,A Study to Evluate Efficacy and Safety of HRS-8080 Combined With Dalpiciclib in Patients With Advanced or Metastatic Breast Cancer Resistant to Adjuvant Endocrine Therapy.,PHASE3,Phase 3,RECRUITING,912,"Shandong Suncadia Medicine Co., Ltd.",Shandong Suncadia Medicine,22,1,0,active_comparator,2,fulvestrant injection ;dalpiciclib isethionate,hrs-8080 tablet ; dalpiciclib isethionate,CDK4/6,Small Molecule,ER;HER2;PR,0,1,0,0,0,0,0,0,0,0,,metastatic · ECOG 0-1
NCT07354919,Axelopran for Advanced Cancer in Patients Receiving Opioids,PHASE2,Phase 2,RECRUITING,34,HealthPartners Institute,HealthPartners Institute,2,0,0,single_arm,1,axelopran,axelopran,,,biomarker,0,1,0,0,0,0,0,0,1,0,,metastatic · 2nd-line+ · small-cell · measurable (RECIST)
NCT07358377,"A Trial of HRS-6209-205 to Evaluate the Safety, Tolerability, Pharmacokinetics and Efficacy of HRS-6209 in Combination Therapy in Subjects With HR-Positive/HER2-Negative Cancer",PHASE1,Phase 1,RECRUITING,15,Atridia Pty Ltd.,Atridia Pty,13,1,0,single_arm,1,hrs-6209 capsules and fulvestrant injection,hrs-6209 capsules and fulvestrant injection,HER2,,HER2,0,1,0,1,0,0,0,0,0,1,HER2+,metastatic
NCT07358806,Study to Assess the Effect of OCT-598 in Patients With Advanced Solid Tumors,PHASE1,Phase 1,RECRUITING,51,Oscotec Inc.,Oscotec,3,1,0,multi_experimental,9,oct-598,docetaxel;oct-598,EP2/EP4,Small Molecule,,0,1,0,0,0,0,0,0,1,0,,metastatic · 2nd-line+ · squamous · measurable (RECIST)
NCT07361562,"A Study of a Selective ERBB2 Inhibitor (CGT4255), in Patients With Advanced Solid Tumors",PHASE1,Phase 1,RECRUITING,100,"Cogent Biosciences, Inc.",Cogent Biosciences,11,1,0,multi_experimental,3,cgt4255,cgt4255,HER2,Small Molecule,HER2,0,1,0,1,0,0,0,0,0,1,HER2+,metastatic · measurable (RECIST)
NCT07368998,To Study the Effect of Inavolisib in Combination With Fulvestrant in Participants With Breast Cancer,PHASE2,Phase 2,RECRUITING,80,Hoffmann-La Roche,Roche/Genentech,922,1,1,multi_experimental,2,fulvestrant;inavolisib,fulvestrant;inavolisib,PI3K,Small Molecule,8P;ER;HER2;biomarker,0,1,1,1,0,0,1,0,0,1,"HR+, HER2+, PIK3CAm",metastatic · measurable (RECIST)
NCT07369505,Sapu003 in Advanced mTOR-sensitive Solid Tumors,PHASE1,Phase 1,RECRUITING,27,SAPU NANO (US) LLC,SAPU NANO (US),1,1,0,multi_experimental,2,sapu003,exemestane;sapu003,HER2,,HER2,0,1,1,1,0,0,0,0,0,1,"HR+, HER2+",metastatic · measurable (RECIST)
NCT07373782,Continuous Positive Airway Pressure (CPAP) Assisted Radiotherapy in Breast Cancer,PHASE2;PHASE3,Phase 3,RECRUITING,53,Universitaire Ziekenhuizen KU Leuven,Universitaire Ziekenhuizen KU Leuven,13,0,0,multi_experimental,2,device: continuous positive airway pressure (cpap),device: continuous positive airway pressure (cpap),,,HER2,0,1,0,1,0,0,0,0,0,1,HER2+,metastatic
NCT07377643,"IBI354 With or Without Pertuzumab Versus Taxane, Trastuzumab and Pertuzumab in HER2-positive Metastatic Breast Cancer",PHASE3,Phase 3,RECRUITING,540,"Innovent Biopharmaceutical Technology (Hangzhou) Co., LTD.",Innovent,107,1,0,active_comparator,3,docetaxel;paclitaxel;pertuzumab;trastuzumab,ibi354;pertuzumab,HER2,Monoclonal Antibody,ER;HER2,1,1,1,1,0,0,0,1,0,1,"HR+, HER2+",metastatic · 1st-line · squamous · measurable (RECIST)
NCT07383506,"A Study of Mutant Selective-Inhibitor (CGT6297), in Patients With Advanced Solid Tumors",PHASE1,Phase 1,RECRUITING,90,"Cogent Biosciences, Inc.",Cogent Biosciences,11,1,0,multi_experimental,2,cgt6297,cgt6297,PIK3CA,Small Molecule,BRAF;HER2;KRAS;PIK3CA,0,1,0,1,0,0,1,1,1,1,"HER2+, PIK3CAm",advanced · 1st-line · measurable (RECIST)
NCT07386938,"A Study of the Efficacy, Safety and Pharmacokinetics of RPH-051 and Perjeta® in Combination With Trastuzumab and Docetaxel as the 1st Line Therapy in Patients With HER2-positive Breast Cancer",PHASE3,Phase 3,ACTIVE_NOT_RECRUITING,246,R-Pharm,R-Pharm,36,1,0,active_comparator,2,docetaxel;perjeta;trastuzumab,docetaxel;rph-051;trastuzumab,HER2,Monoclonal Antibody,HER2;MET,1,1,0,1,0,0,0,1,0,1,HER2+,metastatic · 1st-line · adenoca. · measurable (RECIST) · ECOG 0-1
NCT07389733,"A Study of HRS-6208 in Combination With HRS-8080, or Fulvestrant, or Letrozole, With or Without HRS-6209 in Patients With Advanced Unresectable or Metastatic Breast Cancer",PHASE1;PHASE2,Phase 2,RECRUITING,180,"Shandong Suncadia Medicine Co., Ltd.",Shandong Suncadia Medicine,22,1,0,multi_experimental,3,hrs-6208 capsule;hrs-6209 capsule,fulvestrant injection;hrs-6208 capsule;hrs-6209 capsule;hrs-8080 tablet;letrozole tablets,,,,0,1,0,0,0,0,0,0,0,0,,metastatic · squamous · ECOG 0-1
NCT07390838,A Study of SH009 Injection in Patients With Advanced Solid Tumors.,PHASE1,Phase 1,RECRUITING,150,"Nanjing Sanhome Pharmaceutical, Co., Ltd.",Nanjing Sanhome Pharmaceutical,16,1,0,single_arm,1,sh009,sh009,,,PD-L1;biomarker,0,1,0,0,1,0,0,0,0,1,PD-L1+,metastatic · squamous · measurable (RECIST)
NCT07393321,A Phase III Clinical Trial of NTQ1062 in Combination With Fulvestrant for the Treatment of Advanced or Metastatic HR+/HER2- Breast Cancer,PHASE3,Phase 3,NOT_YET_RECRUITING,210,Nanjing Chia-tai Tianqing Pharmaceutical,Nanjing Chia-tai Tianqing Pharmaceutical,5,1,0,placebo_comparator,2,placebo + fulvestrant,ntq1062+fulvestrant,HER2,,ER;HER2,0,1,1,0,0,0,1,0,0,1,"HR+, PIK3CAm",metastatic · squamous · measurable (RECIST)
NCT07393425,Neoadjuvant Trastuzumab Deruxtecan (SHR-A1811) + Pertuzumab in HER2+ Breast Cancer,PHASE2,Phase 2,RECRUITING,50,Shanghai Jiao Tong University School of Medicine,Shanghai Jiao Tong University School of Medicine,6,0,0,single_arm,1,pertuzumab;pyrotinib;taxane;trastuzumab (or biosimilar);trastuzumab deruxtecan,pertuzumab;pyrotinib;taxane;trastuzumab (or biosimilar);trastuzumab deruxtecan,HER2,Monoclonal Antibody,HER2,1,1,0,1,0,0,0,0,0,1,HER2+,stage IV · squamous · measurable (RECIST)
NCT07401381,A Study to Compare the Steady-State Bioavailability of Injectable Letrozole SIE and Oral Letrozole in Post-Menopausal Women With Hormone Receptor Positive Early Breast Cancer,PHASE1,Phase 1,RECRUITING,120,Rovi Pharmaceuticals Laboratories,Rovi Pharmaceuticals Laboratories,4,1,0,multi_experimental,2,,eu sourced oral femara + letrozole sie;us-sourced oral femara + letrozole sie,AR,Small Molecule,ER;HER2;PR,0,1,1,1,0,0,0,0,0,1,"HR+, HER2+",adjuvant
NCT07405801,A Phase II Study Evaluating the Efficacy and Safety of Inavolisib Plus Ribociclib Plus Fulvestrant Versus Placebo Plus Ribociclib Plus Fulvestrant in Participants With Advanced Breast Cancer,PHASE2,Phase 2,RECRUITING,80,Hoffmann-La Roche,Roche/Genentech,922,1,1,placebo_comparator,2,fulvestrant;ribociclib,fulvestrant;inavolisib;ribociclib,PI3K,Small Molecule,8P;ER;HER2;PR;biomarker,0,1,1,0,0,0,1,0,0,1,"HR+, PIK3CAm",metastatic · measurable (RECIST)
NCT07406542,"A Phase III Study of SYS6010 Versus Chemotherapy in HER2-Negative, EGFR-Positive Recurrent or Metastatic Breast Cancer",PHASE3,Phase 3,NOT_YET_RECRUITING,400,"CSPC Megalith Biopharmaceutical Co.,Ltd.",CSPC Megalith Biopharmaceutical,29,1,0,active_comparator,2,capecitabine;gemcitabine;investigator's choice of chemotherapy (eribulin;or vinorelbine),sys6010,HER2,ADC,EGFR;HER2,1,1,0,1,0,0,0,0,0,1,HER2+,metastatic · squamous · measurable (RECIST)
NCT07406789,"Phase II, Prospective, Randomized, Proof-of-concept Study to Evaluate the Effects of a Personalized Dietary Intervention in Women With Advanced Gynecologic or Breast Tumors Treated With Antibody-Drug Conjugates (ADCs).",PHASE2,Phase 2,NOT_YET_RECRUITING,100,TNC Nutrición Terapéutica S.L.,TNC Nutrición Terapéutica S.L.,1,0,0,active_comparator,2,behavioral: general recommendations,dietary supplement: personalised dietary intervention.,,,,0,1,0,0,0,0,0,0,0,0,,unresectable
NCT07413939,RO7771950 Versus Tucatinib in Combination With Trastuzumab and Capecitabine in People With Locally Advanced or Metastatic Breast Cancer That is Human Epidermal Growth Factor Receptor 2 (HER2)-Positive,PHASE2;PHASE3,Phase 3,RECRUITING,650,Hoffmann-La Roche,Roche/Genentech,922,1,1,active_comparator,3,capecitabine;trastuzumab;tucatinib,capecitabine;ro7771950;trastuzumab,HER2,ADC,HER2,1,1,0,1,0,0,0,1,1,1,HER2+,metastatic · 1st-line · measurable (RECIST)
NCT07423117,A Study of ITC-6146RO in Patients With Advanced or Metastatic Cancer Who Have Failed Standard Therapy,PHASE1,Phase 1,NOT_YET_RECRUITING,102,"IntoCell, Inc",IntoCell,1,1,0,single_arm,1,itc-6146ro,itc-6146ro,,,,0,1,0,0,0,0,0,0,0,0,,metastatic · measurable (RECIST)
NCT07424547,Phase I Study of SYS6043 in Patients With Advanced/Metastatic Solid Tumors,PHASE1,Phase 1,RECRUITING,386,"Conjupro Biotherapeutics, Inc.",Conjupro Biotherapeutics,8,1,0,multi_experimental,3,sys6043,sys6043,B7-H3,ADC,,1,1,0,0,0,0,0,0,0,0,,metastatic · measurable (RECIST)
NCT07426822,Rash & Diarrhea Prophylaxis With Capivasertib,PHASE2,Phase 2,RECRUITING,108,Maryam Lustberg,Maryam Lustberg,1,0,1,multi_experimental,2,capivasertib;ceterizine;fulvestrant,capivasertib;ceterizine;fulvestrant,AKT1,Small Molecule,HER2;PIK3CA;PTEN,0,1,0,0,0,0,1,0,1,1,PIK3CAm,metastatic · 2nd-line+
NCT07427394,Study to Evaluate the Safety and Tolerability of Camizestrant in Combination With Atirmociclib in Women With Advanced Breast Cancer,PHASE2,Phase 2,RECRUITING,24,AstraZeneca,AstraZeneca,780,1,1,single_arm,1,atirmociclib;camizestrant,atirmociclib;camizestrant,CDK4/6,Small Molecule,ER;HER2,0,1,1,0,0,0,0,0,1,1,HR+,metastatic · 2nd-line+ · adenoca. · measurable (RECIST)
NCT07432633,[18F]FPyQCP PET Imaging of Fibroblast Activation Protein in Selected Oncology Indications,PHASE1;PHASE2,Phase 2,RECRUITING,71,Blue Earth Diagnostics,Blue Earth Diagnostics,11,1,0,single_arm,1,[18f]fpyqcp,[18f]fpyqcp,FAP,Radiopharmaceutical,,0,1,0,0,0,0,0,1,0,0,,metastatic · 1st-line · squamous
NCT07441460,A Phase III Study of KN026 in Combination With HB1801 as Adjuvant Therapy for Resectable HER2-Positive Breast Cancer,PHASE3,Phase 3,RECRUITING,1800,Shanghai JMT-Bio Inc.,Shanghai JMT-Bio,33,1,0,active_comparator,2,carboplatin;cyclophosphamide;docetaxel;doxorubicin;epirubicin;pertuzumab;trastuzumab,carboplatin;cyclophosphamide;doxorubicin;epirubicin;hb1801;kn026,HER2,ADC,HER2,1,1,0,1,0,0,0,0,0,1,HER2+,
NCT07454642,AVA6103 in Subjects With Locally Advanced or Metastatic Selected Solid Tumors,PHASE1,Phase 1,RECRUITING,174,Avacta Life Sciences Ltd,Avacta Life Sciences,2,1,0,multi_experimental,3,ava6103,ava6103,FAP,Peptide,FAP;SLFN11,0,1,1,0,0,0,0,0,0,1,HR+,metastatic
NCT07458113,Sac-TMT for Active TNBC Brain Metastases,PHASE2,Phase 2,NOT_YET_RECRUITING,20,Yale University,Yale University,65,0,1,single_arm,1,sacituzumab tirumotecan,sacituzumab tirumotecan,TROP-1,ADC,ER;HER2;TROP-1;biomarker,1,1,1,1,0,0,0,0,0,1,"HR−, HER2+",metastatic · measurable (RECIST) · ECOG 0-1
NCT07459283,"The Safety, Dosimetry and Efficacy of 177Lu-INN805 in Patients With Malignant Solid Tumors",EARLY_PHASE1,Phase 1,RECRUITING,10,"FindCure Biosciences (ZhongShan) Co., Ltd.",FindCure Biosciences (ZhongShan),5,1,0,single_arm,1,inn805,inn805,,Radiopharmaceutical,,0,1,0,0,0,0,0,0,0,0,,metastatic · measurable (RECIST)
NCT07459738,"A Phase II Study to Evaluate the Efficacy and Safety of HLX43 in Patients With Hormone Receptor Positive, HER2 Negative Locally Advanced or Metastatic Breast Cancer",PHASE2,Phase 2,NOT_YET_RECRUITING,60,Shanghai Henlius Biotech,Shanghai Henlius,98,1,0,multi_experimental,2,hlx43,hlx43,PD-L1,ADC,HER2;PD-L1,1,1,1,1,0,0,0,0,0,1,"HR+, HER2−",metastatic · measurable (RECIST) · ECOG 0-1
NCT07461454,YL202 Versus Treatment of Physician's Choice in Patients With HR+/HER2- Breast Cancer,PHASE3,Phase 3,RECRUITING,376,"MediLink Therapeutics (Suzhou) Co., Ltd.",MediLink Therapeutics (Suzhou),23,1,0,active_comparator,2,capecitabine;eribulin;gemcitabine;sacituzumab govitecan;vinorelbine,yl202,HER3,ADC,HER2;HR,1,1,1,1,0,0,0,0,0,1,"HR+, HER2+",metastatic · measurable (RECIST)
NCT07486089,Dual-Target CAR-NK Cells for Advanced Breast Cancer (HER2+ and TNBC),PHASE1;PHASE2,Phase 2,RECRUITING,60,Beijing Biotech,Beijing Biotech,30,1,0,multi_experimental,4,dual-target car-nk cells (eb-dt-car-nk);lymphodepleting;supportive care,dual-target car-nk cells (eb-dt-car-nk);lymphodepleting;supportive care,HER2,CAR-T,HER2,1,1,0,1,0,0,0,0,0,1,HER2+,metastatic · measurable (RECIST)
NCT07487519,"Phase II Study of HLX43 Monotherapy or Combined With Immune Checkpoint Inhibitors in Patients With Locally Advanced, Recurrent, or Metastatic Triple-negative Breast Cancer.",PHASE2,Phase 2,NOT_YET_RECRUITING,180,Shanghai Henlius Biotech,Shanghai Henlius,98,1,0,multi_experimental,6,,hlx43 dose 1 + hlx10;hlx43 dose 1 in ≥2l tnbc;hlx43 dose 2 in 1l tnbc;hlx43 dose 2 in ≥2l tnbc;hlx43 dose1 in 1l tnbc;hlx43 dose2 + hlx10,PD-L1,ADC,ER;HER2;PD-L1;PR,1,1,1,1,1,0,0,0,0,1,"HR+, HER2+, PD-L1+",metastatic · measurable (RECIST) · ECOG 0-1
NCT07492394,Dalpiciclib With or Without Entinostat and Letrozole in HR+/HER2- Early Breast Cancer,PHASE2,Phase 2,RECRUITING,60,Hebei Medical University Fourth Hospital,Hebei Medical University Fourth Hospital,6,0,0,placebo_comparator,2,dalpiciclib;entinostat;letrozole,dalpiciclib;letrozole,CDK4/6,Small Molecule,ER;HER2;PR,0,1,1,1,0,0,0,0,0,1,"HR+, HER2+",metastatic · measurable (RECIST)
NCT07492641,BGB-43395 Plus Letrozole Versus CDK4/6i Plus Letrozole for Patients With Advanced or Metastatic HR+/HER2- Breast Cancer Who Have Not Received Prior Treatment for Advanced or Metastatic Disease,PHASE3,Phase 3,RECRUITING,1056,BeOne Medicines,BeiGene/BeOne,149,1,0,active_comparator,2,abemaciclib;letrozole;palbociclib;ribociclib,bgb-43395;letrozole,CDK4/6,Small Molecule,HER2,0,1,1,1,0,0,0,0,0,1,"HR+, HER2+",metastatic
NCT07497386,A Trial of Trastuzumab Rezetecan in Unresectable Locally Recurrent/Metastatic Breast Cancer,PHASE2,Phase 2,RECRUITING,150,"Jiangsu HengRui Medicine Co., Ltd.",Hengrui,312,1,0,multi_experimental,2,,trastuzumab deruxtecan for injection;trastuzumab rezetecan for injection,HER2,ADC,HER2,1,1,0,0,0,0,0,0,0,0,,metastatic · measurable (RECIST)
NCT07498478,Efficacy and Safety of Tinengotinib Tablets Combined With Fulvestrant Injection in Patients With HR Positive and HER-2 Negative Recurrent or Metastatic Breast Cancer Who Have Failed Prior Treatment,PHASE2,Phase 2,RECRUITING,94,"TransThera Sciences (Nanjing), Inc.",TransThera Sciences (Nanjing),11,1,0,multi_experimental,3,,tinengotinib;tinengotinib at the optimal dose combined with fulvestrant;tinengotinib combined with fulvestrant,EGFR,Small Molecule,ER;HER2,0,1,1,1,0,0,0,0,0,1,"HR+, HER2+",metastatic · measurable (RECIST) · ECOG 1
NCT07503808,A Study of IDE034 in Adult Participants With Locally Advanced/Metastatic Solid Tumors Types,PHASE1,Phase 1,RECRUITING,150,IDEAYA Biosciences,IDEAYA Biosciences,11,1,0,multi_experimental,2,ide034,ide034,PTK7,ADC,HER2,1,1,1,1,0,0,0,0,0,1,"HR+, HER2−",metastatic · measurable (RECIST) · ECOG 0
NCT07510802,Dual-Target CAR-NK Cells for Advanced Breast Cancer HER2+ TNBC,PHASE1;PHASE2,Phase 2,RECRUITING,60,Beijing Biotech,Beijing Biotech,30,1,0,multi_experimental,4,dual-target car-nk cells;lymphodepleting;supportive care,dual-target car-nk cells;lymphodepleting;supportive care,MSLN,CAR-T,HER2;MSLN,1,1,0,1,0,0,0,0,0,1,HER2+,metastatic · measurable (RECIST)
NCT07517198,Dose Determining Study of EXS74539 (REC-4539) in Participants With Select Solid Tumors,PHASE1,Phase 1,RECRUITING,40,"Exscientia AI Ltd., a wholly owned subsidiary of Recursion Pharmaceuticals, Inc.","Exscientia AI Ltd., a wholly owned subsidiary of Recursion Pharmaceuticals",3,1,0,single_arm,1,exs74539,exs74539,LSD1,Small Molecule,,0,1,0,0,0,0,0,0,1,0,,metastatic · 2nd-line+ · squamous · measurable (RECIST)
NCT07518173,A Study of BL-M07D1 Combined With Pertuzumab Versus Docetaxel Plus Trastuzumab and Pertuzumab in Patients With First-line HER2-positive Recurrent or Metastatic Breast Cancer,PHASE3,Phase 3,RECRUITING,596,"Sichuan Baili Pharmaceutical Co., Ltd.",Sichuan Baili Pharmaceutical,127,1,0,active_comparator,2,docetaxel;pertuzumab;trastuzumab,bl-m07d1;pertuzumab,HER2,ADC,HER2,1,1,1,1,0,0,0,1,0,1,"HR+, HER2+",metastatic · 1st-line · measurable (RECIST)
NCT07524322,Study of RGT-490 in Patients With PIK3CA-Mutated Advanced Solid Tumors,PHASE1,Phase 1,RECRUITING,63,Regor Pharmaceuticals Inc.,Regor Pharmaceuticals,4,1,0,multi_experimental,2,rgt-490,rgt-490,PIK3CA,Small Molecule,PIK3CA,0,1,0,0,0,0,1,0,0,1,PIK3CAm,metastatic · measurable (RECIST)
NCT07524855,A Study of HLD-0117 in Patients With Metastatic Breast Cancer,PHASE1,Phase 1,RECRUITING,170,"Janssen Research & Development, LLC",Johnson & Johnson,363,1,1,single_arm,1,hld-0117,hld-0117,,Cell Therapy,ER;HER2,1,1,0,1,0,0,0,0,0,1,HER2+,metastatic · measurable (RECIST)
NCT07528898,Neoadjuvant SHR-A1811 Combined With Pertuzumab in HER2-Positive Breast Cancer: An Exploratory Clinical Study.,PHASE2,Phase 2,NOT_YET_RECRUITING,100,Hebei Medical University Fourth Hospital,Hebei Medical University Fourth Hospital,6,0,0,active_comparator,2,pertuzumab;trastuzumab,pertuzumab;shr-a1811,HER2,ADC,HER2,1,1,0,1,0,0,0,0,0,1,HER2+,metastatic · measurable (RECIST)
NCT07533123,A Phase III Study of JSKN016 Versus Treatment of Physician's Choice in Patients With Triple-Negative Breast Cancer Who Have Failed Standard of Care,PHASE3,Phase 3,RECRUITING,364,"Jiangsu Alphamab Biopharmaceuticals Co., Ltd",Jiangsu Alphamab Biopharmaceuticals,35,1,0,active_comparator,2,capecitabine tablets;eribulin mcsilate injection;gemcitabine hydrochloride for injection;sacituzumab govitecan for injection;vinorelbine tartrate injection,jskn016 injection,,,TROP2,0,1,0,0,0,0,0,0,0,0,,metastatic · squamous · measurable (RECIST)
NCT07540572,"A Study to Investigate the Safety, Pharmacokinetics, and Preliminary Efficacy of IDE574 Therapy in Adult Participants With Advanced Solid Tumors",PHASE1,Phase 1,RECRUITING,160,IDEAYA Biosciences,IDEAYA Biosciences,11,1,0,multi_experimental,4,ide574,fulvestrant injection;ide574,HER2,Small Molecule,ER;HER2,0,1,1,1,0,0,0,0,0,1,"HR+, HER2+",metastatic · adenoca. · ECOG 1
NCT07541079,"A Study Evaluating Adherence, Tolerability, and Patient Reported Outcomes of Giredestrant in Participants With ER+/HER2- Early Breast Cancer Who Are Intolerant to Adjuvant Aromatase Inhibitor Therapy (novERA Breast Cancer)",PHASE3,Phase 3,RECRUITING,300,"Genentech, Inc.",Roche/Genentech,922,1,1,single_arm,1,giredestrant,giredestrant,ESR1,Small Molecule,ER;HER2,0,1,1,1,0,0,0,0,0,1,"HR+, HER2+",adjuvant
NCT07544056,A Study of BEBT-209 Plus Chemotherapy in Patients With Locally Advanced or Metastatic Triple-Negative Breast Cancer,PHASE2;PHASE3,Phase 3,RECRUITING,446,BeBetter Med Inc,BeBetter Med,13,1,0,active_comparator,2,carboplatin injection;gemcitabine hydrochloride for injection,bebt-209 capsules;carboplatin injection;gemcitabine hydrochloride for injection,ER,Small Molecule,ER;HER2;HR;PR,0,1,1,1,0,0,0,0,1,1,"HR+, HER2+",metastatic · 2nd-line+ · squamous · measurable (RECIST)
NCT07545044,A Study of JSKN003 Versus Trastuzumab in Combination With Pertuzumab and Docetaxel as First-Line Treatment for HER2-Positive Recurrent or Metastatic Breast Cancer,PHASE2,Phase 2,NOT_YET_RECRUITING,60,Shanghai JMT-Bio Inc.,Shanghai JMT-Bio,33,1,0,active_comparator,2,docetaxel;pertuzumab;trastuzumab,jskn003,HER2,Monoclonal Antibody,HER2,1,1,0,1,0,0,0,0,0,1,HER2+,metastatic · squamous · measurable (RECIST)
NCT07545122,"A Phase 1a/1b, First-Time-in-Human Study of CT-202, a Nectin-4 Directed Bispecific Antibody, in Participants With Recurring Triple Negative Breast, Colorectal, Urothelial Cancers",PHASE1,Phase 1,RECRUITING,162,Context Therapeutics Inc.,Context Therapeutics,5,1,0,multi_experimental,2,ct-202,ct-202,NECTIN4,Bispecific Antibody,,1,1,0,0,0,0,0,0,0,0,,measurable (RECIST) · ECOG 0-1
NCT07552181,Phase II Trial of Pembrolizumab/Chemotherapy With Live Biotherapeutic Product MO-03 in Patients With Early Stage Triple Negative Breast Cancer,PHASE2,Phase 2,NOT_YET_RECRUITING,50,Yuan Yuan,Yuan Yuan,3,0,0,single_arm,1,live biotherapeutic product: mo-03 1 capsule po bid,live biotherapeutic product: mo-03 1 capsule po bid,PD-1,Monoclonal Antibody,ER;HER2;PR,1,1,0,1,0,0,0,0,1,1,HER2−,metastatic · 2nd-line+ · squamous · ECOG 0-1
NCT07556848,A Study of 9MW2821 Versus Chemotherapy in Participants With Previously Treated Locally Advanced or Metastatic Triple-Negative Breast Cancer,PHASE3,Phase 3,NOT_YET_RECRUITING,356,"Mabwell (Shanghai) Bioscience Co., Ltd.",Mabwell (Shanghai) Bioscience,33,1,0,active_comparator,2,,9mw2821,Nectin-4,ADC,TROP-1,1,0,0,0,0,0,0,0,0,0,,metastatic · measurable (RECIST) · ECOG 0-1
NCT07557004,A Study of SH3765 Tablets in Combination With Fulvestrant in Patients With HR+/HER2- Advanced Breast Cancer.,PHASE1,Phase 1,ACTIVE_NOT_RECRUITING,30,"Nanjing Sanhome Pharmaceutical, Co., Ltd.",Nanjing Sanhome Pharmaceutical,16,1,0,single_arm,1,sh3765+fulvestrant,sh3765+fulvestrant,ER,Small Molecule,HER2;HR,0,1,0,1,0,0,0,0,0,1,HER2+,metastatic · measurable (RECIST)
NCT07558733,Sapanisertib and Serabelisib (PIKTOR) in Various Combinations in Patients With HR+/HER2- Advanced/Metastatic Breast Cancer,PHASE1;PHASE2,Phase 2,RECRUITING,32,Faeth Therapeutics,Faeth Therapeutics,6,1,0,multi_experimental,2,fulvestrant;sapanisertib;serabelisib,fulvestrant;sapanisertib;serabelisib,PIK3CA,Small Molecule,HER2;PIK3CA;PTEN,0,1,1,1,0,0,1,0,0,1,"HR+, HER2+, PIK3CAm",metastatic · squamous · measurable (RECIST)
NCT07560124,A Study of AK138D1 Alone or in Combination With Ivonescimab in Advanced Breast Cancer,PHASE1;PHASE2,Phase 2,NOT_YET_RECRUITING,286,Akeso,Akeso,103,1,0,active_comparator,3,treatment of physician's choice,ak138d1;ivonescimab,,,,0,1,0,0,0,0,0,0,0,0,,metastatic · measurable (RECIST)
NCT07565324,Phase II Study of Ultrasound and ctDNA Guided Neoadjuvant Systemic Therapy for Patients With HER2-positive Early Breast Cancer (UC HER Trial),PHASE2,Phase 2,NOT_YET_RECRUITING,54,National Taiwan University Hospital,National Taiwan University Hospital,22,0,0,single_arm,1,cyclophosphamide;lipo-dox;pertuzumab;trastuzumab (herceptin),cyclophosphamide;lipo-dox;pertuzumab;trastuzumab (herceptin),HER2,Monoclonal Antibody,ALK;HER2,1,1,0,1,0,0,0,0,0,1,HER2+,metastatic
NCT07578571,A Phase 1 Study of IM-1617 in Participants With Advanced Cancer,PHASE1,Phase 1,RECRUITING,175,"Immunome, Inc.",Immunome,4,1,0,multi_experimental,2,im-1617,im-1617,,ADC,HER2;PD-L1;biomarker,1,1,1,1,1,0,0,0,1,1,"HR+, HER2+, PD-L1+",metastatic · 2nd-line+ · adenoca. · measurable (RECIST)
NCT07580833,A Study to Investigate the Effect of Food on the Bioavailability of Oral Paclitaxel Administered With Encequidar in Participants With Advanced Solid Tumors,PHASE1,Phase 1,NOT_YET_RECRUITING,46,Health Hope Pharma,Health Hope Pharma,4,1,0,multi_experimental,2,oral paclitaxel in combination with encequidar tablet,oral paclitaxel in combination with encequidar tablet,Tubulin,Small Molecule,,0,1,0,0,0,0,0,0,0,0,,metastatic · small-cell
NCT07581314,Oral Zn-Telomir Monotherapy in Patients With Advanced or Metastatic Triple-Negative Breast Cancer (TNBC),PHASE1;PHASE2,Phase 2,NOT_YET_RECRUITING,76,"Telomir Pharmaceuticals, Inc.",Telomir Pharmaceuticals,1,1,0,multi_experimental,2,zn-telomir,zn-telomir,Telomerase,Small Molecule,HER2,0,1,1,1,0,0,0,0,0,1,"HR+, HER2+",metastatic
NCT07591090,A Phase II Study of AK146D1 Combined With AK112 in Advanced Breast Cancer,PHASE2,Phase 2,RECRUITING,200,Akeso,Akeso,103,1,0,multi_experimental,2,ak146d1 for injection,ak112 injection;ak146d1 for injection,TROP2,ADC,HER2;TROP2,1,1,0,1,0,0,0,0,0,1,HER2−,metastatic · measurable (RECIST) · ECOG 0
NCT07597629,A Clinical Study of SYS6023 Combination Therapy for Advanced Breast Cancer,PHASE2,Phase 2,RECRUITING,36,"CSPC Megalith Biopharmaceutical Co.,Ltd.",CSPC Megalith Biopharmaceutical,29,1,0,single_arm,1,kn026;sys6023,kn026;sys6023,,ADC,HER2;biomarker,1,1,0,1,0,0,0,0,0,1,HER2+,metastatic · squamous · measurable (RECIST) · ECOG 0-1
NCT07601620,"A Study to Evaluate the Pharmacokinetics, Efficacy, and Safety of HLX319 vs. EU-Phesgo® in the Neoadjuvant Therapy of HER2-Positive Early or Locally Advanced Breast Cancer",PHASE1,Phase 1,NOT_YET_RECRUITING,258,Shanghai Henlius Biotech,Shanghai Henlius,98,1,0,active_comparator,2,eu-phesgo,hlx319,HER2,Monoclonal Antibody,HER2,1,1,0,1,0,0,0,0,0,1,HER2+,stage IV · ductal
NCT07604571,Study of IEV407 as Single Agent or in Combination in Patients With Advanced HR+/HER2- Breast Cancer,PHASE1,Phase 1,RECRUITING,194,Novartis Pharmaceuticals,Novartis,836,1,1,multi_experimental,5,iev407,fulvestrant;iev407;letrozole,HER2,,HER2,0,1,1,1,0,0,0,0,0,1,"HR+, HER2+",metastatic
NCT07605728,Probiotics for Abemaciclib-Induced Abdominal Discomfort.,PHASE2,Phase 2,RECRUITING,80,Leeuwenhoek Laboratories Co. Ltd.,Leeuwenhoek Laboratories,1,1,0,placebo_comparator,2,dietary supplement: placebo followed by probiotics,dietary supplement: synbiotic supplement followed by placebo,CDK4/6,,,0,1,1,0,0,0,0,0,0,1,HR+,adjuvant
NCT07610148,A Study to Estimate Effect of Formulation and Food on Relative Bioavailability of HRS-6209 in Healthy Participants,PHASE1,Phase 1,ACTIVE_NOT_RECRUITING,21,"Jiangsu HengRui Medicine Co., Ltd.",Hengrui,312,1,0,multi_experimental,3,hrs-6209 capsule (new formulation);hrs-6209 capsule (old formulation),hrs-6209 capsule (new formulation);hrs-6209 capsule (old formulation),,,,0,1,0,0,0,0,0,0,0,0,,
NCT07612891,"A Study to Evaluate the Safety, Tolerability, Pharmacokinetics, and Preliminary Antitumor Activity of INV-6452 in Adult Patients With Hormone Receptor Positive, Human Epidermal Growth Factor Receptor 2 Negative (HR+/HER2-) Advanced/Metastatic Breast Cancer or Locally Advanced/Metastatic Solid Tumor",PHASE1;PHASE2,Phase 2,RECRUITING,201,"Shenzhen Ionova Life Sciences Co., Ltd.",Shenzhen Ionova Life Sciences,4,1,0,multi_experimental,2,inv-6452,inv-6452,HER2,Small Molecule,HER2;HR,0,1,1,1,0,0,0,0,0,1,"HR+, HER2+",metastatic · measurable (RECIST)
NCT07618390,"A Phase ll, Interventional, Single-arm Study Evaluating the Efficacy and Safety of Inavolisib Plus Ribociclib and Fulvestrant in Chinese Patients With PIK3CA-mutant, HR-positive, HER2-negative Locally Advanced or Metastatic Breast Cancer.",PHASE2,Phase 2,NOT_YET_RECRUITING,160,Sun Yat-Sen Memorial Hospital of Sun Yat-Sen University,Sun Yat-Sen Memorial Hospital of Sun Yat-Sen University,15,0,1,single_arm,1,inavolisib + ribociclib + fulvestrant,inavolisib + ribociclib + fulvestrant,PIK3CA,Small Molecule,ER;HER2;PIK3CA;PR;biomarker,0,1,1,1,0,0,1,0,0,1,"HR+, HER2+, PIK3CAm",metastatic · adenoca. · measurable (RECIST)
NCT07619066,A Phase II Study of Zongertinib Plus Fulvestrant in Participants With HR-positive/HER2-negative Advanced Breast Cancer Harboring HER2 Mutations.,PHASE2,Phase 2,NOT_YET_RECRUITING,25,MedSIR,MedSIR,27,0,1,single_arm,1,fulvestrant;zongertinib (bi 1810631),fulvestrant;zongertinib (bi 1810631),HER2,Small Molecule,ER;HER2,0,1,1,1,0,0,0,0,1,1,"HR+, HER2+",metastatic · 2nd-line+ · adenoca. · measurable (RECIST)
NCT07623369,A First-in-Human Study of HH160 in Participants With Advanced or Metastatic Solid Tumors,PHASE1,Phase 1,RECRUITING,299,Huahui Health,Huahui Health,3,1,0,multi_experimental,3,hh160,hh160,PD-1,Bispecific Antibody,,1,1,0,0,0,0,0,0,0,0,,metastatic · measurable (RECIST)
NCT07623642,"A Phase II Study of GV20-0251 in Combination With Anti-PD-1 Monoclonal Antibodies in Patients With Unresectable, Locally Advanced, or Metastatic Solid Tumors.",PHASE2,Phase 2,NOT_YET_RECRUITING,227,GV20 Therapeutics,GV20 Therapeutics,3,1,0,single_arm,1,anti-pd-1 monoclonal antibodies;gv20-0251,anti-pd-1 monoclonal antibodies;gv20-0251,IGSF8,Monoclonal Antibody,IGSF8 RNA;IGSF8 membrane protein;PD-L1,1,1,0,0,1,0,0,1,0,1,PD-L1+,metastatic · 1st-line · adenoca. · measurable (RECIST)
NCT07630961,Phase I Study of JFI447 [68Ga]Ga-DFC413 and Comparison to FFG233 [68Ga]Ga-NNS309 in Patients With Solid Tumors,PHASE1,Phase 1,RECRUITING,66,Novartis Pharmaceuticals,Novartis,836,1,1,multi_experimental,2,68ga-dfc413,68ga-dfc413;68ga-nns309,HER2,Radiopharmaceutical,HER2,0,1,1,1,0,0,0,0,0,1,"HR+, HER2+",metastatic · ductal · measurable (RECIST)
NCT07646106,THE-0504 in Patients With Solid Tumors,PHASE1,Phase 1,RECRUITING,30,Thena Biotech S.r.l.,Thena Biotech,1,1,0,single_arm,1,the-0504,the-0504,,,,0,1,0,0,0,0,0,0,0,0,,metastatic · adenoca.
NCT07647328,"A Phase IIIb Study to Evaluate Camizestrant Plus Ribociclib in ER-positive, HER2-negative Advanced Breast Cancer",PHASE3,Phase 3,RECRUITING,150,AstraZeneca,AstraZeneca,780,1,1,single_arm,1,camizestrant;ribociclib,camizestrant;ribociclib,CDK4/6,Small Molecule,ER;GRPR;HER2,0,1,1,1,0,0,0,1,0,1,"HR+, HER2+",metastatic · 1st-line
NCT07648914,"A Study Comparing BL-B01D1 With Chemotherapy of Physician's Choice in Patients With Unresectable Locally Advanced, Recurrent, or Metastatic HR+/HER2- Breast Cancer After Failure of Prior Endocrine Therapy(PANKU-Breast03)",PHASE3,Phase 3,RECRUITING,446,"Sichuan Baili Pharmaceutical Co., Ltd.",Sichuan Baili Pharmaceutical,127,1,0,active_comparator,2,albumin-bound paclitaxel;capecitabine;paclitaxel,bl-b01d1,HER2,ADC,HER2,1,1,1,1,0,0,0,0,1,1,"HR+, HER2+",metastatic · 2nd-line+ · measurable (RECIST)
NCT07652242,Phase 1 Study of a Self-amplifying RNA Vaccine (ITI-5000) in Stage 2-3 Triple Negative Breast Cancer,PHASE1,Phase 1,RECRUITING,60,"Immunomic Therapeutics, Inc.",Immunomic Therapeutics,3,1,0,multi_experimental,5,,capecitabine;iti-5000 mrna vaccine;iti-5000 mtd (maximum tolerated dose);olaparib;pembrolizumab,PD-1,Vaccine,ER;HER2;PD-L1,1,1,1,1,1,1,0,0,0,1,"HR−, HER2−, PD-L1+, BRCA/HRD+",neoadjuvant · squamous
NCT07658183,"A Clinical Trial Comparing the Efficacy and Safety of Different Doses of BL0175 Injection in Treating Postmenopausal Hormone Receptor-Positive, Human Epidermal Growth Factor Receptor 2-Negative Locally Advanced or Metastatic Breast Cancer",PHASE2,Phase 2,NOT_YET_RECRUITING,120,"Shanghai Best-Link Bioscience, LLC",Shanghai Best-Link Bioscience,6,1,0,multi_experimental,2,bl0175,bl0175,HER2,Small Molecule,HER2,0,1,1,1,0,0,0,0,0,1,"HR+, HER2+",metastatic · squamous
NCT07660055,Study of [177Lu]Lu-DWJ155 and [68Ga]Ga-DWJ155 in Patients With Solid Tumors,PHASE1,Phase 1,RECRUITING,156,Novartis Pharmaceuticals,Novartis,836,1,1,multi_experimental,2,[177lu]lu-dwj155;diagnostic test: [68ga]ga-dwj155,[177lu]lu-dwj155;diagnostic test: [68ga]ga-dwj155,HER2,Radiopharmaceutical,HER2,0,1,1,1,0,0,0,0,0,1,"HR+, HER2+",advanced · measurable (RECIST)
NCT07661641,A Study of [177Lu]Lu-A9-0631 and [225Ac]Ac-A9-0642 With [68Ga]Ga-A9-6217 or [177Lu]Lu-A9-0631 Imaging in GRPR+ Solid Tumors,PHASE1,Phase 1,RECRUITING,115,Alpha-9 Oncology USA Inc.,Alpha-9 Oncology USA,2,1,0,multi_experimental,2,[177lu]lu-a9-0631;[225ac]ac-a9-0642;diagnostic test: [68ga]ga-a9-6217;diagnostic test: low dose [177lu]lu-a9-0631,[177lu]lu-a9-0631;[225ac]ac-a9-0642;diagnostic test: [68ga]ga-a9-6217;diagnostic test: low dose [177lu]lu-a9-0631,,,HER2,0,1,1,1,0,0,0,0,0,1,"HR+, HER2+",metastatic · measurable (RECIST)
NCT07671092,"Imaging Study in Metastatic UC, HR+ and HER2- Breast Cancer, TNBC, and NSCLC",EARLY_PHASE1,Phase 1,NOT_YET_RECRUITING,40,"RayzeBio, Inc.",RayzeBio,7,1,0,single_arm,1,diagnostic test: ryz211/212,diagnostic test: ryz211/212,HER2,,HER2,0,1,1,1,0,0,0,0,0,1,"HR+, HER2+",metastatic
NCT07673029,A Trial Comparing GQ1005 and T-DM1 in Patients With HER2-Positive Unresectable or Metastatic Breast Cancer,PHASE3,Phase 3,RECRUITING,228,"GeneQuantum Healthcare (Suzhou) Co., Ltd.",GeneQuantum Healthcare (Suzhou),4,1,0,multi_experimental,2,,gq1005;t-dm1,HER2,ADC,HER2,1,1,0,1,0,0,0,0,1,1,HER2+,metastatic · 2nd-line+ · measurable (RECIST)
NCT07678957,"A Study Comparing BL-M07D1 With DS-8201 in Patients With HR-Positive, HER2-Low Expressing Recurrent/Metastatic Breast Cancer",PHASE2,Phase 2,RECRUITING,120,"Sichuan Baili Pharmaceutical Co., Ltd.",Sichuan Baili Pharmaceutical,127,1,0,active_comparator,2,ds-8201,bl-m07d1,HER2,ADC,HER2;biomarker,1,1,1,1,0,0,0,0,0,1,"HR+, HER2+",metastatic · measurable (RECIST)
NCT07679269,Roll-Over Study of Alpelisib (BYL719) for Continued Access and Long-Term Safety.,PHASE2,Phase 2,NOT_YET_RECRUITING,51,Novartis Pharmaceuticals,Novartis,836,1,1,single_arm,1,alpelisib;fulvestrant;letrozole;pertuzumab;trastuzumab,,PI3K,Small Molecule,PIK3CA;PTEN,0,1,0,0,0,0,0,0,0,0,,
NCT07679360,A Study of Trastuzumab Rezetecan in Combination With Adebrelimab Versus Investigator's Choice of Therapy in Subjects With Residual Triple Negative Breast Cancer,PHASE3,Phase 3,RECRUITING,1000,"Suzhou Suncadia Biopharmaceuticals Co., Ltd.",Suzhou Suncadia Biopharmaceuticals,86,1,0,active_comparator,2,capecitabine tablets;pembrolizumab injection,adebrelimab injection;trastuzumab rezetecan for injection,HER2,ADC,HER2,1,1,0,1,0,0,0,0,0,1,HER2+,metastatic · ductal · ECOG 0
NCT07683754,T-DXd Based Therapy Followed by Endocrine Therapy Plus Dual HER2 Blockade in First-line HER2+/ HR+ Metastatic Breast Cancer and Retreatment With T-DXd,PHASE3,Phase 3,NOT_YET_RECRUITING,200,Daiichi Sankyo,Daiichi Sankyo,178,1,1,single_arm,1,endocrine therapy;palbociclib;pertuzumab;trastuzumab;trastuzumab deruxtecan,endocrine therapy;palbociclib;pertuzumab;trastuzumab;trastuzumab deruxtecan,HER2,Monoclonal Antibody,ER;HER2;PR,1,1,1,1,0,0,0,0,0,1,"HR+, HER2+",metastatic · measurable (RECIST) · ECOG 0
NCT07684456,Efficacy and Safety of Utidelone Capsule and Utidelone Injection in Patients With HER-2 Negative Advanced Breast Cancer,PHASE3,Phase 3,NOT_YET_RECRUITING,308,"Beijing Biostar Pharmaceuticals Co., Ltd.",Beijing Biostar Pharmaceuticals,12,1,0,active_comparator,2,capecitabine;utidelone injection,capecitabine;utidelone capsule,Tubulin,Small Molecule,,0,1,1,0,0,0,0,0,0,1,HR+,metastatic · squamous · measurable (RECIST)
NCT07697443,"Clinical Trial of TQB3126 for Safety, Tolerability, Pharmacokinetics and Preliminary Efficacy in Breast Cancer Subjects",PHASE1;PHASE2,Phase 2,NOT_YET_RECRUITING,306,"Chia Tai Tianqing Pharmaceutical Group Co., Ltd.",Chia Tai Tianqing Pharmaceutical,213,1,0,single_arm,1,tqb3126,tqb3126,,,,0,1,0,0,0,0,0,0,0,0,,metastatic · measurable (RECIST)
NCT07698106,Enhancing ICB Efficacy Through IL-1 Inhibition in TNBC,PHASE1;PHASE2,Phase 2,NOT_YET_RECRUITING,60,"University Health Network, Toronto","University Health Network, Toronto",91,0,0,multi_experimental,2,group 1-isunakinra,group 1-isunakinra,PD-1,Monoclonal Antibody,HER2,1,1,0,1,1,0,0,1,0,1,"HER2+, PD-L1+",locally advanced · 1st-line · squamous · ECOG 2
NCT07701941,"A Study of Patritumab Deruxtecan (HER3-DXd) in Combination With Trastuzumab Deruxtecan (T-DXd) in Participants With HR-Positive, HER2-Low or HER2-Ultralow Unresectable or Metastatic Breast Cancer",PHASE1;PHASE2,Phase 2,NOT_YET_RECRUITING,220,Daiichi Sankyo,Daiichi Sankyo,178,1,1,active_comparator,4,trastuzumab deruxtecan,patritumab deruxtecan;trastuzumab deruxtecan,EGFR,ADC,EGFR;ER;HER2;genomic,1,1,1,1,0,1,1,0,0,1,"HR+, HER2+, BRCA/HRD+, PIK3CAm",metastatic · measurable (RECIST)
NCT07702292,[68Ga]BED003 PET Imaging of Fibroblast Activation Protein in Selected Oncology Indications,PHASE2,Phase 2,RECRUITING,71,Blue Earth Diagnostics,Blue Earth Diagnostics,11,1,0,single_arm,1,[68ga]bed003,[68ga]bed003,,,,0,1,0,0,0,0,0,1,0,0,,neoadjuvant · 1st-line · ductal
NCT07705334,"A Study of SHY-ONC6, a Novel Proteasome Inhibitor, in Adults With Advanced or Metastatic Solid Tumors",PHASE1,Phase 1,RECRUITING,30,SHY Therapeutics,SHY Therapeutics,1,1,0,single_arm,1,shy-onc6,shy-onc6,,Cell Therapy,,1,1,1,0,0,0,0,0,0,1,HR+,metastatic · squamous · measurable (RECIST)
NCT07708194,Entinostat Plus Pyrotinib and Endocrine Therapy in Advanced Triple-Positive Breast Cancer After Trastuzumab Failure,PHASE1;PHASE2,Phase 2,RECRUITING,94,Tianjin Medical University Cancer Institute and Hospital,Tianjin Medical University Cancer Institute and Hospital,28,0,0,single_arm,1,endocrine therapy;entinostat;pyrotinib,endocrine therapy;entinostat;pyrotinib,HER2,Small Molecule,HER2,0,1,1,1,0,0,0,0,0,1,"HR+, HER2+",metastatic · squamous · measurable (RECIST)
NCT07717450,Rising ctDNA to Tailor Endocrine Therapy Switch in Patients With ER+/HER2- Metastatic Breast Cancer.,PHASE3,Phase 3,NOT_YET_RECRUITING,370,UNICANCER,UNICANCER,64,0,1,active_comparator,2,completion of quality-of-life questionnaires;tumor assessment,completion of quality-of-life questionnaires;ecg;tumor assessment;visual acuity assessment,HER2,,ER;HER2,0,1,1,1,0,0,0,1,0,1,"HR+, HER2+",metastatic · 1st-line · adenoca. · measurable (RECIST)
NCT07723469,Phase 3 Trial of SRG-514 Administered Intraoperatively to Patients Undergoing Breast-Conserving Surgery,PHASE3,Phase 3,NOT_YET_RECRUITING,400,SURGE Therapeutics,SURGE Therapeutics,4,1,0,active_comparator,2,bcs,bcs + srg-514,,,,0,1,0,0,0,0,0,0,0,0,,stage IV · squamous
NCT07726342,SMP-656 for HER2-Positive Advanced Breast Cancer,PHASE2,Phase 2,NOT_YET_RECRUITING,60,"Chengdu SciMount Pharmatech Co., Ltd.",Chengdu SciMount Pharmatech,1,1,0,multi_experimental,2,smp-656 injection,smp-656 injection,HER2,Cell Therapy,HER2,1,1,1,1,0,0,0,1,0,1,"HR+, HER2+",metastatic · 1st-line · measurable (RECIST)
NCT07729956,"A Study of BL-B01D1 Plus an Anti-PD-1 Antibody Versus Nab-paclitaxel Plus an Anti-PD-1 Antibody in Patients With Previously Untreated, Locally Advanced, Inoperable or Metastatic Triple-Negative Breast Cancer Whose Tumors Express PD-L1 (PANKU-Breast04)",PHASE3,Phase 3,NOT_YET_RECRUITING,436,"Sichuan Baili Pharmaceutical Co., Ltd.",Sichuan Baili Pharmaceutical,127,1,0,active_comparator,2,nab-paclitaxel;pd-1 monoclonal antibody,bl-b01d1;pd-1 monoclonal antibody,PD-1,,PD-L1,0,1,0,0,1,0,0,0,0,1,PD-L1+,metastatic · measurable (RECIST)
NCT07730125,Gene-edited T Regulatory Cells (CRG-150) for the Treatment of Relapsed/Refractory Malignancies,PHASE1;PHASE2,Phase 2,NOT_YET_RECRUITING,67,"CoRegen, Inc.",CoRegen,1,1,0,single_arm,1,crg-150,crg-150,HER2,Cell Therapy,HER2;MET;PR,1,1,1,1,0,0,0,0,1,1,"HR+, HER2+",metastatic · 2nd-line+ · measurable (RECIST)
NCT07738341,GB268 Monotherapy or Combination Therapy for Locally Advanced/Metastatic Breast Cancer (Phase Ib/Ⅱ),PHASE1;PHASE2,Phase 2,NOT_YET_RECRUITING,270,"Eddingpharm (Zhuhai) Co., Ltd.",Eddingpharm (Zhuhai),1,1,0,multi_experimental,5,gb268,datopotamab deruxtecan (dato-dxd);gb268;nab-paclitaxel;sacituzumab tirumotecan,PD-1,Bispecific Antibody,HER2;PD-L1;TROP2;biomarker,1,1,1,1,1,0,0,0,0,1,"HR+, HER2+, PD-L1+",metastatic · measurable (RECIST)
NCT07743723,A Study of IOV-5001 in Adults With Advanced Solid Tumors,PHASE1;PHASE2,Phase 2,NOT_YET_RECRUITING,106,"Iovance Biotherapeutics, Inc.",Iovance Biotherapeutics,15,1,0,multi_experimental,5,iov-5001,iov-5001,,,ALK;ER;HER2;MMR;MSI;MSI-H;PD-L1;PR;ROS1;dMMR;genomic,0,1,0,1,1,1,0,0,0,1,"HER2+, PD-L1+, BRCA/HRD+",metastatic · adenoca.
NCT07748208,A Study Evaluating the Safety of Inavolisib and Fulvestrant With or Without Palbociclib in Participants With Advanced Breast Cancer (ABC) and Type 2 Diabetes,PHASE2,Phase 2,NOT_YET_RECRUITING,40,Hoffmann-La Roche,Roche/Genentech,922,1,1,single_arm,1,fulvestrant;inavolisib;palbociclib,fulvestrant;inavolisib;palbociclib,PI3K,Small Molecule,8P;HER2;biomarker,0,1,1,1,0,0,1,0,0,1,"HR+, HER2+, PIK3CAm",metastatic · measurable (RECIST)
NCT07752875,A Study of LG00313112 in Participants With Advanced Solid Malignancies Harboring a TP53 Y220C Mutation,PHASE1;PHASE2,Phase 2,NOT_YET_RECRUITING,250,LG Chem,LG Chem,2,1,0,single_arm,1,lg00313112,lg00313112,,,,0,1,0,0,0,0,0,0,1,0,,metastatic · 2nd-line+ · measurable (RECIST)
NCT07753226,A Study of SI-B036 in Patients With Locally Advanced or Metastatic Breast Cancer and Other Solid Tumors,PHASE1,Phase 1,RECRUITING,39,"Sichuan Baili Pharmaceutical Co., Ltd.",Sichuan Baili Pharmaceutical,127,1,0,single_arm,1,si-b036,si-b036,,,,0,1,0,0,0,0,0,0,0,0,,metastatic · measurable (RECIST)
NCT07753954,Medical Imaging to Re-evaluate Elacestrant Clinical Usage,PHASE2,Phase 2,NOT_YET_RECRUITING,160,Jules Bordet Institute,Jules Bordet Institute,21,0,0,single_arm,1,elacestrant,elacestrant,ESR1,Small Molecule,ER;HER2,0,1,1,1,0,0,0,0,0,1,"HR+, HER2+",metastatic · squamous
NCT07757230,"A Phase II Study of SSGJ-612 Plus a HER2-Targeted ADC in HR-Positive, HER2-Low or HER2-Ultralow Expression Metastatic Breast Cancer",PHASE2,Phase 2,NOT_YET_RECRUITING,87,"Shenyang Sunshine Pharmaceutical Co., LTD.",Shenyang Sunshine Pharmaceutical,14,1,0,multi_experimental,2,her2-targeted adc;ssgj-612 (her2-targeted antibody),her2-targeted adc;ssgj-612 (her2-targeted antibody),HER2,,HER2,0,1,1,1,0,0,0,1,0,1,"HR+, HER2−",metastatic · 1st-line · measurable (RECIST)
NCT07762703,"Combination Immunotherapy Treatment for Locally Advanced Unresectable or Metastatic, PD-L1 Negative (CPS<10), gBRCA Negative, Triple Negative Breast Cancer Including BreakVax ImmunoTreatment (Designed and Manufactured Per Patient), Chemotherapy and Anti PD-1 Therapy",PHASE1;PHASE2,Phase 2,NOT_YET_RECRUITING,10,BreakBio Corp,BreakBio,2,1,0,active_comparator,2,standard-of-care,breakvax;ipilimumab 2.;losartan and aspirin;pembrolizumab;standard-of-care,CTLA-4,Monoclonal Antibody,MMR;MSI;MSI-H;PD-L1;dMMR,1,1,0,0,1,0,0,1,0,1,PD-L1+,metastatic · 1st-line · measurable (RECIST)
NCT07766018,A Phase 2 Bridging Study of Elacestrant Monotherapy in Advanced or Metastatic Breast Cancer,PHASE2,Phase 2,RECRUITING,70,"Stemline Therapeutics, Inc.",Stemline Therapeutics,20,1,0,single_arm,1,elacestrant,elacestrant,ESR1,Small Molecule,ER;HER2;companion diagnostic,0,1,1,1,0,0,0,0,0,1,"HR+, HER2+",metastatic · adenoca.
NCT07774624,Study of SKB103 in HER2-negative Breast Cancer,PHASE1;PHASE2,Phase 2,NOT_YET_RECRUITING,140,"Sichuan Kelun-Biotech Biopharmaceutical Co., Ltd.",Kelun,50,1,0,single_arm,1,skb103 monotherapy,skb103 monotherapy,HER2,Cell Therapy,HER2;biomarker,1,1,0,1,0,0,0,0,0,1,HER2−,metastatic · measurable (RECIST) · ECOG 0
NCT07781852,Evaluation of the Distribution of 64Cu/68Ga Labeled CM500 in Healthy Volunteers and Patients With Cancer,EARLY_PHASE1,Phase 1,NOT_YET_RECRUITING,40,Lumina Pharmaceuticals Inc,Lumina Pharmaceuticals,1,1,0,active_comparator,4,[64cu]cm500;[68ga]cm500;blood collection;device: pet/ct;device: pet/mr,[64cu]cm500;[68ga]cm500;blood collection;device: pet/ct;device: pet/mr,,Peptide,,0,1,0,0,0,0,0,0,0,0,,metastatic
NCT07784036,JYP0035 Capsules Plus Fulvestrant in PIK3CA-Mutant HR+/HER2- Advanced Breast Cancer,PHASE3,Phase 3,NOT_YET_RECRUITING,171,"Chengdu JOYO pharma Co., Ltd.",Chengdu JOYO pharma,2,1,0,active_comparator,2,jyp0035 placebo plus fulvestrant,jyp0035 plus fulvestrant,HER2,,ER;HER2;PR,0,1,1,1,0,0,1,1,1,1,"HR+, HER2+, PIK3CAm",metastatic · 1st-line · squamous · measurable (RECIST)
NCT07801508,A Study of [68Ga]Ga-DWJ155 in Adult Patients With Solid Tumors,PHASE1,Phase 1,RECRUITING,66,Novartis Pharmaceuticals,Novartis,836,1,1,single_arm,1,diagnostic test: [68ga]ga-dwj155,diagnostic test: [68ga]ga-dwj155,HER2,Radiopharmaceutical,HER2,0,1,1,1,0,0,0,1,0,1,"HR+, HER2+",1st-line · adenoca. · measurable (RECIST)
NCT07802626,"Adding Capivasertib to Standard Treatment in HR Positive, HER2 Negative Metastatic Breast Cancer Based on ctDNA Testing",PHASE3,Phase 3,NOT_YET_RECRUITING,1084,SWOG Cancer Research Network,SWOG Cancer Research Network,15,0,1,active_comparator,4,diagnostic test: guardant reveal;nsai + cdk4/6i,diagnostic test: guardant reveal;fulvestrant + cdk4/6i + capivasertib;nsai + cdk4/6i + capivasertib,HER2,Small Molecule,ER;HER2;MET,0,1,0,1,0,0,1,0,0,1,"HER2−, PIK3CAm",metastatic · adenoca. · measurable (RECIST)
NCT07805135,A Study of HB1801 Versus Docetaxel (Taxotere®) in Patients With Advanced Breast Cancer,PHASE3,Phase 3,NOT_YET_RECRUITING,430,"CSPC ZhongQi Pharmaceutical Technology Co., Ltd.",CSPC ZhongQi Pharmaceutical Technology,92,1,0,multi_experimental,2,,docetaxel (taxotere);hb1801,HER2,,HER2,0,1,1,1,0,0,0,0,0,1,"HR+, HER2−",metastatic · measurable (RECIST)
NCT07807345,Phase 1 Study of STRO-006 in Adults With Refractory Solid Tumors That Are Recurrent or Metastatic,PHASE1,Phase 1,NOT_YET_RECRUITING,285,"Sutro Biopharma, Inc.",Sutro Biopharma,8,1,0,multi_experimental,3,stro-006,pembrolizumab;stro-006,PD-1,,HER2,0,1,0,1,0,0,0,0,1,1,HER2+,metastatic · 2nd-line+ · adenoca. · measurable (RECIST)
NCT07811232,"A Study of AL58805 in Advanced, Metastatic GYN, STS or Breast Cancers",PHASE1;PHASE2,Phase 2,NOT_YET_RECRUITING,138,"Advenchen Pharmaceuticals, LLC.",Advenchen Pharmaceuticals,3,1,0,multi_experimental,6,al58805,al58805;al8326;eribulin;fulvestrant,,Small Molecule,MMR;PD-L1;biomarker,0,1,0,0,1,0,0,0,0,1,PD-L1+,metastatic · measurable (RECIST)
