nct_id,brief_title,phase,phase_simple,overall_status,enrollment,lead_sponsor,company,sponsor_scale,is_industry,is_big_pharma,arm_structure,n_arms,comparator_B,experimental_A,targets,modalities,biomarkers_pipeline,tme_relevant,is_combination,PD-L1_CPS,HPV_p16,EGFR,MSI-H/dMMR,first_line,later_line,biomarker_selected
NCT01366144,"Veliparib, Paclitaxel, and Carboplatin in Treating Patients With Solid Tumors That Are Metastatic or Cannot Be Removed by Surgery and Liver or Kidney Dysfunction",PHASE1,Phase 1,ACTIVE_NOT_RECRUITING,94,National Cancer Institute (NCI),National Cancer Institute (NCI),18,0,0,single_arm,1,carboplatin;laboratory biomarker analysis;paclitaxel;pharmacological study;veliparib,carboplatin;laboratory biomarker analysis;paclitaxel;pharmacological study;veliparib,PARP,Small Molecule,BRCA1;BRCA2,0,1,0,0,0,0,0,0,0
NCT01709292,Vemurafenib Neoadjuvant Trial in Locally Advanced Thyroid Cancer,PHASE2,Phase 2,ACTIVE_NOT_RECRUITING,24,M.D. Anderson Cancer Center,M.D. Anderson Cancer Center,697,0,1,multi_experimental,4,vemurafenib (post surgery) - group a + c,post surgery - group b;vemurafenib (all groups);vemurafenib (post surgery) - group a + c,BRAF,Small Molecule,BRAF;biomarker,0,1,0,0,0,0,0,1,0
NCT02143726,"Sorafenib Tosylate With or Without Everolimus in Treating Patients With Advanced, Radioactive Iodine Refractory Hurthle Cell Thyroid Cancer",PHASE2,Phase 2,ACTIVE_NOT_RECRUITING,35,Alliance for Clinical Trials in Oncology,Alliance for Clinical Trials in Oncology,29,0,1,active_comparator,2,sorafenib,everolimus;sorafenib,VEGF/VEGFR,Small Molecule,,0,1,0,0,0,0,0,1,0
NCT02270814,"Cisplatin, Nab-Paclitaxel, and Cetuximab (CACTUX) in Patients With Incurable Head and Neck Squamous Cell Carcinoma",PHASE2,Phase 2,ACTIVE_NOT_RECRUITING,74,Washington University School of Medicine,Washington University School of Medicine,178,0,0,single_arm,1,carboplatin;cetuximab;cisplatin;nab-paclitaxel,carboplatin;cetuximab;cisplatin;nab-paclitaxel,EGFR,Monoclonal Antibody,KRAS,1,1,0,0,0,0,0,0,0
NCT02495896,Recombinant EphB4-HSA Fusion Protein With Standard Chemotherapy Regimens in Treating Patients With Advanced or Metastatic Solid Tumors,PHASE1,Phase 1,ACTIVE_NOT_RECRUITING,61,University of Southern California,University of Southern California,48,0,0,multi_experimental,3,laboratory biomarker analysis;pharmacological study;recombinant ephb4-hsa fusion protein,cisplatin;docetaxel;gemcitabine hydrochloride;laboratory biomarker analysis;paclitaxel albumin-stabilized nanoparticle formulation;pharmacological study;recombinant ephb4-hsa fusion protein,EphB4,Fusion Protein,,0,1,0,0,0,0,1,0,0
NCT02568267,"Basket Study of Entrectinib (RXDX-101) for the Treatment of Patients With Solid Tumors Harboring NTRK 1/2/3 (Trk A/B/C), ROS1, or ALK Gene Rearrangements (Fusions)",PHASE2,Phase 2,ACTIVE_NOT_RECRUITING,534,Hoffmann-La Roche,Roche/Genentech,922,1,1,multi_experimental,9,entrectinib,entrectinib,ROS1,Small Molecule,ALK;NTRK;ROS1,0,1,0,0,0,0,0,0,0
NCT02628067,Study of Pembrolizumab (MK-3475) in Participants With Advanced Solid Tumors (MK-3475-158/KEYNOTE-158),PHASE2,Phase 2,ACTIVE_NOT_RECRUITING,1609,Merck Sharp & Dohme LLC,Merck (MSD),649,1,1,multi_experimental,2,pembrolizumab,pembrolizumab,PD-1,Monoclonal Antibody,CDX;MMR;MSI;MSI-H;PD-L1;TMB;dMMR,1,1,1,0,0,1,1,0,1
NCT02641093,Phase II Trial of Adjuvant Cisplatin and Radiation With Pembrolizumab in Resected Head and Neck Squamous Cell Carcinoma,PHASE2,Phase 2,ACTIVE_NOT_RECRUITING,96,Trisha Wise-Draper,Trisha Wise-Draper,3,0,1,single_arm,1,cisplatin;pembrolizumab;radiation therapy;surgery,cisplatin;pembrolizumab;radiation therapy;surgery,PD-1,Monoclonal Antibody,PD-L1,1,1,0,1,0,0,0,0,1
NCT02644369,Study of the Effects of Pembrolizumab in Patients With Advanced Solid Tumors,PHASE2,Phase 2,ACTIVE_NOT_RECRUITING,100,"University Health Network, Toronto","University Health Network, Toronto",91,0,1,single_arm,1,pembrolizumab,pembrolizumab,PD-1,Monoclonal Antibody,PD-L1;biomarker,1,1,1,0,0,0,0,0,1
NCT02688608,Pembrolizumab in Anaplastic/Undifferentiated Thyroid Cancer,PHASE2,Phase 2,COMPLETED,6,Saad A Khan,Saad A Khan,2,0,1,single_arm,1,pembrolizumab,pembrolizumab,PD-1,Monoclonal Antibody,BRAF;MET;PD-L1,1,1,1,0,0,0,0,1,1
NCT02749903,Enzalutamide for Patients With Androgen Receptor Positive Salivary Cancers,PHASE2,Phase 2,ACTIVE_NOT_RECRUITING,46,Alliance for Clinical Trials in Oncology,Alliance for Clinical Trials in Oncology,29,0,1,single_arm,1,enzalutamide,,AR,Small Molecule,AR,0,0,0,0,0,0,0,0,0
NCT02769520,"Efficacy Study of Pembrolizumab in Relapsed, Locally Recurrent Squamous Cell Cancer of the Head and Neck",PHASE2,Phase 2,ACTIVE_NOT_RECRUITING,27,"Assuntina G. Sacco, MD","Assuntina G. Sacco, MD",1,0,1,single_arm,1,pembrolizumab,pembrolizumab,PD-1,Monoclonal Antibody,PD-L1,1,1,1,0,0,0,0,1,1
NCT02812524,Ipilimumab for Head and Neck Cancer Patients,PHASE1,Phase 1,ACTIVE_NOT_RECRUITING,18,Providence Health & Services,Providence Health & Services,30,0,1,single_arm,1,intratumoral ipilimumab,intratumoral ipilimumab,CTLA-4,Monoclonal Antibody,,1,1,0,0,0,0,0,0,0
NCT03085056,Trametinib in Combination With Paclitaxel in the Treatment of Anaplastic Thyroid Cancer,EARLY_PHASE1,Phase 1,ACTIVE_NOT_RECRUITING,13,Memorial Sloan Kettering Cancer Center,Memorial Sloan Kettering Cancer Center,411,0,1,single_arm,1,paclitaxel;trametinib,paclitaxel;trametinib,MEK,Small Molecule,BRAF,0,1,0,0,0,0,0,1,0
NCT03085719,Targeting PD-1 Therapy Resistance With Focused High or High and Low Dose Radiation in SCCHN,PHASE2,Phase 2,ACTIVE_NOT_RECRUITING,18,Dana-Farber Cancer Institute,Dana-Farber Cancer Institute,326,0,1,multi_experimental,2,pembrolizumab;radiation,pembrolizumab;radiation,PD-1,Monoclonal Antibody,PD-L1,1,1,0,0,0,0,0,0,0
NCT03132922,MAGE-A4ᶜ¹º³²T for Multi-Tumor,PHASE1,Phase 1,ACTIVE_NOT_RECRUITING,71,"USWM CT, LLC",USWM CT,8,1,0,multi_experimental,2,,autologous genetically modified mage-a4c1032t cells combined with low dose radiation;autologous genetically modified mage-a4ᶜ¹º³²t cells,MAGE-A4,Cell Therapy,HLA-A2;MAGE-A4,1,1,0,0,0,0,0,0,0
NCT03157128,"A Study of Selpercatinib (LOXO-292) in Participants With Advanced Solid Tumors, RET Fusion-Positive Solid Tumors, and Medullary Thyroid Cancer (LIBRETTO-001)",PHASE1;PHASE2,Phase 2,ACTIVE_NOT_RECRUITING,857,Eli Lilly and Company,Eli Lilly,535,1,1,multi_experimental,16,loxo-292,loxo-292,RET,Small Molecule,RET;RET activation,0,1,0,0,0,0,0,0,0
NCT03162627,Selumetinib and Olaparib in Solid Tumors,PHASE1,Phase 1,ACTIVE_NOT_RECRUITING,90,M.D. Anderson Cancer Center,M.D. Anderson Cancer Center,697,0,1,multi_experimental,5,olaparib;selumetinib,olaparib;selumetinib,MEK,Small Molecule,BRAF;KRAS,0,1,0,0,0,0,0,1,0
NCT03170960,Study of Cabozantinib Alone or in Combination With Atezolizumab to Subjects With Locally Advanced or Metastatic Solid Tumors,PHASE1,Phase 1,ACTIVE_NOT_RECRUITING,914,Exelixis,Exelixis,52,1,0,multi_experimental,25,,atezolizumab;cabozantinib,MET,Small Molecule,PD-L1,0,1,1,0,0,0,0,0,1
NCT03175224,APL-101 Study of Subjects With NSCLC With c-Met EXON 14 Skip Mutations and c-Met Dysregulation Advanced Solid Tumors,PHASE2,Phase 2,RECRUITING,497,Apollomics Inc.,Apollomics,4,1,0,multi_experimental,9,apl-101 oral capsules,apl-101 oral capsules,MET,Small Molecule,ALK;BRAF;KRAS;MET;NTRK;PR;RET;ROS1;c-MET Dysregulation,0,1,0,0,1,0,1,1,1
NCT03212404,Phase 1 Study of CK-301 (Cosibelimab) as a Single Agent in Subjects With Advanced Cancers,PHASE1,Phase 1,ACTIVE_NOT_RECRUITING,272,"Checkpoint Therapeutics, Inc.",Checkpoint Therapeutics,3,1,0,single_arm,1,ck-301 (cosibelimab),ck-301 (cosibelimab),PD-L1,Monoclonal Antibody,MMR;MSI;MSI-H;PD-L1;dMMR,1,1,1,0,0,1,0,0,1
NCT03215095,RAI Plus Immunotherapy for Recurrent/Metastatic Thyroid Cancers,EARLY_PHASE1,Phase 1,ACTIVE_NOT_RECRUITING,11,Memorial Sloan Kettering Cancer Center,Memorial Sloan Kettering Cancer Center,411,0,1,single_arm,1,durvalumab (medi4736);radioiodine (rai),durvalumab (medi4736);radioiodine (rai),PD-L1,Monoclonal Antibody,PD-L1,1,1,1,0,0,0,0,1,1
NCT03228667,QUILT-3.055: A Study of Combination Immunotherapies in Patients Who Have Previously Received Treatment With Immune Checkpoint Inhibitors,PHASE2,Phase 2,ACTIVE_NOT_RECRUITING,40,"ImmunityBio, Inc.",ImmunityBio,63,1,0,multi_experimental,6,,n-803 + atezolizumab;n-803 + atezolizumab + pd-l1 t-hank;n-803 + avelumab;n-803 + avelumab + pd-l1 t-hank;n-803 + docetaxel + nivolumab;n-803 + docetaxel + pembrolizumab;n-803 + durvalumab;n-803 + durvalumab + pd-l1 t-hank;n-803 + nivolumab;n-803 + nivolumab + pd-l1 t-hank;n-803 + pembrolizumab;n-803 + pembrolizumab + pd-l1 t-hank,PD-1,Monoclonal Antibody,ALK;BRAF;HER2;KRAS;MET;NTRK;PD-L1;PR;RET;ROS1,1,1,1,0,1,0,0,0,1
NCT03284424,Study of Pembrolizumab (MK-3475) in Adults With Recurrent/Metastatic Cutaneous Squamous Cell Carcinoma (cSCC) or Locally Advanced Unresectable cSCC (MK-3475-629/KEYNOTE-629),PHASE2,Phase 2,COMPLETED,159,Merck Sharp & Dohme LLC,Merck (MSD),649,1,1,multi_experimental,2,pembrolizumab,pembrolizumab,PD-1,Monoclonal Antibody,CDX;MMR;MSI;MSI-H;PD-L1;TMB;dMMR,1,1,1,0,0,0,0,1,1
NCT03341936,"Neodjuvant Nivolumab and Lirilumab, Followed by Surgery, Followed by Adjuvant Nivolumab and Lirilumab, in SCCHN",PHASE2,Phase 2,ACTIVE_NOT_RECRUITING,29,Dana-Farber Cancer Institute,Dana-Farber Cancer Institute,326,0,1,single_arm,1,lirilumab;nivolumab,lirilumab;nivolumab,PD-1,Monoclonal Antibody,CD30;PD-L1,1,1,1,1,0,0,0,0,1
NCT03347838,Nivolumab for the Reversal of Squamous Dysplasia in High Risk Current and Former Smokers,PHASE2,Phase 2,ACTIVE_NOT_RECRUITING,19,"University of Colorado, Denver","University of Colorado, Denver",46,0,1,single_arm,1,nivolumab,nivolumab,PD-1,Monoclonal Antibody,CD30;PD-L1,1,1,1,0,0,0,0,0,1
NCT03383094,Chemoradiation vs Immunotherapy and Radiation for Head and Neck Cancer,PHASE2,Phase 2,ACTIVE_NOT_RECRUITING,126,"Loren Mell, MD","Loren Mell, MD",1,0,1,active_comparator,2,cisplatin;radiation therapy,pembrolizumab;radiation therapy,PD-1,Monoclonal Antibody,PD-L1,1,1,1,1,0,0,0,0,1
NCT03389477,"Los Tres Paso: Neoadjuvant Palbociclib Monotherapy, Concurrent Chemoradiation Therapy, Adjuvant Palbociclib Monotherapy in Patients With p16INK4a Negative, HPV-Unrelated Head and Neck Squamous Cell Carcinoma",PHASE2,Phase 2,ACTIVE_NOT_RECRUITING,26,Washington University School of Medicine,Washington University School of Medicine,178,0,1,multi_experimental,2,intensity-modulated radiation therapy;palbociclib;peripheral blood draw;tumor biopsy,cetuximab;cisplatin;intensity-modulated radiation therapy;palbociclib;peripheral blood draw;tumor biopsy,CDK4/6,Small Molecule,ER;HER2;PR;genomic,0,1,0,1,0,0,0,0,1
NCT03410615,Cisplatin + Radiotherapy vs Durvalumab + Radiotherapy Followed by Durvalumab vs Durvalumab + Radiotherapy Followed by Tremelimumab + Durvalumab in Intermediate-Risk HPV-Positive Oropharyngeal SCC,PHASE2,Phase 2,ACTIVE_NOT_RECRUITING,129,Canadian Cancer Trials Group,Canadian Cancer Trials Group,48,0,1,active_comparator,3,cisplatin;radiation,durvalumab;radiation;tremelimumab,PD-L1,Monoclonal Antibody,EGFR;PD-L1,1,1,1,1,0,0,0,0,1
NCT03435952,Pembrolizumab With Intratumoral Injection of Clostridium Novyi-NT,PHASE1,Phase 1,ACTIVE_NOT_RECRUITING,18,M.D. Anderson Cancer Center,M.D. Anderson Cancer Center,697,0,1,single_arm,1,clostridium novyi-nt;doxycycline;pembrolizumab,clostridium novyi-nt;doxycycline;pembrolizumab,PD-1,Monoclonal Antibody,PD-L1,1,1,1,0,0,0,0,0,1
NCT03449108,"LN-145 or LN-145-S1 in Treating Patients With Relapsed or Refractory Ovarian Cancer, Triple Negative Breast Cancer (TNBC), Anaplastic Thyroid Cancer, Osteosarcoma, or Other Bone and Soft Tissue Sarcomas",PHASE2,Phase 2,ACTIVE_NOT_RECRUITING,30,M.D. Anderson Cancer Center,M.D. Anderson Cancer Center,697,0,0,multi_experimental,2,aldesleukin;autologous tumor infiltrating lymphocytes ln-145;cyclophosphamide;fludarabine;quality-of-life assessment;questionnaire administration,aldesleukin;autologous tumor infiltrating lymphocytes ln-145;autologous tumor infiltrating lymphocytes ln-145-s1;cyclophosphamide;fludarabine;ipilimumab;nivolumab;quality-of-life assessment;questionnaire administration,,Cell Therapy,ER;HER2;PR,1,1,0,0,0,0,1,1,0
NCT03468218,Pembrolizumab & Cabozantinib in Patients With Head and Neck Squamous Cell Cancer,PHASE2,Phase 2,ACTIVE_NOT_RECRUITING,36,Emory University,Emory University,116,0,0,single_arm,1,cabozantinib;pembrolizumab,cabozantinib;pembrolizumab,MET,Small Molecule,PD-L1,0,1,0,1,0,0,0,1,1
NCT03474497,"UCDCC#272: IL-2, Radiotherapy, and Pembrolizumab in Patients Refractory to Checkpoint Blockade",PHASE1;PHASE2,Phase 2,ACTIVE_NOT_RECRUITING,18,"Megan Daly, MD","Megan Daly, MD",5,0,1,single_arm,1,il-2;pembrolizumab;radiotherapy,il-2;pembrolizumab;radiotherapy,CD19,Cell Therapy,CD19;PD-L1,1,1,1,0,0,0,0,1,1
NCT03476681,Study of NEO-201 in Solid Tumors Expansion Cohorts,PHASE1;PHASE2,Phase 2,ACTIVE_NOT_RECRUITING,121,"Precision Biologics, Inc",Precision Biologics,3,1,0,single_arm,1,neo-201 in combination with pembrolizumab,neo-201 in combination with pembrolizumab,Core 1 O-glycans,Monoclonal Antibody,BRAF;MMR;MSI;MSI-H;PD-L1;ROS1;SMICA;TMB;dMMR;genomic,1,1,1,0,1,1,0,0,1
NCT03485209,Efficacy and Safety Study of Tisotumab Vedotin for Patients With Solid Tumors,PHASE2,Phase 2,ACTIVE_NOT_RECRUITING,350,"Seagen, a wholly owned subsidiary of Pfizer",Pfizer,687,1,1,multi_experimental,7,tisotumab vedotin,carboplatin;cisplatin;pembrolizumab;tisotumab vedotin,PD-1,Monoclonal Antibody,PD-L1;biomarker,1,1,1,0,0,0,0,1,1
NCT03498378,"Avelumab, Cetuximab, and Palbociclib in Recurrent or Metastatic Head and Neck Squamous Cell Carcinoma",PHASE1,Phase 1,ACTIVE_NOT_RECRUITING,24,Kathryn Gold,Kathryn Gold,1,0,1,single_arm,1,avelumab;cetuximab;palbociclib,avelumab;cetuximab;palbociclib,PD-L1,Monoclonal Antibody,PD-L1,1,1,1,0,1,0,0,0,1
NCT03526835,A Study of Bispecific Antibody MCLA-158 in Patients With Advanced Solid Tumors,PHASE1;PHASE2,Phase 2,RECRUITING,560,Merus B.V.,Merus,8,1,0,multi_experimental,4,,mcla-158;mcla-158 + folfiri;mcla-158 + folfox;mcla-158 + pembrolizumab,EGFR,Monoclonal Antibody,BRAF;HER2;KRAS;PD-L1,1,1,1,1,1,0,1,1,1
NCT03546582,SBRT +/- Pembrolizumab in Patients With Local-Regionally Recurrent or Second Primary Head and Neck Carcinoma,PHASE2,Phase 2,ACTIVE_NOT_RECRUITING,86,"RTOG Foundation, Inc.","RTOG Foundation, Inc.",6,0,1,multi_experimental,2,pembrolizumab;stereotactic body radiation therapy (sbrt),pembrolizumab;stereotactic body radiation therapy (sbrt),PD-1,Monoclonal Antibody,MET;PD-L1,1,1,1,1,0,0,0,0,1
NCT03556228,VMD-928 Monotherapy and in Combination With Pembrolizumab to Treat TrkA Overexpression Driven Solid Tumors or Lymphoma,PHASE1;PHASE2,Phase 2,RECRUITING,242,"VM Oncology, LLC",VM Oncology,1,1,0,multi_experimental,2,,vmd-928;vmd-928 tablet and pembrolizumab (,PD-1,,NTRK;PR,0,1,0,0,0,0,0,1,0
NCT03576417,A Trial Evaluating the Addition of Nivolumab to Cisplatin-RT for Treatment of Cancers of the Head and Neck,PHASE3,Phase 3,ACTIVE_NOT_RECRUITING,680,Groupe Oncologie Radiotherapie Tete et Cou,Groupe Oncologie Radiotherapie Tete et Cou,7,0,0,active_comparator,2,cisplatin;rt,cisplatin;nivolumab;rt,PD-1,Monoclonal Antibody,CD30;PD-L1;biomarker,1,1,1,1,1,0,0,0,1
NCT03589339,NBTXR3 Activated by Radiotherapy for Patients With Advanced Cancers Treated With An Anti-PD-1 Therapy,PHASE1,Phase 1,ACTIVE_NOT_RECRUITING,145,Nanobiotix,Nanobiotix,6,1,0,single_arm,1,nbtxr3;nivolumab;pembrolizumab;sabr,nbtxr3;nivolumab;pembrolizumab;sabr,PD-1,Radiopharmaceutical,,0,1,0,0,0,0,0,0,0
NCT03690388,A Study of Cabozantinib Compared With Placebo in Subjects With Radioiodine-refractory Differentiated Thyroid Cancer Who Have Progressed After Prior Vascular Endothelial Growth Factor Receptor (VEGFR) -Targeted Therapy,PHASE3,Phase 3,ACTIVE_NOT_RECRUITING,187,Exelixis,Exelixis,52,1,0,placebo_comparator,2,,cabozantinib,MET,Small Molecule,BRAF;PD-L1,0,0,0,0,0,0,0,1,0
NCT03690986,VX15/2503 in Combination With Ipilimumab or Nivolumab in Patients With Head and Neck Cancer,PHASE1,Phase 1,ACTIVE_NOT_RECRUITING,35,Emory University,Emory University,116,0,0,multi_experimental,6,,ipilimumab;nivolumab;vx15/2503,PD-1,Monoclonal Antibody,CXCR5;FLT3;HLA-DR;WNT,1,1,0,1,0,0,0,0,1
NCT03708224,Preoperative Immunotherapy in Patients With Squamous Cell Carcinoma of the Head and Neck,PHASE2,Phase 2,ACTIVE_NOT_RECRUITING,55,Alain Algazi,Alain Algazi,2,0,1,multi_experimental,4,,atezolizumab,PD-L1,Monoclonal Antibody,CMMRD;MSI-H;PD-L1;TMB,1,0,1,0,0,0,0,0,1
NCT03765918,Study of Pembrolizumab Given Prior to Surgery and in Combination With Radiotherapy Given Post-surgery for Advanced Head and Neck Squamous Cell Carcinoma (MK-3475-689),PHASE3,Phase 3,ACTIVE_NOT_RECRUITING,714,Merck Sharp & Dohme LLC,Merck (MSD),649,1,1,active_comparator,2,cisplatin;radiotherapy 60 gray;radiotherapy 66 gray;radiotherapy 70 gray,cisplatin;pembrolizumab;radiotherapy 60 gray;radiotherapy 66 gray;radiotherapy 70 gray,PD-1,Monoclonal Antibody,PD-L1,1,1,1,1,0,0,0,1,1
NCT03769506,ASP-1929 Photoimmunotherapy (PIT) Study in Recurrent Head/Neck Cancer for Patients Who Have Failed at Least Two Lines of Therapy,PHASE3,Phase 3,ACTIVE_NOT_RECRUITING,135,"Rakuten Medical, Inc.",Rakuten Medical,7,1,0,active_comparator,2,physician's choice soc,asp-1929 photoimmunotherapy,EGFR,Monoclonal Antibody,,1,1,0,0,0,0,0,1,0
NCT03781986,APG-115 in Salivary Gland Cancer Trial,PHASE1;PHASE2,Phase 2,ACTIVE_NOT_RECRUITING,41,University of Michigan Rogel Cancer Center,University of Michigan Rogel Cancer Center,59,0,0,multi_experimental,2,apg-115,apg-115;carboplatin,BCL2,Small Molecule,BCL-2,0,1,0,0,0,0,0,0,0
NCT03813394,Bevacizumab and Pembrolizumab Combination in Platinum-resistant Recurrent/Metastatic NPC,PHASE1;PHASE2,Phase 2,ACTIVE_NOT_RECRUITING,48,"National University Hospital, Singapore","National University Hospital, Singapore",22,0,1,multi_experimental,2,pembrolizumab,bevacizumab;pembrolizumab,PD-1,Monoclonal Antibody,PD-L1,1,1,1,0,0,0,0,0,1
NCT03813836,Phase II Trial of Pembrolizumab in Recurrent or Metastatic HNSCC,PHASE2,Phase 2,ACTIVE_NOT_RECRUITING,63,"University College, London","University College, London",51,0,1,single_arm,1,pembrolizumab,pembrolizumab,PD-1,Monoclonal Antibody,PD-L1,1,1,1,0,0,0,0,0,1
NCT03891953,Study of Safety and Efficacy of DKY709 Alone or in Combination With PDR001 in Patients With Advanced Solid Tumors.,PHASE1,Phase 1,ACTIVE_NOT_RECRUITING,98,Novartis Pharmaceuticals,Novartis,836,1,1,multi_experimental,2,dky709,dky709;pdr001,PD-1,Small Molecule,PD-L1,0,1,1,0,0,0,0,1,1
NCT03899792,A Study of Oral LOXO-292 (Selpercatinib) in Pediatric Participants With Advanced Solid or Primary Central Nervous System (CNS) Tumors,PHASE1;PHASE2,Phase 2,ACTIVE_NOT_RECRUITING,36,Eli Lilly and Company,Eli Lilly,535,1,1,multi_experimental,3,selpercatinib,selpercatinib,RET,Small Molecule,RET,0,1,0,0,0,0,0,0,0
NCT03916627,"Neoadjuvant Cemiplimab for the Treatment of Resectable NSCLC, HCC, and HNSCC in Adult Patients",PHASE2,Phase 2,ACTIVE_NOT_RECRUITING,65,Regeneron Pharmaceuticals,Regeneron,95,1,1,multi_experimental,7,cemiplimab,cemiplimab;fianlimab;platinum doublet,PD-1,Monoclonal Antibody,ALK;ROS1,1,1,0,0,1,0,0,0,1
NCT03942653,Androgen Deprivation Therapy (ADT) and Pembrolizumab for Advanced Stage Androgen Receptor-positive Salivary Gland Carcinoma,PHASE2,Phase 2,ACTIVE_NOT_RECRUITING,20,Manish Patel,Manish Patel,1,0,1,single_arm,1,goserelin acetate;pembrolizumab,goserelin acetate;pembrolizumab,PD-1,Monoclonal Antibody,AR;PD-L1,1,1,1,0,0,0,0,1,1
NCT03983954,"Naptumomab Estafenatox in Combination With Durvalumab in Subjects With Selected Advanced or Metastatic Solid Tumor, Including a Cohort Expansion in Esophageal Cancer.",PHASE1,Phase 1,ACTIVE_NOT_RECRUITING,120,NeoTX Therapeutics Ltd.,NeoTX Therapeutics,2,1,1,multi_experimental,11,naptumomab estafenatox and durvalumab,naptumomab estafenatox and durvalumab;obinutuzumab,5T4,Monoclonal Antibody,CD20;ER;HER2;PD-L1;biomarker;biomarker analysis,1,1,1,0,0,0,1,0,1
NCT04044859,ADP-A2M4CD8 as Monotherapy or in Combination With Either Nivolumab or Pembrolizumab in HLA-A2+ Subjects With MAGE-A4 Positive Tumors (SURPASS),PHASE1,Phase 1,ACTIVE_NOT_RECRUITING,120,"USWM CT, LLC",USWM CT,8,1,0,single_arm,1,autologous genetically modified adp-a2m4cd8 cells alone or in combination with nivolumab every four weeks or pembrolizumab every 6 weeks,autologous genetically modified adp-a2m4cd8 cells alone or in combination with nivolumab every four weeks or pembrolizumab every 6 weeks,MAGE-A4,Cell Therapy,HLA-A2;MAGE-A4,1,1,0,0,0,0,0,0,0
NCT04074967,Study of ARRY-614 Plus Either Nivolumab or Nivolumab+Ipilimumab,PHASE1;PHASE2,Phase 2,ACTIVE_NOT_RECRUITING,70,Dan Zandberg,Dan Zandberg,6,0,0,multi_experimental,5,,phase ib arry-614 + nivolumab;phase ib arry-614 + nivolumab+ipilimumab;phase ii arry-614 + nivolumab;phase ii arry-614 + nivolumab+ipilimumab (melanoma);phase ii arry-614 + nivolumab+ipilimumab (rcc),CTLA-4,Monoclonal Antibody,PD-L1,1,1,0,0,0,0,0,0,0
NCT04080804,Study of Safety and Tolerability of Nivolumab Treatment Alone or in Combination With Relatlimab or Ipilimumab in Head and Neck Cancer,PHASE2,Phase 2,ACTIVE_NOT_RECRUITING,80,Dan Zandberg,Dan Zandberg,6,0,1,multi_experimental,2,nivolumab,ipilimumab;nivolumab;relatlimab,PD-1,Monoclonal Antibody,CD30;PD-L1,1,1,1,1,0,0,1,0,1
NCT04083599,GEN1042 Safety Trial and Anti-tumor Activity in Participants With Malignant Solid Tumors,PHASE1;PHASE2,Phase 2,ACTIVE_NOT_RECRUITING,350,Genmab,Genmab,65,1,1,multi_experimental,2,gen1042,carboplatin;cisplatin;fluorouracil;gemcitabine;gen1042;nab-paclitaxel;paclitaxel;pembrolizumab;pemetrexed,CD40,Bispecific Antibody,PD-L1,1,1,0,0,0,0,0,1,0
NCT04116047,CompARE: Escalating Treatment of Intermediate and High-risk Oropharyngeal Cancer (OPC),PHASE3,Phase 3,ACTIVE_NOT_RECRUITING,785,University of Birmingham,University of Birmingham,20,0,1,active_comparator,2,cisplatin;radiotherapy,cisplatin;durvalumab;radiotherapy,PD-L1,Monoclonal Antibody,EGFR;PD-L1,1,1,1,1,0,0,0,0,1
NCT04140526,"Safety, PK and Efficacy of ONC-392 in Monotherapy and in Combination of Anti-PD-1 in Advanced Solid Tumors and NSCLC",PHASE1;PHASE2,Phase 2,ACTIVE_NOT_RECRUITING,733,"OncoC4, Inc.",OncoC4,10,1,0,multi_experimental,3,onc-392,docetaxel;onc-392;pembrolizumab,PD-1,Monoclonal Antibody,PD-L1,1,1,0,0,0,0,0,0,0
NCT04152499,"Phase I-II, FIH, TROP2 ADC, Advanced Unresectable/Metastatic Solid Tumors, Refractory to Standard Therapies (KL264-01)",PHASE1;PHASE2,Phase 2,ACTIVE_NOT_RECRUITING,1410,Klus Pharma Inc.,Klus Pharma,4,1,0,multi_experimental,11,skb264,skb264,TROP2,ADC,ER;HER2;PR;TROP2,1,1,0,0,0,0,0,1,0
NCT04180371,Study BT5528-100 in Patients With Advanced Solid Tumors Associated With EphA2 Expression,PHASE1;PHASE2,Phase 2,ACTIVE_NOT_RECRUITING,288,BicycleTx Limited,BicycleTx,8,1,0,multi_experimental,3,bt5528,bt5528;nivolumab,EphA2,Monoclonal Antibody,EPHA2;biomarker,1,1,0,0,0,0,0,0,0
NCT04183166,A Clinical Trial Evaluating TG4050 in Head and Neck Cancer,PHASE1;PHASE2,Phase 2,ACTIVE_NOT_RECRUITING,80,Transgene,Transgene,14,1,0,multi_experimental,2,tg4050,tg4050,MUTANOME,mRNA,MUTANOME,0,1,1,0,0,0,0,0,1
NCT04198766,Study of INBRX-106 and INBRX-106 in Combination With Pembrolizumab (Keytruda®) in Subjects With Locally Advanced or Metastatic Solid Tumors (Hexavalent OX40 Agonist),PHASE1;PHASE2,Phase 2,RECRUITING,340,"Inhibrx Biosciences, Inc",Inhibrx Biosciences,4,1,1,active_comparator,15,inbrx-106 - hexavalent ox40 agonist antibody,carboplatin auc-5;carboplatin auc-6;cisplatin;gemcitabine (;inbrx-106 - hexavalent ox40 agonist antibody;nab-paclitaxel;paclitaxel;pembrolizumab;pemetrexed,OX40,Monoclonal Antibody,ALK;EGFR;MSI;MSI-H;PD-L1;TMB,1,1,1,0,1,0,1,1,1
NCT04209660,Lenvatinib and Pembrolizumab in People With Advanced Adenoid Cystic Carcinoma and Other Salivary Gland Cancers,PHASE2,Phase 2,ACTIVE_NOT_RECRUITING,64,Memorial Sloan Kettering Cancer Center,Memorial Sloan Kettering Cancer Center,411,0,1,multi_experimental,2,lenvatinib;pembrolizumab,lenvatinib;pembrolizumab,VEGF/VEGFR,Small Molecule,PD-L1,0,1,1,0,0,0,0,0,1
NCT04211337,A Study of Selpercatinib (LY3527723) in Participants With RET-Mutant Medullary Thyroid Cancer,PHASE3,Phase 3,ACTIVE_NOT_RECRUITING,291,"Loxo Oncology, Inc.",Eli Lilly,535,1,1,active_comparator,2,cabozantinib;vandetanib,selpercatinib,RET,Small Molecule,BRAF;NTRK;RET,0,1,0,0,0,0,0,0,0
NCT04255849,Nine-valent HPV Vaccine to Prevent Persistent Oral HPV Infection in Men Living With HIV,PHASE3,Phase 3,ACTIVE_NOT_RECRUITING,700,Weill Medical College of Cornell University,Weill Medical College of Cornell University,90,0,1,placebo_comparator,2,saline placebo,11;16;18;31;33;45;52;58);9 valent human papillomavirus vaccine (types 6,HPV,Oncolytic Virus,HPV,1,1,0,1,0,0,0,0,1
NCT04273061,Investigating the Effects of Atezolizumab in People Whose Tumour DNA or RNA Indicates Possible Sensitivity,PHASE2,Phase 2,RECRUITING,50,British Columbia Cancer Agency,British Columbia Cancer Agency,21,0,1,multi_experimental,3,atezolizumab,atezolizumab,PD-L1,Monoclonal Antibody,CMMRD;MET;MSI-H;PD-L1;TMB;genomic,1,1,1,0,0,0,0,0,1
NCT04280081,"A Study of Selpercatinib (LY3527723) in Participants With Advanced Solid Tumors Including RET Fusion-positive Solid Tumors, Medullary Thyroid Cancer and Other Tumors With RET Activation",PHASE2,Phase 2,ACTIVE_NOT_RECRUITING,77,Eli Lilly and Company,Eli Lilly,535,1,1,single_arm,1,selpercatinib,selpercatinib,RET,Small Molecule,RET,0,1,0,0,0,0,0,0,0
NCT04291105,Phase 2 Trial of Voyager V1 in Combination With Cemiplimab in Cancer Patients,PHASE2,Phase 2,ACTIVE_NOT_RECRUITING,87,"Vyriad, Inc.",Vyriad,5,1,1,multi_experimental,3,cemiplimab;vv1,cemiplimab;vv1,,Oncolytic Virus,BRAF;MSI;PD-L1,1,1,1,1,1,1,1,1,1
NCT04305795,An Open-label Study Using ASP-1929 Photoimmunotherapy in Combination With Anti-PD1 Therapy in EGFR Expressing Advanced Solid Tumors,PHASE1;PHASE2,Phase 2,ACTIVE_NOT_RECRUITING,23,"Rakuten Medical, Inc.",Rakuten Medical,7,1,0,multi_experimental,3,asp-1929 pit,,PD-1,Monoclonal Antibody,EGFR;PD-L1,1,0,1,0,1,0,0,0,1
NCT04325828,A Study of Apalutamide Combined With GnRH Agonist in Participants With Androgen Receptor Positive Salivary Gland Carcinoma,PHASE2,Phase 2,ACTIVE_NOT_RECRUITING,31,Janssen Pharmaceutical K.K.,Johnson & Johnson,363,1,1,single_arm,1,apalutamide;gnrh agonist,apalutamide;gnrh agonist,AR,Small Molecule,AR;PSA,0,1,0,0,0,0,0,1,0
NCT04340258,Trial Combining Pembrolizumab and Cesium 131 Brachytherapy With Salvage Surgery in HNSCC,PHASE1;PHASE2,Phase 2,ACTIVE_NOT_RECRUITING,50,University of Cincinnati,University of Cincinnati,10,0,0,single_arm,1,device: cesium-131;pembrolizumab,device: cesium-131;pembrolizumab,PD-1,Monoclonal Antibody,PD-L1,1,1,0,0,0,0,0,0,0
NCT04370587,A Clinical Study of Intratumoral MVR-T3011 (T3011) Given as a Single Agent and in Combination With Intravenous Pembrolizumab in Participants With Advanced or Metastatic Solid Tumors,PHASE1;PHASE2,Phase 2,RECRUITING,30,ImmVira Pharma Co. Ltd,ImmVira Pharma,8,1,0,multi_experimental,5,,t3011;t3011 + pembrolizumab,PD-1,Oncolytic Virus,ALK;EGFR,1,1,1,0,1,0,0,0,1
NCT04389632,A Study of Sigvotatug Vedotin in Advanced Solid Tumors,PHASE1,Phase 1,RECRUITING,1006,"Seagen, a wholly owned subsidiary of Pfizer",Pfizer,687,1,1,multi_experimental,5,sigvotatug vedotin,carboplatin;cisplatin;pembrolizumab;sigvotatug vedotin,PD-1,Monoclonal Antibody,HER2;PD-L1,1,1,0,0,0,0,1,1,0
NCT04420754,Study of AIC100 CAR T Cells in Relapsed/Refractory Thyroid Cancer,PHASE1,Phase 1,ACTIVE_NOT_RECRUITING,70,"AffyImmune Therapeutics, Inc.",AffyImmune Therapeutics,1,1,0,multi_experimental,7,aic100 car t cells,aic100 car t cells,ICAM-1,CAR-T,BRAF;ICAM-1;MET,1,1,0,0,0,0,0,0,0
NCT04429542,Study of Safety and Tolerability of BCA101 Monotherapy and in Combination Therapy in Patients With EGFR-driven Advanced Solid Tumors,PHASE1,Phase 1,RECRUITING,292,Bicara Therapeutics,Bicara,3,1,1,multi_experimental,2,bca101,bca101;pembrolizumab,EGFR,Bispecific Antibody,EGFR;PD-L1;biomarker;biomarker analysis,1,1,1,1,1,0,0,0,1
NCT04534205,"A Clinical Trial Investigating the Safety, Tolerability, and Therapeutic Effects of BNT113 in Combination With Pembrolizumab Versus Pembrolizumab Alone for Patients With a Form of Head and Neck Cancer Positive for Human Papilloma Virus 16 and Expressing the Protein PD-L1",PHASE2;PHASE3,Phase 3,ACTIVE_NOT_RECRUITING,358,BioNTech SE,BioNTech,45,1,0,active_comparator,3,pembrolizumab,bnt113;pembrolizumab,HPV16 E6/E7,mRNA,CDX;HPV16;PD-L1,0,1,1,0,0,0,0,0,1
NCT04585750,The Evaluation of PC14586 in Patients With Advanced Solid Tumors Harboring a TP53 Y220C Mutation (PYNNACLE),PHASE1;PHASE2,Phase 2,RECRUITING,300,"PMV Pharmaceuticals, Inc",PMV Pharmaceuticals,2,1,1,multi_experimental,9,rezatapopt,pembrolizumab;rezatapopt,PD-1,Monoclonal Antibody,KRAS;PD-L1,1,1,1,0,0,0,0,1,1
NCT04590963,Assessment of Efficacy and Safety of Monalizumab Plus Cetuximab Compared to Placebo Plus Cetuximab in Recurrent or Metastatic Head and Neck Cancer,PHASE3,Phase 3,ACTIVE_NOT_RECRUITING,370,AstraZeneca,AstraZeneca,780,1,1,active_comparator,2,cetuximab,cetuximab;monalizumab,NKG2A,Monoclonal Antibody,PD-L1;biomarker,1,1,1,0,0,0,0,0,1
NCT04620187,Post-op T-DM1 in HER-2+ Salivary Gland Carcinomas,PHASE2,Phase 2,RECRUITING,37,Dana-Farber Cancer Institute,Dana-Farber Cancer Institute,326,0,1,single_arm,1,ado-trastuzumab (t) emtansine (t-dm1);standard of care;standard of care radiotherapy,ado-trastuzumab (t) emtansine (t-dm1);standard of care;standard of care radiotherapy,HER2,ADC,HER2;genomic,1,1,0,0,0,0,0,0,0
NCT04643379,Olaparib in Combination With Pembrolizumab and Carboplatin as First-Line Treatment of Recurrent or Metastatic Head and Neck Squamous-Cell Carcinoma,PHASE2,Phase 2,ACTIVE_NOT_RECRUITING,30,Washington University School of Medicine,Washington University School of Medicine,178,0,1,single_arm,1,carboplatin;olaparib;pembrolizumab;peripheral blood draw,carboplatin;olaparib;pembrolizumab;peripheral blood draw,PARP,Small Molecule,BRCA1;BRCA2;MET;PD-L1,0,1,1,1,0,0,0,0,1
NCT04651634,MIT-001 for Prevention of CCRT-Induced OM in HNSCC Patients,PHASE2,Phase 2,ACTIVE_NOT_RECRUITING,60,MitoImmune Therapeutics,MitoImmune Therapeutics,2,1,0,placebo_comparator,4,mit-001 plus ccrt,mit-001 plus ccrt,,,,0,1,0,1,0,0,0,0,1
NCT04675294,Evorpacept (ALX148) in Combination With Pembrolizumab in Patients With Advanced Head and Neck Squamous Cell Carcinoma (ASPEN-03),PHASE2,Phase 2,ACTIVE_NOT_RECRUITING,189,ALX Oncology Inc.,ALX Oncology,8,1,1,active_comparator,2,pembrolizumab,evorpacept;pembrolizumab,PD-1,Monoclonal Antibody,PD-L1,1,1,1,0,0,0,0,0,1
NCT04675333,Evorpacept (ALX148) in Combination With Pembrolizumab and Chemotherapy in Patients With Advanced Head and Neck Squamous Cell Carcinoma (ASPEN-04),PHASE2,Phase 2,ACTIVE_NOT_RECRUITING,172,ALX Oncology Inc.,ALX Oncology,8,1,1,active_comparator,2,cisplatin/carboplatin; 5fu;pembrolizumab,cisplatin/carboplatin; 5fu;evorpacept;pembrolizumab,PD-1,Monoclonal Antibody,PD-L1,1,1,1,0,0,0,1,0,1
NCT04706962,TH1902 in Patients With Advanced Solid Tumors,PHASE1,Phase 1,ACTIVE_NOT_RECRUITING,70,Theratechnologies,Theratechnologies,1,1,0,single_arm,1,th1902,th1902,SORT1,Peptide,MET;SORT1,0,1,0,0,0,0,0,1,0
NCT04722523,A Study of Cemiplimab With Chemotherapy and Immunotherapy in People With Head and Neck Cancer,PHASE1,Phase 1,RECRUITING,40,Memorial Sloan Kettering Cancer Center,Memorial Sloan Kettering Cancer Center,411,0,1,multi_experimental,2,cemiplimab;cetuximab,carboplatin;cemiplimab;cetuximab;cisplatin;docetaxel;paclitaxel;post-operative radiation therapy;surgical resection of primary +/- neck dissection,EGFR,Monoclonal Antibody,KRAS,1,1,0,0,0,0,0,0,0
NCT04787042,"Phase 1a and Phase 2 Study for Safety, Preliminary Efficacy, PK and PD of ST-067",PHASE1;PHASE2,Phase 2,RECRUITING,316,"Simcha IL-18, Inc.",Simcha IL-18,1,1,1,multi_experimental,4,st-067,obinutuzumab;pembrolizumab;st-067,PD-1,Recombinant Protein,ALK;HER2;MMR;MSI;MSI-H;PD-L1;TMB,0,1,1,0,1,1,0,1,1
NCT04802876,Efficacy of Tislelizumab and Spartalizumab Across Multiple Cancer-types in Patients with PD1-high MRNA Expressing Tumors,PHASE2,Phase 2,ACTIVE_NOT_RECRUITING,184,SOLTI Breast Cancer Research Group,SOLTI Breast Cancer Research Group,18,0,1,multi_experimental,3,,spartalizumab;tislelizumab,PD-1,Monoclonal Antibody,BRAF,1,1,1,0,0,0,0,0,1
NCT04843098,Study of TL117 in Patients With Recurrent or Metastatic Head and Neck Squamous Cell Carcinoma,PHASE1;PHASE2,Phase 2,ACTIVE_NOT_RECRUITING,108,"Suzhou Junde Biotechnology Co., Ltd",Suzhou Junde Biotechnology,1,1,0,single_arm,1,paclitaxel;tl117,paclitaxel;tl117,PI3K,Small Molecule,,0,1,0,0,0,0,0,0,0
NCT04848116,Neoadjuvant Targeting of Myeloid Cell Populations in Combination With Nivolumab in Head & Neck Ca,PHASE2,Phase 2,ACTIVE_NOT_RECRUITING,24,Sidney Kimmel Comprehensive Cancer Center at Johns Hopkins,Sidney Kimmel Comprehensive Cancer Center at Johns Hopkins,160,0,1,multi_experimental,2,humax-il8;nivolumab,humax-il8;nivolumab,PD-1,Monoclonal Antibody,CD30;PD-L1,1,1,1,1,0,0,0,0,1
NCT04852328,"Three Schedules of CUE-101 Administered Before Surgery or Definitive Chemoradiation Therapy in HLA-A*0201 Positive Patients With Locally Advanced, HPV16-Positive Oropharyngeal Squamous-Cell Carcinoma",PHASE2,Phase 2,RECRUITING,30,Washington University School of Medicine,Washington University School of Medicine,178,0,0,multi_experimental,3,cue-101,cue-101,HPV16 E7,Bispecific Antibody,HLA-A*0201;genomic,1,1,0,0,0,0,0,0,0
NCT04868877,"Phase 1/2 Study Evaluating MCLA-129, a Human Anti-EGFR, Anti-c-MET Bispecific Antibody, in Advanced NSCLC and Other Solid Tumors, Alone and in Combination",PHASE1;PHASE2,Phase 2,ACTIVE_NOT_RECRUITING,194,Merus B.V.,Merus,8,1,0,multi_experimental,7,mcla-129,mcla-129;osimertinib,EGFR,Bispecific Antibody,MET,1,1,0,0,0,0,1,0,0
NCT04895709,A Study of BMS-986340 as Monotherapy and as Combination Therapy in Participants With Advanced Solid Tumors,PHASE1;PHASE2,Phase 2,RECRUITING,1109,Bristol-Myers Squibb,Bristol Myers Squibb,764,1,1,multi_experimental,9,bms-986340,bms-936558-01;bms-986340;docetaxel;pumitamig,PD-1,Monoclonal Antibody,PD-L1;biomarker;biomarker analysis,1,1,0,0,0,0,0,1,0
NCT04930432,"Study of MCLA-129, a Human Bispecific EGFR and cMet Antibody, in Patients With Advanced NSCLC and Other Solid Tumors",PHASE1;PHASE2,Phase 2,RECRUITING,400,"Betta Pharmaceuticals Co., Ltd.",Betta Pharmaceuticals,66,1,0,multi_experimental,2,mcla-129,mcla-129,EGFR,Bispecific Antibody,EGFR;MET;biomarker,1,1,0,0,1,0,0,1,1
NCT04940052,"Study of Efficacy and Safety of Dabrafenib in Combination With Trametinib in Previously Treated Patients With Metastatic, Radio-active Iodine Refractory BRAF V600E Mutation Positive Differentiated Thyroid Cancer",PHASE3,Phase 3,ACTIVE_NOT_RECRUITING,153,Novartis Pharmaceuticals,Novartis,836,1,1,placebo_comparator,2,dabrafenib placebo;trametinib placebo,dabrafenib;trametinib,BRAF,Small Molecule,BRAF;RET,0,1,0,0,0,0,0,1,0
NCT04966481,"Palbociclib and Cetuximab Versus Cetuximab Monotherapy for Patients With CDKN2A-altered, HPV-unrelated Head and Neck Squamous Cell Carcinoma Who Experienced Disease Progression on a PD-1/L1 Inhibitor",PHASE3,Phase 3,RECRUITING,81,Washington University School of Medicine,Washington University School of Medicine,178,0,1,active_comparator,2,cetuximab,cetuximab;palbociclib,CDK4/6,Small Molecule,ER;HER2;PR;genomic,0,1,0,1,0,0,0,0,1
NCT04969315,TT-4 and TT-10 as Single Agents and in Combination in Subjects With Advanced Selected Solid Tumors and Pleural Mesothelioma,PHASE1;PHASE2,Phase 2,RECRUITING,35,Portage Biotech,Portage Biotech,1,1,0,multi_experimental,3,,tt-10;tt-4,ADORA2A,Small Molecule,MET,0,1,0,0,0,0,0,0,0
NCT04969835,"A Study Evaluating the Safety, Pharmacokinetics and Early Efficacy of AVA6000 in Solid Tumours",PHASE1,Phase 1,RECRUITING,158,Avacta Life Sciences Ltd,Avacta Life Sciences,2,1,0,multi_experimental,4,ava6000,ava6000,FAP,ADC,FAP;PR,1,1,0,0,0,0,1,1,0
NCT04974398,A Study of Penpulimab (AK105) in the First-line Treatment of Recurrent or Metastatic Nasopharyngeal Carcinoma,PHASE3,Phase 3,ACTIVE_NOT_RECRUITING,296,Akeso,Akeso,103,1,0,placebo_comparator,2,,penpulimab,PD-1,Monoclonal Antibody,PD-L1,1,0,0,0,0,0,0,0,0
NCT04999761,AB122 Platform Study,PHASE1,Phase 1,RECRUITING,917,"Taiho Pharmaceutical Co., Ltd.",Taiho,86,1,0,multi_experimental,18,ab122,ab122;ab154;bevacizumab;carboplatin;cisplatin;fluorouracil;gemcitabine;nab-paclitaxel;ramucirumab;tas-115;tas-116;tas-120;trifluridine/tipiracil,PD-1,Monoclonal Antibody,KRAS;MET;PD-L1,1,1,1,1,1,0,1,1,1
NCT05005403,"Study to Assess Adverse Events and Pharmacokinetics in Adult Participants With Non-Small Cell Lung Cancer, Head and Neck Squamous Cell Carcinoma and Other Solid Tumors, Receiving Intravenous Infusion of Azirkitug Alone or in Combination(s) With Budigalimab, Bevacizumab, or Telisotuzumab Adizutecan",PHASE1,Phase 1,RECRUITING,694,AbbVie,AbbVie,274,1,1,multi_experimental,17,azirkitug,azirkitug;bevacizumab;budigalimab;telisotuzumab adizutecan,PD-1,Monoclonal Antibody,BRAF;HER2;MSI;MSI-H;PD-L1,1,1,1,0,1,1,1,0,1
NCT05010629,9-ING-41 Plus Carboplatin in Salivary Gland Carcinoma,PHASE2,Phase 2,ACTIVE_NOT_RECRUITING,32,Glenn J. Hanna,Glenn J. Hanna,3,0,0,multi_experimental,2,9-ing-41;carboplatin,9-ing-41;carboplatin;pembrolizumab,GSK3B,Small Molecule,,0,1,0,0,0,0,0,1,0
NCT05025813,Neoadjuvant Pembrolizumab in Cutaneous Squamous Cell Carcinoma,PHASE2,Phase 2,RECRUITING,27,Queensland Health,Queensland Health,1,0,1,single_arm,1,pembrolizumab,pembrolizumab,PD-1,Monoclonal Antibody,PD-L1;biomarker,1,1,1,0,0,0,0,0,1
NCT05044897,A Clinical Study to Evaluate the Efficacy and Safety of SI-B001 in the Treatment of Recurrent and Metastatic HNSCC,PHASE2,Phase 2,ACTIVE_NOT_RECRUITING,11,"Sichuan Baili Pharmaceutical Co., Ltd.",Sichuan Baili Pharmaceutical,127,1,0,single_arm,1,si-b001,si-b001,PD-1,Bispecific Antibody,,1,1,0,0,1,0,0,0,1
NCT05054439,A Clinical Study of SI-B001 in Combination With Paclitaxel/Docetaxel in the Treatment of Recurrent and Metastatic HNSCC,PHASE2,Phase 2,ACTIVE_NOT_RECRUITING,45,"Sichuan Baili Pharmaceutical Co., Ltd.",Sichuan Baili Pharmaceutical,127,1,0,single_arm,1,docetaxel;paclitaxel;si-b001,docetaxel;paclitaxel;si-b001,PD-1,,PD-L1,0,1,1,0,1,0,1,1,1
NCT05057013,A Phase I/IIa Trial of HMBD-001 in Advanced HER3 Positive Solid Tumours,PHASE1;PHASE2,Phase 2,ACTIVE_NOT_RECRUITING,81,Cancer Research UK,Cancer Research UK,16,0,0,multi_experimental,2,,hmbd-001;hmbd-001 and enzalutamide,HER3,Monoclonal Antibody,HER3,1,1,0,0,0,0,0,1,0
NCT05068102,A Study to Test How BI 765063 and BI 770371 Are Taken up in Tumours of People With Different Types of Advanced Cancer Who Are Also Taking Ezabenlimab,PHASE1,Phase 1,ACTIVE_NOT_RECRUITING,14,Boehringer Ingelheim,Boehringer Ingelheim,237,1,1,multi_experimental,2,ezabenlimab,[89zr]zr- bi 765063;[89zr]zr- bi 770371;bi 765063;bi 770371;ezabenlimab,PD-1,Monoclonal Antibody,PD-L1,1,1,1,0,0,0,0,1,1
NCT05075993,Study of LVGN3616 and LVGN6051±LVGN7409 in Combination With Nab-Paclitaxel or Bevacizumab and Cyclophosphamide in Metastatic Solid Tumors,PHASE1,Phase 1,ACTIVE_NOT_RECRUITING,352,M.D. Anderson Cancer Center,M.D. Anderson Cancer Center,697,0,0,multi_experimental,4,lvgn3616 + lvgn6051 + bevacizumab + cyclophosphamide;lvgn3616 + lvgn6051 + lvgn7409 + bevacizumab + cyclophosphamide;lvgn3616 + lvgn6051 + lvgn7409 + nab-paclitaxel;lvgn3616 + lvgn6051 + nab-paclitaxel,lvgn3616 + lvgn6051 + bevacizumab + cyclophosphamide;lvgn3616 + lvgn6051 + lvgn7409 + bevacizumab + cyclophosphamide;lvgn3616 + lvgn6051 + lvgn7409 + nab-paclitaxel;lvgn3616 + lvgn6051 + nab-paclitaxel,,,PD-L1;molecular profiling,0,1,1,0,0,0,0,1,1
NCT05076760,MEM-288 Oncolytic Virus Alone and in Combination With Standard of Care Therapy in Advanced Solid Tumors,PHASE1,Phase 1,RECRUITING,40,"Memgen, Inc.",Memgen,4,1,0,multi_experimental,3,mem-288 intratumoral injection,docetaxel;mem-288 intratumoral injection;nivolumab,CD40L,Oncolytic Virus,ALK;BRAF;CD8+ T cells;EGFR;IFNγ;KRAS;MET;PD-L1;RET;TCF1+ stem-like CD8+ T cells,1,1,1,0,1,0,1,1,1
NCT05086692,A Beta-only IL-2 ImmunoTherapY Study,PHASE1;PHASE2,Phase 2,RECRUITING,115,"Medicenna Therapeutics, Inc.",Medicenna Therapeutics,2,1,1,single_arm,1,mdna11;pembrolizumab (keytruda),mdna11;pembrolizumab (keytruda),IL-2,Cell Therapy,MSI-H,1,1,0,0,0,0,0,1,0
NCT05107674,A Study of NX-1607 in Adults With Advanced Malignancies,PHASE1,Phase 1,RECRUITING,345,"Nurix Therapeutics, Inc.",Nurix Therapeutics,7,1,0,multi_experimental,12,nx-1607,nx-1607;paclitaxel,CBL-B,Small Molecule,PD-L1,0,1,1,0,0,0,0,1,1
NCT05119296,Phase II Trial of Pembrolizumab in Metastatic or Locally Advanced Anaplastic/Undifferentiated Thyroid Cancer,PHASE2,Phase 2,ACTIVE_NOT_RECRUITING,9,Saad A Khan,Saad A Khan,2,0,1,single_arm,1,pembrolizumab,pembrolizumab,PD-1,Monoclonal Antibody,BRAF;MET;PD-L1,1,1,1,0,0,0,0,1,1
NCT05126719,A Study to Evaluate the Efficacy and Safety of MRG003 in Patients With Recurrent Metastatic Nasopharyngeal Carcinoma,PHASE2,Phase 2,ACTIVE_NOT_RECRUITING,238,"Lepu Biopharma Co., Ltd.",Lepu Biopharma,16,1,0,active_comparator,2,capecitabine tablets;docetaxel injection,mrg003,EGFR,Monoclonal Antibody,PD-L1,1,1,1,0,1,0,0,0,1
NCT05144698,RAPA-201 Therapy of Solid Tumors,PHASE1;PHASE2,Phase 2,RECRUITING,37,Rapa Therapeutics LLC,Rapa Therapeutics,3,1,0,single_arm,1,chemotherapy prior to rapa-201 therapy;pembrolizumab (pd-1 blocking antibody);rapa-201 rapamycin resistant t cells,chemotherapy prior to rapa-201 therapy;pembrolizumab (pd-1 blocking antibody);rapa-201 rapamycin resistant t cells,PD-1,Cell Therapy,ALK;BRAF;EGFR;PD-(L)1;PR,1,1,0,0,1,0,0,1,1
NCT05176483,Study of Zanzalintinib in Combination With Immuno-Oncology or Other Agents in Participants With Solid Tumors,PHASE1,Phase 1,RECRUITING,1394,Exelixis,Exelixis,52,1,0,multi_experimental,9,zanzalintinib,ddi probe cocktail;docetaxel;ipilimumab;nivolumab;nivolumab + relatlimab;zanzalintinib,EGFR,Small Molecule,PD-L1;biomarker,0,1,1,0,0,0,1,1,1
NCT05200650,"A Single Arm, Prospective, Open Label, Multi Center, Phase Ib Study to Evaluate the Safety, Tolerability and Initial Efficacy of a Single Intra-tumoral Injection of IntraGel's Polymer-based Cisplatin-loaded Gel (TumoCure) in Subjects With Progressive or Radio-resistant Primary Head and Neck Tumor",PHASE1,Phase 1,RECRUITING,20,IntraGel Therapeutics,IntraGel Therapeutics,1,1,0,single_arm,1,tumocure,tumocure,,Small Molecule,,0,1,0,0,0,0,0,0,0
NCT05208762,A Study of PF-08046054/SGN-PDL1V in Advanced Solid Tumors,PHASE1,Phase 1,RECRUITING,714,"Seagen, a wholly owned subsidiary of Pfizer",Pfizer,687,1,1,multi_experimental,2,pf-08046054,pembrolizumab;pf-08046054,PD-L1,Monoclonal Antibody,MET;PD-L1,1,1,1,0,0,0,0,1,1
NCT05215574,Study of NGM831 as Monotherapy and in Combination With Pembrolizumab or Pembrolizumab and NGM438 in Advanced or Metastatic Solid Tumors,PHASE1,Phase 1,ACTIVE_NOT_RECRUITING,130,"NGM Biopharmaceuticals, Inc",NGM Biopharmaceuticals,6,1,1,multi_experimental,3,,ngm831;ngm831 and ngm438 plus pembrolizumab (keytruda);ngm831 plus pembrolizumab (keytruda),ILT3,Monoclonal Antibody,,1,1,0,0,0,0,0,0,0
NCT05222932,Oncolytic Adenovirus TILT-123 and Avelumab for Treatment of Solid Tumors Refractory to or Progressing After Anti-PD(L)1,PHASE1,Phase 1,ACTIVE_NOT_RECRUITING,15,TILT Biotherapeutics Ltd.,TILT Biotherapeutics,6,1,0,single_arm,1,avelumab;tilt-123,avelumab;tilt-123,TNF-α and IL-2,Oncolytic Virus,,1,1,0,0,0,0,0,1,0
NCT05226871,Study for Participants Continuing From Pfizer-sponsored Palbociclib (a Study Medicine) Studies,PHASE2,Phase 2,ACTIVE_NOT_RECRUITING,35,Pfizer,Pfizer,687,1,1,multi_experimental,4,cetuximab;palbociclib,cetuximab;palbociclib,CDK4/6,Small Molecule,ER;HER2;PR,0,1,0,0,0,0,0,0,0
NCT05238883,A Study of HFB200301 as a Single Agent and in Combination With Tislelizumab in Adult Patients With Advanced Solid Tumors,PHASE1,Phase 1,ACTIVE_NOT_RECRUITING,72,HiFiBiO Therapeutics,HiFiBiO Therapeutics,3,1,0,multi_experimental,4,hfb200301,hfb200301;tislelizumab,TNFR2,Monoclonal Antibody,BRAF,1,1,0,0,0,0,0,0,0
NCT05239143,P-MUC1C-ALLO1 Allogeneic CAR-T Cells in the Treatment of Subjects With Advanced or Metastatic Solid Tumors,PHASE1,Phase 1,ACTIVE_NOT_RECRUITING,180,"Poseida Therapeutics, Inc.",Poseida Therapeutics,6,1,0,multi_experimental,8,p-muc1c-allo1 car-t cells;rimiducid,p-muc1c-allo1 car-t cells;rimiducid,MUC1,CAR-T,MUC1,1,1,0,0,0,0,0,0,0
NCT05245682,"Tolinapant and Radiation for Cisplatin-Ineligible, Previously Untreated, Locally Advanced Head and Neck Cancer",EARLY_PHASE1,Phase 1,ACTIVE_NOT_RECRUITING,10,Emory University,Emory University,116,0,0,single_arm,1,radiation therapy;tolinapant,radiation therapy;tolinapant,cIAP1,Small Molecule,DNMT1,0,1,0,0,0,0,1,0,0
NCT05261750,Autologous Dendritic Cells and Allogenic Dendritic Secretomes for Patients With Advanced Nasopharyngeal Cancer,PHASE1;PHASE2,Phase 2,ACTIVE_NOT_RECRUITING,15,PT. Prodia Stem Cell Indonesia,PT. Prodia Stem Cell Indonesia,2,1,0,placebo_comparator,3,placebo (aqua pro-injection),auto-dc (autologous dendritic cell as adjuvant therapy);combination of auto dc and allo-dendritic cell-secretome (allogeneic dendritic cell-secretome as adjuvant therapy),,Cell Therapy,,1,1,0,0,0,0,0,0,0
NCT05268614,Risk Adapted De-Intensification of Radio-Chemotherapy for Oropharyngeal Squamous Cell Carcinoma,PHASE2,Phase 2,RECRUITING,250,University of Florida,University of Florida,28,0,0,single_arm,1,cisplatin;radiation therapy,cisplatin;radiation therapy,,Small Molecule,HRD,0,1,0,1,0,0,0,0,1
NCT05275374,XP-102 and XP-102 in Combination With Trametinib in Advanced Solid Tumor Patients With a BRAF V600 Mutation,PHASE1;PHASE2,Phase 2,NOT_YET_RECRUITING,221,"Xynomic Pharmaceuticals, Inc.",Xynomic Pharmaceuticals,6,1,0,multi_experimental,3,xp-102,trametinib;xp-102,BRAF,Small Molecule,BRAF,0,1,0,0,0,0,0,0,0
NCT05280314,Phase II Trial of Neoadjuvant and Adjuvant IO102-IO103 and Pembrolizumab KEYTRUDA® in Patients With Resectable Tumors,PHASE2,Phase 2,RECRUITING,60,IO Biotech,IO Biotech,4,1,1,multi_experimental,3,io102-io103;pembrolizumab keytruda,io102-io103;pembrolizumab keytruda,PD-1,Peptide,BRAF;MET;PD-L1,0,1,1,1,0,0,0,1,1
NCT05283226,"Study to Evaluate the Safety and Efficacy of Oral NRC-2694-A in Combination With Paclitaxel in Patients With Recurrent and/or Metastatic Head and Neck Squamous Cell Carcinoma, Who Progressed on or After Immune Checkpoint Inhibitor Therapy",PHASE2,Phase 2,RECRUITING,21,NATCO Pharma Ltd.,NATCO Pharma,1,1,0,single_arm,1,nrc-2694-a;paclitaxel,nrc-2694-a;paclitaxel,EGFR,Small Molecule,,0,1,0,0,1,0,0,1,1
NCT05286060,"Trial of the Combination of GX-188E Vaccination, GX-I7 and Pembrolizumab in Patients With Advanced, Resectable HPV Type 16 and/or 18 Positive Head and Neck Cancer",PHASE2,Phase 2,ACTIVE_NOT_RECRUITING,56,Yonsei University,Yonsei University,10,0,0,multi_experimental,4,gx-188e,gx-188e;gx-i7;pembrolizumab,HPV,Vaccine,HPV-16;HPV-18;HPV16;HPV18;PD-L1;biomarker,1,1,1,1,0,0,0,0,1
NCT05286619,A Study of Pembrolizumab (MK-3475) Plus Platinum and Gemcitabine as First Line Treatment of Recurrent/Metastatic Head and Neck Squamous Cell Carcinoma (PIPER),PHASE2,Phase 2,RECRUITING,63,University of Malaya,University of Malaya,4,0,1,single_arm,1,carboplatin;cisplatin;gemcitabine;pembrolizumab,carboplatin;cisplatin;gemcitabine;pembrolizumab,PD-1,Monoclonal Antibody,PD-L1;biomarker,1,1,1,0,0,0,0,1,1
NCT05287113,Study of Retinfanlimab in Combination With INCAGN02385 and INCAGN02390 as First-Line Treatment in Participants With PD-L1-Positive (CPS ≥ 1) Recurrent/Metastatic Squamous Cell Carcinoma of the Head and Neck,PHASE2,Phase 2,ACTIVE_NOT_RECRUITING,176,Incyte Biosciences International Sàrl,Incyte,162,1,0,multi_experimental,3,retifanlimab,incagn02385;incagn02390;retifanlimab,PD-1,Monoclonal Antibody,PD-L1;biomarker;biomarker analysis,1,1,1,1,0,0,0,0,1
NCT05294172,KL-A167 Injection Combined With Cisplatin and Gemcitabine vs Placebo Combined With Cisplatin and Gemcitabine in the Treatment of Recurrent or Metastatic Nasopharyngeal Carcinoma,PHASE3,Phase 3,ACTIVE_NOT_RECRUITING,295,"Sichuan Kelun-Biotech Biopharmaceutical Co., Ltd.",Kelun,50,1,0,placebo_comparator,2,cisplatin;gemcitabine,cisplatin;gemcitabine;kl-a167,PD-L1,Monoclonal Antibody,PD-L1;biomarker;biomarker analysis,1,1,1,0,0,0,0,0,1
NCT05312710,Safety and Efficacy of APG-157 in Head and Neck Cancer,PHASE2,Phase 2,ACTIVE_NOT_RECRUITING,24,"Aveta Biomics, Inc.",Aveta Biomics,3,1,0,single_arm,1,apg-157,apg-157,BCL2,Small Molecule,BCL-2,0,1,0,0,0,0,1,0,0
NCT05329532,"Modi-1 Moditope in Breast, Head and Neck, Ovarian, or Renal Cancer",PHASE1;PHASE2,Phase 2,RECRUITING,168,Scancell Ltd,Scancell,4,1,0,multi_experimental,3,device: micronjet600 microneedle device (nanopass);modi-1 moditope,device: micronjet600 microneedle device (nanopass);modi-1 moditope;pembrolizumab,PD-1,Peptide,PD-L1,0,1,1,0,0,0,1,0,1
NCT05355701,A Study to Learn About the Study Medicine Called PF-07799933 in People With Advanced Solid Tumors With BRAF Alterations.,PHASE1,Phase 1,ACTIVE_NOT_RECRUITING,103,Pfizer,Pfizer,687,1,1,multi_experimental,9,pf-07799933,binimetinib;cetuximab;fluorouracil;leucovorin;midazolam;oxaliplatin;pf-07799933,BRAF,Small Molecule,BRAF;MSI;MSI-H;dMMR,0,1,0,0,1,1,0,0,1
NCT05366166,Pembrolizumab Plus Olaparib in LA-HNSCC,PHASE2,Phase 2,ACTIVE_NOT_RECRUITING,45,UNC Lineberger Comprehensive Cancer Center,UNC Lineberger Comprehensive Cancer Center,85,0,1,single_arm,1,cisplatin;imrt (intensity modulated radiation therapy);olaparib;pembrolizumab,cisplatin;imrt (intensity modulated radiation therapy);olaparib;pembrolizumab,PD-1,Monoclonal Antibody,PD-L1,1,1,0,1,0,0,0,0,1
NCT05376553,Study of Cemiplimab - TP Induction Chemotherapy in Patients with Locally Advanced Squamous Cell Carcinoma of the Head and Neck,PHASE1,Phase 1,ENROLLING_BY_INVITATION,24,Krzysztof Misiukiewicz,Krzysztof Misiukiewicz,2,0,1,multi_experimental,2,cemiplimab;cisplatin;docetaxel,cemiplimab;cisplatin;docetaxel,PD-1,Monoclonal Antibody,,1,1,0,1,0,0,1,0,1
NCT05414032,Molecular Residual Disease Interception in Locoregionally-Advanced High Risk HPV+ and HPV- HNSCC,PHASE2,Phase 2,RECRUITING,102,"University Health Network, Toronto","University Health Network, Toronto",91,0,1,multi_experimental,2,azd2936,azd2936,TIGIT,Bispecific Antibody,MET;PD-L1;biomarker,1,1,1,1,0,0,0,0,1
NCT05421689,Autologous Muscle Derived Cells for Treatment of Tongue Dysphagia,PHASE1;PHASE2,Phase 2,ACTIVE_NOT_RECRUITING,66,"University of California, Davis","University of California, Davis",42,0,0,multi_experimental,2,autologous muscle derived cells for gastro-intestinal repair (amdc-gir),autologous muscle derived cells for gastro-intestinal repair (amdc-gir),,Cell Therapy,,1,1,0,0,0,0,0,1,0
NCT05473156,"A Study to Investigate the Safety, Pharmacokinetics, and Clinical Activity of AP203 in Patients with Locally Advanced or Metastatic Solid Tumors, and Expansion to Selected Malignancies",PHASE1;PHASE2,Phase 2,RECRUITING,168,AP Biosciences Inc.,AP Biosciences,4,1,0,multi_experimental,4,ap203,ap203,,,ALK;BRAF;MET;NTRK;PD-L1;RET;ROS1;genomic,0,1,1,0,1,0,0,1,1
NCT05513573,Phase II Clinical Study to Compare the Efficacy and Safety of HLX07 + Serplulimab +Chemotherapy Versus Placebo + Serplulimab + Chemotherapy in First-Line Treatment of Patients With Recurrent or Metastatic NPC,PHASE2,Phase 2,ACTIVE_NOT_RECRUITING,75,Shanghai Henlius Biotech,Shanghai Henlius,98,1,0,multi_experimental,2,hlx10,hlx07;hlx10,EGFR,Monoclonal Antibody,,1,1,0,0,0,0,0,0,0
NCT05538130,A Study to Learn About the Study Medicine Called PF-07799544 as Monotherapy or in Combination in People With Advanced Solid Tumors,PHASE1,Phase 1,ACTIVE_NOT_RECRUITING,148,Pfizer,Pfizer,687,1,1,multi_experimental,3,pf-07799544,pf-07799544;pf-07799933,BRAF,Small Molecule,BRAF,0,1,0,0,0,0,0,0,0
NCT05544929,A Study of Safety and Efficacy of KFA115 Alone and in Combo With Pembrolizumab in Patients With Select Advanced Cancers,PHASE1,Phase 1,ACTIVE_NOT_RECRUITING,126,Novartis Pharmaceuticals,Novartis,836,1,1,multi_experimental,3,kfa115,kfa115;pembrolizumab,PD-1,,BRAF;MSI;MSI-H;PD-L1,0,1,1,0,0,1,0,1,1
NCT05557045,"A Study of JZP815 Oral Capsules in Adult Participants With Advanced or Metastatic Solid Tumors Harboring Mitogen Activated Protein Kinase (MAPK) Pathway Alterations to Investigate the Safety, Dosing, and Antitumor Activity of JZP815",PHASE1,Phase 1,ACTIVE_NOT_RECRUITING,98,Jazz Pharmaceuticals,Jazz Pharmaceuticals,59,1,0,multi_experimental,2,jzp815,jzp815,BRAF,Small Molecule,MAPK pathway,0,1,0,0,0,0,0,0,0
NCT05565417,Study of the Monoclonal Antibody IMT-009 in Patients With Advanced Solid Tumors or Lymphomas,PHASE1;PHASE2,Phase 2,ACTIVE_NOT_RECRUITING,67,Immunitas Therapeutics,Immunitas Therapeutics,1,1,0,multi_experimental,3,imt-009,fruquintinib;imt-009,CD161,Monoclonal Antibody,ALK;BRAF;CD161;CLEC2D;CXCL13;HER2;KRAS;MET;MSI;MSI-H;PD-L1;RET;biomarker;dMMR,1,1,1,1,1,1,1,1,1
NCT05581004,"A Study to Evaluate the Safety, Pharmacokinetics, and Activity of Enzelkitug as a Single Agent and in Combination With Checkpoint Inhibitor in Participants With Locally Advanced or Metastatic Solid Tumors",PHASE1,Phase 1,ACTIVE_NOT_RECRUITING,165,"Genentech, Inc.",Roche/Genentech,922,1,1,multi_experimental,4,enzelkitug,atezolizumab;enzelkitug;pembrolizumab,PD-L1,Monoclonal Antibody,CMMRD;MSI-H;TMB,1,1,0,0,0,0,0,0,0
NCT05582590,Autologous T Cells Targeting HPV16 HPV18 & Survivin in Patients With R/R HPV-related Oropharyngeal Cancers,PHASE1,Phase 1,NOT_YET_RECRUITING,36,NexImmune Inc.,NexImmune,3,1,0,multi_experimental,5,cyclophosphamide;fludarabine;nexi-003 t cells,cyclophosphamide;fludarabine;nexi-003 t cells,"HPV-16 E6/E7, HPV-18 E6/E7, Survivin",CAR-T,HPV;MET,1,1,0,1,1,0,0,0,1
NCT05608876,A Clinical Study to Investigate the Efficacy of Tigilanol Tiglate Directly in Head and Neck Cancer,PHASE2,Phase 2,ACTIVE_NOT_RECRUITING,15,QBiotics Group Limited,QBiotics,4,1,0,single_arm,1,tigilanol tiglate,tigilanol tiglate,,,,0,1,0,0,0,0,0,0,0
NCT05620134,Study of JK08 in Patients with Unresectable Locally Advanced or Metastatic Cancer,PHASE1;PHASE2,Phase 2,ACTIVE_NOT_RECRUITING,263,Salubris Biotherapeutics Inc,Salubris Biotherapeutics,2,1,0,multi_experimental,4,jk08,jk08;lenvatinib pill;pembrolizumab,CTLA-4,Monoclonal Antibody,ER;HER2;PR;genomic,1,1,0,0,0,0,0,1,0
NCT05635643,Study of CHS-114 in Participants With Advanced Solid Tumors,PHASE1,Phase 1,ACTIVE_NOT_RECRUITING,87,"Coherus Oncology, Inc.",Coherus Oncology,10,1,0,multi_experimental,4,chs-114,chs-114;toripalimab,CCR8,Monoclonal Antibody,CCR8+ Tregs;PD-L1,1,1,1,1,0,0,0,1,1
NCT05639972,E7 T-cell Receptor (TCR) -T Cell Induction Therapy for Locoregionally Advanced HPV-associated Cancers,PHASE1;PHASE2,Phase 2,RECRUITING,15,Christian Hinrichs,Christian Hinrichs,3,0,0,single_arm,1,aldesleukin;e7 tcr-t cells,aldesleukin;e7 tcr-t cells,E7,CAR-T,HPV-16,1,1,0,0,0,0,0,0,0
NCT05647122,First in Human Study of AZD9592 in Solid Tumors,PHASE1,Phase 1,ACTIVE_NOT_RECRUITING,167,AstraZeneca,AstraZeneca,780,1,1,multi_experimental,3,azd9592,5-fluorouracil (5-fu);azd9592;bevacizumab;leucovorin;osimertinib,EGFR/cMET,ADC,MET,1,1,0,0,0,0,0,0,0
NCT05651022,Study of DECOY20 With or Without Tislelizumab in Patients With Advanced Solid Tumors,PHASE1;PHASE2,Phase 2,ACTIVE_NOT_RECRUITING,120,"Indaptus Therapeutics, Inc",Indaptus Therapeutics,1,1,0,multi_experimental,3,decoy20,decoy20;tislelizumab,PD-1,Cell Therapy,ALK;BRAF;KRAS;MET;MSI;MSI-H;RET;dMMR,1,1,0,0,1,1,0,0,1
NCT05653882,A Study Evaluating AB248 Alone or in Combination With Pembrolizumab in Adult Patients With Solid Tumors,PHASE1,Phase 1,ACTIVE_NOT_RECRUITING,552,"Asher Biotherapeutics, Inc.",Asher Biotherapeutics,1,1,1,multi_experimental,4,etakafusp alfa (ab248),etakafusp alfa (ab248);pembrolizumab,IL-2,Peptide,EGFR,0,1,0,0,0,0,0,0,0
NCT05668858,A Study of SI-B001+SI-B003± Chemotherapy in Patients With Locally Advanced or Metastatic Head and Neck Squamous Cell Carcinoma,PHASE1;PHASE2,Phase 2,ACTIVE_NOT_RECRUITING,70,"Sichuan Baili Pharmaceutical Co., Ltd.",Sichuan Baili Pharmaceutical,127,1,0,single_arm,1,si-b001;si-b003,si-b001;si-b003,EGFR/HER3,Bispecific Antibody,,1,1,0,0,0,0,0,0,0
NCT05668962,Restor. I-131 Upt. + Selpercatinib in RET F-P RAI-R TC,PHASE2,Phase 2,RECRUITING,30,Massachusetts General Hospital,Massachusetts General Hospital,170,0,1,single_arm,1,rhtsh;selpercatinib;sodium iodine i-131,rhtsh;selpercatinib;sodium iodine i-131,RET,Small Molecule,RET,0,1,0,0,0,0,0,1,0
NCT05669430,A Study of GV20-0251 Monotherapy and GV20-0251 in Combination With Pembrolizumab in Participants With Solid Tumor Malignancies,PHASE1;PHASE2,Phase 2,RECRUITING,365,GV20 Therapeutics,GV20 Therapeutics,3,1,1,multi_experimental,4,,gv20-0251;gv20-0251 and pembrolizumab [keytruda],IGSF8,Oncolytic Virus,IGSF8 RNA;IGSF8 membrane protein,1,1,0,0,0,0,0,1,0
NCT05674526,A Phase 1b Study of WU-NK-101 in Combination With Cetuximab,PHASE1,Phase 1,ACTIVE_NOT_RECRUITING,30,Allotera Therapeutics,Allotera Therapeutics,4,1,0,multi_experimental,2,,cetuximab - cohort expansion;cetuximab - dose escalation;wu-nk-101 - cohort expansion;wu-nk-101 - dose escalation,EGFR,Monoclonal Antibody,BRAF;KRAS,1,1,0,0,1,0,1,0,1
NCT05686226,E7 TCR-T Cell Immunotherapy for Human Papillomavirus (HPV) Associated Cancers,PHASE2,Phase 2,RECRUITING,20,Christian Hinrichs,Christian Hinrichs,3,0,0,single_arm,1,aldesleukin;e7 tcr-t cells,aldesleukin;e7 tcr-t cells,E7,CAR-T,HPV-16;genomic,1,1,0,1,0,0,1,1,1
NCT05696548,Nivolumab Plus Lenvatinib Against Anaplastic Thyroid Cancer (NAVIGATION),PHASE2,Phase 2,ACTIVE_NOT_RECRUITING,51,National Cancer Center Hospital East,National Cancer Center Hospital East,10,0,0,single_arm,1,lenvatinib;nivolumab,lenvatinib;nivolumab,VEGF/VEGFR,Small Molecule,PD-L1,0,1,0,0,0,0,0,0,0
NCT05698238,Clinical Study to Evaluate Safety and Dosing of CA9hu-1 in Patients With Advanced Solid Tumours,PHASE1,Phase 1,NOT_YET_RECRUITING,50,"Mabpro, a.s.","Mabpro, a.s.",1,1,0,single_arm,1,ca9hu-1,ca9hu-1,CA9,Monoclonal Antibody,CA9;biomarker,1,1,0,0,0,0,0,1,0
NCT05704985,Evaluating Safety and Biomarkers Using DK210 (EGFR) for Locally Advanced or Metastatic EGFR+ Tumors,PHASE1,Phase 1,ACTIVE_NOT_RECRUITING,39,DEKA Biosciences,DEKA Biosciences,1,1,0,multi_experimental,4,dk210 (egfr),dk210 (egfr);immune checkpoint blockers;radiation therapy,EGFR,Small Molecule,EGFR;biomarker,0,1,0,0,1,0,0,0,1
NCT05706129,"A Study to Assess Safety, Tolerability and Imaging Characteristics of [68Ga]Ga-DPI-4452 and to Assess Safety, Tolerability, and Efficacy of [177Lu]Lu-DPI-4452 in Participants With Unresectable Locally Advanced or Metastatic Solid Tumors",PHASE1;PHASE2,Phase 2,RECRUITING,270,Lumara Bio Oncologics GmbH,Lumara Bio Oncologics,1,1,0,multi_experimental,5,[68ga]ga-dpi-4452,[177lu]lu-dpi-4452;[68ga]ga-dpi-4452,CA IX,Radiopharmaceutical,CA IX,0,1,0,0,1,0,0,0,1
NCT05717764,Clinical Study of Mitoxantrone Hydrochloride Liposome Injection Combined With Capecitabine Versus Capecitabine Monotherapy in Patients With Recurrent Metastatic Nasopharyngeal Carcinoma Who Failed Platinum-containing Treatment,PHASE3,Phase 3,NOT_YET_RECRUITING,500,"CSPC Zhongnuo Pharmaceutical (Shijiazhuang) Co., Ltd.",CSPC Zhongnuo Pharmaceutical (Shijiazhuang),6,1,0,active_comparator,2,capecitabine,capecitabine;mitoxantrone hydrochloride liposome injection,,,,0,1,0,0,0,0,1,1,0
NCT05726370,"Preoperative Pembrolizumab and Chemotherapy in Resectable, Recurrent HNSCC",PHASE2,Phase 2,RECRUITING,28,Dana-Farber Cancer Institute,Dana-Farber Cancer Institute,326,0,1,single_arm,1,carboplatin;cisplatin;docetaxel;pembrolizumab,carboplatin;cisplatin;docetaxel;pembrolizumab,PD-1,Monoclonal Antibody,PD-L1,1,1,1,1,0,0,0,0,1
NCT05751512,A Study to Evaluate MRG003 vs Cetuximab/Methotrexate in in the Treatment of Patients With RM-SCCHN,PHASE3,Phase 3,RECRUITING,180,"Lepu Biopharma Co., Ltd.",Lepu Biopharma,16,1,0,active_comparator,2,cetuximab injection;methotrexate injection,mrg003,EGFR,Monoclonal Antibody,PD-L1,1,1,0,0,1,0,0,0,1
NCT05768178,DETERMINE Trial Treatment Arm 05: Vemurafenib in Combination With Cobimetinib in Adult Patients With BRAF Positive Cancers.,PHASE2;PHASE3,Phase 3,RECRUITING,30,Cancer Research UK,Cancer Research UK,16,0,1,single_arm,1,cobimetinib;vemurafenib,cobimetinib;vemurafenib,BRAF,Small Molecule,BRAF;MET,0,1,0,0,0,0,0,0,0
NCT05783323,Larotrectinib to Enhance RAI Avidity in Differentiated Thyroid Cancer,PHASE2,Phase 2,RECRUITING,13,Children's Hospital of Philadelphia,Children's Hospital of Philadelphia,6,0,1,single_arm,1,131i therapy;larotrectinib monotherapy,131i therapy;larotrectinib monotherapy,NTRK,Small Molecule,NTRK,0,1,0,0,0,0,0,0,0
NCT05783622,Study of JANX008 in Subjects With Advanced or Metastatic Solid Tumor Malignancies,PHASE1,Phase 1,ACTIVE_NOT_RECRUITING,130,Janux Therapeutics,Janux Therapeutics,4,1,0,multi_experimental,3,janx008,janx008,EGFR,,,0,1,0,0,1,0,0,0,1
NCT05784012,Two-cohort Study of Niraparib and Dostarlimab Plus (Chemo)RadIotherapy in Locally-Advanced Head and Neck Squamous Cell Carcinoma,PHASE1;PHASE2,Phase 2,ACTIVE_NOT_RECRUITING,34,Grupo Español de Tratamiento de Tumores de Cabeza y Cuello,Grupo Español de Tratamiento de Tumores de Cabeza y Cuello,5,0,1,multi_experimental,2,dostarlimab;niraparib,cisplatin plus radiotherapy;dostarlimab;niraparib,PD-1,Monoclonal Antibody,MSI-H;PD-L1;biomarker;biomarker analysis;dMMR,1,1,1,1,0,0,0,0,1
NCT05784688,Study of TU2218 in Combination With KEYTRUDA®(Pembrolizumab) in Patients With Advanced Solid Tumors,PHASE1;PHASE2,Phase 2,RECRUITING,140,"TiumBio Co., Ltd.",TiumBio,2,1,1,multi_experimental,4,tu2218 + keytruda (pembrolizumab),tu2218 + keytruda (pembrolizumab),TGFBR1,Small Molecule,MET;MMR;PD-L1;biomarker,0,1,1,0,0,0,1,1,1
NCT05786716,"DETERMINE Trial Treatment Arm 04: Trastuzumab in Combination With Pertuzumab in Adult, Paediatric and Teenage/Young Adult Patients With Cancers With HER2 Amplification or Activating Mutations",PHASE2;PHASE3,Phase 3,RECRUITING,30,Cancer Research UK,Cancer Research UK,16,0,1,single_arm,1,pertuzumab;trastuzumab,pertuzumab;trastuzumab,HER2,ADC,HER2;MET,1,1,0,0,0,0,0,0,0
NCT05787587,A Study of PARG Inhibitor IDE161 in Participants With Advanced Solid Tumors,PHASE1,Phase 1,ACTIVE_NOT_RECRUITING,216,IDEAYA Biosciences,IDEAYA Biosciences,11,1,1,multi_experimental,4,ide-161,ide-161;pembrolizumab,PARG,Small Molecule,MSI,0,1,0,0,0,0,0,0,0
NCT05807880,"Anlotinib, Penpulimab and Capecitabine in Recurrent/Metastatic Nasopharyngeal Carcinoma",PHASE2,Phase 2,ACTIVE_NOT_RECRUITING,59,Sun Yat-sen University,Sun Yat-sen University,73,0,0,single_arm,1,penpulimab and capecitabine.;the combination treatment of anlotinib,penpulimab and capecitabine.;the combination treatment of anlotinib,VEGF/VEGFR,Small Molecule,PD-L1;PR,0,1,1,0,0,0,0,0,1
NCT05815927,Pembrolizumab and Radiotherapy for Oligometastatic Head and Neck Cancer,PHASE3,Phase 3,RECRUITING,200,European Organisation for Research and Treatment of Cancer - EORTC,European Organisation for Research and Treatment of Cancer - EORTC,38,0,1,active_comparator,2,pembrolizumab,pembrolizumab;stereotattic ablation radiotherapy (sabr),PD-1,Monoclonal Antibody,PD-L1,1,1,1,1,0,0,1,1,1
NCT05852223,Pembrolizumab in High-risk Thyroid Cancer,PHASE2,Phase 2,RECRUITING,25,Istituti Clinici Scientifici Maugeri SpA,Istituti Clinici Scientifici Maugeri SpA,2,0,1,multi_experimental,2,pembrolizumab,pembrolizumab,PD-1,Monoclonal Antibody,BRAF;PD-L1,1,1,1,0,0,0,0,1,1
NCT05858736,"Safety, PK and Efficacy of AI-061 in Advanced Solid Tumors",PHASE1,Phase 1,COMPLETED,18,"OncoC4, Inc.",OncoC4,10,1,0,multi_experimental,3,ai-061,ai-061,PD-1,Bispecific Antibody,PD-L1,1,1,0,0,0,0,0,0,0
NCT05865028,A Proof of Concept Trial Investigating Safety and Efficacy of APG-157 in Oral Dysplasia,PHASE2,Phase 2,RECRUITING,32,Elizabeth J Franzmann,Elizabeth J Franzmann,1,0,0,single_arm,1,apg-157,apg-157,BCL2,Small Molecule,BCL-2,0,1,0,0,0,0,0,0,0
NCT05877430,"Safety, Tolerability, and Preliminary Efficacy of CJRB-101 With Pembrolizumab in Subjects With Selected Types of Advanced or Metastatic Cancer",PHASE1;PHASE2,Phase 2,RECRUITING,160,"CJ Bioscience, Inc.",CJ Bioscience,1,1,0,single_arm,1,cjrb-101;pembrolizumab injection,cjrb-101;pembrolizumab injection,PD-1,Oncolytic Virus,ALK;BRAF;PD-L1;biomarker;genomic,1,1,1,0,1,0,1,1,1
NCT05877599,A Study of NT-175 in Adult Participants With Advanced Malignancies That Are Positive for HLA-A*02:01 and the TP53 R175H Mutation,PHASE1,Phase 1,RECRUITING,45,AstraZeneca,AstraZeneca,780,1,1,single_arm,1,nt-175,nt-175,,Recombinant Protein,,0,1,0,0,0,0,0,0,0
NCT05884320,Phase II Trial of Sacituzumab Govitecan in Recurrent and/or Metastatic Secretory Gland Cancers,PHASE2,Phase 2,RECRUITING,30,M.D. Anderson Cancer Center,M.D. Anderson Cancer Center,697,0,1,multi_experimental,2,sacituzumab govitecan,sacituzumab govitecan,TROP2,ADC,HER2;TROP2,1,1,0,0,0,0,1,0,0
NCT05891171,Study of AB598 Monotherapy and Combination Therapy in Participants With Advanced Cancers,PHASE1,Phase 1,ACTIVE_NOT_RECRUITING,40,"Arcus Biosciences, Inc.",Arcus Biosciences,21,1,0,multi_experimental,8,ab598,ab598;fluorouracil;leucovorin;oxaliplatin;zimberelimab,CD39,Monoclonal Antibody,HER2,1,1,0,0,0,0,0,0,0
NCT05902520,Adoptive Cell Therapy Using Cancer Specific CD8+ Tumor Infiltrating Lymphocytes in Adult Patients With Solid Tumors,PHASE1,Phase 1,ACTIVE_NOT_RECRUITING,18,"AgonOx, Inc.",AgonOx,1,1,0,multi_experimental,2,low dose il-2,dp cd8 til;dp cd8 til kd;low dose il-2,PD-1,Cell Therapy,BRAF;CD103;CD39;CD8;PD-L1,1,1,1,0,0,0,0,0,1
NCT05902988,A Phase I/II Study of VLS-1488 in Subjects With Advanced Cancer,PHASE1;PHASE2,Phase 2,RECRUITING,200,"Volastra Therapeutics, Inc.",Volastra Therapeutics,3,1,0,multi_experimental,4,vls-1488,vls-1488,KIF18A,Small Molecule,MSI;MSI-H;dMMR,0,1,0,0,0,1,0,1,1
NCT05910827,"A Phase Ib/II Study of an Anti-HER3 Antibody, HMBD-001, With Cetuximab +/- Docetaxel in Advanced Squamous Cell Cancers",PHASE1;PHASE2,Phase 2,RECRUITING,398,Hummingbird Bioscience,Hummingbird Bioscience,4,1,1,multi_experimental,3,hmbd-001,cetuximab;docetaxel;hmbd-001,HER3,Monoclonal Antibody,ALK;BRAF;HER3;KRAS;MET;RET,1,1,0,0,1,0,0,0,1
NCT05913388,GB1211 and Pembrolizumab Versus Pembrolizumab and Placebo in Patients With Metastatic Melanoma and Head and Neck Squamous Cell Carcinoma,PHASE2,Phase 2,ACTIVE_NOT_RECRUITING,12,Providence Health & Services,Providence Health & Services,30,0,0,placebo_comparator,2,pembrolizumab,gb1211;pembrolizumab,Galectin-3,Small Molecule,PD-L1,0,1,1,0,0,0,1,0,1
NCT05944237,HTL0039732 in Participants With Advanced Solid Tumours,PHASE1;PHASE2,Phase 2,RECRUITING,150,Cancer Research UK,Cancer Research UK,16,0,0,multi_experimental,3,,htl0039732 capsules;htl0039732 capsules and atezolizumab infusion,PD-L1,,HER2;PD-L1;genomic,0,1,1,0,0,0,0,1,1
NCT05952947,HRYZ-T101 Injection for HPV18 Positive Solid Tumor,PHASE1,Phase 1,RECRUITING,32,HRYZ Biotech Co.,HRYZ Biotech,8,1,0,single_arm,1,fludarabine + cyclophosphamide;hryz-t101 injection,fludarabine + cyclophosphamide;hryz-t101 injection,,Cell Therapy,,1,1,0,0,0,0,0,0,0
NCT05973487,A Basket Study of Customized Autologous TCR-T Cell Therapies in Patients With Locally Advanced (Unresectable) or Metastatic Solid Tumors,PHASE1,Phase 1,ACTIVE_NOT_RECRUITING,840,"TScan Therapeutics, Inc.",TScan Therapeutics,1,1,0,multi_experimental,28,,tsc-200-a0201;tsc-200-a0201 + tsc-201-b0702;tsc-200-a0201 + tsc-202-a0201;tsc-200-a0201 + tsc-203-a0201;tsc-200-a0201 + tsc-204-a0101;tsc-201-b0702;tsc-201-b0702 + tsc-202-a0201;tsc-202-a0201;tsc-203-a0201;tsc-203-a0201 + tsc-201-b0702;tsc-203-a0201 + tsc-202-a0201;tsc-203-a0201 + tsc-204-a0101;tsc-204-a0101;tsc-204-a0101 + tsc-202-a0201;tsc-204-a0201;tsc-204-a0201 + tsc-200-a0201;tsc-204-a0201 + tsc-201-b0702;tsc-204-a0201 + tsc-202-a0201;tsc-204-a0201 + tsc-203-a0201;tsc-204-a0201 + tsc-204-a0101;tsc-204-a0201 + tsc-204-c0702;tsc-204-c0702;tsc-204-c0702 + tsc-200-a0201;tsc-204-c0702 + tsc-201-b0702;tsc-204-c0702 + tsc-202-a0201;tsc-204-c0702 + tsc-203-a0201;tsc-204-c0702 + tsc-204-a0101,,Cell Therapy,genomic,1,1,0,0,0,0,0,0,0
NCT05977907,Neoadjuvant Pembrolizumab and IO102-103 for Squamous Cell Carcinoma of the Head and Neck (SCCHN).,PHASE2,Phase 2,RECRUITING,30,Sidney Kimmel Comprehensive Cancer Center at Johns Hopkins,Sidney Kimmel Comprehensive Cancer Center at Johns Hopkins,160,0,1,single_arm,1,io102-103;pembrolizumab,io102-103;pembrolizumab,PD-1,Monoclonal Antibody,PD-L1,1,1,1,0,0,0,0,1,1
NCT05980000,Ramucirumab and Pembrolizumab vs Pembrolizumab Monotherapy in PD-L1 Positive Head and Neck Squamous-Cell Carcinoma,PHASE2,Phase 2,ACTIVE_NOT_RECRUITING,37,Washington University School of Medicine,Washington University School of Medicine,178,0,1,active_comparator,2,pembrolizumab,pembrolizumab;ramucirumab,VEGF/VEGFR,Monoclonal Antibody,BRAF;KRAS;MSI-H;PD-L1,1,1,1,0,0,0,0,0,1
NCT05983432,Evaluate BL-B01D1 in Patients With Metastatic or Unresectable Non-Small Cell Lung Cancer (NSCLC) and Other Solid Tumors,PHASE1,Phase 1,RECRUITING,470,SystImmune Inc.,SystImmune,7,1,0,multi_experimental,2,bl-b01d1,bl-b01d1,EGFR/HER3,ADC,ALK;EGFR;HER2;MET;PD-L1;ROS1;genomic,1,1,1,0,1,0,0,1,1
NCT05985655,Study to Assess GTAEXS617 in Participants With Advanced Solid Tumors,PHASE1;PHASE2,Phase 2,RECRUITING,230,"Exscientia AI Ltd., a wholly owned subsidiary of Recursion Pharmaceuticals, Inc.","Exscientia AI Ltd., a wholly owned subsidiary of Recursion Pharmaceuticals",3,1,0,multi_experimental,4,gtaexs617,gtaexs617;soc,CDK7,Small Molecule,HER2,0,1,0,0,0,0,0,1,0
NCT06003231,A Study of Disitamab Vedotin in Previously Treated Solid Tumors That Express HER2,PHASE2,Phase 2,ACTIVE_NOT_RECRUITING,120,"Seagen, a wholly owned subsidiary of Pfizer",Pfizer,687,1,1,multi_experimental,4,disitamab vedotin,disitamab vedotin,HER2,ADC,HER2,1,1,0,0,0,0,0,1,0
NCT06006169,"A Study of BL-B01D1, SI-B003 and BL-B01D1+SI-B003 in Patients With Recurrent or Metastatic Head and Neck Squamous Cell Carcinoma and Other Solid Tumors",PHASE2,Phase 2,RECRUITING,186,"Sichuan Baili Pharmaceutical Co., Ltd.",Sichuan Baili Pharmaceutical,127,1,0,single_arm,1,bl-b01d1;si-b003,bl-b01d1;si-b003,EGFR,ADC,,1,1,0,0,0,0,1,1,0
NCT06007729,ARTEMIS-006: HS-20093 in Patients With Head and Neck Squamous Cell Carcinoma and Other Solid Tumors,PHASE2,Phase 2,RECRUITING,170,Hansoh BioMedical R&D Company,Hansoh,82,1,0,single_arm,1,hs-20093,hs-20093,B7-H3,ADC,PD-L1,1,1,0,0,0,0,0,0,0
NCT06007924,A Study of Avutometinib and Defactinib in People With Thyroid Cancer,PHASE2,Phase 2,RECRUITING,30,Memorial Sloan Kettering Cancer Center,Memorial Sloan Kettering Cancer Center,411,0,0,multi_experimental,2,avutometinib;defactinib,avutometinib;defactinib,MEK,Small Molecule,ALK;BRAF;KRAS;NTRK;RET,0,1,0,0,0,0,0,1,0
NCT06016920,Safety and Efficacy of VB10.16 and Pembrolizumab in Patients With Head-Neck Squamous Cell Carcinoma,PHASE1;PHASE2,Phase 2,RECRUITING,110,Nykode Therapeutics ASA,Nykode Therapeutics ASA,6,1,1,multi_experimental,5,pembrolizumab,pembrolizumab;vb10.16,HPV16,Oncolytic Virus,HPV16;PD-L1,1,1,1,0,0,0,0,1,1
NCT06022029,A Dose Escalation and Dose Expansion Study of Intratumoral ONM-501 Alone and in Combination With Cemiplimab in Patients With Advanced Solid Tumors and Lymphomas.,PHASE1,Phase 1,RECRUITING,168,"OncoNano Medicine, Inc.",OncoNano Medicine,4,1,0,multi_experimental,3,onm-501,cemiplimab;onm-501,PD-1,Small Molecule,,0,1,0,0,0,0,0,1,0
NCT06047379,"Safety and Efficacy of NEO212 in Patients With Astrocytoma IDH-mutant, Glioblastoma IDH-wildtype or Brain Metastasis",PHASE1;PHASE2,Phase 2,RECRUITING,134,"Neonc Technologies, Inc.",Neonc Technologies,4,1,0,multi_experimental,8,neo212 oral capsule,bevacizumab;carboplatin;folfiri protocol;ipilimumab;neo212 oral capsule;nivolumab;paclitaxel;pembrolizumab;regorafenib,,Small Molecule,,0,1,0,0,0,0,0,0,0
NCT06062420,A Platform Study of Novel Immunotherapy Combinations as First-Line Treatment in Participants With PD-L1 Positive Recurrent/Metastatic Squamous Cell Carcinoma of the Head and Neck- GALAXIES H&N-202,PHASE2,Phase 2,ACTIVE_NOT_RECRUITING,316,GlaxoSmithKline,GSK,468,1,1,multi_experimental,5,dostarlimab,belrestotug;dostarlimab;nelistotug;remzistotug,PD-1,Monoclonal Antibody,MSI-H;PD-L1;dMMR,1,1,1,1,0,0,0,0,1
NCT06064877,A Study of Ficlatuzumab in Combination With Cetuximab in Participants With Recurrent or Metastatic (R/M) HPV Negative Head and Neck Squamous Cell Carcinoma,PHASE3,Phase 3,RECRUITING,410,"AVEO Pharmaceuticals, Inc.",AVEO Pharmaceuticals,27,1,0,placebo_comparator,3,cetuximab,cetuximab;ficlatuzumab,HGF,Monoclonal Antibody,BDX004;EGFR;MET;PD-L1,1,1,1,1,1,0,0,0,1
NCT06079333,NEO- and Adjuvant Targeted Therapy in Braf-mutated Anaplastic Cancer of the Thyroid (NEO-ATACT Study),PHASE2,Phase 2,RECRUITING,20,Leiden University Medical Center,Leiden University Medical Center,16,0,1,single_arm,1,dabrafenib/trametinib,dabrafenib/trametinib,BRAF,Small Molecule,BRAF,0,1,0,0,0,0,0,0,0
NCT06082167,Study of Zanzalintinib (XL092) + Pembrolizumab vs Pembrolizumab in Subjects With PD-L1 Positive Recurrent or Metastatic Head and Neck Squamous Cell Carcinoma,PHASE2;PHASE3,Phase 3,ACTIVE_NOT_RECRUITING,600,Exelixis,Exelixis,52,1,1,placebo_comparator,2,pembrolizumab;zanzalintinib-matched placebo,pembrolizumab;zanzalintinib,EGFR,Small Molecule,PD-L1,0,1,1,1,0,0,0,0,1
NCT06084481,Study to Assess Adverse Events and Change in Disease Activity in Adult Participants With Select Advanced Solid Tumor Indications Receiving Intravenous (IV) ABBV-400,PHASE1,Phase 1,RECRUITING,325,AbbVie,AbbVie,274,1,1,multi_experimental,10,abbv-400,abbv-400;bevacizumab;itraconazole (itz),HER2,,HER2,0,1,0,0,0,0,0,0,0
NCT06087614,Dose Escalation Using Hypoxia-adjusted Radiotherapy,PHASE2,Phase 2,RECRUITING,124,"Rajiv Gandhi Cancer Institute & Research Center, India","Rajiv Gandhi Cancer Institute & Research Center, India",1,0,0,active_comparator,3,cisplatin injection;standard arm,cisplatin injection;de-hyart,,Small Molecule,,0,1,0,1,0,0,0,0,1
NCT06096038,Autologous CAR-T Cells Targeting CSPG4 in Relapsed/Refractory HNSCC,PHASE1,Phase 1,RECRUITING,33,UNC Lineberger Comprehensive Cancer Center,UNC Lineberger Comprehensive Cancer Center,85,0,0,single_arm,1,cell therapy;cyclophosphamide;fludarabine,cell therapy;cyclophosphamide;fludarabine,CSPG4,Cell Therapy,CD161;CSPG4,1,1,0,0,0,0,0,0,0
NCT06107686,A Study of YL202 in Selected Patients With Advanced Solid Tumors,PHASE2,Phase 2,RECRUITING,200,"MediLink Therapeutics (Suzhou) Co., Ltd.",MediLink Therapeutics (Suzhou),23,1,0,multi_experimental,4,yl202 should be intravenously infused,yl202 should be intravenously infused,HER3,ADC,HER2,1,1,0,0,0,0,0,0,0
NCT06118333,A Study Comparing BL-B01D1 With Physician's Choice of Chemotherapy in Patients With Recurrent or Metastatic Nasopharyngeal Carcinoma(PANKU-NPC01),PHASE3,Phase 3,ACTIVE_NOT_RECRUITING,386,"Sichuan Baili Pharmaceutical Co., Ltd.",Sichuan Baili Pharmaceutical,127,1,0,multi_experimental,2,,bl-b01d1;capecitabine;docetaxel;gemcitabine,PD-1,ADC,PD-L1,1,1,1,0,1,0,0,0,1
NCT06129864,A Global Study of Volrustomig (MEDI5752) for Participants With Unresected Locally Advanced Head and Neck Squamous Cell Carcinoma Following Definitive Concurrent Chemoradiotherapy,PHASE3,Phase 3,RECRUITING,1145,AstraZeneca,AstraZeneca,780,1,1,multi_experimental,2,volrustomig,volrustomig,PD-1,Monoclonal Antibody,PD-L1,1,1,0,0,0,0,0,0,0
NCT06147037,"A Phase 1, Dose-escalation Study of [225Ac]-FPI-2068 in Adult Patients With Advanced Solid Tumours",PHASE1,Phase 1,ACTIVE_NOT_RECRUITING,13,AstraZeneca,AstraZeneca,780,1,1,single_arm,1,[111in]-fpi-2107;[225ac]-fpi-2068;fpi-2053,[111in]-fpi-2107;[225ac]-fpi-2068;fpi-2053,,Bispecific Antibody,,1,1,0,0,0,0,0,0,0
NCT06150664,A Phase 1 of CTX-8371 in Patients With Advanced Malignancies,PHASE1,Phase 1,RECRUITING,85,Compass Therapeutics,Compass Therapeutics,6,1,0,multi_experimental,2,ctx-8371,ctx-8371,PD-1,Bispecific Antibody,BRAF;ER;HER2;MET;PD-L1;PR,1,1,1,0,0,0,0,1,1
NCT06172478,A Study of HER3-DXd in Subjects With Locally Advanced or Metastatic Solid Tumors,PHASE2,Phase 2,RECRUITING,740,Daiichi Sankyo,Daiichi Sankyo,178,1,1,single_arm,1,her3-dxd,her3-dxd,HER3,ADC,ALK;BRAF;CLDN18.2;ER;HER2;HER3;KRAS;MET;MMR;MSI;NTRK;PD-L1;RET;ROS1;genomic,1,1,1,1,1,1,1,1,1
NCT06194656,Clinical Trial of SIBP-03 in Patients With Head and Neck Squamous Cell Carcinoma,PHASE2,Phase 2,RECRUITING,81,Shanghai Institute Of Biological Products,Shanghai Institute Of Biological Products,10,1,0,placebo_comparator,5,cetuximab injection,cetuximab injection;her3 monoclonal antibodies-dose a;her3 monoclonal antibodies-dose b;her3 monoclonal antibodies-dose c;her3 monoclonal antibodies-dose d,HER3,Monoclonal Antibody,PD-L1;biomarker,1,1,1,0,1,0,0,0,1
NCT06235216,Sacituzumab govitEcan in THYroid Cancers,PHASE2,Phase 2,RECRUITING,42,Grupo Espanol de Tumores Neuroendocrinos,Grupo Espanol de Tumores Neuroendocrinos,10,0,1,single_arm,1,sacituzumab govitecan,sacituzumab govitecan,TROP2,ADC,TROP2,1,1,0,0,0,0,1,1,0
NCT06236425,TBio-4101 and Pembro wi/ or w/o Chemo in Recurrent/Metastatic HNSCC,PHASE1,Phase 1,COMPLETED,7,H. Lee Moffitt Cancer Center and Research Institute,H. Lee Moffitt Cancer Center and Research Institute,228,0,0,multi_experimental,2,aldesleukin;cyclophosphamide;fludarabine;pembrolizumab;platinum based;tbio-4101,aldesleukin;cyclophosphamide;fludarabine;pembrolizumab;platinum based;tbio-4101,PD-1,Cell Therapy,PD-L1,1,1,1,0,0,0,0,1,1
NCT06237881,"A Phase 1/2 Study of KSQ-001EX, Autologous Tumor Infiltrating Lymphocytes Engineered to Inactivate the SOCS1 Gene, in Patients With Select Advanced Solid Tumors",PHASE1;PHASE2,Phase 2,ACTIVE_NOT_RECRUITING,15,M.D. Anderson Cancer Center,M.D. Anderson Cancer Center,697,0,0,multi_experimental,3,cyclophosphamide;fludarabine;ksq-001ex,cyclophosphamide;fludarabine;interleukin-2;ksq-001ex,SOCS1,Cell Therapy,ALK;BRAF;KRAS;MET;PD-L1;RET,1,1,1,0,1,0,0,1,1
NCT06238479,"A Study of LY4101174 in Participants With Recurrent, Advanced or Metastatic Solid Tumors",PHASE1,Phase 1,ACTIVE_NOT_RECRUITING,490,Eli Lilly and Company,Eli Lilly,535,1,1,multi_experimental,3,ly4101174,ly4101174,NECTIN4,ADC,NECTIN-4,1,1,0,0,0,0,0,0,0
NCT06239194,Dose Escalation and Dose Expansion Study of MDX2001 in Patients With Advanced Solid Tumors,PHASE1;PHASE2,Phase 2,RECRUITING,285,"ModeX Therapeutics, An OPKO Health Company","ModeX Therapeutics, An OPKO Health",3,1,0,multi_experimental,4,mdx2001,mdx2001,CD3,Bispecific Antibody,MET;TROP2,1,1,0,0,0,0,0,0,0
NCT06239220,"PD-L1 t-haNK, NAI IL-15sa and Cetuximab for Recurrent, Metastatic HNSCC",PHASE2,Phase 2,RECRUITING,25,Dana-Farber Cancer Institute,Dana-Farber Cancer Institute,326,0,0,multi_experimental,2,cetuximab;nai;pd-l1 t-hank,cetuximab;nai;pd-l1 t-hank,PD-L1,CAR-T,PD-L1,1,1,1,1,0,0,0,1,1
NCT06239727,Reduced-dose Radiotherapy for Stage III Nasopharyngeal Carcinoma Based on the Treatment Response,PHASE3,Phase 3,RECRUITING,593,Sun Yat-sen University,Sun Yat-sen University,73,0,0,active_comparator,3,cisplatin (;conventional-dose intensity-modulated radiotherapy;gemcitabine;pd-1 blocking antibody,cisplatin (;gemcitabine;pd-1 blocking antibody;reduced-dose intensity-modulated radiotherapy,PD-1,Monoclonal Antibody,PD-L1,1,1,0,0,0,0,0,0,0
NCT06242470,A Study of MGC026 in Participants With Advanced Solid Tumors,PHASE1,Phase 1,RECRUITING,250,MacroGenics,MacroGenics,29,1,0,multi_experimental,12,,mgc026 dose escalation;mgc026 dose for expansion,,,,0,1,0,0,0,0,0,0,0
NCT06256588,A Study of Dostarlimab vs Placebo After Chemoradiation in Adult Participants With Locally Advanced Unresected Head and Neck Squamous Cell Carcinoma,PHASE3,Phase 3,RECRUITING,864,GlaxoSmithKline,GSK,468,1,1,placebo_comparator,2,,dostarlimab,PD-1,Monoclonal Antibody,MSI-H;PD-L1;dMMR,1,0,1,1,0,0,0,0,1
NCT06265025,"GM103 Intratumoral Injection in Patients With Locally Advanced, Unresectable, Refractory and/or Metastatic Solid Tumors",PHASE1;PHASE2,Phase 2,RECRUITING,125,"GeneMedicine Co., Ltd.",GeneMedicine,1,1,0,multi_experimental,3,,gm103 (part a);gm103 (part b);gm103 and pembrolizumab (part c),PD-1,Oncolytic Virus,,1,1,0,0,0,0,0,1,0
NCT06295731,INBRX-106 in Combination With Pembrolizumab in First-line PD-L1 CPS≥20 HNSCC,PHASE2;PHASE3,Phase 3,ACTIVE_NOT_RECRUITING,410,"Inhibrx Biosciences, Inc",Inhibrx Biosciences,4,1,0,active_comparator,2,inbrx-106;pembrolizumab,inbrx-106;pembrolizumab,PD-L1,Monoclonal Antibody,PD-L1;PD-L1 (CPS ≥20);biomarker;biomarker analysis,1,1,1,1,0,0,0,0,1
NCT06305247,A Study to Assess IPN01194 When Administered Alone in Adults With Advanced Solid Tumours,PHASE1;PHASE2,Phase 2,ACTIVE_NOT_RECRUITING,36,Ipsen,Ipsen,58,1,0,multi_experimental,2,ipn01194,ipn01194,ERK,Small Molecule,,0,1,0,0,0,0,0,0,0
NCT06305962,177Lu-anti-PD-L1 sdAb in Metastatic Solid Tumors,EARLY_PHASE1,Phase 1,RECRUITING,30,"Radiopharm Theranostics, Ltd",Radiopharm Theranostics,7,1,0,single_arm,1,177lu-rad204,177lu-rad204,PD-L1,Radiopharmaceutical,MSI;PD-L1,0,1,1,0,1,0,0,1,1
NCT06319963,A Study to Evaluate Lenti-HPV-07 Immunotherapy Against HPV+ Cervical or Oropharyngeal Cancer,PHASE1;PHASE2,Phase 2,RECRUITING,72,Theravectys S.A.,Theravectys,1,1,0,multi_experimental,2,,one im injection lenti-hpv-07;two im injections lenti-hpv-07,HPV,mRNA,HPV,0,1,0,1,0,0,0,0,1
NCT06332092,FID-007 and Cetuximab in Treating Patients With Advanced Head and Neck Squamous Cell Carcinoma,PHASE2,Phase 2,ACTIVE_NOT_RECRUITING,46,Fulgent Pharma LLC.,Fulgent Pharma,2,1,0,active_comparator,2,fid007,,paclitaxel,Monoclonal Antibody,MET;PD-L1,1,0,1,0,0,0,0,1,1
NCT06332755,"Study to Evaluate LB-LR1109, Administered Alone for the Treatment of Solid Tumor and in Combination With Atezolizumab for the Treatment of NSCLC",PHASE1,Phase 1,RECRUITING,76,LG Chem,LG Chem,2,1,0,multi_experimental,2,,phase 1a: lb-lr1109;phase 1b: lb-lr1109 and atezolizumab,PD-L1,Monoclonal Antibody,genomic,1,1,0,0,0,0,0,0,0
NCT06348264,"Adjuvant Rezvilutamide in Combination With Androgen Deprivation Therapy in Androgen Receptor-positive, High-risk Salivary Duct Carcinoma",PHASE2,Phase 2,RECRUITING,37,Peking University First Hospital,Peking University First Hospital,4,0,0,single_arm,1,leuprolide acetate;rezvilutamide,leuprolide acetate;rezvilutamide,AR,Small Molecule,AR,0,1,0,0,0,0,0,0,0
NCT06358053,CRTE7A2-01 TCR-T Cells for HPV-16 Positive Advanced Cancers,PHASE1,Phase 1,NOT_YET_RECRUITING,24,"Corregene Biotechnology Co., Ltd",Corregene Biotechnology,4,1,0,single_arm,1,crte7a2-01 tcr-t cell therapy,crte7a2-01 tcr-t cell therapy,HPV16,Recombinant Protein,HLA-A*02:01;HPV16,0,1,0,0,0,0,0,1,0
NCT06359847,Study of ST-1898 in Locally Advanced or Metastatic Radioiodine-Refractory Differentiated Thyroid Cancer,PHASE2,Phase 2,RECRUITING,60,Beijing Scitech-Mq Pharmaceuticals Limited,Beijing Scitech-Mq Pharmaceuticals,3,1,0,single_arm,1,st-1898 tablets,st-1898 tablets,RET,Small Molecule,BRAF;MET;RET;biomarker,0,1,0,0,0,0,0,1,0
NCT06378177,A Study of LVGN6051 Combination Therapy in Patient With Head and Neck Squamous Cell Carcinoma (HNSCC),PHASE2,Phase 2,ACTIVE_NOT_RECRUITING,64,Lyvgen Biopharma Holdings Limited,Lyvgen Biopharma,6,1,0,single_arm,1,lvgn6051 monoclonal antibody injection;paclitaxel injection;toripalimab injection,lvgn6051 monoclonal antibody injection;paclitaxel injection;toripalimab injection,PD-1,Monoclonal Antibody,PD-L1,1,1,0,0,0,0,1,0,0
NCT06380816,A Phase I/II Trial of UCB4594 in Participants With Advanced Cancer,PHASE1;PHASE2,Phase 2,RECRUITING,167,Cancer Research UK,Cancer Research UK,16,0,0,multi_experimental,2,ucb4594,ucb4594,,,,0,1,0,0,0,0,0,1,0
NCT06385080,A Study of Amivantamab Alone or in Addition to Other Treatment Agents in Participants With Head and Neck Cancer,PHASE1;PHASE2,Phase 2,RECRUITING,287,"Janssen Research & Development, LLC",Johnson & Johnson,363,1,1,multi_experimental,7,amivantamab,amivantamab;carboplatin;paclitaxel;pembrolizumab,EGFR,Monoclonal Antibody,EGFR;PD-L1,1,1,1,1,0,0,0,0,1
NCT06437522,A Study of BL-B01D1+PD-1 Monoclonal Antibody in Patients With Recurrent or Metastatic Head and Neck Squamous Cell Carcinoma and Other Solid Tumors,PHASE2,Phase 2,RECRUITING,46,"Sichuan Baili Pharmaceutical Co., Ltd.",Sichuan Baili Pharmaceutical,127,1,0,single_arm,1,bl-b01d1;pd-1 monoclonal antibody,bl-b01d1;pd-1 monoclonal antibody,PD-1,ADC,PD-L1,1,1,1,0,0,0,0,0,1
NCT06444815,A Study of VET3-TGI in Patients With Solid Tumors,PHASE1,Phase 1,RECRUITING,60,KaliVir Immunotherapeutics,KaliVir Immunotherapeutics,1,1,0,multi_experimental,4,vet3-tgi,atezolizumab;vet3-tgi,TGF-β,Oncolytic Virus,,1,1,1,0,0,0,0,0,1
NCT06451497,"This is a Phase 1 Trial of ZM008, an Anti-LLT1 Antibody, Used as Single Agent Followed by Combination Treatment With Toripalimab in Patients With Advanced Solid Tumors",PHASE1,Phase 1,RECRUITING,100,Zumutor Biologics Inc.,Zumutor Biologics,1,1,0,single_arm,1,zm008,zm008,LLT1,Monoclonal Antibody,,1,1,0,0,0,0,0,1,0
NCT06458036,Selpercatinib Pre-RAI in Patients With RET Fusion Thyroid Cancer (RAISE),PHASE2,Phase 2,RECRUITING,13,Children's Hospital of Philadelphia,Children's Hospital of Philadelphia,6,0,1,single_arm,1,131i therapy;selpercatinib monotherapy,131i therapy;selpercatinib monotherapy,RET,Small Molecule,RET,0,1,0,0,0,0,0,0,0
NCT06465069,A Study of LY4052031 in Participants With Advanced or Metastatic Urothelial Cancer or Other Solid Tumors,PHASE1,Phase 1,RECRUITING,420,Eli Lilly and Company,Eli Lilly,535,1,1,multi_experimental,3,ly4052031,ly4052031,NECTIN4,ADC,NECTIN-4,1,1,0,0,0,0,0,0,0
NCT06469008,A Study of BL-B16D1 in Patients With Recurrent or Metastatic Head and Neck Squamous Cell Carcinoma and Other Solid Tumors,PHASE1,Phase 1,RECRUITING,21,"Sichuan Baili Pharmaceutical Co., Ltd.",Sichuan Baili Pharmaceutical,127,1,0,single_arm,1,bl-b16d1,bl-b16d1,,,,0,1,0,0,0,0,0,0,0
NCT06475300,"A Study of BL-B01D1+PD-1 Monoclonal Antibody in Patients With Locally Advanced or Metastatic Non-small Cell Lung Cancer, Nasopharyngeal Carcinoma and Other Solid Tumors",PHASE2,Phase 2,RECRUITING,570,"Sichuan Baili Pharmaceutical Co., Ltd.",Sichuan Baili Pharmaceutical,127,1,0,single_arm,1,bl-b01d1;pd-1 monoclonal antibody;pemetrexed disodium,bl-b01d1;pd-1 monoclonal antibody;pemetrexed disodium,PD-1,ADC,ALK,1,1,0,0,1,0,0,0,1
NCT06496178,A Phase 3 Study to Evaluate Petosemtamab Compared With Investigator's Choice Monotherapy in Previously Treated Head and Neck Squamous Cell Carcinoma Patients (LiGeR-HN2),PHASE3,Phase 3,ACTIVE_NOT_RECRUITING,621,Merus B.V.,Merus,8,1,0,active_comparator,2,investigator's choice,petosemtamab,EGFR,Monoclonal Antibody,EGFR,1,1,0,0,0,0,0,0,0
NCT06505551,Phase 1/2 Study of Autologous SCG142 TCR T Cells in Patients With HPV16/52-positive Carcinoma,PHASE1;PHASE2,Phase 2,NOT_YET_RECRUITING,66,SCG Cell Therapy Pte. Ltd.,SCG Cell Therapy Pte.,3,1,0,single_arm,1,cyclophosphamide;fludarabine;scg142,cyclophosphamide;fludarabine;scg142,HPV16,Cell Therapy,HPV16;HPV52,1,1,0,0,0,0,0,0,0
NCT06515990,A Study of DM005 in Patients With Advanced Solid Tumors,PHASE1;PHASE2,Phase 2,RECRUITING,208,"Doma Biopharmaceutical（Suzhou）Co., Ltd.",Doma Biopharmaceutical（Suzhou）,1,1,0,multi_experimental,9,dm005,dm005,EGFR,ADC,,1,1,0,0,0,0,0,0,0
NCT06525220,A Phase 3 Study to Evaluate Petosemtamab Plus Pembrolizumab vs Pembrolizumab in First-line Treatment of Head and Neck Cancer (LiGeR - HN1),PHASE3,Phase 3,RECRUITING,700,Merus B.V.,Merus,8,1,0,active_comparator,2,pembrolizumab,pembrolizumab;petosemtamab,EGFR,Monoclonal Antibody,EGFR;PD-L1,1,1,1,0,0,0,0,0,1
NCT06535607,Study of Volrustomig as Monotherapy or in Combination With Anti- Cancer Agents in Participants With Advanced/Metastatic Solid Tumors,PHASE2,Phase 2,RECRUITING,257,AstraZeneca,AstraZeneca,780,1,1,multi_experimental,8,volrustomig,carboplatin;cisplatin;fluorouracil;paclitaxel;volrustomig,PD-1,Monoclonal Antibody,PD-L1,1,1,1,0,0,0,0,0,1
NCT06540443,Pilot Study of MPB-2043 Enhanced MRI for Nodal Staging in Head and Neck Squamous Cell Carcinomas,PHASE1,Phase 1,RECRUITING,24,MegaPro Biomedical Co. Ltd.,MegaPro Biomedical,3,1,0,multi_experimental,4,,mpb-2043 of 0.;mpb-2043 of 1.;mpb-2043 of 2.;mpb-2043 of 3.,,,,0,1,0,0,0,0,0,0,0
NCT06545331,Study of XB010 in Subjects With Solid Tumors,PHASE1,Phase 1,RECRUITING,396,Exelixis,Exelixis,52,1,0,multi_experimental,3,xb010,pembrolizumab;xb010,PD-1,,,0,1,0,0,0,0,0,0,0
NCT06549946,Ixovex-1 Single Agent and Combination Therapy,PHASE1;PHASE2,Phase 2,RECRUITING,18,Psivac Ltd,Psivac,1,1,0,multi_experimental,3,ixovex-1,ixovex-1;pembrolizumab,,Oncolytic Virus,,1,1,0,0,0,0,0,0,0
NCT06589609,Phase 1 Clinical Trial of FluBHPVE6E7 Immunotherapy for HPV16-Associated Oropharyngeal Cancer,PHASE1,Phase 1,RECRUITING,12,BlueSky Immunotherapies GmbH,BlueSky Immunotherapies,2,1,0,single_arm,1,flubhpve6e7,flubhpve6e7,HPV16 E6/E7,Oncolytic Virus,HPV16,1,1,0,1,0,0,0,0,1
NCT06597565,A Phase II Study of ACR-368 and Low Dose Gemcitabine in R/M HNSCC,PHASE2,Phase 2,RECRUITING,43,H. Lee Moffitt Cancer Center and Research Institute,H. Lee Moffitt Cancer Center and Research Institute,228,0,0,multi_experimental,2,acr-368;gemcitabine,acr-368;gemcitabine,CHK1,Small Molecule,OncoSignature;PD-L1,0,1,1,1,0,0,0,0,1
NCT06597721,"ADCE-T02, a Tissue Factor Targeted Antibody-Drug Conjugate, in Patients With Selected Advanced Solid Tumours",PHASE1,Phase 1,RECRUITING,210,Adcendo ApS,Adcendo,3,1,0,single_arm,1,adce-t02,adce-t02,TF,ADC,,1,1,0,0,0,0,0,0,0
NCT06601335,A Phase 3 Study of AK112 Plus AK117 Versus Pembrolizumab in Recurrent or Metastatic Head and Neck Squamous Cell Carcinoma (R/M HNSCC),PHASE3,Phase 3,RECRUITING,510,Akeso,Akeso,103,1,0,active_comparator,2,placebo in combination with pembrolizumab,ak117 in combination with ak112,PD-L1,Monoclonal Antibody,PD-L1,1,1,1,1,0,0,0,0,1
NCT06614686,U87 CAR-T in Patients With Advanced Head and Neck Tumors,PHASE1,Phase 1,RECRUITING,20,"Shanghai Unicar-Therapy Bio-medicine Technology Co.,Ltd",Shanghai Unicar-Therapy Bio-medicine Technology,15,1,0,single_arm,1,u87 autologous car t-cell,u87 autologous car t-cell,,CAR-T,TROP2,1,1,0,0,0,0,0,0,0
NCT06629597,A Phase III Study of YL201 in Recurrent or Metastatic Nasopharyngeal Carcinoma (TAISHAN-301),PHASE3,Phase 3,ACTIVE_NOT_RECRUITING,400,"MediLink Therapeutics (Suzhou) Co., Ltd.",MediLink Therapeutics (Suzhou),23,1,0,active_comparator,2,capecitabine;docetaxel;gemcitabine,yl201,B7-H3,ADC,,1,1,0,0,0,0,0,0,0
NCT06645808,PET-imaging of Two Vartumabs in Patients With Solid Tumors,EARLY_PHASE1,Phase 1,RECRUITING,32,Var2 Pharmaceuticals,Var2 Pharmaceuticals,1,1,0,multi_experimental,2,pet/ct scan,89zr-dfo-n-suc-c9scfv;89zr-dfo-n-suc-f8scfv;pet/ct scan,oncofetal chondroitin sulfate,Radiopharmaceutical,,0,1,0,0,1,0,0,0,1
NCT06657222,First in Human Study of TUB-030 in Patients With Advanced Solid Tumors,PHASE1;PHASE2,Phase 2,RECRUITING,250,Tubulis GmbH,Tubulis,5,1,0,multi_experimental,2,tub-030,tub-030,5T4,ADC,,1,1,0,0,0,0,0,0,0
NCT06668961,A Study of SI-B001+SI-B003 Combined With Platinum-based Chemotherapy as First-line Treatment in Patients With Recurrent or Metastatic Head and Neck Squamous Cell Carcinoma,PHASE2,Phase 2,ACTIVE_NOT_RECRUITING,48,"Sichuan Baili Pharmaceutical Co., Ltd.",Sichuan Baili Pharmaceutical,127,1,0,multi_experimental,2,si-b001,si-b001;si-b003,EGFR/HER3,Bispecific Antibody,,1,1,0,0,0,0,0,0,0
NCT06673329,Brodalumab in the Treatment of Immune-Related Adverse Events,PHASE1,Phase 1,RECRUITING,11,"Brian Henick, MD","Brian Henick, MD",1,0,0,single_arm,1,brodalumab;ct scan,brodalumab;ct scan,IL-17RA,Monoclonal Antibody,,1,1,0,0,0,0,0,0,0
NCT06682793,"A Study to Evaluate the Safety and Efficacy of A2B395, an Allogeneic Logic-gated CAR T, in Participants With Solid Tumors That Express EGFR and Have Lost HLA-A*02 Expression",PHASE1;PHASE2,Phase 2,RECRUITING,240,A2 Biotherapeutics Inc.,A2 Biotherapeutics,3,1,0,single_arm,1,a2b395;diagnostic test: xt cdx with hla-loh assay,a2b395;diagnostic test: xt cdx with hla-loh assay,EGFR,CAR-T,HLA-A*02,1,1,0,0,1,0,0,0,1
NCT06695845,A Phase 2 Study of Zanidatamab in Patients With HER2-expressing Tumors,PHASE2,Phase 2,RECRUITING,200,Jazz Pharmaceuticals,Jazz Pharmaceuticals,59,1,0,single_arm,1,zanidatamab,zanidatamab,HER2,Bispecific Antibody,ALK;BRAF;EGFR;HER2;KRAS;MET;ROS1,1,1,0,0,1,0,0,0,1
NCT06699212,A Study of ASP-1929 Photoimmunotherapy in Combination With Pembrolizumab in First-line Treatment of Locoregional Recurrent Squamous Cell Carcinoma of the Head and Neck With No Distant Metastases,PHASE3,Phase 3,RECRUITING,412,"Rakuten Medical, Inc.",Rakuten Medical,7,1,0,active_comparator,3,carboplatin;cisplatin;docetaxel;fluorouracil;paclitaxel;pembrolizumab,asp-1929 photoimmunotherapy;pembrolizumab,PD-1,Radiopharmaceutical,PD-L1,0,1,1,1,0,0,1,0,1
NCT06700070,A Phase 0 Multicenter Study of the Pharmacodynamic Effects of Intratumoral Microdose Administration of PBA-0111 in Patients With Solid Tumors,EARLY_PHASE1,Phase 1,RECRUITING,12,Pure Biologics S.A.,Pure Biologics,2,1,0,single_arm,1,pba-0111,pba-0111,,,biomarker,0,1,0,0,1,0,0,0,1
NCT06710756,Lead-212 PSV359 Therapy for Patients With Solid Tumors,PHASE1;PHASE2,Phase 2,RECRUITING,112,Perspective Therapeutics,Perspective Therapeutics,4,1,0,multi_experimental,2,[203pb]pb-psv359;[212pb]pb-psv359,[203pb]pb-psv359;[212pb]pb-psv359,FAP,Radiopharmaceutical,FAP,0,1,0,0,0,0,0,0,0
NCT06719479,A Clinical Trial to Evaluate Effect of IAE0972 Combined with Chemotherapy for R/M HNSCC or NPC(Note: It is Currently Phase II.).,PHASE2;PHASE3,Phase 3,NOT_YET_RECRUITING,60,"SUNHO（China）BioPharmaceutical CO., Ltd.",SUNHO（China）BioPharmaceutical,14,1,0,multi_experimental,5,,iae0972+ methotrexate;iae0972+capecitabine;iae0972+docetaxel;iae0972+gemcitabine;iae0972+taxanes,,,,0,1,0,0,0,0,0,0,0
NCT06727565,Study of Novel Treatment Combination Therapies in Participants With Head and Neck Squamous Cell Carcinoma Regardless of PD-L1 Expression Status; Substudy-01,PHASE2,Phase 2,ACTIVE_NOT_RECRUITING,39,Gilead Sciences,Gilead Sciences,168,1,1,multi_experimental,2,carboplatin;paclitaxel;zimberelimab,carboplatin;domvanalimab;paclitaxel;zimberelimab,TIGIT,Monoclonal Antibody,MET;PD-L1,1,1,1,1,0,0,0,1,1
NCT06736379,Intratumoral Delivery of Viral Replicon (saRNA) Particles Expressing IL-12 in Head and Neck Cancer,PHASE1,Phase 1,RECRUITING,41,VLP Therapeutics,VLP Therapeutics,1,1,0,multi_experimental,4,,pembrolizumab (keytruda);vrp-encapsulated sarna encoding il-12 (1 x 10^9 viral particles per injection);vrp-encapsulated sarna encoding il-12 (3 x 10^8 viral particles per injection),IL-12,mRNA,ALK;EGFR;PD-L1,0,1,1,0,1,0,0,1,1
NCT06747585,A Study to Investigate ALE.P02 as Monotherapy in Adult Patients With Selected CLDN1+ Solid Tumors,PHASE1;PHASE2,Phase 2,RECRUITING,170,Alentis Therapeutics AG,Alentis Therapeutics,3,1,0,multi_experimental,3,ale.p02,ale.p02,CLDN1,ADC,CLDN1,1,1,0,0,0,0,0,1,0
NCT06749899,QL1706 (PD-1/CTLA-4 Bi-specific Antibody) and Chemoradiotherapy in Locoregionally-advanced Nasopharyngeal Carcinoma.,PHASE3,Phase 3,RECRUITING,580,Sun Yat-Sen University Cancer Center,Sun Yat-Sen University Cancer Center,4,0,0,active_comparator,2,cisplatin;gemcitabine;intensity-modulated radiotherapy,cisplatin;gemcitabine;intensity-modulated radiotherapy;ql1706,PD-1,Monoclonal Antibody,PD-L1,1,1,0,0,0,0,0,0,0
NCT06769698,A Study to See if Giving Fianlimab and Cemiplimab Together is Better Than Cemiplimab Alone at Treating Recurrent or Metastatic Head and Neck Squamous Cell Carcinoma,PHASE2,Phase 2,RECRUITING,120,Regeneron Pharmaceuticals,Regeneron,95,1,1,multi_experimental,2,cemiplimab;fdc fianlimab+cemiplimab,cemiplimab;fdc fianlimab+cemiplimab,PD-1,Monoclonal Antibody,PD-L1,1,1,1,1,0,0,0,0,1
NCT06772428,Nano-crystalline Megestrol Acetate for Adjuvant Treatment in High-risk Head and Neck Squamous Cell Carcinoma After Surgery.,PHASE3,Phase 3,NOT_YET_RECRUITING,96,"Changchun GeneScience Pharmaceutical Co., Ltd.",Changchun GeneScience Pharmaceutical,23,1,0,active_comparator,2,standard treatment,nano-crystalline megestrol acetate oral suspension;standard treatment,,Small Molecule,,0,1,0,0,0,0,0,0,0
NCT06778863,A Study of CLSP-1025 in Adult Patients With Solid Tumors That Harbor the p53 R175H Mutation,PHASE1,Phase 1,RECRUITING,90,"Clasp Therapeutics, Inc.",Clasp Therapeutics,2,1,0,multi_experimental,2,clsp-1025,clsp-1025,p53,Bispecific Antibody,HLA-A*02:01;P53,1,1,0,0,0,0,0,0,0
NCT06781567,Clinical Trial of HG146 Administered to Participants with Adenoid Cystic Carcinoma,PHASE2,Phase 2,RECRUITING,140,HitGen Inc.,HitGen,4,1,0,single_arm,1,hg146,hg146,HDAC,Small Molecule,,0,1,0,0,0,0,0,0,0
NCT06782555,A Study of Evofosfamide in Combination with Zalifrelimab and Balstilimab,PHASE1;PHASE2,Phase 2,RECRUITING,71,ImmunoGenesis,ImmunoGenesis,7,1,0,multi_experimental,3,balstilimab;evofosfamide;zalifrelimab,balstilimab;evofosfamide;zalifrelimab,CTLA-4,Monoclonal Antibody,PD-L1,1,1,1,1,0,0,0,0,1
NCT06788990,"FORTIFI-HN01: A Study of Ficerafusp Alfa (BCA101) or Placebo in Combination With Pembrolizumab in First-Line PD-L1-pos, R or M HNSCC",PHASE2;PHASE3,Phase 3,RECRUITING,650,Bicara Therapeutics,Bicara,3,1,0,placebo_comparator,5,pembrolizumab (keytruda),ficerafusp alfa;pembrolizumab (keytruda),TGF-β,Bispecific Antibody,PD-L1,1,1,1,1,1,0,0,0,1
NCT06789172,"A Phase 1, First-in-human Study of OKN4395 and Pembrolizumab in Patients With Solid Tumors",PHASE1,Phase 1,RECRUITING,146,Epkin,Epkin,1,1,0,multi_experimental,7,okn4395,fasting;fed;h2 receptor antagonist;okn4395;pembrolizumab,EP2,Small Molecule,ALK;HER2;MSI;PD-L1,0,1,1,0,1,1,1,1,1
NCT06797986,A Phase I/IIa Clinical Trial to Investigate BVAC-E6E7 in Subjects With HPV Positive HNSCC.,PHASE1;PHASE2,Phase 2,RECRUITING,37,"Cellid Co., Ltd.",Cellid,3,1,0,multi_experimental,3,,bvac-e6e7 (high level);bvac-e6e7 (low level);bvac-e6e7 (rp2d),HPV16/18,Vaccine,HPV16;HPV18,1,1,0,1,0,0,0,0,1
NCT06805617,"A Phase 2 Trial of Ivonescimab for Patients With Advanced, Metastatic Salivary Gland Cancers",PHASE2,Phase 2,RECRUITING,35,Glenn J. Hanna,Glenn J. Hanna,3,0,0,multi_experimental,2,ivonescimab,ivonescimab,PD-1,Bispecific Antibody,BRAF;MSS;PD-L1;pMMR,1,1,0,0,1,0,0,1,1
NCT06806852,A Study to Test Whether Treatment With BI 770371 in Combination With Pembrolizumab With or Without Cetuximab Helps People With Head and Neck Cancer Compared With Pembrolizumab Alone,PHASE1,Phase 1,ACTIVE_NOT_RECRUITING,91,Boehringer Ingelheim,Boehringer Ingelheim,237,1,1,multi_experimental,3,pembrolizumab,bi 770371;cetuximab;pembrolizumab,PD-1,Monoclonal Antibody,PD-L1,1,1,1,0,0,0,0,0,1
NCT06814496,Radiation Combined With BIspecific T-Cell Engager in DLL3 Expressing Tumors,PHASE1;PHASE2,Phase 2,RECRUITING,30,University of Arizona,University of Arizona,8,0,1,multi_experimental,4,tarlatamab,concurrent radiation therapy;sequential radiation therapy;tarlatamab,DLL3,Bispecific Antibody,DLL3;MET,1,1,0,0,1,0,1,1,1
NCT06839066,A Phase II Study to Evaluate HLX43 in Subjects With Recurrent/Metastatic Nasopharyngeal Carcinoma Failed or Intolerance to Second-line Therapy,PHASE2,Phase 2,RECRUITING,70,Shanghai Henlius Biotech,Shanghai Henlius,98,1,0,multi_experimental,3,,hlx43 dose 1;hlx43 dose 2;hlx43 dose 3,PD-L1,ADC,PD-L1,1,1,1,0,0,0,0,0,1
NCT06855212,Phase II Study of Neoadjuvant Cetuximab and Cemiplimab in Patients Undergoing Surgery for HNSCC,PHASE2,Phase 2,ACTIVE_NOT_RECRUITING,22,H. Lee Moffitt Cancer Center and Research Institute,H. Lee Moffitt Cancer Center and Research Institute,228,0,1,single_arm,1,cemiplimab;cetuximab,cemiplimab;cetuximab,PD-1,Monoclonal Antibody,PD-L1,1,1,1,1,0,0,0,0,1
NCT06856213,Study of Cetuximab Plus/Minus Weekly Paclitaxel After Progression To First-Line Pembrolizumab Plus Platinum-5FU in Subjects With Recurrent/Metastatic Squamous Cell Carcinoma of the Head and Neck.,PHASE2,Phase 2,RECRUITING,65,Grupo Español de Tratamiento de Tumores de Cabeza y Cuello,Grupo Español de Tratamiento de Tumores de Cabeza y Cuello,5,0,1,multi_experimental,2,cetuximab,cetuximab;paclitaxel,EGFR,Monoclonal Antibody,KRAS;biomarker;biomarker analysis,1,1,0,1,0,0,1,1,1
NCT06860971,A Study of AL2846 Capsule Versus Placebo in the Treatment of Advanced Radioiodine-Refractory Differentiated Thyroid Carcinoma,PHASE3,Phase 3,RECRUITING,144,"Chia Tai Tianqing Pharmaceutical Group Co., Ltd.",Chia Tai Tianqing Pharmaceutical,213,1,0,placebo_comparator,2,al2846 placebo,al2846 capsules,EGFR,Small Molecule,,0,1,0,0,0,0,0,1,0
NCT06869473,"Cetuximab Plus Platinum and Taxane-based Chemotherapy, Followed by Avelumab and Cetuximab, as First-line Treatment for Recurrent/Metastatic Head and Neck Squamous Cell Carcinoma (HNSCC) Patients With a PD-L1 Combined Positive Score (CPS)≥1≤19.",PHASE2,Phase 2,RECRUITING,67,Gruppo Oncologico del Nord-Ovest,Gruppo Oncologico del Nord-Ovest,8,0,1,single_arm,1,cetuximab/avelumab,cetuximab/avelumab,PD-L1,Monoclonal Antibody,PD-L1;biomarker,1,1,1,0,0,0,0,0,1
NCT06892431,JMT101 Combined With Mitoxantrone Liposome for Nasopharyngeal Cancer,PHASE2,Phase 2,NOT_YET_RECRUITING,150,Shanghai JMT-Bio Inc.,Shanghai JMT-Bio,33,1,0,active_comparator,3,capecitabine;docetaxel injection;gemcitabine hydrochloride for injection,jmt101 injection;mitoxantrone hydrochloride liposome,EGFR,Monoclonal Antibody,EGFR Exon 20ins,1,1,0,0,1,0,0,1,1
NCT06902376,XL092 and Cemiplimab in BRAF WT Thyroid Cancer,PHASE1,Phase 1,RECRUITING,12,UNC Lineberger Comprehensive Cancer Center,UNC Lineberger Comprehensive Cancer Center,85,0,1,single_arm,1,cemiplimab;xl092,cemiplimab;xl092,PD-1,Monoclonal Antibody,BRAF,1,1,0,0,0,0,0,0,0
NCT06910657,IDOV-Immune for Advanced Solid Tumors,PHASE1,Phase 1,RECRUITING,78,"ViroMissile, Inc.",ViroMissile,1,1,0,single_arm,1,idov-immune (oncolytic vaccinia virus),idov-immune (oncolytic vaccinia virus),,Oncolytic Virus,,1,1,0,0,0,0,0,0,0
NCT06912087,Dose Finding Study of Zanzalintinib With Pembrolizumab and Cetuximab in Head and Neck SCC,PHASE1,Phase 1,RECRUITING,36,University of Chicago,University of Chicago,47,0,0,multi_experimental,4,cetuximab;pembrolizumab;zanzalintinib,cetuximab;pembrolizumab;zanzalintinib,MET,Small Molecule,PD-L1,0,1,1,1,1,0,1,1,1
NCT06919666,NT219 Combined With Standard of Care Biologic Therapy in Recurrent/Metastatic Head and Neck Squamous Cell Carcinoma,PHASE1;PHASE2,Phase 2,ACTIVE_NOT_RECRUITING,29,"University of Colorado, Denver","University of Colorado, Denver",46,0,0,multi_experimental,2,nt219,nt219,EGFR,Monoclonal Antibody,EGFR;PR,1,1,1,0,0,0,1,1,1
NCT06923826,Sacituzumab Govitecan in Metastatic Salivary Gland and Thyroid Cancers (SG-SGTC),PHASE2,Phase 2,RECRUITING,32,"National University Hospital, Singapore","National University Hospital, Singapore",22,0,1,multi_experimental,2,sacituzumab govitecan,sacituzumab govitecan,TROP2,ADC,NTRK;RET;TROP2;biomarker;biomarker analysis,1,1,0,0,0,0,0,1,0
NCT06940180,Toripalimab With Chemotherapy for Sinus Cancer,PHASE2,Phase 2,RECRUITING,20,Dana-Farber Cancer Institute,Dana-Farber Cancer Institute,326,0,0,multi_experimental,3,,carboplatin;cisplatin;docetaxel;radiation therapy;toripalimab,PD-1,Monoclonal Antibody,PD-L1,1,1,0,0,0,0,0,0,0
NCT06943521,A Study of MT-4561 in Patients With Various Advanced Solid Tumors,PHASE1;PHASE2,Phase 2,RECRUITING,27,"Tanabe Pharma America, Inc.",Tanabe Pharma America,3,1,0,single_arm,1,mt-4561,mt-4561,BRD4,Small Molecule,,0,1,0,0,0,0,0,0,0
NCT06943820,AK129 Combination Therapy for Advanced Solid Tumors,PHASE1;PHASE2,Phase 2,RECRUITING,230,Akeso,Akeso,103,1,0,active_comparator,9,carboplatin;paclitaxel;pemetrexed;penpulimab,5-fu (5-fluorouracil);ak129(dose 1);ak129(dose 2);ak129(rp2d);carboplatin;cetuximab;cis-platinum;docetaxel;paclitaxel;pemetrexed,PD-1/LAG-3,Bispecific Antibody,ALK;BRAF;MET;MMR;MSI;MSI-H;NTRK;PD-L1;RET;ROS1;dMMR,1,1,0,0,1,1,0,0,1
NCT06952868,Boron Neutron Capture Therapy With B10 L-BPA for Unresectable Recurrent Head and Neck Cancers,PHASE2,Phase 2,RECRUITING,24,China Medical University Hospital,China Medical University Hospital,2,0,0,single_arm,1,drug: b10 l-bpa injection,drug: b10 l-bpa injection,Boron,Radiopharmaceutical,,0,1,0,0,0,0,0,0,0
NCT06959082,Efficacy and Safety Evaluation of VS-101 in Combination With Chemoradiotherapy in Patients With Head and Neck Cancer,PHASE2,Phase 2,RECRUITING,30,"VSPharmTech Co.,Ltd.",VSPharmTech,1,1,0,placebo_comparator,3,cisplatin;radiation,cisplatin;radiation;vs-101,,,,0,1,0,1,0,0,0,0,1
NCT06959108,"Clinical Trial Comparing Induction Treatment With EGFR-ADC MRG003 Alone or in Combination With the Anti PD1 Pucotenlimab, Followed by Radiochemotherapy in Locally Advanced Squamous Cell Cancers of the Head and Neck",PHASE2,Phase 2,RECRUITING,106,Groupe Oncologie Radiotherapie Tete et Cou,Groupe Oncologie Radiotherapie Tete et Cou,7,0,0,active_comparator,2,mrg003,mrg003;pucotenlimab,PD-1,Monoclonal Antibody,PD-L1,1,1,1,0,0,0,0,0,1
NCT06976190,A Study of MRG003 in Combination With Pucotenlimab Versus Chemotherapy in the Treatment of Patients With Recurrent or Metastatic Nasopharyngeal Carcinoma,PHASE3,Phase 3,RECRUITING,446,"Lepu Biopharma Co., Ltd.",Lepu Biopharma,16,1,0,active_comparator,2,docetaxel;gemcitabine;or capecitabine,mrg003 + pucotenlimab,PD-1,Monoclonal Antibody,PD-L1,1,1,0,0,0,0,0,0,0
NCT06989671,SYS6002 Plus JMT101 and Enlonstobart Injection in Participants With HNSCC,PHASE2,Phase 2,NOT_YET_RECRUITING,430,"CSPC Megalith Biopharmaceutical Co.,Ltd.",CSPC Megalith Biopharmaceutical,29,1,0,multi_experimental,8,,jmt101;sg001;sys6002,EGFR,Monoclonal Antibody,EGFR;MET,1,1,0,0,0,0,0,0,0
NCT07006727,Phase I Study of [225Ac]Ac-ETN029 in Patients With Advanced DLL3-expressing Solid Tumors,PHASE1,Phase 1,RECRUITING,123,Novartis Pharmaceuticals,Novartis,836,1,1,single_arm,1,111in-etn029;225ac-etn029,111in-etn029;225ac-etn029,DLL3,Radiopharmaceutical,DLL3;PD-L1,0,1,1,0,1,0,0,0,1
NCT07020117,A Study of [225Ac]Ac-AKY-1189 in Patients With Solid Tumors,PHASE1,Phase 1,RECRUITING,150,"Aktis Oncology, Inc.",Aktis Oncology,2,1,0,single_arm,1,[225ac]ac-aky-1189 (therapeutic);[64cu]cu-aky-1189 (imaging),[225ac]ac-aky-1189 (therapeutic);[64cu]cu-aky-1189 (imaging),NECTIN4,Radiopharmaceutical,NECTIN4,0,1,0,0,0,0,0,0,0
NCT07030257,Study of CP-383 in Patients With Advanced or Metastatic Solid Tumors,PHASE1;PHASE2,Phase 2,RECRUITING,150,Tasca Therapeutics,Tasca Therapeutics,1,1,0,multi_experimental,10,cp-383,cp-383,,,,0,1,0,0,0,0,0,0,0
NCT07036185,A Clinical Trail of KJ015 in Patients With HER2-Expressing Solid Tumors,PHASE1,Phase 1,NOT_YET_RECRUITING,66,"Shanghai Bao Pharmaceuticals Co., Ltd.",Shanghai Bao Pharmaceuticals,1,1,0,single_arm,1,kj015 injection (subcutaneous injection),kj015 injection (subcutaneous injection),HER2,Monoclonal Antibody,HER2,1,1,0,0,0,0,0,0,0
NCT07038343,AVENTINE-1: Study of AVZO-1418 as a Single Agent and in Combination Therapy in Patients With Locally Advanced or Metastatic Solid Tumors (AVZO-1418-1001),PHASE1;PHASE2,Phase 2,RECRUITING,480,"Avenzo Therapeutics, Inc.",Avenzo Therapeutics,4,1,0,multi_experimental,4,avzo-1418,avzo-1418;combination agent 1;combination agent 2,,,,0,1,0,0,0,0,0,0,0
NCT07040072,Finotonlimab Combined With Stapokibart in the Treatment of Recurrent/Metastatic HNSCC,PHASE1,Phase 1,RECRUITING,10,Beijing Tongren Hospital,Beijing Tongren Hospital,1,0,0,single_arm,1,stapokibart and finotonlimab,stapokibart and finotonlimab,PD-1,Monoclonal Antibody,PD-L1,1,1,1,0,0,0,0,0,1
NCT07058116,Accelerator-based BNCT (Boron Neutron Capture Therapy) for Head and Neck Carcinoma.,PHASE1,Phase 1,RECRUITING,10,"Neutron Therapeutics, LLC",Neutron Therapeutics,1,1,0,single_arm,1,l-boronophenylalanine intravenous administration,l-boronophenylalanine intravenous administration,,Radiopharmaceutical,,0,1,0,0,0,0,0,0,0
NCT07059221,A Trial of SHR-A2102 With Adebrelimab With or Without Other Anti-tumor Therapies in Recurrent/MetastaticHead and Neck Squamous Cell Carcinoma Cancer,PHASE1;PHASE2,Phase 2,RECRUITING,210,"Suzhou Suncadia Biopharmaceuticals Co., Ltd.",Suzhou Suncadia Biopharmaceuticals,86,1,0,multi_experimental,4,,adebrelimab;carboplatin / cisplatin;cetuximab;shr-9839(sc);shr-a2102,EGFR,Monoclonal Antibody,EGFR,1,1,0,0,0,0,0,0,0
NCT07063212,A Study of Sacituzumab Govitecan in Combination With Cetuximab in People With Head and Neck Squamous Cell Cancer (HNSCC),PHASE2,Phase 2,RECRUITING,40,Memorial Sloan Kettering Cancer Center,Memorial Sloan Kettering Cancer Center,411,0,1,single_arm,1,cetuximab;sacituzumab govitecan,cetuximab;sacituzumab govitecan,EGFR,Monoclonal Antibody,KRAS,1,1,0,1,1,0,1,1,1
NCT07070518,Study of GV20-0251 in Participants With Solid Tumor Malignancies,PHASE1;PHASE2,Phase 2,RECRUITING,350,GV20 Therapeutics,GV20 Therapeutics,3,1,0,single_arm,1,gv20-0251,gv20-0251,IGSF8,Oncolytic Virus,IGSF8 RNA;IGSF8 membrane protein;PD-L1,1,1,0,0,0,0,0,1,0
NCT07081984,Study of TI-0093 Injection With Recurrent/Metastatic HPV-16 Positive Solid Tumors,PHASE1,Phase 1,RECRUITING,12,Therorna,Therorna,1,1,0,single_arm,1,therapeutic tumor vaccine,therapeutic tumor vaccine,HPV-16,Oncolytic Virus,HPV-16,1,1,0,1,0,0,0,0,1
NCT07085091,A First in Human Study of ALX2004 With Advanced or Metastatic Selected Solid Tumors,PHASE1,Phase 1,RECRUITING,170,ALX Oncology Inc.,ALX Oncology,8,1,0,multi_experimental,3,alx2004,alx2004,EGFR,ADC,MSI;MSI-H;dMMR,1,1,0,0,0,1,0,1,1
NCT07090499,A Study to Learn About the Study Medicine Called PF-08046876 in People With Advanced Solid Tumors,PHASE1,Phase 1,RECRUITING,540,Pfizer,Pfizer,687,1,1,multi_experimental,3,pf-08046876,pf-08046876,ITGB6,ADC,,1,1,0,0,0,0,0,0,0
NCT07094685,Ivonescimab Before Surgery for the Treatment of Resectable Stage II-IV Head and Neck Cancer,PHASE2,Phase 2,RECRUITING,28,University of Michigan Rogel Cancer Center,University of Michigan Rogel Cancer Center,59,0,0,single_arm,1,biopsy procedure;biospecimen collection;computed tomography;ivonescimab;magnetic resonance imaging;positron emission tomography;surgical procedure,biopsy procedure;biospecimen collection;computed tomography;ivonescimab;magnetic resonance imaging;positron emission tomography;surgical procedure,PD-1,Bispecific Antibody,BRAF;MSS;PD-L1;pMMR,1,1,1,0,1,0,0,0,1
NCT07106827,A Study of GV20-0251 in Advanced or Refractory Solid Tumors,PHASE1,Phase 1,RECRUITING,10,West China Hospital,West China Hospital,11,0,0,single_arm,1,gv20-0251,gv20-0251,IGSF8,Oncolytic Virus,IGSF8 RNA;IGSF8 membrane protein;PD-L1,1,1,0,0,0,0,0,1,0
NCT07109726,A Phase 1/2 Trial of TER-2013 in Patients With Solid Tumors Harboring AKT/PI3K/PTEN Pathway Alterations,PHASE1;PHASE2,Phase 2,RECRUITING,205,Terremoto Biosciences Inc.,Terremoto Biosciences,1,1,0,multi_experimental,4,ter-2013,fulvestrant injection;ter-2013,AKT,Small Molecule,AKT;BRAF;HER2;KRAS;PI3K;PTEN,0,1,0,0,1,0,0,0,1
NCT07115043,A Study to Investigate Safety of AZD6750 in Adult Participants With Select Advanced or Metastatic Solid Tumors,PHASE1;PHASE2,Phase 2,RECRUITING,120,AstraZeneca,AstraZeneca,780,1,1,multi_experimental,2,azd6750,azd6750;rilvegostomig,IL-2,Small Molecule,PD-L1,0,1,1,0,1,0,0,0,1
NCT07136545,"A Phase I/II Trial of HCB101 in Combination With Pembrolizumab for Patients With Platinum-Refractory, Recurrent or Metastatic Head and Neck Squamous Cell Carcinoma (SirH&N Trial)",PHASE1;PHASE2,Phase 2,RECRUITING,50,"Taipei Veterans General Hospital, Taiwan","Taipei Veterans General Hospital, Taiwan",2,0,0,single_arm,1,hcb101;pembrolizumab,hcb101;pembrolizumab,PD-1,Bispecific Antibody,,1,1,0,0,0,0,0,1,0
NCT07151040,Phase 1/2 Study to Evaluate TH9619 in the Treatment of Advanced Solid Tumors,PHASE1;PHASE2,Phase 2,RECRUITING,43,One-carbon Therapeutics AB,One-carbon Therapeutics,1,1,0,single_arm,1,th9619,th9619,MTHFD1,Small Molecule,,0,1,0,0,0,0,0,0,0
NCT07168785,[18F]-AraG PET Imaging in LA HNSCC,EARLY_PHASE1,Phase 1,NOT_YET_RECRUITING,5,Indiana University,Indiana University,28,0,0,single_arm,1,[18f]-arag radiotracer;device: radiotherapy,[18f]-arag radiotracer;device: radiotherapy,,Radiopharmaceutical,,0,1,0,1,0,0,0,0,1
NCT07172256,CUE-101with Pembrolizumab for Locally Advanced HPV+HNSCCs,PHASE2,Phase 2,RECRUITING,30,Yale University,Yale University,65,0,0,multi_experimental,3,,cue-101;pembrolizumab,PD-1,Bispecific Antibody,HLA-A*0201;PD-L1;genomic,1,1,1,1,0,0,0,1,1
NCT07172802,"A Study of GI-108, an Anti-CD73-IgG4 Fc-IL-2v Bispecific Fusion Protein, as Monotherapy in Patients With Advanced or Metastatic Solid Tumors",PHASE1;PHASE2,Phase 2,RECRUITING,102,"GI Innovation, Inc.",GI Innovation,4,1,0,single_arm,1,gi-108,gi-108,CD73,Bispecific Antibody,,1,1,0,0,0,0,0,0,0
NCT07182149,A Phase 1 Study of NRM-823 in Participants With Locally Advanced or Metastatic Refractory Solid Tumors,PHASE1,Phase 1,RECRUITING,150,"Normunity AccelCo, Inc.",Normunity AccelCo,1,1,0,single_arm,1,nrm-823,nrm-823,,Bispecific Antibody,,1,1,0,0,0,0,0,0,0
NCT07189871,"177Lu-BetaBart in Patients With Relapsed/Refractory, Locally Advanced Inoperable, or Metastatic Solid Tumors",PHASE1;PHASE2,Phase 2,RECRUITING,61,"Radiopharm Theranostics, Ltd",Radiopharm Theranostics,7,1,0,single_arm,1,177lu-betabart,177lu-betabart,B7-H3,Radiopharmaceutical,,0,1,1,0,1,0,0,1,1
NCT07209189,Neoadjuvant Chemotherapy and Programmed Cell Death Protein 1(PD-1) Inhibition for Head and Neck Cancer Treatment De-escalation (NeoScorch HN),PHASE2,Phase 2,RECRUITING,75,Sidney Kimmel Comprehensive Cancer Center at Johns Hopkins,Sidney Kimmel Comprehensive Cancer Center at Johns Hopkins,160,0,0,multi_experimental,3,,chemoradiotherapy or radiation;toripalimab;toripalimab +,PD-1,Monoclonal Antibody,PD-L1,1,1,1,1,0,0,0,1,1
NCT07214987,PDT For Induction Therapy For Head And Neck Cancer,PHASE2,Phase 2,RECRUITING,26,Massachusetts General Hospital,Massachusetts General Hospital,170,0,0,single_arm,1,cisplatin;docetaxel;toripalimab-tpzi,cisplatin;docetaxel;toripalimab-tpzi,PD-1,Monoclonal Antibody,CPS,1,1,1,1,0,0,0,0,1
NCT07216105,"FT836 With or Without Chemotherapy and/or Monoclonal Antibodies, in Participants With Advanced Solid Tumors",PHASE1,Phase 1,RECRUITING,119,Fate Therapeutics,Fate Therapeutics,19,1,0,multi_experimental,8,ft836,cetuximab;ft836;trastuzumab,HER2,CAR-T,,1,1,0,0,0,0,0,1,0
NCT07218003,A Phase 1/1b of RNDO-564 Single Agent or in Combination With Pembrolizumab in Bladder Cancer and Other Solid Tumors Associated With Nectin-4,PHASE1,Phase 1,ENROLLING_BY_INVITATION,149,Rondo Therapeutics,Rondo Therapeutics,1,1,0,multi_experimental,15,rndo-564,pembrolizumab;rndo-564,NECTIN4,Bispecific Antibody,NECTIN-4,1,1,0,0,0,0,0,0,0
NCT07219212,A Study of JNJ-90301900 in Combination With Chemoradiation Therapy in Participants With Locally Advanced Head and Neck Squamous Cell Carcinoma,PHASE1,Phase 1,RECRUITING,45,Johnson & Johnson Enterprise Innovation Inc.,Johnson & Johnson,363,1,1,single_arm,1,carboplatin;cisplatin;intensity modulated radiation therapy (imrt);jnj-90301900;paclitaxel,carboplatin;cisplatin;intensity modulated radiation therapy (imrt);jnj-90301900;paclitaxel,PD-L1,Monoclonal Antibody,PD-L1,1,1,0,1,0,0,0,0,1
NCT07227168,A Study of STRO-004 in Adults With Refractory/Recurrent Metastatic Cancer,PHASE1,Phase 1,RECRUITING,200,"Sutro Biopharma, Inc.",Sutro Biopharma,8,1,0,multi_experimental,3,stro-004,pembrolizumab;stro-004,PD-1,ADC,genomic,1,1,0,0,0,0,0,0,0
NCT07232524,A Study of BL-M24D1 in Patients With Locally Advanced or Metastatic Head and Neck Squamous Cell Carcinoma and Other Solid Tumors,PHASE1,Phase 1,RECRUITING,16,"Sichuan Baili Pharmaceutical Co., Ltd.",Sichuan Baili Pharmaceutical,127,1,0,single_arm,1,bl-m24d1,bl-m24d1,,,,0,1,0,0,0,0,0,0,0
NCT07252661,Study of ACC-1898 in Adult Participants With Advanced Solid Tumors,PHASE1,Phase 1,NOT_YET_RECRUITING,40,"AccSalus Biosciences, Inc.",AccSalus Biosciences,1,1,0,multi_experimental,2,acc-1898,acc-1898,,Cell Therapy,,1,1,0,0,0,0,0,0,0
NCT07254585,SYS6010 Combined With Enlonstobart In Recurrent Or Metastatic Head And Neck Squamous Cell Carcinoma,PHASE2,Phase 2,RECRUITING,70,"CSPC Megalith Biopharmaceutical Co.,Ltd.",CSPC Megalith Biopharmaceutical,29,1,0,multi_experimental,2,enlonstobart injection,enlonstobart injection;sys6010 injection,,,MET;PD-L1,0,1,1,0,1,0,0,0,1
NCT07258979,A Study of YL201 in Combination With Toripalimab and With or Without Cisplatin in Nasopharyngeal Carcinoma.,PHASE1;PHASE2,Phase 2,RECRUITING,202,"MediLink Therapeutics (Suzhou) Co., Ltd.",MediLink Therapeutics (Suzhou),23,1,0,multi_experimental,2,toripalimab;yl201,cisplatin;toripalimab;yl201,B7-H3,ADC,,1,1,0,0,0,0,1,0,0
NCT07264075,Study Comparing Ivonescimab Alone or Ivonescimab in Combination With Ligufalimab Versus Pembrolizumab for the Treatment of SCCHN,PHASE3,Phase 3,RECRUITING,780,Groupe Oncologie Radiotherapie Tete et Cou,Groupe Oncologie Radiotherapie Tete et Cou,7,0,0,active_comparator,3,pembrolizumab (keytruda ),ivonescimab;ligufalimab,PD-1,Bispecific Antibody,BRAF;MSS;PD-L1;pMMR,1,1,1,1,1,0,0,0,1
NCT07267338,Pembrolizumab + MRGOO3 as Neoadjuvant in NPC,PHASE2,Phase 2,NOT_YET_RECRUITING,35,"Union Hospital, Tongji Medical College, Huazhong University of Science and Technology","Union Hospital, Tongji Medical College, Huazhong University of Science and Technology",29,0,1,single_arm,1,pembrolizumab & mrg003,pembrolizumab & mrg003,PD-1,Monoclonal Antibody,EBV;PD-L1,1,1,1,0,1,0,0,1,1
NCT07272642,"A Phase 1, Multicenter Imaging Study of LNTH-2403 in Participants With Locally Advanced or Metastatic Solid Tumors.",PHASE1,Phase 1,NOT_YET_RECRUITING,16,"Radiopharm Theranostics, Ltd",Radiopharm Theranostics,7,1,0,single_arm,1,lnth-2403,lnth-2403,LRRC15,Radiopharmaceutical,biomarker,0,1,0,0,1,0,0,0,1
NCT07274852,"A Study of Lutetium [177Lu]-BL-ARC001 in Patients With Locally Advanced or Metastatic Lung Cancer, Breast Cancer, Head and Neck Squamous Cell Carcinoma and Other Solid Tumors",PHASE1,Phase 1,RECRUITING,22,"Sichuan Baili Pharmaceutical Co., Ltd.",Sichuan Baili Pharmaceutical,127,1,0,single_arm,1,lutetium [177lu] bl-arc001,lutetium [177lu] bl-arc001,,Radiopharmaceutical,,0,1,0,0,0,0,0,0,0
NCT07276399,A Study of Amivantamab in Addition to Standard of Care Agents (SOC) Compared With SOC Alone in Participants With Recurrent/Metastatic Head and Neck Cancer,PHASE3,Phase 3,RECRUITING,500,"Janssen Research & Development, LLC",Johnson & Johnson,363,1,1,active_comparator,2,5-flurouracil;carboplatin;cisplatin;pembrolizumab,amivantamab;carboplatin;pembrolizumab,EGFR,Monoclonal Antibody,EGFR,1,1,0,1,0,0,1,0,1
NCT07287748,A Phase I Trial of Af-001 in Patients With Differentiated Thyroid Cancer,PHASE1,Phase 1,RECRUITING,38,Alpha Fusion Inc.,Alpha Fusion,1,1,0,single_arm,1,[211at]naat,[211at]naat,,Radiopharmaceutical,,0,1,0,0,0,0,0,1,0
NCT07339176,Intratumoral N17350 in Advanced Solid Tumors,PHASE1;PHASE2,Phase 2,RECRUITING,275,Onchilles Pharma Inc,Onchilles Pharma,1,1,0,multi_experimental,10,n17350,n17350,CD95,Oncolytic Virus,,1,1,0,0,0,0,0,0,0
NCT07348211,First in Human Study of SIM0610 in Solid Tumors,PHASE1,Phase 1,RECRUITING,260,"Jiangsu Simcere Pharmaceutical Co., Ltd.",Jiangsu Simcere Pharmaceutical,44,1,0,multi_experimental,2,sim0610 for injection,sim0610 for injection,,,,0,1,0,0,1,0,0,0,1
NCT07354984,A Single-Arm Phase II Clinical Study of Docetaxel Combined With Nimotuzumab and Pucotenlimab as Second-Line and Beyond Therapy for Recurrent/Metastatic Head and Neck Squamous Cell Carcinoma,PHASE2,Phase 2,NOT_YET_RECRUITING,30,Sun Yat-sen University,Sun Yat-sen University,73,0,0,single_arm,1,drug combination therapy,drug combination therapy,PD-1,Monoclonal Antibody,PD-L1,1,1,1,0,1,0,1,0,1
NCT07358806,Study to Assess the Effect of OCT-598 in Patients With Advanced Solid Tumors,PHASE1,Phase 1,RECRUITING,51,Oscotec Inc.,Oscotec,3,1,0,multi_experimental,9,oct-598,docetaxel;oct-598,EP2/EP4,Small Molecule,,0,1,0,0,1,0,0,1,1
NCT07358884,First in Human Study of QLS5316 in Solid Tumors,PHASE1,Phase 1,NOT_YET_RECRUITING,300,"Qilu Pharmaceutical Co., Ltd.",Qilu Pharmaceutical,108,1,0,single_arm,1,qls5316,qls5316,,,MET,0,1,0,0,1,0,0,0,1
NCT07390838,A Study of SH009 Injection in Patients With Advanced Solid Tumors.,PHASE1,Phase 1,RECRUITING,150,"Nanjing Sanhome Pharmaceutical, Co., Ltd.",Nanjing Sanhome Pharmaceutical,16,1,0,single_arm,1,sh009,sh009,,,PD-L1;biomarker,0,1,1,0,0,0,0,0,1
NCT07408063,A Comprehensive Multiomic Biomarker Evaluation Across Two Single-arm Cohorts to Elucidate Mechanisms of Response and Resistance in Recurrent/Metastatic (R/M) Head and Neck Squamous Cell Carcinoma (HNSCC),PHASE2,Phase 2,RECRUITING,30,"University Health Network, Toronto","University Health Network, Toronto",91,0,1,multi_experimental,2,gsk5764227,dostarlimab;gsk5764227,B7-H3,ADC,MET;MSI-H;PD-L1;biomarker,1,1,0,1,0,0,1,1,1
NCT07423078,Window of Opportunity in Preserving Laryngeal Function Trial,PHASE2,Phase 2,RECRUITING,87,Matthew Spector,Matthew Spector,3,0,0,multi_experimental,3,carboplatin;cisplatin;paclitaxel;toripalimab,carboplatin;cisplatin;paclitaxel;radiation therapy;toripalimab,PD-1,Monoclonal Antibody,MET;PD-L1,1,1,0,0,0,0,1,0,0
NCT07455032,Neoadjuvant CADI-05 in Combination With Pembrolizumab for Surgically Resectable Locally Advanced Head and Neck Squamous Cell Carcinomas,PHASE1,Phase 1,RECRUITING,22,Fox Chase Cancer Center,Fox Chase Cancer Center,34,0,0,single_arm,1,intradermal injection of cadi-05;pembrolizumab,intradermal injection of cadi-05;pembrolizumab,PD-1,,PD-L1,0,1,1,1,0,0,0,0,1
NCT07459283,"The Safety, Dosimetry and Efficacy of 177Lu-INN805 in Patients With Malignant Solid Tumors",EARLY_PHASE1,Phase 1,RECRUITING,10,"FindCure Biosciences (ZhongShan) Co., Ltd.",FindCure Biosciences (ZhongShan),5,1,0,single_arm,1,inn805,inn805,,Radiopharmaceutical,,0,1,0,0,0,0,0,0,0
NCT07462377,A Phase 1 Study of EPI-326 in EGFR-mutant NSCLC and HNSCC,PHASE1,Phase 1,RECRUITING,110,EpiBiologics,EpiBiologics,1,1,0,single_arm,1,epi-326,epi-326,EGFR,Bispecific Antibody,EGFR,1,1,0,0,1,0,0,0,1
NCT07465276,Neoadjuvant Ficerafusp Alfa With Pembrolizumab in Resectable SCC,PHASE2,Phase 2,RECRUITING,32,Dana-Farber Cancer Institute,Dana-Farber Cancer Institute,326,0,0,single_arm,1,ficerafusp alfa;pembrolizumab,ficerafusp alfa;pembrolizumab,PD-1,Monoclonal Antibody,PD-L1,1,1,1,1,1,0,0,0,1
NCT07484139,"H&N NEO-COMBAT XL: Neoadjuvant XL-092 (Zanzalintinib) and Pembrolizumab (Keytruda) in Surgically Resectable, HPV Negative Oral Cavity Squamous Cell Carcinoma (OCSCC)",PHASE2,Phase 2,NOT_YET_RECRUITING,26,UNC Lineberger Comprehensive Cancer Center,UNC Lineberger Comprehensive Cancer Center,85,0,0,single_arm,1,pembrolizumab;xl092,pembrolizumab;xl092,PD-1,Small Molecule,PD-L1,0,1,1,1,0,0,0,0,1
NCT07485569,Drug Repurposing in Thyroid Carcinoma: a Feasibility Trial,PHASE1,Phase 1,ACTIVE_NOT_RECRUITING,10,Radboud University Medical Center,Radboud University Medical Center,32,0,0,single_arm,1,personalised treatment,personalised treatment,,,molecular profiling,0,1,0,0,0,0,0,1,0
NCT07501650,Pembrolizumab Plus Ultrasound-Induced Microbubble Cavitation in Head and Neck Cancer,PHASE1,Phase 1,RECRUITING,6,Thomas Jefferson University,Thomas Jefferson University,22,0,0,single_arm,1,definity;device: ultrasound-induced microbubble cavitation;pembrolizumab,definity;device: ultrasound-induced microbubble cavitation;pembrolizumab,PD-1,Monoclonal Antibody,PD-L1,1,1,1,1,0,0,0,0,1
NCT07503808,A Study of IDE034 in Adult Participants With Locally Advanced/Metastatic Solid Tumors Types,PHASE1,Phase 1,RECRUITING,150,IDEAYA Biosciences,IDEAYA Biosciences,11,1,0,multi_experimental,2,ide034,ide034,PTK7,ADC,HER2,1,1,0,0,1,0,0,0,1
NCT07513324,Risk-adapted Therapy in HPV-positive Oropharyngeal Cancer Using Circulating Tumor (ct) HPV DNA Profiling (ReACT 2.0),PHASE2,Phase 2,NOT_YET_RECRUITING,116,Dana-Farber Cancer Institute,Dana-Farber Cancer Institute,326,0,1,active_comparator,2,observation,pembroluzimab,PD-1,Monoclonal Antibody,HPV;MET;PD-L1,1,1,1,1,0,0,0,0,1
NCT07517198,Dose Determining Study of EXS74539 (REC-4539) in Participants With Select Solid Tumors,PHASE1,Phase 1,RECRUITING,40,"Exscientia AI Ltd., a wholly owned subsidiary of Recursion Pharmaceuticals, Inc.","Exscientia AI Ltd., a wholly owned subsidiary of Recursion Pharmaceuticals",3,1,0,single_arm,1,exs74539,exs74539,LSD1,Small Molecule,,0,1,0,0,0,0,0,1,0
NCT07521670,Sacituzumab Tirumotecan in Recurrent/Metastatic Adenoid Cystic Carcinoma and Papillary Thyroid Carcinoma (STRAP),PHASE2,Phase 2,NOT_YET_RECRUITING,68,"National Cancer Centre, Singapore","National Cancer Centre, Singapore",19,0,1,single_arm,1,sacituzumab tirumotecan,sacituzumab tirumotecan,TROP-1,ADC,MET;TROP-1;TROP2,1,1,0,0,0,0,0,1,0
NCT07529873,Phase II Study of Ficerafusp Alfa in Combination With Nivolumab in Patients With Platinum-refractory Head and Neck Squamous Cell Carcinoma,PHASE2,Phase 2,NOT_YET_RECRUITING,131,Groupe Oncologie Radiotherapie Tete et Cou,Groupe Oncologie Radiotherapie Tete et Cou,7,0,0,active_comparator,2,nivolumab,ficerafusp alfa;nivolumab,PD-1,Monoclonal Antibody,CD30;PD-L1,1,1,1,1,1,0,0,0,1
NCT07552558,"Ficerafusp Alfa, Pembrolizumab, and Stereotactic Body Radiotherapy (SBRT) for Head and Neck Squamous Cell Carcinoma (HNSCC)",PHASE1;PHASE2,Phase 2,NOT_YET_RECRUITING,45,Washington University School of Medicine,Washington University School of Medicine,178,0,0,multi_experimental,5,ficerafusp alfa;hypofractionated stereotactic body radiotherapy (sbrt);pembrolizumab,ficerafusp alfa;hypofractionated stereotactic body radiotherapy (sbrt);pembrolizumab,PD-1,Monoclonal Antibody,PD-L1,1,1,1,1,0,0,0,0,1
NCT07554768,Neoadjuvant Radio-immunotherapy Versus Immunotherapy Alone for Locally Advanced HNSCC,PHASE2,Phase 2,NOT_YET_RECRUITING,36,Chen Chunyan,Chen Chunyan,1,0,0,active_comparator,2,adebrelimab,adebrelimab;radiotherapy,PD-1,Monoclonal Antibody,PD-L1,1,1,1,1,0,0,1,0,1
NCT07578467,Combining Neo-adjuvant ATR-inhibition With Nodal SBRT for Early-stage Resectable HPV+ OPSCCs,PHASE1;PHASE2,Phase 2,NOT_YET_RECRUITING,35,Abramson Cancer Center at Penn Medicine,Abramson Cancer Center at Penn Medicine,31,0,0,single_arm,1,atrn-119;stereotactic body radiation therapy (sbrt),atrn-119;stereotactic body radiation therapy (sbrt),ATR,Small Molecule,TP53,0,1,0,1,0,0,0,0,1
NCT07583316,"A Phase 1 First-in-Human Study of CRPA1A2, a MAGE-A1/HLA-A*02:01 Bispecific T-Cell Engager, in Patients With Solid Tumors",PHASE1,Phase 1,NOT_YET_RECRUITING,192,"Corregene Biotechnology Co., Ltd",Corregene Biotechnology,4,1,0,multi_experimental,3,crpa1a2,crpa1a2,MAGE-A1,Bispecific Antibody,HLA-A*02:01;MAGE-A1;MET,1,1,0,0,0,0,0,0,0
NCT07586124,Pucotenlimab Plus Becotatug Vedotin in Perioperative Treatment of Locally Advanced Resectable Head and Neck Squamous Cell Carcinoma,PHASE2,Phase 2,RECRUITING,80,"Lepu Biopharma Co., Ltd.",Lepu Biopharma,16,1,0,placebo_comparator,2,pucotenlimab injection,becotatug vedotin for injection;pucotenlimab injection,CD33,ADC,PD-L1,1,1,1,0,0,0,0,0,1
NCT07589205,"Study of IBI3028 in Participants With Locally Advanced, Unresectable, or Metastatic Solid Tumors",PHASE1,Phase 1,RECRUITING,493,"Innovent Biopharmaceutical Technology (Hangzhou) Co., LTD.",Innovent,107,1,0,single_arm,1,drug: ibi3028,drug: ibi3028,PD-1,Monoclonal Antibody,PD-L1,1,1,1,0,0,0,0,0,1
NCT07601204,Treatment of Recurrent/Metastatic Head and Neck Cancer,PHASE1;PHASE2,Phase 2,NOT_YET_RECRUITING,128,"Shanghai Chia Tai Tianqing Pharmaceutical Technology Development Co., Ltd.",Shanghai Chia Tai Tianqing Pharmaceutical Technology Development,7,1,0,single_arm,1,tqb2922 subcutaneous injection,tqb2922 subcutaneous injection,PD-1,Monoclonal Antibody,PD-L1,1,1,0,0,1,0,1,0,1
NCT07602842,A Study of IDP-001 in Advanced or Metastatic Solid Tumors,PHASE1;PHASE2,Phase 2,RECRUITING,132,"InduPro, Inc.",InduPro,1,1,0,multi_experimental,2,idp-001,idp-001,EGFR,ADC,,1,1,0,0,0,0,0,0,0
NCT07613723,"A Study to Test the Safety, Tolerability and Effect of ZI-MA4-1 for Patients With Locally Advanced or Metastatic Solid Malignancies",PHASE1,Phase 1,RECRUITING,9,Zelluna Immunotherapy AS,Zelluna Immunotherapy AS,1,1,0,single_arm,1,cyclophosphamide;fludarabine;zi-ma4-1 (tcr-nk cells),cyclophosphamide;fludarabine;zi-ma4-1 (tcr-nk cells),MAGE-A4,Cell Therapy,HLA-A*02:01;MAGE-A4,1,1,0,0,0,0,0,0,0
NCT07617805,EGFR/HER2 Dual-Target CAR-NK Cells for Recurrent or Metastatic HNSCC,PHASE1;PHASE2,Phase 2,RECRUITING,42,Beijing Biotech,Beijing Biotech,30,1,0,single_arm,1,cyclophosphamide;egfr/her2 dual-target car-nk cells;fludarabine,cyclophosphamide;egfr/her2 dual-target car-nk cells;fludarabine,EGFR,CAR-T,EGFR;HER2;PD-L1;biomarker;genomic,1,1,1,0,1,0,0,0,1
NCT07620574,Long-Term Extension Study for Participants Previously Enrolled in an Exelixis-Sponsored Study,PHASE3,Phase 3,ENROLLING_BY_INVITATION,5000,Exelixis,Exelixis,52,1,1,single_arm,1,abiraterone;atezolizumab;cabozantinib;enzalutamide;nivolumab;zanzalintinib,abiraterone;atezolizumab;cabozantinib;enzalutamide;nivolumab;zanzalintinib,MET,Small Molecule,MET;PD-L1,0,1,0,0,0,0,0,0,0
NCT07623369,A First-in-Human Study of HH160 in Participants With Advanced or Metastatic Solid Tumors,PHASE1,Phase 1,RECRUITING,299,Huahui Health,Huahui Health,3,1,0,multi_experimental,3,hh160,hh160,PD-1,Bispecific Antibody,,1,1,0,0,0,0,0,0,0
NCT07623642,"A Phase II Study of GV20-0251 in Combination With Anti-PD-1 Monoclonal Antibodies in Patients With Unresectable, Locally Advanced, or Metastatic Solid Tumors.",PHASE2,Phase 2,NOT_YET_RECRUITING,227,GV20 Therapeutics,GV20 Therapeutics,3,1,0,single_arm,1,anti-pd-1 monoclonal antibodies;gv20-0251,anti-pd-1 monoclonal antibodies;gv20-0251,IGSF8,Monoclonal Antibody,IGSF8 RNA;IGSF8 membrane protein;PD-L1,1,1,1,0,0,0,1,0,1
NCT07628062,"Phase 2 Study of NAI, HPV Vaccine, and Nab-Paclitaxel in HPV-Positive Oropharyngeal Cancer Followed by De-Intensified Radiation Compared With Standard Chemoradiation",PHASE2,Phase 2,NOT_YET_RECRUITING,70,"ImmunityBio, Inc.",ImmunityBio,63,1,0,active_comparator,3,cisplatin;de-intensified imrt;standard of care imrt,cisplatin;de-intensified imrt;had5-hpv vaccine (ibrx-042);nab-paclitaxel;nogapendekin alfa inbakicept (nai),HPV,Oncolytic Virus,HPV,1,1,0,1,0,0,1,0,1
NCT07631650,Bevonescein for Improved Intraoperative Nerve Visualization to Improve Voice Outcomes in Thyroidectomy Patients,PHASE2,Phase 2,RECRUITING,40,Matthew Spector,Matthew Spector,3,0,0,single_arm,1,bevonescein (alm 488) infusion,bevonescein (alm 488) infusion,,ADC,MET,1,1,0,0,0,0,0,0,0
NCT07650266,A Study of Cemiplimab and Fianlimab in People With Nasopharyngeal Carcinoma,PHASE1,Phase 1,NOT_YET_RECRUITING,60,Memorial Sloan Kettering Cancer Center,Memorial Sloan Kettering Cancer Center,411,0,1,active_comparator,2,cemiplimab;fianlimab,cemiplimab,PD-1,Monoclonal Antibody,,1,1,0,0,0,0,0,0,0
NCT07662720,A Phase II Trial for MOR Antagonism With Axelopran to Enhance Immunotherapy in Head and Neck Cancer,PHASE1;PHASE2,Phase 2,NOT_YET_RECRUITING,18,Glycyx Therapeutics,Glycyx Therapeutics,1,1,0,single_arm,1,axelopran;pembolizumab,axelopran;pembolizumab,PD-1,Monoclonal Antibody,PD-L1;biomarker,1,1,1,0,1,0,1,0,1
NCT07667296,APG-157 in Locally Advanced Head and Neck Squamous Cell Carcinoma,PHASE3,Phase 3,NOT_YET_RECRUITING,826,"Aveta Biomics, Inc.",Aveta Biomics,3,1,0,active_comparator,4,radiation/;surgery,apg-157;radiation/;surgery,BCL2,Small Molecule,BCL-2;MET;PD-L1,0,1,1,1,0,0,1,0,1
NCT07668154,A Phase II Study to Evaluate the Efficacy and Safety of SKB571 in Recurrent or Metastatic HNSCC Participants,PHASE2,Phase 2,RECRUITING,120,"Sichuan Kelun-Biotech Biopharmaceutical Co., Ltd.",Kelun,50,1,0,multi_experimental,3,skb571,carboplatin;cisplatin;pembrolizumab;skb571,,,,0,1,0,0,0,0,0,0,0
NCT07732634,"RiMO-HNC-NEO1: Phase 2 Study of RiMO-301 and Hypofractionated Radiotherapy With Pembrolizumab for the Neoadjuvant Treatment of Resectable, Locally Advanced Head-Neck Cancer",PHASE2,Phase 2,NOT_YET_RECRUITING,20,University of Illinois at Chicago,University of Illinois at Chicago,8,0,0,single_arm,1,pembrolizumab;radiation;rimo-301;surgical resection,pembrolizumab;radiation;rimo-301;surgical resection,PD-1,,,0,1,0,1,0,0,0,0,1
NCT07743723,A Study of IOV-5001 in Adults With Advanced Solid Tumors,PHASE1;PHASE2,Phase 2,NOT_YET_RECRUITING,106,"Iovance Biotherapeutics, Inc.",Iovance Biotherapeutics,15,1,0,multi_experimental,5,iov-5001,iov-5001,,,ALK;ER;HER2;MMR;MSI;MSI-H;PD-L1;PR;ROS1;dMMR;genomic,0,1,1,0,1,1,0,0,1
NCT07744126,"A Study to Assess Adverse Events, Change in Disease Activity and Optimal Dose of Intravenous (IV) Telisotuzumab Adizutecan With IV Pembrolizumab for First-Line Treatment of Adult Participants With Recurrent or Metastatic Head and Neck Squamous Cell Carcinoma",PHASE2,Phase 2,NOT_YET_RECRUITING,150,AbbVie,AbbVie,274,1,1,active_comparator,3,carboplatin;cisplatin;fluorouracil;pembrolizumab,pembrolizumab;telisotuzumab adizutecan,PD-1,Monoclonal Antibody,MET;PD-L1,1,1,0,0,0,0,0,0,0
NCT07752875,A Study of LG00313112 in Participants With Advanced Solid Malignancies Harboring a TP53 Y220C Mutation,PHASE1;PHASE2,Phase 2,NOT_YET_RECRUITING,250,LG Chem,LG Chem,2,1,0,single_arm,1,lg00313112,lg00313112,,,,0,1,0,0,0,0,0,1,0
NCT07755397,"First in Human Multicenter Open Name Dose-increase, Consolidation Method to Study Safety Drug-level in Blood & Drug Metabolism Clinical Activity of Oral JBI-778 in Lung Cancer Patients With, Without Brain Metastasis IDH Mutated WHO Grade 3,4 Recurrent Glioma, Salivary Glands Tumor",PHASE1,Phase 1,RECRUITING,30,Jubilant Therapeutics India Limited,Jubilant Therapeutics India,1,1,0,single_arm,1,jbi-778,jbi-778,EGFR,Small Molecule,,0,1,0,0,1,0,0,1,1
NCT07756190,"Radscopal Radiotherapy Plus Immunotherapy for Chemotherapy-Ineligible Patients With Newly Diagnosed Metastatic Nasopharyngeal Cancer: A Single-Center, Open-Label, Phase II Study",PHASE2,Phase 2,NOT_YET_RECRUITING,28,Sun Yat-sen University,Sun Yat-sen University,73,0,0,single_arm,1,ipilimumab;radscopal radiotherapy;sintilimab,ipilimumab;radscopal radiotherapy;sintilimab,PD-1,Monoclonal Antibody,PD-L1,1,1,1,0,0,0,0,0,1
NCT07758621,SYS6010 vs Investigator's Choice of Monotherapy in Patients With Recurrent or Metastatic HNSCC,PHASE3,Phase 3,NOT_YET_RECRUITING,340,"CSPC Megalith Biopharmaceutical Co.,Ltd.",CSPC Megalith Biopharmaceutical,29,1,0,active_comparator,2,investigator's choice of monotherapy,sys6010,,,,0,1,0,0,1,0,0,0,1
NCT07763639,A Study of SI-B036 in Patients With Locally Advanced or Metastatic Head and Neck Tumors and Other Solid Tumors,PHASE1,Phase 1,NOT_YET_RECRUITING,30,"Sichuan Baili Pharmaceutical Co., Ltd.",Sichuan Baili Pharmaceutical,127,1,0,single_arm,1,si-b036,si-b036,,,,0,1,0,0,0,0,0,0,0
NCT07766889,Neoadjuvant Presurgical Becotatug Vedotin (MRG003) Plus Pucotenlimab (HX008) in Oral Cavity Squamous Cell Carcinoma,PHASE2,Phase 2,NOT_YET_RECRUITING,32,Sun Yat-sen University,Sun Yat-sen University,73,0,0,single_arm,1,becotatug vedotin (mrg003);pucotenlimab,becotatug vedotin (mrg003);pucotenlimab,PD-L1,ADC,PD-L1;biomarker,1,1,1,0,0,0,1,0,1
NCT07768189,A Study to Evaluate CRB-701 Compared to Investigator's Choice Therapy in Previously Treated Oropharyngeal Squamous Cell Carcinoma,PHASE3,Phase 3,NOT_YET_RECRUITING,260,Corbus Pharmaceuticals Inc.,Corbus Pharmaceuticals,3,1,0,active_comparator,2,capcitabine;cetuximab (egfr inhibitor);docetaxel,crb-701,NECTIN4,ADC,NECTIN-4,1,1,0,0,0,0,0,1,0
NCT07783321,A Study of Anti-PD-1 Antibody With or Without BL-B01D1 as Maintenance Therapy Following Anti-PD-1 Antibody Plus Chemotherapy for the First-line Treatment of Recurrent or Metastatic Nasopharyngeal Carcinoma (PANKU-NPC02),PHASE3,Phase 3,NOT_YET_RECRUITING,404,"Sichuan Baili Pharmaceutical Co., Ltd.",Sichuan Baili Pharmaceutical,127,1,0,active_comparator,2,cisplatin;gemcitabine;pd-1 monoclonal antibody,bl-b01d1;cisplatin;gemcitabine;pd-1 monoclonal antibody,PD-1,,,0,1,0,0,1,0,0,1,1
NCT07788950,A Study of BL-M08D1 in Patients With Recurrent or Metastatic Head and Neck Squamous Cell Carcinoma and Other Solid Tumors,PHASE2,Phase 2,NOT_YET_RECRUITING,30,"Sichuan Baili Pharmaceutical Co., Ltd.",Sichuan Baili Pharmaceutical,127,1,0,single_arm,1,bl-m08d1,bl-m08d1,,,,0,1,0,0,0,0,0,0,0
NCT07791745,A Clinical Trial Comparing the Efficacy and Safety of Anyouping® and Platinum-based Chemotherapy With or Without Enlituo® in Advanced Recurrent/Metastatic Head and Neck Squamous Cell Carcinoma.,PHASE2;PHASE3,Phase 3,NOT_YET_RECRUITING,362,"Taizhou Mabtech Pharmaceutical Co.,Ltd",Taizhou Mabtech Pharmaceutical,5,1,0,placebo_comparator,2,placebo-enlituo + anyouping + pbc,enlituo + anyouping + pbc,,,MET;PD-L1,0,1,1,1,1,0,1,1,1
NCT07795034,To Evaluate the Efficacy and Safety of Accelerator-Based Boron Neutron Capture Therapy (AB-BNCT) Combined With NBB-001 and NBB-002 for Patients With Recurrent Head and Neck Malignancies,PHASE2,Phase 2,RECRUITING,35,"Neuboron Bio-SciTech Co., Ltd.",Neuboron Bio-SciTech,1,1,0,single_arm,1,boron neutron capture therapy,boron neutron capture therapy,,,,0,1,0,0,0,0,0,0,0
NCT07797881,A Study of BL-B01D1 With or Without PD-1 Monoclonal Antibody in Patients With High-Risk Locally Advanced Nasopharyngeal Carcinoma,PHASE2,Phase 2,NOT_YET_RECRUITING,60,"Sichuan Baili Pharmaceutical Co., Ltd.",Sichuan Baili Pharmaceutical,127,1,0,active_comparator,3,cisplatin;gemcitabine,bl-b01d1;pd-1 monoclonal antibody,PD-1,,,0,1,0,0,0,0,0,0,0
NCT07807163,A Study Evaluating Ficerafusp Alfa (BCA101) QW in Combination With Pembrolizumab vs Alternative Ficerafusp Alfa Dosing in 1L R or M HNSCC,PHASE2,Phase 2,RECRUITING,160,Bicara Therapeutics,Bicara,3,1,0,multi_experimental,2,ficerafusp alfa;pembrolizumab (keytruda),ficerafusp alfa;pembrolizumab (keytruda),PD-L1,Monoclonal Antibody,PD-L1,1,1,1,1,1,0,0,0,1
NCT07807956,"A Study to Assess Adverse Events, Change in Disease Activity and How Intravenous ABBV-253 Moves Through the Body in Adult Participants With Advanced Solid Tumors",PHASE1,Phase 1,NOT_YET_RECRUITING,130,AbbVie,AbbVie,274,1,1,multi_experimental,4,abbv-253,abbv-253,,,,0,1,0,0,0,0,0,0,0
NCT07812467,Rimegepant-Sensitized Neoadjuvant Chemoimmunotherapy for Oral or Oropharyngeal Squamous Cell Carcinoma,PHASE2,Phase 2,NOT_YET_RECRUITING,220,Shanghai Zhongshan Hospital,Shanghai Zhongshan Hospital,14,0,1,active_comparator,3,cisplatin;nab-paclitaxel;tislelizumab,cisplatin;nab-paclitaxel;rimegepant;tislelizumab,PD-1,Monoclonal Antibody,PD-L1,1,1,0,0,0,0,0,0,0
NCT07812805,SKL35501 With SKL35502 Imaging in Adults With NTSR1 Positive Advanced Solid Tumors,PHASE1,Phase 1,RECRUITING,100,"SK Life Science, Inc.",SK Life Science,2,1,0,multi_experimental,2,diagnostic test: skl35502;skl35501,diagnostic test: skl35502;skl35501,,Small Molecule,MSI;MSI-H;dMMR,0,1,0,0,1,1,0,1,1
NCT07814248,"A Phase 1, First-in-Human (FIH), Open-Label, Dose-Escalation and Dose Expansion Study of the Peptide Drug Conjugate (PDC), TS-104, as a Monotherapy in Subjects With Select Advanced Solid Tumors",PHASE1,Phase 1,NOT_YET_RECRUITING,74,"TwoStep Therapeutics, Inc.",TwoStep Therapeutics,1,1,0,multi_experimental,3,ts-104,ts-104,,ADC,MET,1,1,0,0,0,0,0,0,0
