nct_id,brief_title,phase,phase_simple,overall_status,enrollment,lead_sponsor,company,sponsor_scale,is_industry,is_big_pharma,arm_structure,n_arms,comparator_B,experimental_A,targets,modalities,biomarkers_pipeline,tme_relevant,is_combination,BRCA/HRD,KRAS,MSI-H/dMMR,first_line,later_line,biomarker_selected,biomarker_detail,elig_summary
NCT01954992,Glufosfamide Versus 5-FU in Second Line Metastatic Pancreatic Cancer,PHASE3,Phase 3,RECRUITING,480,Eleison Pharmaceuticals LLC.,Eleison Pharmaceuticals,4,1,0,active_comparator,2,fluorouracil,glufosfamide,,,,0,1,0,0,0,0,0,0,,metastatic · adenoca. · measurable (RECIST)
NCT02340117,Study of Combined SGT-53 Plus Gemcitabine/Nab-Paclitaxel for Metastatic Pancreatic Cancer,PHASE2,Phase 2,ACTIVE_NOT_RECRUITING,28,"SynerGene Therapeutics, Inc.",SynerGene Therapeutics,6,1,0,single_arm,1,gemcitabine;nab-paclitaxel;sgt-53,gemcitabine;nab-paclitaxel;sgt-53,Tubulin,Small Molecule,,0,1,0,0,0,1,1,0,,metastatic · 1st-line · adenoca.
NCT02451982,Platform Study of Neoadjuvant and Adjuvant Immunotherapy for Patients With Resectable Adenocarcinoma of the Pancreas,PHASE2,Phase 2,ACTIVE_NOT_RECRUITING,76,Sidney Kimmel Comprehensive Cancer Center at Johns Hopkins,Sidney Kimmel Comprehensive Cancer Center at Johns Hopkins,160,0,1,multi_experimental,4,,bms-986253;cyclophosphamide;gvax pancreatic cancer;nivolumab;urelumab,PD-1,Monoclonal Antibody,CD30,1,1,0,0,0,0,0,0,,resectable · adenoca.
NCT02495896,Recombinant EphB4-HSA Fusion Protein With Standard Chemotherapy Regimens in Treating Patients With Advanced or Metastatic Solid Tumors,PHASE1,Phase 1,ACTIVE_NOT_RECRUITING,61,University of Southern California,University of Southern California,48,0,0,multi_experimental,3,laboratory biomarker analysis;pharmacological study;recombinant ephb4-hsa fusion protein,cisplatin;docetaxel;gemcitabine hydrochloride;laboratory biomarker analysis;paclitaxel albumin-stabilized nanoparticle formulation;pharmacological study;recombinant ephb4-hsa fusion protein,EphB4,Fusion Protein,,0,1,0,0,0,1,0,0,,metastatic · 1st-line · adenoca. · measurable (RECIST)
NCT02498613,A Phase 2 Study of Cediranib in Combination With Olaparib in Advanced Solid Tumors,PHASE2,Phase 2,ACTIVE_NOT_RECRUITING,122,National Cancer Institute (NCI),National Cancer Institute (NCI),18,0,1,single_arm,1,18f-fluoromisonidazole;cediranib maleate;laboratory biomarker analysis;olaparib;positron emission tomography,18f-fluoromisonidazole;cediranib maleate;laboratory biomarker analysis;olaparib;positron emission tomography,PARP,Small Molecule,ALK;BRCA1;BRCA2;ER;HER2;MET;PD-L1;PR,0,1,0,0,0,0,0,0,,metastatic · adenoca. · measurable (RECIST)
NCT02568267,"Basket Study of Entrectinib (RXDX-101) for the Treatment of Patients With Solid Tumors Harboring NTRK 1/2/3 (Trk A/B/C), ROS1, or ALK Gene Rearrangements (Fusions)",PHASE2,Phase 2,ACTIVE_NOT_RECRUITING,534,Hoffmann-La Roche,Roche/Genentech,922,1,1,multi_experimental,9,entrectinib,entrectinib,ROS1,Small Molecule,ALK;NTRK;ROS1,0,1,0,0,0,0,0,0,,metastatic
NCT02584244,Feasibility of the LUM Imaging System for Detection of Gastrointestinal Cancers,PHASE1;PHASE2,Phase 2,RECRUITING,66,"Lumicell, Inc.",Lumicell,9,1,0,multi_experimental,6,device: lum 2.6 imaging device;lum015,device: lum 2.6 imaging device;lum015,,,,0,1,0,0,0,0,0,0,,neoadjuvant · adenoca.
NCT02843945,Initial Feasibility Study to Treat Borderline Resectable Pancreatic Cancer With a Planar LDR Source,PHASE1;PHASE2,Phase 2,RECRUITING,80,CivaTech Oncology,CivaTech Oncology,5,1,0,single_arm,1,device: directional brachytherapy source implant,device: directional brachytherapy source implant,,Cell Therapy,,1,1,0,0,0,0,0,0,,metastatic · adenoca.
NCT02912949,A Study of Zenocutuzumab (MCLA-128) in Patients With Solid Tumors Harboring an NRG1 Fusion (eNRGy),PHASE2,Phase 2,ACTIVE_NOT_RECRUITING,250,"Partner Therapeutics, Inc.",Partner Therapeutics,3,1,0,multi_experimental,3,zenocutuzumab (mcla-128),zenocutuzumab (mcla-128),HER2,Bispecific Antibody,NRG1,1,1,0,0,0,0,0,0,,metastatic · measurable (RECIST) · ECOG 0
NCT02955940,An Open-Label Study to Enable Continued Treatment Access for Subjects Previously Enrolled in Studies of Ruxolitinib,PHASE2,Phase 2,ACTIVE_NOT_RECRUITING,10,Incyte Corporation,Incyte,162,1,0,multi_experimental,3,,capecitabine;regorafenib;ruxolitinib,JAK1,Small Molecule,JAK2,0,1,0,0,0,0,0,0,,
NCT02983578,"Danvatirsen and Durvalumab in Treating Patients With Advanced and Refractory Pancreatic, Non-Small Cell Lung Cancer, and Mismatch Repair Deficient Colorectal Cancer",PHASE2,Phase 2,ACTIVE_NOT_RECRUITING,39,M.D. Anderson Cancer Center,M.D. Anderson Cancer Center,697,0,1,single_arm,1,danvatirsen;durvalumab,danvatirsen;durvalumab,PD-L1,Monoclonal Antibody,EGFR;MMR,1,1,0,0,0,0,1,0,,metastatic · 2nd-line+ · squamous · measurable (RECIST)
NCT03104439,Nivolumab and Ipilimumab and Radiation Therapy in MSS and MSI High Colorectal and Pancreatic Cancer,PHASE2,Phase 2,ACTIVE_NOT_RECRUITING,84,Massachusetts General Hospital,Massachusetts General Hospital,170,0,1,single_arm,1,ipilimumab;nivolumab;radiation therapy,ipilimumab;nivolumab;radiation therapy,PD-1,Monoclonal Antibody,CD30;MSI,1,1,0,0,0,0,0,0,,metastatic · adenoca. · measurable (RECIST)
NCT03175224,APL-101 Study of Subjects With NSCLC With c-Met EXON 14 Skip Mutations and c-Met Dysregulation Advanced Solid Tumors,PHASE2,Phase 2,RECRUITING,497,Apollomics Inc.,Apollomics,4,1,0,multi_experimental,9,apl-101 oral capsules,apl-101 oral capsules,MET,Small Molecule,ALK;BRAF;KRAS;MET;NTRK;PR;RET;ROS1;c-MET Dysregulation,0,1,0,1,0,1,1,1,KRASm,metastatic · 1st-line · measurable (RECIST)
NCT03245541,Radiation Therapy in Combination With Durvalumab for People With Pancreatic Cancer,PHASE1;PHASE2,Phase 2,ACTIVE_NOT_RECRUITING,18,Memorial Sloan Kettering Cancer Center,Memorial Sloan Kettering Cancer Center,411,0,1,single_arm,1,durvalumab;stereotactic ablative body radiotherapy (sabr),durvalumab;stereotactic ablative body radiotherapy (sabr),PD-L1,Monoclonal Antibody,EGFR;MET;PD-L1,1,1,0,0,0,0,0,0,,metastatic · adenoca. · ECOG 0
NCT03252808,Phase I Study of TBI-1401(HF10) Plus Chemotherapy in Patients with Unresectable Pancreatic Cancer.,PHASE1,Phase 1,ACTIVE_NOT_RECRUITING,36,Takara Bio Inc.,Takara Bio,8,1,0,multi_experimental,3,tbi-1401(hf10),gemcitabine;nab-paclitaxel;s-1;tbi-1401(hf10),HSV-1,Oncolytic Virus,,1,1,0,0,0,0,0,0,,metastatic · measurable (RECIST)
NCT03257033,Intra-arterial Gemcitabine vs. IV Gemcitabine and Nab-Paclitaxel Following Radiotherapy for LAPC,PHASE3,Phase 3,RECRUITING,190,RenovoRx,RenovoRx,2,1,0,active_comparator,2,gemcitabine;nab-paclitaxel,device: renovocath;gemcitabine,,Small Molecule,MET,0,1,0,0,0,0,0,0,,metastatic · adenoca.
NCT03301805,"A Phase II, EvaluateBLEX 404 Combined With Gemcitabine Monotherapy With Pancreatic Cancer",PHASE2,Phase 2,NOT_YET_RECRUITING,40,Rgene Corporation,Rgene,2,1,0,single_arm,1,blex 404,blex 404,,,MET,0,1,0,0,0,0,0,0,,metastatic · adenoca. · measurable (RECIST)
NCT03368963,TAS102 in Combination With NAL-IRI in Advanced GI Cancers,PHASE1;PHASE2,Phase 2,ACTIVE_NOT_RECRUITING,64,Emory University,Emory University,116,0,0,single_arm,1,nanoliposomal irinotecan;trifluridine/tipiracil,nanoliposomal irinotecan;trifluridine/tipiracil,TOP1,Small Molecule,,0,1,0,0,0,0,1,0,,metastatic · 2nd-line+ · adenoca. · measurable (RECIST)
NCT03454035,Ulixertinib/Palbociclib in Patients With Advanced Pancreatic and Other Solid Tumors,PHASE1,Phase 1,RECRUITING,45,UNC Lineberger Comprehensive Cancer Center,UNC Lineberger Comprehensive Cancer Center,85,0,1,single_arm,1,palbociclib;ulixertinib,palbociclib;ulixertinib,MAPK,Small Molecule,BRAF;KRAS;NF1;PD-L1;RAS;molecular profiling,0,1,0,1,0,0,1,1,KRASm,metastatic · 2nd-line+ · measurable (RECIST)
NCT03485209,Efficacy and Safety Study of Tisotumab Vedotin for Patients With Solid Tumors,PHASE2,Phase 2,ACTIVE_NOT_RECRUITING,350,"Seagen, a wholly owned subsidiary of Pfizer",Pfizer,687,1,1,multi_experimental,7,tisotumab vedotin,carboplatin;cisplatin;pembrolizumab;tisotumab vedotin,PD-1,Monoclonal Antibody,PD-L1;biomarker,1,1,0,0,0,0,1,0,,metastatic · 2nd-line+ · adenoca. · measurable (RECIST)
NCT03556228,VMD-928 Monotherapy and in Combination With Pembrolizumab to Treat TrkA Overexpression Driven Solid Tumors or Lymphoma,PHASE1;PHASE2,Phase 2,RECRUITING,242,"VM Oncology, LLC",VM Oncology,1,1,0,multi_experimental,2,,vmd-928;vmd-928 tablet and pembrolizumab (,PD-1,,NTRK;PR,0,1,0,0,0,0,1,0,,metastatic · 2nd-line+
NCT03563248,Losartan and Nivolumab in Combination With FOLFIRINOX and SBRT in Localized Pancreatic Cancer,PHASE2,Phase 2,ACTIVE_NOT_RECRUITING,168,Massachusetts General Hospital,Massachusetts General Hospital,170,0,1,active_comparator,4,FOLFIRINOX;sbrt;surgery,FOLFIRINOX;losartan;nivolumab;sbrt;surgery,PD-1,Monoclonal Antibody,CD30,1,1,0,0,0,0,0,0,,metastatic · adenoca.
NCT03579836,Evaluation of Safety and Efficacy in BEY1107 in Monotherapy Gemcitabine Combination in Patient with Pancreatic Cancer,PHASE1;PHASE2,Phase 2,RECRUITING,75,BeyondBio Inc.,BeyondBio,3,1,0,multi_experimental,3,bey1107,bey1107;gemcitabine,,,,0,1,0,0,0,0,0,0,,metastatic · adenoca. · measurable (RECIST) · ECOG 0-1
NCT03600233,Study of CVM-1118 for Patients With Advanced Neuroendocrine Tumors,PHASE2,Phase 2,ACTIVE_NOT_RECRUITING,34,"TaiRx, Inc.",TaiRx,8,1,0,single_arm,1,cvm-1118,cvm-1118,VM,Small Molecule,,0,1,0,0,0,0,1,0,,metastatic · 2nd-line+ · measurable (RECIST)
NCT03678883,9-ING-41 in Patients With Advanced Cancers,PHASE2,Phase 2,ACTIVE_NOT_RECRUITING,350,Actuate Therapeutics Inc.,Actuate Therapeutics,4,1,0,multi_experimental,8,9-ing-41,9-ing-41;carboplatin.;doxorubicin.;gemcitabine - 21 day cycle;gemcitabine - 28 day cycle;irinotecan;lomustine;nab paclitaxel.;paclitaxel.,GSK3B,Small Molecule,HER2,0,1,0,0,0,1,1,0,,metastatic · 1st-line · measurable (RECIST) · ECOG 0
NCT03682289,Ceralasertib (AZD6738) Alone and in Combination With Olaparib or Durvalumab in Patients With Solid Tumors,PHASE2,Phase 2,ACTIVE_NOT_RECRUITING,83,Rahul Aggarwal,Rahul Aggarwal,7,0,1,multi_experimental,3,ceralasertib,ceralasertib;durvalumab;olaparib,ATM,Small Molecule,BRCA1;BRCA2;HRR;MET;MMR;MSI,0,1,0,0,0,0,1,0,,metastatic · 2nd-line+ · ductal · measurable (RECIST)
NCT03806309,"OSE2101+FOLFIRI, or FOLFIRI Maintenance After FOLFIRINOX-based Induction Therapy in Advanced or Metastatic PDAC",PHASE2,Phase 2,ACTIVE_NOT_RECRUITING,106,GERCOR - Multidisciplinary Oncology Cooperative Group,GERCOR - Multidisciplinary Oncology Cooperative Group,13,0,0,active_comparator,2,FOLFIRI,FOLFIRI;ose2101,PD-1,Vaccine,HLA-A2,1,1,0,0,0,1,1,0,,metastatic · 1st-line · adenoca. · measurable (RECIST) · ECOG 0-1
NCT03816163,A Study of Zolbetuximab (IMAB362) in Adults With Pancreatic Cancer,PHASE2,Phase 2,ACTIVE_NOT_RECRUITING,393,"Astellas Pharma Global Development, Inc.",Astellas,171,1,1,active_comparator,2,gemcitabine;nab-paclitaxel,gemcitabine;nab-paclitaxel;zolbetuximab,CLDN18.2,Monoclonal Antibody,CLDN18.2;HER2;PD-L1,1,1,0,0,0,0,1,0,,metastatic · 2nd-line+ · adenoca. · measurable (RECIST)
NCT03851614,"Study of DNA Damage, Angiogenesis, and PD-L1 Inhibitors in Advanced Solid Tumors",PHASE2,Phase 2,ACTIVE_NOT_RECRUITING,90,"University Health Network, Toronto","University Health Network, Toronto",91,0,1,multi_experimental,2,durvalumab,cediranib;durvalumab;olaparib,PD-L1,Monoclonal Antibody,EGFR;MET;MMR;biomarker;genomic,1,1,1,0,0,0,1,1,BRCA/HRD+,metastatic · 2nd-line+ · adenoca. · measurable (RECIST) · ECOG 0-1
NCT03875820,Phase I Trial of Defactinib and VS-6766.,PHASE1,Phase 1,ACTIVE_NOT_RECRUITING,87,"Institute of Cancer Research, United Kingdom","Institute of Cancer Research, United Kingdom",24,0,0,multi_experimental,8,defactinib;vs-6766,defactinib;vs-6766,BRAF,Small Molecule,BRAF;KRAS,0,1,0,1,0,0,1,1,KRASm,metastatic · 2nd-line+ · small-cell · measurable (RECIST)
NCT03891784,"Abemaciclib in Treating Patients With Advanced, Refractory, and Unresectable Digestive System Neuroendocrine Tumors",PHASE2,Phase 2,ACTIVE_NOT_RECRUITING,20,University of Washington,University of Washington,74,0,1,single_arm,1,abemaciclib,abemaciclib,ER,Small Molecule,ER;HER2,0,1,0,0,0,0,0,0,,metastatic · measurable (RECIST)
NCT03899636,A Pivotal Study of Safety and Effectiveness of NanoKnife IRE for Stage 3 Pancreatic Cancer,PHASE3,Phase 3,ACTIVE_NOT_RECRUITING,528,"Angiodynamics, Inc.",Angiodynamics,8,1,0,active_comparator,2,modified folfirinox,device: nanoknife system;modified folfirinox,,,,0,1,0,0,0,0,0,0,,unresectable · adenoca.
NCT03915678,Atezolizumab Combined With BDB001 AnD Immunogenic Radiotherapy in Patients With Advanced Solid Tumors,PHASE2,Phase 2,ACTIVE_NOT_RECRUITING,247,Institut Bergonié,Institut Bergonié,27,0,1,multi_experimental,6,,association atezolizumab + bdb001 + rt;association atezolizumab + bdb001+ rt,PD-L1,Monoclonal Antibody,PD-L1,1,1,0,0,0,0,0,0,,metastatic · small-cell · measurable (RECIST) · ECOG 1
NCT03983954,"Naptumomab Estafenatox in Combination With Durvalumab in Subjects With Selected Advanced or Metastatic Solid Tumor, Including a Cohort Expansion in Esophageal Cancer.",PHASE1,Phase 1,ACTIVE_NOT_RECRUITING,120,NeoTX Therapeutics Ltd.,NeoTX Therapeutics,2,1,1,multi_experimental,11,naptumomab estafenatox and durvalumab,naptumomab estafenatox and durvalumab;obinutuzumab,5T4,Monoclonal Antibody,CD20;ER;HER2;PD-L1;biomarker;biomarker analysis,1,1,0,0,0,1,0,0,,metastatic · 1st-line · adenoca. · measurable (RECIST)
NCT04005690,Targeted Pathway Inhibition in Patients With Pancreatic Cancer,EARLY_PHASE1,Phase 1,RECRUITING,90,OHSU Knight Cancer Institute,OHSU Knight Cancer Institute,48,0,1,multi_experimental,6,,azenosertib;cobimetinib;olaparib;onvansertib;saruparib;tremelimumab,MEK,Small Molecule,BRAF;biomarker,0,1,0,0,0,1,0,0,,metastatic · 1st-line · adenoca.
NCT04083599,GEN1042 Safety Trial and Anti-tumor Activity in Participants With Malignant Solid Tumors,PHASE1;PHASE2,Phase 2,ACTIVE_NOT_RECRUITING,350,Genmab,Genmab,65,1,1,multi_experimental,2,gen1042,carboplatin;cisplatin;fluorouracil;gemcitabine;gen1042;nab-paclitaxel;paclitaxel;pembrolizumab;pemetrexed,CD40,Bispecific Antibody,PD-L1,1,1,0,0,0,0,1,0,,metastatic · 2nd-line+ · measurable (RECIST) · ECOG 0-1
NCT04117087,Pooled Mutant KRAS-Targeted Long Peptide Vaccine Combined With Nivolumab and Ipilimumab for Patients With Resected Mismatch Repair Protein (MMR-p) Colorectal and Pancreatic Cancer,PHASE1,Phase 1,ACTIVE_NOT_RECRUITING,27,Sidney Kimmel Comprehensive Cancer Center at Johns Hopkins,Sidney Kimmel Comprehensive Cancer Center at Johns Hopkins,160,0,1,multi_experimental,2,ipilimumab;kras peptide vaccine;nivolumab,ipilimumab;kras peptide vaccine;nivolumab,PD-1,Monoclonal Antibody,CD30;KRAS;PD-L1,1,1,0,1,0,0,0,1,KRASm,metastatic · measurable (RECIST)
NCT04140526,"Safety, PK and Efficacy of ONC-392 in Monotherapy and in Combination of Anti-PD-1 in Advanced Solid Tumors and NSCLC",PHASE1;PHASE2,Phase 2,ACTIVE_NOT_RECRUITING,733,"OncoC4, Inc.",OncoC4,10,1,0,multi_experimental,3,onc-392,docetaxel;onc-392;pembrolizumab,PD-1,Monoclonal Antibody,PD-L1,1,1,0,0,0,0,0,0,,metastatic · small-cell · measurable (RECIST)
NCT04150042,SHARON: A Clinical Trial for Metastatic Cancer Using Chemotherapy and Patients' Own Stem Cells,PHASE1,Phase 1,RECRUITING,24,"General Oncology, Inc.",General Oncology,1,1,0,single_arm,1,bcnu;device: autologous hematopoietic stem cells;melphalan;vitamin b12b;vitamin c,bcnu;device: autologous hematopoietic stem cells;melphalan;vitamin b12b;vitamin c,,,HER2,0,1,0,0,0,1,0,0,,metastatic · 1st-line · adenoca. · measurable (RECIST)
NCT04157127,Th-1 Dendritic Cell Immunotherapy Plus Standard Chemotherapy for Pancreatic Adenocarcinoma,PHASE1,Phase 1,RECRUITING,18,Diakonos Oncology Corporation,Diakonos Oncology,3,1,0,multi_experimental,3,autologous dc therapy,autologous dc therapy,,Cell Therapy,MET,1,1,0,0,0,0,0,0,,metastatic · adenoca.
NCT04161755,Study of Personalized Tumor Vaccines (PCVs) and a PD-L1 Blocker in Patients With Pancreatic Cancer That Can be Treated With Surgery,PHASE1,Phase 1,ACTIVE_NOT_RECRUITING,29,Memorial Sloan Kettering Cancer Center,Memorial Sloan Kettering Cancer Center,411,0,1,single_arm,1,FOLFIRINOX;atezolizumab;ro7198457,FOLFIRINOX;atezolizumab;ro7198457,PD-L1,Monoclonal Antibody,CMMRD;MSI-H;TMB,1,1,0,0,0,0,0,0,,metastatic · adenoca.
NCT04205227,ENB003 Plus Pembrolizumab Phase 1b/2a in Solid Tumors,PHASE1;PHASE2,Phase 2,ACTIVE_NOT_RECRUITING,137,"ENB Therapeutics, Inc",ENB Therapeutics,1,1,1,multi_experimental,7,enb003;pembrolizumab,enb003;pembrolizumab,PD-1,Monoclonal Antibody,MET;MSI;MSI-H;PD-L1;biomarker;biomarker analysis;dMMR,1,1,0,0,1,1,1,1,MSI-H/dMMR,metastatic · 1st-line · adenoca. · measurable (RECIST)
NCT04241276,A Randomised Trial of ATRA in a Novel Drug Combination for Pancreatic Cancer,PHASE2,Phase 2,ACTIVE_NOT_RECRUITING,170,Queen Mary University of London,Queen Mary University of London,19,0,0,active_comparator,2,gemcitabine;nab-paclitaxel,atra;gemcitabine;nab-paclitaxel,RARA,Small Molecule,UNKNOWN,0,1,0,0,0,0,0,0,,metastatic · adenoca. · measurable (RECIST) · ECOG 2
NCT04331041,Stereotactic Body Radiotherapy and Focal Adhesion Kinase Inhibitor in Advanced Pancreas Adenocarcinoma,PHASE2,Phase 2,ACTIVE_NOT_RECRUITING,42,Washington University School of Medicine,Washington University School of Medicine,178,0,0,active_comparator,2,device: adaptive stereotactic body radiation therapy;research blood draw,defactinib;device: adaptive stereotactic body radiation therapy;research blood draw;tumor biopsy,FAK,Small Molecule,PD-L1,0,1,0,0,0,0,0,0,,unresectable · adenoca.
NCT04361162,Nivolumab + Ipilimumab + Radiation in MSS Pancreatic Cancer,PHASE2,Phase 2,ACTIVE_NOT_RECRUITING,30,Massachusetts General Hospital,Massachusetts General Hospital,170,0,1,single_arm,1,ipilimumab;nivolumab;radiation,ipilimumab;nivolumab;radiation,PD-1,Monoclonal Antibody,CD30,1,1,0,0,0,0,0,0,,metastatic · adenoca. · measurable (RECIST)
NCT04381130,A Phase I/IIa Study of EF-009 in Patients With Pancreatic Cancer,PHASE1;PHASE2,Phase 2,NOT_YET_RECRUITING,30,"Everfront Biotech Co., Ltd.",Everfront Biotech,3,1,0,single_arm,1,ef-009,ef-009,,,,0,1,0,0,0,0,0,0,,metastatic
NCT04389632,A Study of Sigvotatug Vedotin in Advanced Solid Tumors,PHASE1,Phase 1,RECRUITING,1006,"Seagen, a wholly owned subsidiary of Pfizer",Pfizer,687,1,1,multi_experimental,5,sigvotatug vedotin,carboplatin;cisplatin;pembrolizumab;sigvotatug vedotin,PD-1,Monoclonal Antibody,HER2;PD-L1,1,1,0,0,0,1,1,0,,metastatic · 1st-line · adenoca. · measurable (RECIST)
NCT04390399,Combination Immunotherapy Plus Standard-of-Care Chemotherapy Versus Standard-of-Care Chemotherapy for the Treatment of Locally Advanced or Metastatic Pancreatic Cancer,PHASE2,Phase 2,ACTIVE_NOT_RECRUITING,328,"ImmunityBio, Inc.",ImmunityBio,63,1,0,active_comparator,6,fluorouracil;gemcitabine;irinotecan liposome;leucovorin;nab-paclitaxel;sbrt,aldoxorubicin hcl;cyclophosphamide;gemcitabine;n-803;nab-paclitaxel;pd-l1 t-hank;sbrt,IL-15,Recombinant Protein,PD-L1;PR,0,1,0,0,0,1,0,0,,metastatic · 1st-line · measurable (RECIST) · ECOG 0
NCT04396821,A Trial to Evaluate Safety and Tolerability of TST001 in Advanced or Metastatic Solid Tumors,PHASE1;PHASE2,Phase 2,ACTIVE_NOT_RECRUITING,150,"Transcenta Therapeutics (Hangzhou) Co., Ltd.",Transcenta Therapeutics (Hangzhou),8,1,1,multi_experimental,5,tst001,FOLFOX;albumin-bound paclitaxel;gemcitabine;nivolumab injection [opdivo];tst001,PD-1,Monoclonal Antibody,CLDN18.2,1,1,0,0,0,1,0,0,,metastatic · 1st-line · adenoca. · ECOG 0-1
NCT04404595,"Claudin18.2 CAR-T (CT041) in Patients With Gastric, Pancreatic Cancer, or Other Specified Digestive Cancers",PHASE1;PHASE2,Phase 2,ACTIVE_NOT_RECRUITING,110,"CARsgen Therapeutics Co., Ltd.",CARsgen Therapeutics,11,1,0,single_arm,1,ct041,ct041,CLDN18.2,CAR-T,CLDN18.2,1,1,0,0,0,1,0,0,,metastatic · 1st-line · adenoca. · measurable (RECIST)
NCT04421820,BOLD-100 in Combination With FOLFOX for the Treatment of Advanced Solid Tumours,PHASE1;PHASE2,Phase 2,RECRUITING,220,"Bold Therapeutics, Inc.",Bold Therapeutics,1,1,0,active_comparator,9,bold-100 +/- folfox chemotherapy (arm vii),bold-100 in combination with folfox chemotherapy (arms i-vi),,Small Molecule,BRAF;ER;HER2;MSI;MSI-H,0,1,0,0,1,0,0,1,MSI-H/dMMR,metastatic · measurable (RECIST)
NCT04429542,Study of Safety and Tolerability of BCA101 Monotherapy and in Combination Therapy in Patients With EGFR-driven Advanced Solid Tumors,PHASE1,Phase 1,RECRUITING,292,Bicara Therapeutics,Bicara,3,1,1,multi_experimental,2,bca101,bca101;pembrolizumab,EGFR,Bispecific Antibody,EGFR;PD-L1;biomarker;biomarker analysis,1,1,0,0,0,0,0,0,,metastatic · squamous · measurable (RECIST)
NCT04477343,A Study to Evaluate the Safety and Tolerability of SX-682 in Combination With Nivolumab as a Maintenance Therapy in Patients With Metastatic Pancreatic Ductal Adenocarcinoma,PHASE1,Phase 1,ACTIVE_NOT_RECRUITING,20,University of Rochester,University of Rochester,15,0,1,single_arm,1,nivolumab injectable product;sx-682,nivolumab injectable product;sx-682,CXCR1/2,Small Molecule,RAS;biomarker;biomarker analysis,0,1,0,0,0,1,0,0,,metastatic · 1st-line · adenoca. · measurable (RECIST)
NCT04503265,A Trial of AMXI-5001 for Treatment in Patients With Advanced Malignancies,PHASE1;PHASE2,Phase 2,RECRUITING,122,"AtlasMedx, Incorporated",AtlasMedx,1,1,0,single_arm,1,amxi-5001:dose escalation phase i;amxi-5001:dose expansion phase ii,amxi-5001:dose escalation phase i;amxi-5001:dose expansion phase ii,,,,0,1,0,0,0,0,1,0,,metastatic · 2nd-line+ · ECOG 0-1
NCT04543071,"Chemo4METPANC Combination Chemokine Inhibitor, Immunotherapy, and Chemotherapy in Pancreatic Adenocarcinoma",PHASE2,Phase 2,RECRUITING,10,Gulam Manji,Gulam Manji,3,0,1,single_arm,1,cemiplimab;gemcitabine;motixafortide;nab-paclitaxel,cemiplimab;gemcitabine;motixafortide;nab-paclitaxel,PD-1,Monoclonal Antibody,MET;PD-L1,1,1,0,0,0,0,0,0,,metastatic · adenoca. · measurable (RECIST)
NCT04575922,Nivolumab+Ipilimumab+RT in MSS mCRC,PHASE2,Phase 2,ACTIVE_NOT_RECRUITING,32,Massachusetts General Hospital,Massachusetts General Hospital,170,0,1,single_arm,1,ipilimumab;nivolumab;radiation therapy,ipilimumab;nivolumab;radiation therapy,PD-1,Monoclonal Antibody,CD30;MSI,1,1,0,0,0,0,0,0,,metastatic · adenoca. · measurable (RECIST)
NCT04581473,"Study to Evaluate the Efficacy, Safety and Pharmacokinetics of CT041 Autologous CAR T-cell Injection",PHASE1;PHASE2,Phase 2,ACTIVE_NOT_RECRUITING,192,"CARsgen Therapeutics Co., Ltd.",CARsgen Therapeutics,11,1,0,active_comparator,2,physician's choice（paclitaxel or irinotecan or apatinib or anti-pd-1 antibody）,ct041 autologous car t-cell injection,CLDN18.2,CAR-T,CD19;CLDN18.2;HER2;MET,1,1,0,0,0,0,0,0,,metastatic · adenoca. · measurable (RECIST)
NCT04589234,Saltikva for Metastatic Pancreatic Cancer,PHASE2,Phase 2,ACTIVE_NOT_RECRUITING,60,Salspera LLC,Salspera,1,1,0,multi_experimental,2,salmonella-il2,folfirinox alone (historical controls);gemcitabine/abraxane alone (historical controls);salmonella-il2,IL-2,Oncolytic Virus,,1,1,0,0,0,0,0,0,,metastatic · adenoca. · measurable (RECIST)
NCT04605913,Nab-Paclitaxel + Cisplatin + Gemcitabine + TTF in pt. w/ Metastatic PAC,PHASE1;PHASE2,Phase 2,RECRUITING,40,Mayo Clinic,Mayo Clinic,31,0,0,single_arm,1,modified gcn+ttf treatment,modified gcn+ttf treatment,,Cell Therapy,,1,1,0,0,0,0,0,0,,metastatic · adenoca. · measurable (RECIST)
NCT04644068,Study of AZD5305 as Monotherapy and in Combination With Anti-cancer Agents in Patients With Advanced Solid Malignancies,PHASE1;PHASE2,Phase 2,ACTIVE_NOT_RECRUITING,702,AstraZeneca,AstraZeneca,780,1,1,multi_experimental,6,azd5305,azd5305;camizestrant;carboplatin;dato-dxd;paclitaxel;t- dxd,PARP,Small Molecule,,0,1,0,0,0,0,1,0,,metastatic · 2nd-line+ · ECOG 0
NCT04657068,A Study of ART0380 for the Treatment of Advanced or Metastatic Solid Tumors,PHASE1;PHASE2,Phase 2,RECRUITING,542,Artios Pharma Ltd,Artios Pharma,4,1,0,multi_experimental,10,art0380,art0380;gemcitabine;irinotecan,ATR,Small Molecule,,0,1,1,0,0,1,1,1,BRCA/HRD+,metastatic · 1st-line · squamous · measurable (RECIST)
NCT04673448,"Niraparib and TSR-042 for the Treatment of BRCA-Mutated Unresectable or Metastatic Breast, Pancreas, Ovary, Fallopian Tube, or Primary Peritoneal Cancer",PHASE1,Phase 1,ACTIVE_NOT_RECRUITING,18,University of Washington,University of Washington,74,0,1,single_arm,1,biopsy;biospecimen collection;computed tomography;dostarlimab;magnetic resonance imaging;niraparib,biopsy;biospecimen collection;computed tomography;dostarlimab;magnetic resonance imaging;niraparib,PD-1,Monoclonal Antibody,ER;HER2;MSI-H;PD-L1;PR;dMMR,1,1,1,0,0,0,0,1,BRCA/HRD+,metastatic · squamous · measurable (RECIST)
NCT04678648,A Trial of RSC-1255 for Treatment of Patients With Advanced Malignancies,PHASE1,Phase 1,RECRUITING,134,"RasCal Therapeutics, Inc.",RasCal Therapeutics,1,1,0,single_arm,1,rsc-1255 dose escalation;rsc-1255 dose expansion,rsc-1255 dose escalation;rsc-1255 dose expansion,,,,0,1,0,0,0,0,1,0,,metastatic · 2nd-line+
NCT04753879,Multi-agent Low Dose Chemotherapy GAX-CI Followed by Olaparib and Pembro in Metastatic Pancreatic Ductal Cancer.,PHASE2,Phase 2,ACTIVE_NOT_RECRUITING,38,Sidney Kimmel Comprehensive Cancer Center at Johns Hopkins,Sidney Kimmel Comprehensive Cancer Center at Johns Hopkins,160,0,1,single_arm,1,capecitabine;cisplatin;gemcitabine;irinotecan;nab-paclitaxel;olaparib;pembrolizumab,capecitabine;cisplatin;gemcitabine;irinotecan;nab-paclitaxel;olaparib;pembrolizumab,PD-1,Monoclonal Antibody,PD-L1,1,1,0,0,0,0,0,0,,metastatic · ductal · measurable (RECIST)
NCT04802876,Efficacy of Tislelizumab and Spartalizumab Across Multiple Cancer-types in Patients with PD1-high MRNA Expressing Tumors,PHASE2,Phase 2,ACTIVE_NOT_RECRUITING,184,SOLTI Breast Cancer Research Group,SOLTI Breast Cancer Research Group,18,0,1,multi_experimental,3,,spartalizumab;tislelizumab,PD-1,Monoclonal Antibody,BRAF,1,1,0,0,0,0,0,0,,metastatic · squamous · measurable (RECIST)
NCT04827953,Study to Evaluate the Safety and Efficacy of Treatment With NLM-001 and Standard Chemotherapy Plus Zalifrelimab in Patients With Advanced Pancreatic Cancer,PHASE1;PHASE2,Phase 2,ACTIVE_NOT_RECRUITING,28,Nelum Corp,Nelum,2,1,0,single_arm,1,gemcitabine;nab-paclitaxel;nlm-001;zalifrelimab,gemcitabine;nab-paclitaxel;nlm-001;zalifrelimab,SMO,Small Molecule,,0,1,0,0,0,0,0,0,,metastatic · adenoca. · measurable (RECIST)
NCT04888312,Safety and Efficacy of Mitazalimab in Combination With Chemotherapy in Pancreatic Cancer Patients,PHASE1;PHASE2,Phase 2,ACTIVE_NOT_RECRUITING,94,Alligator Bioscience AB,Alligator Bioscience,4,1,0,single_arm,1,cd40 agonist mitazalimab in combination with,cd40 agonist mitazalimab in combination with,CD40,Monoclonal Antibody,,1,1,0,0,0,1,0,0,,metastatic · 1st-line · adenoca. · measurable (RECIST)
NCT04895709,A Study of BMS-986340 as Monotherapy and as Combination Therapy in Participants With Advanced Solid Tumors,PHASE1;PHASE2,Phase 2,RECRUITING,1109,Bristol-Myers Squibb,Bristol Myers Squibb,764,1,1,multi_experimental,9,bms-986340,bms-936558-01;bms-986340;docetaxel;pumitamig,PD-1,Monoclonal Antibody,PD-L1;biomarker;biomarker analysis,1,1,0,0,0,0,1,0,,metastatic · 2nd-line+ · measurable (RECIST)
NCT04900818,Study of TJ033721 (Givastomig) in Subjects With Advanced or Metastatic Solid Tumors,PHASE1,Phase 1,RECRUITING,330,I-Mab Biopharma US Limited,I-Mab Biopharma US,6,1,1,multi_experimental,4,tj033721 (givastomig),durvalumab;nivolumab;tj033721 (givastomig),,Bispecific Antibody,CLDN18.2;PD-L1,1,1,0,0,0,1,1,0,,metastatic · 1st-line · adenoca.
NCT04901741,Olaptesed With Pembrolizumab and Nanoliposomal Irinotecan or Gemcitabine/Nab-Paclitaxel in MSS Pancreatic Cancer,PHASE2,Phase 2,NOT_YET_RECRUITING,60,TME Pharma AG,TME Pharma,5,1,1,multi_experimental,2,olaptesed pegol;pembrolizumab,olaptesed pegol;pembrolizumab,PD-1,Monoclonal Antibody,PD-L1,1,1,0,0,0,1,0,0,,metastatic · 1st-line · adenoca. · measurable (RECIST)
NCT04924075,"Belzutifan/MK-6482 for the Treatment of Advanced Pheochromocytoma/Paraganglioma (PPGL), Pancreatic Neuroendocrine Tumor (pNET), Von Hippel-Lindau (VHL) Disease-Associated Tumors, Advanced Gastrointestinal Stromal Tumor (wt GIST), or Solid Tumors With HIF-2α Related Genetic Alterations (MK-6482-015)",PHASE2,Phase 2,RECRUITING,355,Merck Sharp & Dohme LLC,Merck (MSD),649,1,1,single_arm,1,belzutifan,belzutifan,HIF-2α,Small Molecule,HIF-2α;VHL,0,1,0,0,0,0,0,0,,metastatic
NCT04956640,Study of LY3537982 in Cancer Patients With a Specific Genetic Mutation (KRAS G12C),PHASE1;PHASE2,Phase 2,ACTIVE_NOT_RECRUITING,540,Eli Lilly and Company,Eli Lilly,535,1,1,multi_experimental,3,ly3537982,carboplatin;cetuximab;cisplatin;ly3537982;pembrolizumab;pemetrexed,KRAS,Small Molecule,KRAS,0,1,0,1,0,1,0,1,KRASm,metastatic · 1st-line · measurable (RECIST)
NCT04969731,Safety and Efficacy of Immuncell-LC With Gemcitabine in Resectable Pancreatic Cancer,PHASE3,Phase 3,RECRUITING,408,GC Cell Corporation,GC Cell,11,1,0,active_comparator,2,gemcitabine,gemcitabine;immuncell-lc,,Cell Therapy,,1,1,0,0,0,0,0,0,,metastatic · adenoca. · ECOG 0
NCT04999761,AB122 Platform Study,PHASE1,Phase 1,RECRUITING,917,"Taiho Pharmaceutical Co., Ltd.",Taiho,86,1,0,multi_experimental,18,ab122,ab122;ab154;bevacizumab;carboplatin;cisplatin;fluorouracil;gemcitabine;nab-paclitaxel;ramucirumab;tas-115;tas-116;tas-120;trifluridine/tipiracil,PD-1,Monoclonal Antibody,KRAS;MET;PD-L1,1,1,0,1,0,1,1,1,KRASm,metastatic · 1st-line · adenoca.
NCT05000294,Atezolizumab Plus Tivozanib in Immunologically Cold Tumor Types,PHASE1;PHASE2,Phase 2,RECRUITING,29,University of Florida,University of Florida,28,0,1,single_arm,1,atezolizumab;tivozanib,atezolizumab;tivozanib,PD-L1,Monoclonal Antibody,CMMRD;HER2;MET;MSI;MSI-H;PD-L1;TMB;dMMR,1,1,0,0,1,0,0,1,MSI-H/dMMR,metastatic · adenoca. · measurable (RECIST)
NCT05005403,"Study to Assess Adverse Events and Pharmacokinetics in Adult Participants With Non-Small Cell Lung Cancer, Head and Neck Squamous Cell Carcinoma and Other Solid Tumors, Receiving Intravenous Infusion of Azirkitug Alone or in Combination(s) With Budigalimab, Bevacizumab, or Telisotuzumab Adizutecan",PHASE1,Phase 1,RECRUITING,694,AbbVie,AbbVie,274,1,1,multi_experimental,17,azirkitug,azirkitug;bevacizumab;budigalimab;telisotuzumab adizutecan,PD-1,Monoclonal Antibody,BRAF;HER2;MSI;MSI-H;PD-L1,1,1,0,0,1,1,0,1,MSI-H/dMMR,metastatic · 1st-line · adenoca. · measurable (RECIST)
NCT05057013,A Phase I/IIa Trial of HMBD-001 in Advanced HER3 Positive Solid Tumours,PHASE1;PHASE2,Phase 2,ACTIVE_NOT_RECRUITING,81,Cancer Research UK,Cancer Research UK,16,0,0,multi_experimental,2,,hmbd-001;hmbd-001 and enzalutamide,HER3,Monoclonal Antibody,HER3,1,1,0,0,0,0,1,0,,metastatic · 2nd-line+ · adenoca.
NCT05057715,huCART-meso + VCN-01 in Pancreatic and Ovarian Cancer,PHASE1,Phase 1,ACTIVE_NOT_RECRUITING,13,University of Pennsylvania,University of Pennsylvania,19,0,0,multi_experimental,5,hucart-meso cells;vcn-01,hucart-meso cells;vcn-01,,,,0,1,0,0,0,0,0,0,,metastatic · adenoca. · measurable (RECIST)
NCT05076760,MEM-288 Oncolytic Virus Alone and in Combination With Standard of Care Therapy in Advanced Solid Tumors,PHASE1,Phase 1,RECRUITING,40,"Memgen, Inc.",Memgen,4,1,0,multi_experimental,3,mem-288 intratumoral injection,docetaxel;mem-288 intratumoral injection;nivolumab,CD40L,Oncolytic Virus,ALK;BRAF;CD8+ T cells;EGFR;IFNγ;KRAS;MET;PD-L1;RET;TCF1+ stem-like CD8+ T cells,1,1,0,1,0,1,1,1,KRASm,metastatic · 1st-line · squamous · measurable (RECIST)
NCT05077800,FOLFIRINOX + Elraglusib + Losartan In Pancreatic Cancer,PHASE2,Phase 2,ACTIVE_NOT_RECRUITING,70,"Colin D. Weekes, M.D., PhD","Colin D. Weekes, M.D., PhD",2,0,0,multi_experimental,5,folfirninox,9-ing-41;folfirninox;losartan,GSK3B,Small Molecule,,0,1,1,0,0,0,0,1,BRCA/HRD+,metastatic · adenoca. · measurable (RECIST)
NCT05083780,Hydroxychloroquine and Chlorphenesin Carbamate in Combination With mFOLFIRINOX in Pancreatic Cancer,PHASE1,Phase 1,ACTIVE_NOT_RECRUITING,40,Changhoon Yoo,Changhoon Yoo,1,0,0,single_arm,1,chlorphenesin carbamate;hydroxychloroquine,chlorphenesin carbamate;hydroxychloroquine,MET,Small Molecule,PR,0,1,0,0,0,0,0,0,,metastatic · measurable (RECIST)
NCT05086692,A Beta-only IL-2 ImmunoTherapY Study,PHASE1;PHASE2,Phase 2,RECRUITING,115,"Medicenna Therapeutics, Inc.",Medicenna Therapeutics,2,1,1,single_arm,1,mdna11;pembrolizumab (keytruda),mdna11;pembrolizumab (keytruda),IL-2,Cell Therapy,MSI-H,1,1,0,0,0,0,1,0,,metastatic · 2nd-line+ · measurable (RECIST)
NCT05098197,A Study of GC101 TIL in Advanced Hepatobiliary-Pancreatic Cancers (10hospital),EARLY_PHASE1,Phase 1,RECRUITING,50,Shanghai Juncell Therapeutics,Shanghai Juncell Therapeutics,19,1,0,single_arm,1,tumor infiltrating lymphocyte,tumor infiltrating lymphocyte,,Cell Therapy,,1,1,0,0,0,0,1,0,,metastatic · 2nd-line+ · ECOG 0
NCT05132504,Neoadjuvant Folfirinox Combined With Pembrolizumab Followed by Surgery for Patients With Resectable Pancreatic Cancer,PHASE2,Phase 2,RECRUITING,30,Baylor College of Medicine,Baylor College of Medicine,8,0,1,single_arm,1,FOLFIRINOX;pembrolizumab,FOLFIRINOX;pembrolizumab,PD-1,Monoclonal Antibody,PD-L1,1,1,0,0,0,0,0,0,,metastatic · adenoca.
NCT05141149,First in Human Phase1/2a Clinical Trial of Anti-PAUF Monoclonal Antibody PBP1510 in Patients With Pancreatic Cancer,PHASE1;PHASE2,Phase 2,ACTIVE_NOT_RECRUITING,80,Prestige Biopharma Limited,Prestige Biopharma,3,1,0,multi_experimental,10,pbp1510 (,gemcitabine (;pbp1510 (,PAUF,Monoclonal Antibody,,1,1,0,0,0,0,1,0,,metastatic · 2nd-line+ · squamous · measurable (RECIST)
NCT05143970,A Phase 1 First-In-Human Study of the Anti-CD73 IPH5301 Alone or in Combination With Chemotherapy and Trastuzumab in Patients With Advanced Solid Tumors,PHASE1,Phase 1,ACTIVE_NOT_RECRUITING,27,Institut Paoli-Calmettes,Institut Paoli-Calmettes,12,0,0,single_arm,1,iph5301 alone or in combination with chemotherapy and trastuzumab,iph5301 alone or in combination with chemotherapy and trastuzumab,CD73,Monoclonal Antibody,ER;HER2;MET;PD-L1;PR,1,1,1,0,0,1,1,1,BRCA/HRD+,metastatic · 1st-line · ductal · measurable (RECIST)
NCT05156866,First in Human Study of TORL-2-307-ADC in Participants With Advanced Cancer,PHASE1,Phase 1,ACTIVE_NOT_RECRUITING,163,"TORL Biotherapeutics, LLC",TORL Biotherapeutics,8,1,0,multi_experimental,2,torl-2-307-adc,torl-2-307-adc,CLDN18.2,ADC,CLDN18.2;HER2,1,1,0,0,0,0,0,0,,metastatic · squamous · measurable (RECIST)
NCT05159440,First in Human Study of TORL-2-307-MAB in Participants With Advanced Cancer,PHASE1,Phase 1,ACTIVE_NOT_RECRUITING,70,"TORL Biotherapeutics, LLC",TORL Biotherapeutics,8,1,0,multi_experimental,2,torl-2-307-mab,torl-2-307-mab,CLDN18.2,Monoclonal Antibody,,1,1,0,0,0,0,0,0,,metastatic · squamous · measurable (RECIST)
NCT05163028,A Dose Escalation Study of SHP2 Inhibitor in Patients With Solid Tumors Harboring KRAS of EGFR Mutations,PHASE1,Phase 1,ACTIVE_NOT_RECRUITING,42,"HUYABIO International, LLC.",HUYABIO International,9,1,0,single_arm,1,hbi-2376,hbi-2376,KRAS,Small Molecule,EGFR;KRAS,0,1,0,1,0,0,1,1,KRASm,metastatic · 2nd-line+ · squamous · measurable (RECIST)
NCT05208762,A Study of PF-08046054/SGN-PDL1V in Advanced Solid Tumors,PHASE1,Phase 1,RECRUITING,714,"Seagen, a wholly owned subsidiary of Pfizer",Pfizer,687,1,1,multi_experimental,2,pf-08046054,pembrolizumab;pf-08046054,PD-L1,Monoclonal Antibody,MET;PD-L1,1,1,0,0,0,0,1,0,,metastatic · 2nd-line+ · squamous · measurable (RECIST)
NCT05215574,Study of NGM831 as Monotherapy and in Combination With Pembrolizumab or Pembrolizumab and NGM438 in Advanced or Metastatic Solid Tumors,PHASE1,Phase 1,ACTIVE_NOT_RECRUITING,130,"NGM Biopharmaceuticals, Inc",NGM Biopharmaceuticals,6,1,1,multi_experimental,3,,ngm831;ngm831 and ngm438 plus pembrolizumab (keytruda);ngm831 plus pembrolizumab (keytruda),ILT3,Monoclonal Antibody,,1,1,0,0,0,0,0,0,,metastatic
NCT05239143,P-MUC1C-ALLO1 Allogeneic CAR-T Cells in the Treatment of Subjects With Advanced or Metastatic Solid Tumors,PHASE1,Phase 1,ACTIVE_NOT_RECRUITING,180,"Poseida Therapeutics, Inc.",Poseida Therapeutics,6,1,0,multi_experimental,8,p-muc1c-allo1 car-t cells;rimiducid,p-muc1c-allo1 car-t cells;rimiducid,MUC1,CAR-T,MUC1,1,1,0,0,0,0,0,0,,metastatic · squamous · measurable (RECIST)
NCT05245500,Phase 1 Study of MRTX1719 in Solid Tumors With MTAP Deletion,PHASE1,Phase 1,RECRUITING,336,Bristol-Myers Squibb,Bristol Myers Squibb,764,1,1,multi_experimental,3,mrtx1719,mrtx1719,MTAP,Small Molecule,MTAP,0,1,0,0,0,0,0,0,,metastatic
NCT05254171,Study of Nab-Paclitaxel and Gemcitabine With or Without SBP-101 in Pancreatic Cancer,PHASE2;PHASE3,Phase 3,RECRUITING,600,"Panbela Therapeutics, Inc.",Panbela Therapeutics,3,1,0,placebo_comparator,2,gemcitabine;nab-paclitaxel,gemcitabine;nab-paclitaxel;sbp-101,ODC,Small Molecule,,0,1,1,0,0,1,0,1,BRCA/HRD+,metastatic · 1st-line · adenoca. · measurable (RECIST)
NCT05257993,"Study to Assess the Safety, Tolerability of JPI-547 in Combination With Modified FOLFIRINOX or Gemcitabine-nab-paclitaxel in Patients With Locally Advanced and Metastatic Pancreatic Cancer",PHASE1;PHASE2,Phase 2,RECRUITING,71,Onconic Therapeutics Inc.,Onconic Therapeutics,5,1,0,multi_experimental,2,jpi-547,gemcitabine-nab-paclitaxel;jpi-547;modified folfirinox,PARP,Small Molecule,BRCA1;BRCA2;HRD;RNF43,0,1,0,0,0,0,0,0,,metastatic · adenoca. · measurable (RECIST)
NCT05288205,Phase 1/2a Study of JAB-21822 Plus JAB-3312 in Patients With Advanced Solid Tumors Harboring KRAS p.G12C Mutation,PHASE1;PHASE2,Phase 2,RECRUITING,240,"Allist Pharmaceuticals, Inc.",Allist Pharmaceuticals,19,1,0,multi_experimental,2,jab-21822;jab-3312,jab-21822;jab-3312,KRAS,Small Molecule,KRAS,0,1,0,1,0,0,0,1,KRASm,metastatic · ductal · measurable (RECIST)
NCT05355298,ACCENT: AMP945 in Combination With Nab-paclitaxel and Gemcitabine for Treatment of Pancreatic Cancer,PHASE1;PHASE2,Phase 2,ACTIVE_NOT_RECRUITING,62,Amplia Therapeutics Limited,Amplia Therapeutics,2,1,0,single_arm,1,amp945 ascending doses;amp945 rp2d,amp945 ascending doses;amp945 rp2d,FAK,Small Molecule,,0,1,0,0,0,0,1,0,,metastatic · 2nd-line+ · adenoca. · measurable (RECIST)
NCT05361954,Study to Assess the Safety and Preliminary Efficacy of STI-1386 Oncolytic Virus in Relapsed or Refractory Solid Tumors,PHASE1,Phase 1,NOT_YET_RECRUITING,36,"Sorrento Therapeutics, Inc.",Sorrento Therapeutics,18,1,0,single_arm,1,sti-1386,sti-1386,,Oncolytic Virus,,1,1,0,0,0,0,1,0,,metastatic · 2nd-line+ · squamous · measurable (RECIST)
NCT05365581,"A Study of ASP2138 Given by Itself or Given With Other Cancer Treatments in Adults With Stomach Cancer, Gastroesophageal Junction Cancer, or Pancreatic Cancer",PHASE1,Phase 1,RECRUITING,398,"Astellas Pharma Global Development, Inc.",Astellas,171,1,1,multi_experimental,10,asp2138,asp2138;capecitabine;fluorouracil;irinotecan;leucovorin;oxaliplatin;paclitaxel;pembrolizumab;ramucirumab,CLDN18.2,Monoclonal Antibody,CLDN18.2;HER2;PD-L1,1,1,0,0,0,1,1,0,,metastatic · 1st-line · adenoca. · measurable (RECIST)
NCT05379985,Study of RMC-6236 in Patients With Advanced Solid Tumors Harboring Specific Mutations in RAS,PHASE1;PHASE2,Phase 2,RECRUITING,754,"Revolution Medicines, Inc.",Revolution Medicines,19,1,0,single_arm,1,rmc-6236,rmc-6236,KRAS,Small Molecule,KRAS;RAS,0,1,0,1,0,1,0,1,KRASm,metastatic · 1st-line
NCT05394259,"A Pilot Study to Assess the Clinical Utility of PYLARIFY PET-CT for Detecting Metastasis in Pancreatic Cancer, Hepatocellular Carcinoma and Breast Cancer",PHASE1,Phase 1,ACTIVE_NOT_RECRUITING,20,M.D. Anderson Cancer Center,M.D. Anderson Cancer Center,697,0,0,single_arm,1,piflufolastat f18,piflufolastat f18,,Radiopharmaceutical,,0,1,0,0,0,1,0,0,,metastatic · 1st-line · adenoca. · measurable (RECIST)
NCT05403554,A Study of NI-1801 in Patients with Mesothelin Expressing Solid Cancers,PHASE1,Phase 1,RECRUITING,70,Light Chain Bioscience - Novimmune SA,Light Chain Bioscience - Novimmune,2,1,0,active_comparator,3,ni-1801 in combination with paclitaxel;paclitaxel,biological ni-1801;ni-1801 in combination with anti-pd1 (pembrolizumab),MSLN,Bispecific Antibody,Mesothelin;PR;biomarker;biomarker analysis,1,1,0,0,0,1,1,0,,metastatic · 1st-line · adenoca. · measurable (RECIST) · ECOG 0-1
NCT05431270,"Dose Escalation/Expansion Study of Mavrostobart (PT199), an Anti-CD73 mAb, Administered Alone and in Combination With a PD-1 Inhibitor or Chemotherapy (the MORNINGSTAR Study)",PHASE1;PHASE2,Phase 2,RECRUITING,40,Phanes Therapeutics,Phanes Therapeutics,3,1,1,multi_experimental,4,mavrostobart (pt199),carboplatin + pemetrexed;docetaxel;gemcitabine;gemcitabine + nab-paclitaxel;mavrostobart (pt199);pembrolizumab + carboplatin + pemetrexed;pemetrexed;tislelizumab,PD-1,Monoclonal Antibody,ALK;PD-L1;biomarker;genomic,1,1,0,0,0,1,1,0,,metastatic · 1st-line · adenoca. · measurable (RECIST)
NCT05438459,GAIA-102 Intraperitoneal Administration in Patients With Advanced Gastrointestinal Cancer of Microsatellite Stable With Malignant Ascites,PHASE1;PHASE2,Phase 2,RECRUITING,176,Kyushu University,Kyushu University,1,0,0,active_comparator,6,calcium levofolinate hydrate;fluorouracil;irinotecan hydrochloride hydrate;trifluridine/tipiracil hydrochloride (ftd/tpi),calcium levofolinate hydrate;fluorouracil;gaia-102;irinotecan hydrochloride hydrate;pembrolizumab,PD-1,Monoclonal Antibody,MMR;MSI;MSI-H,1,1,0,0,0,0,1,0,,metastatic · 2nd-line+ · adenoca.
NCT05462717,Dose Escalation and Dose Expansion Study of RMC-6291 Monotherapy in Subjects With Advanced KRASG12C Mutant Solid Tumors,PHASE1,Phase 1,ACTIVE_NOT_RECRUITING,222,"Revolution Medicines, Inc.",Revolution Medicines,19,1,0,single_arm,1,rmc-6291,rmc-6291,KRAS,Small Molecule,KRAS,0,1,0,0,0,0,0,0,,metastatic
NCT05466799,FOLFIRINOX Versus OncoSil™ in Addition to FOLFIRINOX in Patients With Locally Advanced Pancreatic Adenocarcinoma,PHASE2,Phase 2,ACTIVE_NOT_RECRUITING,88,OncoSil Medical Limited,OncoSil Medical,3,1,0,active_comparator,2,FOLFIRINOX,FOLFIRINOX;device: oncosil,,,,0,1,0,0,0,1,0,0,,metastatic · 1st-line · adenoca.
NCT05477576,Study of RYZ101 Compared With SOC in Pts w Inoperable SSTR+ Well-differentiated GEP-NET That Has Progressed Following 177Lu-SSA Therapy,PHASE3,Phase 3,RECRUITING,338,"RayzeBio, Inc.",RayzeBio,7,1,0,active_comparator,4,everolimus;lanreotide;octreotide;ryz101;sunitinib,ryz101,SSTR,Radiopharmaceutical,SSTR,0,1,0,0,0,0,0,0,,metastatic · measurable (RECIST) · ECOG 0
NCT05482516,Evaluating Novel Therapies in ctDNA Positive GI Cancers,PHASE3,Phase 3,RECRUITING,20,Georgetown University,Georgetown University,55,0,1,single_arm,1,atezolizumab;bevacizumab,atezolizumab;bevacizumab,PD-L1,Monoclonal Antibody,CMMRD;MET;MSI-H;PD-L1;TMB,1,1,0,0,0,0,0,0,,metastatic · adenoca.
NCT05482893,"Spevatamig (PT886) as Monotherapy or in Combination With Chemo and/or ICI, for the Treatment of Patients With Advanced Gastric, Gastroesophageal Junction, Pancreatic Ductal or Biliary Tract Carcinomas (the TWINPEAK Study)",PHASE1;PHASE2,Phase 2,RECRUITING,258,Phanes Therapeutics,Phanes Therapeutics,3,1,1,multi_experimental,4,spevatamig (pt886),CAPOX;FOLFIRINOX;FOLFOX;gemcitabine;keytruda (pembrolizumab);nab-paclitaxel;paclitaxel;spevatamig (pt886),,Bispecific Antibody,CLDN18.2;HER2;biomarker,1,1,0,0,0,0,1,0,,metastatic · 2nd-line+ · measurable (RECIST)
NCT05485974,A Dose Escalation Study of HBI-2438 in Patients With Solid Tumors Harboring KRAS G12C Mutation,PHASE1,Phase 1,ACTIVE_NOT_RECRUITING,44,"HUYABIO International, LLC.",HUYABIO International,9,1,0,single_arm,1,hbi-2438,hbi-2438,KRAS,Small Molecule,KRAS,0,1,0,1,0,0,0,1,KRASm,metastatic · squamous · measurable (RECIST)
NCT05539430,"Claudin 18.2-Targeted Chimeric Antigen Receptor T-cells in Subjects With Unresectable, Locally Advanced, or Metastatic Gastric, Gastroesophageal Junction (GEJ), Esophageal, or Pancreatic Adenocarcinoma",PHASE1,Phase 1,ACTIVE_NOT_RECRUITING,56,Legend Biotech USA Inc,Johnson & Johnson,363,1,0,single_arm,1,lb1908,lb1908,CLDN18.2,CAR-T,CLDN18.2;HER2;PR,1,1,0,0,0,1,1,0,,metastatic · 1st-line · adenoca. · measurable (RECIST)
NCT05585320,A Phase 1/2a Study of IMM-1-104 in Participants With Advanced or Metastatic Solid Tumors,PHASE1;PHASE2,Phase 2,ACTIVE_NOT_RECRUITING,209,Immuneering Corporation,Immuneering,3,1,0,multi_experimental,5,,imm-1-104 + dabrafenib (treatment group d);imm-1-104 + modified folfirinox (treatment group c);imm-1-104 + modified gemcitabine/nab-paclitaxel (treatment group b);imm-1-104 + pembrolizumab (treatment group e);imm-1-104 monotherapy (treatment group a),MEK,Small Molecule,BRAF;KRAS,0,1,0,1,0,1,1,1,KRASm,metastatic · 1st-line · adenoca. · measurable (RECIST)
NCT05604560,A Neoadjuvant Study of Tislelizumab and SX-682 for Resectable Pancreas Cancer,PHASE2,Phase 2,ACTIVE_NOT_RECRUITING,25,Lei Zheng,Lei Zheng,2,0,1,single_arm,1,sx-682;tislelizumab,sx-682;tislelizumab,PD-1,Monoclonal Antibody,PD-L1,1,1,0,0,0,0,0,0,,metastatic · adenoca.
NCT05607953,Pressure Enabled Intrapancreatic Delivery of SD-101 With Checkpoint Blockade for Locally Advanced Pancreatic Adenocarcinoma,PHASE1,Phase 1,ACTIVE_NOT_RECRUITING,60,"TriSalus Life Sciences, Inc.",TriSalus Life Sciences,3,1,0,single_arm,1,anti-pd-1;sd-101,anti-pd-1;sd-101,TLR9,Small Molecule,,0,1,0,0,0,0,1,0,,metastatic · 2nd-line+
NCT05620134,Study of JK08 in Patients with Unresectable Locally Advanced or Metastatic Cancer,PHASE1;PHASE2,Phase 2,ACTIVE_NOT_RECRUITING,263,Salubris Biotherapeutics Inc,Salubris Biotherapeutics,2,1,0,multi_experimental,4,jk08,jk08;lenvatinib pill;pembrolizumab,CTLA-4,Monoclonal Antibody,ER;HER2;PR;genomic,1,1,0,0,0,0,1,0,,metastatic · 2nd-line+ · adenoca. · measurable (RECIST)
NCT05624918,A Study of NovoTTF-200T(P) in Combination With Gemcitabine and Nab-Paclitaxel for Resectable Pancreatic Adenocarcinoma,PHASE2,Phase 2,RECRUITING,38,Ashish Manne,Ashish Manne,1,0,0,single_arm,1,device: novottf-200t(p);gemcitabine;nab-paclitaxel,device: novottf-200t(p);gemcitabine;nab-paclitaxel,Tubulin,Small Molecule,,0,1,0,0,0,0,0,0,,metastatic · adenoca. · measurable (RECIST)
NCT05632328,AGEN1423 and Botensilimab w/ or w/o Chemo in PDAC,PHASE2,Phase 2,ACTIVE_NOT_RECRUITING,24,Bruno Bockorny,Bruno Bockorny,1,0,0,multi_experimental,2,agen1423;botensilimab,agen1423;botensilimab;gemcitabine;nab-paclitaxel,CD73,Bispecific Antibody,PD-L1,1,1,0,0,0,1,1,0,,metastatic · 1st-line · adenoca. · measurable (RECIST) · ECOG 1
NCT05638698,Tg01 Vaccine / Qs-21 Stimulon™ With Or Without Balstilimab As Maintenance Therapy Following Adjuvant Chemotherapy In Patients With Resected Pancreatic Cancer,PHASE2,Phase 2,ACTIVE_NOT_RECRUITING,24,University of Kansas Medical Center,University of Kansas Medical Center,27,0,0,multi_experimental,2,qs-21;tg01 vaccine,balstilimab;qs-21;tg01 vaccine,KRAS,Vaccine,RAS,1,1,0,0,0,0,0,0,,metastatic · squamous
NCT05651022,Study of DECOY20 With or Without Tislelizumab in Patients With Advanced Solid Tumors,PHASE1;PHASE2,Phase 2,ACTIVE_NOT_RECRUITING,120,"Indaptus Therapeutics, Inc",Indaptus Therapeutics,1,1,0,multi_experimental,3,decoy20,decoy20;tislelizumab,PD-1,Cell Therapy,ALK;BRAF;KRAS;MET;MSI;MSI-H;RET;dMMR,1,1,0,1,1,0,0,1,"KRASm, MSI-H/dMMR",metastatic · adenoca. · measurable (RECIST)
NCT05653453,Clinical Study of Tumor Treating Fields Combined with Gemcitabine and Albumin-bound Paclitaxel in the First-line Treatment of Locally Advanced Pancreatic Cancer,PHASE3,Phase 3,RECRUITING,512,"Jiangsu Healthy Life Innovation Medical Technology Co., Ltd",Jiangsu Healthy Life Innovation Medical Technology,5,1,0,active_comparator,2,gemcitabine hydrochloride and albumin binding paclitaxel,device: tumor treating fields combined with gemcitabine hydrochloride and albumin binding paclitaxel;gemcitabine hydrochloride and albumin binding paclitaxel,,Cell Therapy,,1,1,0,0,0,1,0,0,,metastatic · 1st-line · adenoca. · measurable (RECIST) · ECOG 0-1
NCT05659914,Olaparib and Durvalumab (MEDI4736) in Patients with Metastatic Pancreatic Cancer and DNA Damage Repair Genes Alterations,PHASE2,Phase 2,ACTIVE_NOT_RECRUITING,40,Spanish Cooperative Group for the Treatment of Digestive Tumours (TTD),Spanish Cooperative Group for the Treatment of Digestive Tumours (TTD),23,0,1,single_arm,1,olaparib+durvalumab,olaparib+durvalumab,PARP,Small Molecule,ATM;BAP1;BRCA1;BRCA2;BRIP1;CDK12;CHEK2;FANCD2;FANCE;FANCF;FANCG;FANCL;FANCM;PALB2;RA;RAD50;SLX4;XRCC2;XRCC3,0,1,0,0,0,1,0,0,,metastatic · 1st-line · adenoca. · measurable (RECIST)
NCT05669482,Study of Avutometinib (VS-6766) +Defactinib With Gemcitabine and Nab-paclitaxel in Patients With Pancreatic Cancer,PHASE1;PHASE2,Phase 2,ACTIVE_NOT_RECRUITING,40,"Verastem, Inc.",Verastem,25,1,0,multi_experimental,2,avutometinib (vs-6766) and defactinib in combination with gemcitabine and nab-paclitaxel,avutometinib (vs-6766) and defactinib in combination with gemcitabine and nab-paclitaxel,MEK,Small Molecule,KRAS,0,1,0,0,0,0,0,0,,metastatic · adenoca. · measurable (RECIST)
NCT05704985,Evaluating Safety and Biomarkers Using DK210 (EGFR) for Locally Advanced or Metastatic EGFR+ Tumors,PHASE1,Phase 1,ACTIVE_NOT_RECRUITING,39,DEKA Biosciences,DEKA Biosciences,1,1,0,multi_experimental,4,dk210 (egfr),dk210 (egfr);immune checkpoint blockers;radiation therapy,EGFR,Small Molecule,EGFR;biomarker,0,1,0,0,0,0,0,0,,metastatic · squamous · measurable (RECIST)
NCT05706129,"A Study to Assess Safety, Tolerability and Imaging Characteristics of [68Ga]Ga-DPI-4452 and to Assess Safety, Tolerability, and Efficacy of [177Lu]Lu-DPI-4452 in Participants With Unresectable Locally Advanced or Metastatic Solid Tumors",PHASE1;PHASE2,Phase 2,RECRUITING,270,Lumara Bio Oncologics GmbH,Lumara Bio Oncologics,1,1,0,multi_experimental,5,[68ga]ga-dpi-4452,[177lu]lu-dpi-4452;[68ga]ga-dpi-4452,CA IX,Radiopharmaceutical,CA IX,0,1,0,0,0,0,0,0,,metastatic · adenoca. · measurable (RECIST)
NCT05726864,A Study of ELI-002 7P in Subjects With KRAS/NRAS Mutated Solid Tumors,PHASE1;PHASE2,Phase 2,ACTIVE_NOT_RECRUITING,158,Elicio Therapeutics,Elicio Therapeutics,2,1,0,multi_experimental,4,eli-002 7p,eli-002 7p,KRAS,Peptide,KRAS;biomarker,0,1,0,1,0,0,0,1,KRASm,metastatic
NCT05736731,"A Study to Evaluate the Safety and Efficacy of A2B530, a Logic-gated CAR T, in Participants With Solid Tumors That Express CEA and Have Lost HLA-A*02 Expression",PHASE1;PHASE2,Phase 2,ACTIVE_NOT_RECRUITING,160,A2 Biotherapeutics Inc.,A2 Biotherapeutics,3,1,0,single_arm,1,a2b530;diagnostic test: xt-onco with hla-loh assay,a2b530;diagnostic test: xt-onco with hla-loh assay,CEA,CAR-T,HLA-A*02,1,1,0,0,0,0,0,0,,metastatic · measurable (RECIST)
NCT05740956,A Study of Hansoh (HS)-10502 in Patients With Advanced Solid Tumors,PHASE1,Phase 1,RECRUITING,318,"Jiangsu Hansoh Pharmaceutical Co., Ltd.",Hansoh,82,1,0,single_arm,1,hs-10502,hs-10502,,,HER2,0,1,1,0,0,0,0,1,BRCA/HRD+,metastatic · measurable (RECIST)
NCT05759923,"First-in-human Phase I Study to Evaluate Safety, Tolerability and Antineoplastic Activity of OATD-02 in Patients With Selected Advanced and/or Metastatic Solid Tumours",PHASE1,Phase 1,RECRUITING,40,Molecure S.A.,Molecure,1,1,0,single_arm,1,oatd-02,oatd-02,ARG1,Small Molecule,,0,1,0,0,0,0,1,0,,metastatic · 2nd-line+
NCT05783622,Study of JANX008 in Subjects With Advanced or Metastatic Solid Tumor Malignancies,PHASE1,Phase 1,ACTIVE_NOT_RECRUITING,130,Janux Therapeutics,Janux Therapeutics,4,1,0,multi_experimental,3,janx008,janx008,EGFR,,,0,1,0,0,0,0,0,0,,metastatic · measurable (RECIST)
NCT05786716,"DETERMINE Trial Treatment Arm 04: Trastuzumab in Combination With Pertuzumab in Adult, Paediatric and Teenage/Young Adult Patients With Cancers With HER2 Amplification or Activating Mutations",PHASE2;PHASE3,Phase 3,RECRUITING,30,Cancer Research UK,Cancer Research UK,16,0,1,single_arm,1,pertuzumab;trastuzumab,pertuzumab;trastuzumab,HER2,ADC,HER2;MET,1,1,0,0,0,0,0,0,,metastatic
NCT05799274,Safety of RAD301 in Healthy Human Volunteers and Patients With Pancreatic Cancer or Other Solid Tumors,PHASE1,Phase 1,ACTIVE_NOT_RECRUITING,9,"Radiopharm Theranostics, Ltd",Radiopharm Theranostics,7,1,0,single_arm,1,rad301 ([68ga]-rad301),rad301 ([68ga]-rad301),,Radiopharmaceutical,PR,0,1,0,0,0,0,0,0,,metastatic · squamous
NCT05827796,IN10018+ Standard Chemotherapy (+KN046) in Subjects With Advanced Pancreatic Cancer,PHASE1;PHASE2,Phase 2,RECRUITING,70,"InxMed (Shanghai) Co., Ltd.",InxMed (Shanghai),13,1,0,multi_experimental,2,albumin-bound paclitaxel;gemcitabine;in10018,albumin-bound paclitaxel;gemcitabine;in10018;kn046,FAK,Small Molecule,KRAS;PD-L1,0,1,0,0,0,0,0,0,,metastatic · adenoca. · measurable (RECIST)
NCT05859750,A Study of AK104 With Chemotherapy as First-line Treatment in Patients With Advanced Pancreatic Cancer,PHASE2,Phase 2,RECRUITING,78,Akeso,Akeso,103,1,0,multi_experimental,4,ak104,5-fluorouracil/calcium folinate;ak104;gemcitabine;liposomal irinotecan;nab-paclitaxel;oxaliplatin;oxaliplatin + irinotecan + 5-fluorouracil/leucovorin,PD-1,Bispecific Antibody,PD-L1,1,1,0,0,0,0,0,0,,metastatic · adenoca. · measurable (RECIST)
NCT05877599,A Study of NT-175 in Adult Participants With Advanced Malignancies That Are Positive for HLA-A*02:01 and the TP53 R175H Mutation,PHASE1,Phase 1,RECRUITING,45,AstraZeneca,AstraZeneca,780,1,1,single_arm,1,nt-175,nt-175,,Recombinant Protein,,0,1,0,0,0,0,0,0,,metastatic · adenoca.
NCT05911217,A Study to Evaluate the Efficacy and Safety of CT041 After Adjuvant Chemotherapy for Pancreatic Cancer,PHASE1,Phase 1,RECRUITING,20,"CARsgen Therapeutics Co., Ltd.",CARsgen Therapeutics,11,1,0,single_arm,1,ct041 autologous car t-cell injection,ct041 autologous car t-cell injection,CD19,CAR-T,CD19;CLDN18.2,1,1,0,0,0,0,0,0,,metastatic · adenoca.
NCT05919537,"Study of an Anti-HER3 Antibody, HMBD-001, With or Without Chemotherapy in Patients With Solid Tumors Harboring an NRG1 Fusion or HER3 Mutation",PHASE1,Phase 1,ACTIVE_NOT_RECRUITING,68,Hummingbird Bioscience,Hummingbird Bioscience,4,1,0,multi_experimental,4,hmbd-001,docetaxel;gemcitabine;hmbd-001;nab-paclitaxel,HER3,Monoclonal Antibody,HER3,1,1,0,0,0,0,1,0,,metastatic · 2nd-line+ · adenoca. · ECOG 0-1
NCT05927142,Combining Anti-PD-L1 Immune Checkpoint Inhibitor Durvalumab With TLR-3 Agonist Rintatolimod in Patients With Metastatic Pancreatic Ductal Adenocarcinoma for Therapy Efficacy,PHASE1;PHASE2,Phase 2,RECRUITING,43,"Joachim Aerts, MD PhD","Joachim Aerts, MD PhD",1,0,1,single_arm,1,durvalumab;rintatolimod,durvalumab;rintatolimod,PD-L1,Monoclonal Antibody,EGFR;PD-L1,1,1,0,0,0,0,0,0,,metastatic · measurable (RECIST)
NCT05933265,Study of LP-184 in Patients With Advanced Solid Tumors,PHASE1;PHASE2,Phase 2,ACTIVE_NOT_RECRUITING,64,Lantern Pharma Inc.,Lantern Pharma,3,1,0,multi_experimental,4,lp-184,lp-184;nivolumab & ipilimumab;olaparib,PTGR1,Small Molecule,ATM;ATR;BRCA1;BRCA2;ERCC3;ERCC4;PR;genomic,0,1,0,0,0,0,1,0,,metastatic · 2nd-line+ · measurable (RECIST)
NCT05944237,HTL0039732 in Participants With Advanced Solid Tumours,PHASE1;PHASE2,Phase 2,RECRUITING,150,Cancer Research UK,Cancer Research UK,16,0,0,multi_experimental,3,,htl0039732 capsules;htl0039732 capsules and atezolizumab infusion,PD-L1,,HER2;PD-L1;genomic,0,1,0,0,0,0,1,0,,metastatic · 2nd-line+ · adenoca. · measurable (RECIST)
NCT05945823,Phase 2 Futibatinib in Combination With PD-1 Antibody Based Standard of Care in Solid Tumors,PHASE2,Phase 2,ACTIVE_NOT_RECRUITING,53,"Taiho Oncology, Inc.",Taiho,86,1,0,multi_experimental,2,fluorouracil;futibatinib;leucovorin;oxaliplatin;pembrolizumab,cisplatin;fluorouracil;futibatinib;irinotecan;leucovorin;oxaliplatin;pembrolizumab,FGFR2,Small Molecule,FGFR2;PD-L1,0,1,0,0,0,0,0,0,,metastatic · adenoca. · measurable (RECIST)
NCT05968326,A Study of the Efficacy and Safety of Adjuvant Autogene Cevumeran Plus Atezolizumab and mFOLFIRINOX Versus mFOLFIRINOX Alone in Participants With Resected PDAC,PHASE2,Phase 2,ACTIVE_NOT_RECRUITING,260,"Genentech, Inc.",Roche/Genentech,922,1,1,active_comparator,2,FOLFIRINOX,FOLFIRINOX;atezolizumab;autogene cevumeran,PD-L1,Monoclonal Antibody,CMMRD;MSI-H;TMB,1,1,0,0,0,0,0,0,,metastatic
NCT05984810,NIR-Fluorescence Guided Surgical Resection of Neoadjuvant Treated Localized Pancreatic Cancer Using SGM-101,PHASE2,Phase 2,RECRUITING,20,Leiden University Medical Center,Leiden University Medical Center,16,0,0,single_arm,1,fluorescence-guided surgery using cea-targeted fluorophore sgm-101,fluorescence-guided surgery using cea-targeted fluorophore sgm-101,CEA,Monoclonal Antibody,,1,1,0,0,0,0,0,0,,locally advanced
NCT05985655,Study to Assess GTAEXS617 in Participants With Advanced Solid Tumors,PHASE1;PHASE2,Phase 2,RECRUITING,230,"Exscientia AI Ltd., a wholly owned subsidiary of Recursion Pharmaceuticals, Inc.","Exscientia AI Ltd., a wholly owned subsidiary of Recursion Pharmaceuticals",3,1,0,multi_experimental,4,gtaexs617,gtaexs617;soc,CDK7,Small Molecule,HER2,0,1,0,0,0,0,1,0,,metastatic · 2nd-line+ · adenoca.
NCT06005493,Study of AZD5863 in Adult Participants With Advanced or Metastatic Solid Tumors,PHASE1;PHASE2,Phase 2,RECRUITING,280,AstraZeneca,AstraZeneca,780,1,1,multi_experimental,2,azd5863,azd5863,CLDN18.2,Bispecific Antibody,CLDN18.2,1,1,0,0,0,0,0,0,,metastatic · adenoca. · measurable (RECIST) · ECOG 0-1
NCT06008288,A Phase II Study Evaluating JAB-21822 Monotherapy in Adult Patients With Pancreatic Cancer and Other Solid Tumors Harboring the KRAS p.G12C Mutation.,PHASE2,Phase 2,RECRUITING,88,"Allist Pharmaceuticals, Inc.",Allist Pharmaceuticals,19,1,0,single_arm,1,jab-21822,jab-21822,KRAS,Small Molecule,KRAS;companion diagnostic,0,1,0,1,0,0,0,1,KRASm,metastatic
NCT06010862,Clinical Study of CEA-targeted CAR-T Therapy for CEA-positive Advanced/Metastatic Malignant Solid Tumors,PHASE1,Phase 1,RECRUITING,36,"Chongqing Precision Biotech Co., Ltd",Chongqing Precision Biotech,41,1,0,multi_experimental,2,cea car-t cells,cea car-t cells,CEA,CAR-T,CEA,1,1,0,0,0,0,1,0,,metastatic · 2nd-line+ · measurable (RECIST) · ECOG 0
NCT06015659,ZN-c3 + Gemcitabine in Pancreatic Cancer,PHASE2,Phase 2,ACTIVE_NOT_RECRUITING,12,"Brandon Huffman, MD","Brandon Huffman, MD",1,0,0,single_arm,1,gemzar;zentalis,gemzar;zentalis,WEE1,Small Molecule,,0,1,0,0,0,0,1,0,,metastatic · 2nd-line+ · adenoca. · measurable (RECIST)
NCT06015724,Anti-CD38 Antibody With KRAS Vaccine and Anti-PD-1 Antibody in Subjects With Pancreatic Ductal Adenocarcinoma and Refractory Non-Small Cell Lung Cancer,PHASE2,Phase 2,ACTIVE_NOT_RECRUITING,19,Georgetown University,Georgetown University,55,0,1,multi_experimental,2,daratumumab;kras vaccine;nivolumab,daratumumab;kras vaccine;nivolumab,CD38,Monoclonal Antibody,KRAS;MET;PD-L1,1,1,0,1,0,0,1,1,KRASm,metastatic · 2nd-line+ · squamous · measurable (RECIST)
NCT06026410,KO-2806 Monotherapy and Combination Therapies in Advanced Solid Tumors,PHASE1,Phase 1,RECRUITING,300,"Kura Oncology, Inc.",Kura Oncology,14,1,0,multi_experimental,7,,adagrasib;cabozantinib;darlifarnib,HRAS,Small Molecule,HRAS;KRAS,0,1,0,1,0,1,1,1,KRASm,metastatic · 1st-line · measurable (RECIST)
NCT06040541,Study of RMC-9805 in Participants With KRAS G12D-Mutant Solid Tumors,PHASE1,Phase 1,RECRUITING,604,"Revolution Medicines, Inc.",Revolution Medicines,19,1,0,multi_experimental,2,rmc-9805,rmc-6236;rmc-9805,KRAS,Small Molecule,KRAS,0,1,0,1,0,0,1,1,KRASm,metastatic · 2nd-line+
NCT06043466,A Clinical Trial Targeting CEA Chimeric Antigen Receptor T (CAR-T) for CEA Positive Advanced Malignant Solid Tumors,PHASE1,Phase 1,RECRUITING,30,"Chongqing Precision Biotech Co., Ltd",Chongqing Precision Biotech,41,1,0,single_arm,1,cea-targeted car-t cells,cea-targeted car-t cells,CEA,CAR-T,ALK;BRAF;CEA;MET;NTRK;PD-L1;RET;ROS1,1,1,0,0,0,1,1,0,,metastatic · 1st-line · squamous · measurable (RECIST) · ECOG 0
NCT06051695,"A Study to Evaluate the Safety and Efficacy of Mesothelin-Targeting Logic-gated CAR T, in Participants With Solid Tumors That Express MSLN and Have Lost HLA-A*02 Expression",PHASE1;PHASE2,Phase 2,RECRUITING,474,A2 Biotherapeutics Inc.,A2 Biotherapeutics,3,1,0,multi_experimental,2,diagnostic test: xt cdx with hla-loh assay,a2b543;a2b694;diagnostic test: xt cdx with hla-loh assay,MSLN,CAR-T,MSLN,1,1,0,0,0,0,0,0,,metastatic · measurable (RECIST)
NCT06059001,"Study to Evaluate the Safety, PK, and Efficacy of the Myc Inhibitor OMO-103 Administered iv in Patients With PDAC",PHASE1,Phase 1,ACTIVE_NOT_RECRUITING,26,Peptomyc S.L.,Peptomyc S.L.,2,1,0,single_arm,1,gemcitabine;nab-paclitaxel;omo-103,gemcitabine;nab-paclitaxel;omo-103,MYC,Small Molecule,biomarker,0,1,0,0,0,1,0,0,,metastatic · 1st-line · adenoca. · measurable (RECIST)
NCT06079346,A Study of OT-101 With mFOLFIRINOX in Patients With Advanced and Unresectable or Metastatic Pancreatic Cancer,PHASE2;PHASE3,Phase 3,RECRUITING,455,Oncotelic Inc.,Oncotelic,2,1,0,active_comparator,2,FOLFIRINOX;ot-101,,TGF-β2,mRNA,PD-L1,0,1,0,0,0,0,0,0,,metastatic · adenoca. · measurable (RECIST)
NCT06084481,Study to Assess Adverse Events and Change in Disease Activity in Adult Participants With Select Advanced Solid Tumor Indications Receiving Intravenous (IV) ABBV-400,PHASE1,Phase 1,RECRUITING,325,AbbVie,AbbVie,274,1,1,multi_experimental,10,abbv-400,abbv-400;bevacizumab;itraconazole (itz),HER2,,HER2,0,1,0,0,0,0,0,0,,metastatic · adenoca. · measurable (RECIST)
NCT06105021,Phase I Study of Autologous CD8+ and CD4+ Engineered T Cell Receptor T Cells in Subjects With Advanced or Metastatic Solid Tumor,PHASE1;PHASE2,Phase 2,ACTIVE_NOT_RECRUITING,100,"Affini-T Therapeutics, Inc.",Affini-T Therapeutics,1,1,0,multi_experimental,5,afnt-211,afnt-211,KRAS,Cell Therapy,HLA-A*11:01;KRAS,1,1,0,1,0,0,0,1,KRASm,metastatic · measurable (RECIST)
NCT06111274,A Phase 2 Study of ABSK021 in Patients With Advanced Pancreatic Cancer,PHASE2,Phase 2,RECRUITING,82,"Abbisko Therapeutics Co, Ltd",AbbVie,274,1,0,multi_experimental,2,pimicotinib (absk021),pimicotinib (absk021),JAK1,Small Molecule,,0,1,0,0,0,0,1,0,,metastatic · 2nd-line+ · measurable (RECIST)
NCT06126406,Clinical Study of CEA Targeting Chimeric Antigen Receptor T Lymphocytes（CAR-T） for CEA Positive Advanced Malignant Solid Tumors,PHASE1,Phase 1,RECRUITING,60,"Chongqing Precision Biotech Co., Ltd",Chongqing Precision Biotech,41,1,0,multi_experimental,2,cea-targeted car-t cells,cea-targeted car-t cells,CEA,CAR-T,CEA,1,1,0,0,0,0,1,0,,metastatic · 2nd-line+ · measurable (RECIST) · ECOG 0
NCT06128551,Study of Elironrasib and Daraxonrasib as Monotherapies and Combination Therapy in Participants With Advanced KRAS G12C Mutant Solid Tumors,PHASE1;PHASE2,Phase 2,RECRUITING,534,"Revolution Medicines, Inc.",Revolution Medicines,19,1,0,multi_experimental,3,,daraxonrasib;elironrasib,KRAS,Small Molecule,KRAS,0,1,0,1,0,0,1,1,KRASm,metastatic · 2nd-line+
NCT06131840,A Study of SGN-CEACAM5C in Adults With Advanced Solid Tumors,PHASE1,Phase 1,RECRUITING,914,"Seagen, a wholly owned subsidiary of Pfizer",Pfizer,687,1,1,multi_experimental,6,pf-08046050,5-fluorouracil (5-fu);bevacizumab;leucovorin (lv);oxaliplatin;pf-08046050,CEA,ADC,CEACAM5;PD-L1;genomic,1,1,0,0,0,0,1,0,,metastatic · 2nd-line+ · adenoca. · measurable (RECIST)
NCT06141031,Radiotherapy in Combination With TTI-101 in Borderline Resectable and Locally Advanced Pancreatic Ductal Adenocarcinoma,PHASE1,Phase 1,RECRUITING,24,Washington University School of Medicine,Washington University School of Medicine,178,0,0,multi_experimental,4,stereotactic body radiation therapy;tti-101,stereotactic body radiation therapy;tti-101,STAT3,Small Molecule,,0,1,0,0,0,0,0,0,,locally advanced · adenoca.
NCT06147037,"A Phase 1, Dose-escalation Study of [225Ac]-FPI-2068 in Adult Patients With Advanced Solid Tumours",PHASE1,Phase 1,ACTIVE_NOT_RECRUITING,13,AstraZeneca,AstraZeneca,780,1,1,single_arm,1,[111in]-fpi-2107;[225ac]-fpi-2068;fpi-2053,[111in]-fpi-2107;[225ac]-fpi-2068;fpi-2053,,Bispecific Antibody,,1,1,0,0,0,0,0,0,,metastatic · measurable (RECIST)
NCT06148636,A Safety Study of 212Pb-VMT-alpha-NET in Patients With Neuroendocrine Tumors,EARLY_PHASE1,Phase 1,ACTIVE_NOT_RECRUITING,24,David Bushnell,David Bushnell,2,0,0,multi_experimental,5,[212pb] vmt-α-net;diagnostic test: [203pb] vmt-α-net spect/ct,[212pb] vmt-α-net;diagnostic test: [203pb] vmt-α-net spect/ct,SSTR2,Radiopharmaceutical,SSTR2,0,1,0,0,0,0,0,0,,measurable (RECIST) · ECOG 0
NCT06156267,Study of Personalized Tumour Vaccines and a PD-L1 Blocker in Patients With Surgically Resected Pancreatic Adenocarcino,EARLY_PHASE1,Phase 1,NOT_YET_RECRUITING,30,Fudan University,Fudan University,29,0,0,single_arm,1,adebrelimab;mrna tumor vaccines,adebrelimab;mrna tumor vaccines,PD-1,Monoclonal Antibody,PD-L1,1,1,0,0,0,0,0,0,,resectable · adenoca.
NCT06159478,Binimetinib in Patients With BRAF Fusion-positive Low-grade Glioma or Pancreatic Cancer (Perfume),PHASE2,Phase 2,RECRUITING,32,"National Cancer Center, Japan","National Cancer Center, Japan",6,0,0,single_arm,1,binimetinib,binimetinib,MEK,Small Molecule,BRAF;RAS,0,1,0,0,0,0,0,0,,metastatic · squamous · measurable (RECIST) · ECOG 0
NCT06172478,A Study of HER3-DXd in Subjects With Locally Advanced or Metastatic Solid Tumors,PHASE2,Phase 2,RECRUITING,740,Daiichi Sankyo,Daiichi Sankyo,178,1,1,single_arm,1,her3-dxd,her3-dxd,HER3,ADC,ALK;BRAF;CLDN18.2;ER;HER2;HER3;KRAS;MET;MMR;MSI;NTRK;PD-L1;RET;ROS1;genomic,1,1,0,1,0,1,1,1,KRASm,metastatic · 1st-line · adenoca. · measurable (RECIST) · ECOG 0
NCT06177522,Adebrelimab Combined With Chemotherapy for Neoadjuvant Therapy in Resectable Pancreatic Cancer,PHASE2,Phase 2,NOT_YET_RECRUITING,30,"Jinling Hospital, China","Jinling Hospital, China",1,0,0,single_arm,1,adebrelimab;albumin-bound paclitaxel;gemcitabine,adebrelimab;albumin-bound paclitaxel;gemcitabine,PD-1,Monoclonal Antibody,PD-L1,1,1,0,0,0,0,0,0,,resectable · adenoca. · measurable (RECIST) · ECOG 0
NCT06182072,ProAgio in Pancreatic Ductal Adenocarcinoma (PDAC),PHASE1,Phase 1,RECRUITING,46,"ProDa BioTech, LLC",ProDa BioTech,3,1,0,multi_experimental,2,2;3;4;gemcitabine;nab-paclitaxel;proagio dose levels (dl) 1,2;3;4;gemcitabine;nab-paclitaxel;proagio dose levels (dl) 1,ITGB3,ADC,,1,1,0,0,0,0,0,0,,metastatic · adenoca. · measurable (RECIST)
NCT06203821,Study of Perioperative NP137 and FOLFIRINOX in Resectable Pancreatic Cancer,PHASE1,Phase 1,NOT_YET_RECRUITING,25,Aram Hezel,Aram Hezel,1,0,0,single_arm,1,np137,np137,NET1,Monoclonal Antibody,,1,1,0,0,0,0,0,0,,metastatic · adenoca.
NCT06218914,"Phase 1 Study to Investigate TCRTs KRAS Mutation in Unresectable, Advanced, and/or Metastatic Solid Tumors",PHASE1,Phase 1,RECRUITING,108,AstraZeneca,AstraZeneca,780,1,1,multi_experimental,2,engineered t cells targeting kras g12d,azd0240: autologous;engineered t cells targeting kras g12d;nt-112: autologous,KRAS,CAR-T,KRAS,1,1,0,1,0,0,0,1,KRASm,metastatic · adenoca. · measurable (RECIST)
NCT06219941,AZD0901 in Participants With Advanced Solid Tumours Expressing Claudin18.2,PHASE2,Phase 2,RECRUITING,226,AstraZeneca,AstraZeneca,780,1,1,multi_experimental,3,azd0901,azd0901;fluorouracil;gemcitabine;irinotecan;l-leucovorin;leucovorin;nanoliposomal irinotecan,CLDN18.2,ADC,CLDN18.2;HER2,1,1,0,0,0,0,0,0,,metastatic · adenoca. · measurable (RECIST)
NCT06238479,"A Study of LY4101174 in Participants With Recurrent, Advanced or Metastatic Solid Tumors",PHASE1,Phase 1,ACTIVE_NOT_RECRUITING,490,Eli Lilly and Company,Eli Lilly,535,1,1,multi_experimental,3,ly4101174,ly4101174,NECTIN4,ADC,NECTIN-4,1,1,0,0,0,0,0,0,,metastatic · squamous · measurable (RECIST)
NCT06239194,Dose Escalation and Dose Expansion Study of MDX2001 in Patients With Advanced Solid Tumors,PHASE1;PHASE2,Phase 2,RECRUITING,285,"ModeX Therapeutics, An OPKO Health Company","ModeX Therapeutics, An OPKO Health",3,1,0,multi_experimental,4,mdx2001,mdx2001,CD3,Bispecific Antibody,MET;TROP2,1,1,0,0,0,0,0,0,,metastatic · measurable (RECIST)
NCT06242470,A Study of MGC026 in Participants With Advanced Solid Tumors,PHASE1,Phase 1,RECRUITING,250,MacroGenics,MacroGenics,29,1,0,multi_experimental,12,,mgc026 dose escalation;mgc026 dose for expansion,,,,0,1,0,0,0,0,0,0,,metastatic · squamous · measurable (RECIST)
NCT06244771,A Study Evaluating FMC-376 in Participants With KRAS G12C Mutated Solid Tumors,PHASE1;PHASE2,Phase 2,RECRUITING,403,Frontier Medicines Corporation,Frontier Medicines,1,1,0,single_arm,1,fmc-376,fmc-376,KRAS,Small Molecule,KRAS,0,1,0,1,0,0,0,1,KRASm,metastatic
NCT06245330,A Phase I/II Study of AST-001 in Subjects With Advanced Solid Tumors,PHASE1;PHASE2,Phase 2,RECRUITING,180,"Ascentawits Pharmaceuticals, Ltd",Ascentawits Pharmaceuticals,2,1,0,multi_experimental,2,ast-001,ast-001,AKR1C3,Small Molecule,AKR1C3,0,1,0,0,0,0,0,0,,metastatic · measurable (RECIST)
NCT06278454,Safety and Efficacy of NRT6008 in Patients With Unresectable Locally Advanced Pancreatic Cancer (LAPC) and Advanced Pancreatic Cancer With Lymph Node Metastases,PHASE1,Phase 1,RECRUITING,58,Chengdu New Radiomedicine Technology Co. LTD.,Chengdu New Radiomedicine Technology,4,1,0,single_arm,1,nrt6008 injection + systematic,nrt6008 injection + systematic,,,,0,1,0,0,0,0,0,0,,metastatic · adenoca. · measurable (RECIST)
NCT06298916,64Cu-LNTH-1363S in Patients With Sarcoma or Gastrointestinal Tract Cancer,PHASE1;PHASE2,Phase 2,RECRUITING,26,Lantheus Medical Imaging,Lantheus Medical Imaging,4,1,0,multi_experimental,2,64cu-lnth-1363s,64cu-lnth-1363s,FAP,Radiopharmaceutical,FAP,0,1,0,0,0,0,0,0,,metastatic
NCT06305247,A Study to Assess IPN01194 When Administered Alone in Adults With Advanced Solid Tumours,PHASE1;PHASE2,Phase 2,ACTIVE_NOT_RECRUITING,36,Ipsen,Ipsen,58,1,0,multi_experimental,2,ipn01194,ipn01194,ERK,Small Molecule,,0,1,0,0,0,0,0,0,,metastatic · adenoca. · measurable (RECIST)
NCT06332274,tislelizUMaB in canceR Patients With molEcuLar residuaL Disease,PHASE3,Phase 3,RECRUITING,717,"Gustave Roussy, Cancer Campus, Grand Paris","Gustave Roussy, Cancer Campus, Grand Paris",31,0,1,placebo_comparator,4,blood sampling,blood sampling;tislelizumab,PD-1,Monoclonal Antibody,PD-L1,1,1,0,0,0,0,0,0,,neoadjuvant · small-cell · measurable (RECIST)
NCT06333314,Dostarlimab for Locally Advanced or Metastatic Cancer (Non-colorectal/Non-endometrial) With Tumor dMMR/MSI,PHASE2,Phase 2,RECRUITING,120,UNICANCER,UNICANCER,64,0,1,active_comparator,2,,dostarlimab,PD-1,Monoclonal Antibody,HER2;MMR;MSI;MSI-H;PD-L1;dMMR,1,0,0,0,1,1,0,1,MSI-H/dMMR,metastatic · 1st-line · adenoca. · measurable (RECIST) · ECOG 0-1
NCT06334432,Safety and Efficacy Study of NUV-1511 in Adult Patients With Advanced Solid Tumors,PHASE1;PHASE2,Phase 2,ACTIVE_NOT_RECRUITING,466,Nuvation Bio Inc.,Nuvation,16,1,0,multi_experimental,5,nuv-1511,nuv-1511,,Small Molecule,HER2,0,1,0,0,0,0,1,0,,metastatic · 2nd-line+ · adenoca. · measurable (RECIST)
NCT06337084,Diagnostic Efficacy and Dosimetry of MNPR-101-DFO*-89Zr in Patients With Solid Tumors,PHASE1,Phase 1,ACTIVE_NOT_RECRUITING,12,Monopar Therapeutics,Monopar Therapeutics,3,1,0,single_arm,1,diagnostic test: pet/ct diagnostic imaging;mnpr-101-dfo*-89zr,diagnostic test: pet/ct diagnostic imaging;mnpr-101-dfo*-89zr,,Radiopharmaceutical,,0,1,0,0,0,0,0,0,,metastatic · measurable (RECIST)
NCT06361888,"A Phase II/III Trial to Evaluate the Efficacy and Safety of Surufatinib Combined With Camrelizumab, Nab-paclitaxel, and Gemcitabine in Metastatic Pancreatic Cancer",PHASE2;PHASE3,Phase 3,RECRUITING,502,Hutchmed,HUTCHMED,35,1,0,active_comparator,3,nab-paclitaxel plus gemcitabine,and gemcitabine;nab-paclitaxel;surufatinib combined with camrelizumab,VEGF/VEGFR,Small Molecule,,0,1,0,0,0,1,0,0,,metastatic · 1st-line · measurable (RECIST)
NCT06380816,A Phase I/II Trial of UCB4594 in Participants With Advanced Cancer,PHASE1;PHASE2,Phase 2,RECRUITING,167,Cancer Research UK,Cancer Research UK,16,0,0,multi_experimental,2,ucb4594,ucb4594,,,,0,1,0,0,0,0,1,0,,metastatic · 2nd-line+ · squamous · measurable (RECIST)
NCT06387342,Namodenoson Treatment of Advanced Pancreatic Cancer,PHASE2,Phase 2,RECRUITING,20,Can-Fite BioPharma,Can-Fite BioPharma,4,1,0,single_arm,1,namodenoson,namodenoson,ADORA2A,Small Molecule,,0,1,0,0,0,0,1,0,,metastatic · 2nd-line+ · adenoca. · measurable (RECIST)
NCT06396091,A Study of Zolbetuximab With Chemotherapy in Adults With Pancreatic Cancer,PHASE1,Phase 1,ACTIVE_NOT_RECRUITING,12,"Astellas Pharma Global Development, Inc.",Astellas,171,1,1,single_arm,1,FOLFIRINOX;zolbetuximab,FOLFIRINOX;zolbetuximab,CLDN18.2,Monoclonal Antibody,CLDN18.2;HER2;PD-L1,1,1,0,0,0,0,1,0,,metastatic · 2nd-line+ · adenoca. · measurable (RECIST)
NCT06399757,A Study to Investigate APL-5125 in Adults With Advanced Solid Tumors,PHASE1;PHASE2,Phase 2,ACTIVE_NOT_RECRUITING,100,Apollo Therapeutics Ltd,Apollo Therapeutics,2,1,0,multi_experimental,2,apl-5125,apl-5125,,,KRAS,0,1,0,1,0,0,0,1,KRASm,metastatic · adenoca. · ECOG 1
NCT06400472,A Study of Sofe-M in Participants With Selected Advanced Solid Tumors,PHASE1,Phase 1,RECRUITING,575,Eli Lilly and Company,Eli Lilly,535,1,1,multi_experimental,11,sofe-m,bevacizumab;carboplatin;itraconazole;pembrolizumab;sofe-m,VEGF/VEGFR,Monoclonal Antibody,,1,1,0,0,0,0,0,0,,metastatic · small-cell
NCT06403735,A Phase I Clinical Study of QLC1101 in Patients With Advanced Solid Tumors,PHASE1,Phase 1,RECRUITING,250,"Qilu Pharmaceutical Co., Ltd.",Qilu Pharmaceutical,108,1,0,single_arm,1,qlc1101,qlc1101,KRAS,Small Molecule,KRAS,0,1,0,1,0,0,1,1,KRASm,metastatic · 2nd-line+ · measurable (RECIST) · ECOG 0
NCT06411691,KRAS-Targeted Vaccine Combined With Balstilimab and Botensilimab for Patients With Stage IV MMR-p Colorectal Cancer and Pancreatic Ductal Cancer,PHASE1,Phase 1,RECRUITING,54,Sidney Kimmel Comprehensive Cancer Center at Johns Hopkins,Sidney Kimmel Comprehensive Cancer Center at Johns Hopkins,160,0,0,single_arm,1,balstilimab;botensilimab;kras vaccine with poly-iclc adjuvant,balstilimab;botensilimab;kras vaccine with poly-iclc adjuvant,PD-1,Monoclonal Antibody,KRAS;MMR;MSI-H;PD-L1;dMMR,1,1,0,1,0,1,0,1,KRASm,metastatic · 1st-line · measurable (RECIST)
NCT06427239,Exploratory Clinical Study of HRS-4642 Combined With Adebrelimab in the Treatment of Advanced Pancreatic Ductal Adenocarcinoma,PHASE1;PHASE2,Phase 2,RECRUITING,130,Fudan University,Fudan University,29,0,0,multi_experimental,5,hrs-4642,adebrelimab;faminitib or bevacizumab;hrs-4642;shr-8068,KRAS,Small Molecule,KRAS,0,1,0,0,0,0,0,0,,metastatic · adenoca. · measurable (RECIST)
NCT06428409,A Clinical Study of MK-2870 Alone or With Other Treatments to Treat Gastrointestinal Cancers (MK-9999-02A),PHASE1;PHASE2,Phase 2,RECRUITING,220,Merck Sharp & Dohme LLC,Merck (MSD),649,1,1,multi_experimental,3,rescue medication;sacituzumab tirumotecan;supportive care measures,cisplatin;fluorouracil (5-fu);leucovorin (lv) or levoleucovorin;pembrolizumab;rescue medication;sacituzumab tirumotecan;supportive care measures,PD-1,Monoclonal Antibody,PD-L1,1,1,0,0,0,0,0,0,,metastatic · adenoca.
NCT06440005,"A Study to Evaluate Safety, Tolerability and Preliminary Activity of AGX101 in Participants With Advanced Solid Tumors",PHASE1,Phase 1,RECRUITING,80,"Angiex, Inc.",Angiex,1,1,0,multi_experimental,2,agx101,agx101,TM4SF1,ADC,,1,1,0,0,0,0,1,0,,metastatic · 2nd-line+ · squamous
NCT06445062,Study of RAS(ON) Inhibitors in Patients With Gastrointestinal Solid Tumors,PHASE1;PHASE2,Phase 2,RECRUITING,1130,"Revolution Medicines, Inc.",Revolution Medicines,19,1,0,multi_experimental,6,rmc-6236,FOLFIRINOX;FOLFOX;bevacizumab;cetuximab;gemcitabine;nab-paclitaxel;rmc-6236;rmc-9805,KRAS,Small Molecule,RAS,0,1,0,0,0,0,0,0,,metastatic · adenoca. · ECOG 0-1
NCT06447662,A Study to Learn About the Study Medicine PF-07934040 When Given Alone or With Other Anti-cancer Therapies in People With Advanced Solid Tumors That Have a Genetic Mutation.,PHASE1,Phase 1,ACTIVE_NOT_RECRUITING,64,Pfizer,Pfizer,687,1,1,multi_experimental,11,pf-07934040,bevacizumab;carboplatin;cetuximab;cisplatin;fluorouracil;gemcitabine;leucovorin;nab-paclitaxel;oxaliplatin;paclitaxel;pembrolizumab;pemetrexed;pf-07934040;sasanlimab,KRAS,Small Molecule,ALK;KRAS;ROS1;genomic,0,1,0,1,0,0,1,1,KRASm,metastatic · 2nd-line+ · adenoca. · measurable (RECIST) · ECOG 0
NCT06451497,"This is a Phase 1 Trial of ZM008, an Anti-LLT1 Antibody, Used as Single Agent Followed by Combination Treatment With Toripalimab in Patients With Advanced Solid Tumors",PHASE1,Phase 1,RECRUITING,100,Zumutor Biologics Inc.,Zumutor Biologics,1,1,0,single_arm,1,zm008,zm008,LLT1,Monoclonal Antibody,,1,1,0,0,0,0,1,0,,metastatic · 2nd-line+ · adenoca. · measurable (RECIST)
NCT06465069,A Study of LY4052031 in Participants With Advanced or Metastatic Urothelial Cancer or Other Solid Tumors,PHASE1,Phase 1,RECRUITING,420,Eli Lilly and Company,Eli Lilly,535,1,1,multi_experimental,3,ly4052031,ly4052031,NECTIN4,ADC,NECTIN-4,1,1,0,0,0,0,0,0,,metastatic · squamous · measurable (RECIST)
NCT06491472,Ivonescimab(AK112/SMT112) in Combination With Stereotactic Body Radiation Therapy and Chemotherapy in Patients With Pancreatic Cancer,PHASE2,Phase 2,RECRUITING,36,"Union Hospital, Tongji Medical College, Huazhong University of Science and Technology","Union Hospital, Tongji Medical College, Huazhong University of Science and Technology",29,0,0,single_arm,1,gemcitabine;ivonescimab;nab-paclitaxel;sbrt,gemcitabine;ivonescimab;nab-paclitaxel;sbrt,PD-1,Bispecific Antibody,BRAF;MSS;PD-L1;pMMR,1,1,0,0,0,0,0,0,,metastatic · adenoca. · measurable (RECIST)
NCT06492941,A Study of Docetaxel for Injection (Albumin Bound) in Patients With Advanced Pancreatic Cancer,PHASE3,Phase 3,NOT_YET_RECRUITING,142,"CSPC ZhongQi Pharmaceutical Technology Co., Ltd.",CSPC ZhongQi Pharmaceutical Technology,92,1,0,placebo_comparator,2,,docetaxel for injection (albumin bound),Tubulin,Small Molecule,,0,0,0,0,0,0,0,0,,metastatic · squamous · measurable (RECIST)
NCT06500052,A Study of BL-M17D1 in Patients With Locally Advanced or Metastatic HER2 Positive/Lower Expression Gastrointestinal Cancer and Other Solid Tumors,PHASE1,Phase 1,RECRUITING,20,"Sichuan Baili Pharmaceutical Co., Ltd.",Sichuan Baili Pharmaceutical,127,1,0,single_arm,1,bl-m17d1,bl-m17d1,HER2,ADC,HER2,1,1,0,0,0,0,0,0,,metastatic · measurable (RECIST) · ECOG 0
NCT06505395,"A Trial to Assess Efficacy, Safety, Pharmacokinetics of Octreotide Subcutaneous Injection in Patients With Gastroentero-pancreatic Neuroendocrine Tumor (GEP-NET)",PHASE2,Phase 2,RECRUITING,90,"CSPC ZhongQi Pharmaceutical Technology Co., Ltd.",CSPC ZhongQi Pharmaceutical Technology,92,1,0,active_comparator,2,sandostatin lar@,syhx2008 injection,SSTR2,Peptide,SSTR2,0,1,0,0,0,0,0,0,,metastatic · measurable (RECIST)
NCT06532331,"A PhaseⅠStudy of ONO-7475 in Combination With ONO-4538 and Gemcitabine Plus Nab-paclitaxel (GnP), the Standard of Care, and ONO-7475 in Combination With GnP in Patients With Pancreatic Cancer",PHASE1,Phase 1,ACTIVE_NOT_RECRUITING,87,"Ono Pharmaceutical Co., Ltd.",Ono Pharmaceutical,44,1,0,multi_experimental,2,gemcitabine;nab-paclitaxel;ono-7475,gemcitabine;nab-paclitaxel;ono-4538;ono-7475,AXL,Small Molecule,M1 macrophages;M2 macrophages;T cell function;T cell number;epithelial-to-mesenchymal transition,0,1,0,0,0,0,0,0,,metastatic
NCT06532344,"An Open-label, Uncontrolled Study of ONO-7913 and ONO-4538 in Combination With Modified FOLFIRINOX Therapy, the Standard of Care, as First-line Treatment in Patients With Metastatic Pancreatic Cancer",PHASE1,Phase 1,ACTIVE_NOT_RECRUITING,32,"Ono Pharmaceutical Co., Ltd.",Ono Pharmaceutical,44,1,0,single_arm,1,fluorouracil;irinotecan;levofolinate;ono-4538;ono-7913;oxaliplatin,fluorouracil;irinotecan;levofolinate;ono-4538;ono-7913;oxaliplatin,CD47,Monoclonal Antibody,BRAF;KRAS;NRAS,1,1,0,0,0,0,0,0,,metastatic
NCT06538857,CEB-01 in Locally Resectable Pancreatic Cancer,PHASE2,Phase 2,RECRUITING,39,CEBIOTEX,CEBIOTEX,3,1,0,active_comparator,2,standard surgery,ceb-01;standard surgery,TOP1,Small Molecule,,0,1,0,0,0,0,1,0,,locally advanced · 2nd-line+ · adenoca. · measurable (RECIST)
NCT06545942,Study of Orally Administered MOMA-313 in Participants With Advanced or Metastatic Solid Tumors,PHASE1,Phase 1,RECRUITING,220,MOMA Therapeutics,MOMA Therapeutics,2,1,0,multi_experimental,2,moma-313,moma-313;olaparib,Polθ,Small Molecule,MET,0,1,0,0,0,0,1,0,,metastatic · 2nd-line+ · adenoca. · measurable (RECIST) · ECOG 2
NCT06547736,Exploratory Platform Research on Precision Therapy of Advanced Pancreatic Cancer,PHASE2,Phase 2,RECRUITING,160,Fudan University,Fudan University,29,0,0,multi_experimental,4,,hrs4642 and adebrelimab;shr-a1811 or/and hrs-4642;shr-a1904 or/and hrs-4642;shr-a2102;shr-a2102 or/and hrs-4642,Nectin-4,ADC,Nectin-4 H-score;PD-L1,1,1,0,0,0,0,0,0,,metastatic · measurable (RECIST)
NCT06549751,MT-601 Administered To Patients With Locally Advanced Unresectable or Metastatic Pancreatic Cancer,PHASE1,Phase 1,NOT_YET_RECRUITING,38,"Marker Therapeutics, Inc.",Marker Therapeutics,6,1,0,multi_experimental,5,,mt-601 dose 1200 million cells;mt-601 dose 200 million cells;mt-601 dose 400 million cells;mt-601 dose 800 million cells,,Cell Therapy,PR,1,1,0,0,0,0,0,0,,metastatic · adenoca. · measurable (RECIST)
NCT06562192,"Phase I Study of [177Lu]Lu-NNS309 in Patients With Pancreatic, Lung, Breast and Colorectal Cancers",PHASE1,Phase 1,RECRUITING,162,Novartis Pharmaceuticals,Novartis,836,1,1,single_arm,1,[177lu]lu-nns309;[68ga]ga-nns309,[177lu]lu-nns309;[68ga]ga-nns309,FAP,Radiopharmaceutical,HER2;MMR;MSI;MSI-H;[68Ga]Ga-NNS309 uptake;dMMR;genomic,0,1,0,0,1,0,0,1,MSI-H/dMMR,metastatic · ductal
NCT06571461,Liposomal Irinotecan in Combination With Oxaliplatin and S-1 Versus Gemcitabine Combined With Capecitabine as Postoperative Adjuvant Therapy for Pancreatic Cancer,PHASE3,Phase 3,NOT_YET_RECRUITING,408,"CSPC Ouyi Pharmaceutical Co., Ltd.",CSPC Ouyi Pharmaceutical,11,1,0,active_comparator,2,capecitabine;gemcitabine,liposomal irinotecan;oxaliplatin;s-1,,,,0,1,0,0,0,0,0,0,,metastatic · adenoca.
NCT06577532,Study of KRAS Neoantigen mRNA Vaccine (ABO2102) in Patients With KRAS -Mutated Solid Tumors,EARLY_PHASE1,Phase 1,RECRUITING,56,Ruijin Hospital,Ruijin Hospital,16,0,0,multi_experimental,2,abo2102,abo2102;toripalimab,KRAS,mRNA,KRAS,0,1,0,1,0,0,0,1,KRASm,metastatic · adenoca.
NCT06582017,"Safety, PK and Efficacy of QXL138AM in Patients With Solid Tumors and Multiple Myeloma",PHASE1,Phase 1,RECRUITING,100,Nammi Therapeutics Inc,Nammi Therapeutics,1,1,0,multi_experimental,4,qxl138am injection every 2 weeks by iv infusion,qxl138am injection every 2 weeks by iv infusion,,Recombinant Protein,,0,1,0,0,0,0,0,0,,metastatic · measurable (RECIST)
NCT06586515,"MOONRAY-01, A Study of LY3962673 in Participants With KRAS G12D-Mutant Solid Tumors",PHASE1,Phase 1,RECRUITING,630,Eli Lilly and Company,Eli Lilly,535,1,1,multi_experimental,3,ly3962673,cetuximab;fluorouracil;gemcitabine;irinotecan;leucovorin;ly3962673;nab-paclitaxel;oxaliplatin,KRAS,Small Molecule,KRAS,0,1,0,1,0,0,0,1,KRASm,metastatic · measurable (RECIST)
NCT06587061,HRS-4642 in Combination With AG for Neoadjuvant and Adjuvant Treatment of Pancreatic Cancer,PHASE2,Phase 2,RECRUITING,30,Ruijin Hospital,Ruijin Hospital,16,0,0,single_arm,1,hrs-4642+ag,hrs-4642+ag,,,MET,0,1,0,0,0,0,0,0,,metastatic · adenoca. · measurable (RECIST)
NCT06596915,Safety and Efficacy of BA1302 in Patients With Advanced Solid Tumors,PHASE1,Phase 1,RECRUITING,167,"Shandong Boan Biotechnology Co., Ltd",Shandong Boan Biotechnology,6,1,0,single_arm,1,ba1302,ba1302,,,biomarker;biomarker analysis,0,1,0,0,0,0,0,0,,metastatic · adenoca. · measurable (RECIST)
NCT06598007,A Study to Determine the Effect of CT3001 in Patients With Advanced Solid Tumors,PHASE1;PHASE2,Phase 2,RECRUITING,78,"Crossignal Therapeutics, Inc.",Crossignal Therapeutics,1,1,0,multi_experimental,10,ct3001,ct3001;folfox (5-fluorouracil;leucovorin;oxaliplatin),,Small Molecule,,0,1,0,0,0,0,1,0,,metastatic · 2nd-line+ · measurable (RECIST)
NCT06607185,A Study of the Pan-KRAS Inhibitor LY4066434 in Participants With KRAS Mutant Solid Tumors,PHASE1,Phase 1,ACTIVE_NOT_RECRUITING,750,Eli Lilly and Company,Eli Lilly,535,1,1,multi_experimental,2,ly4066434.,5fluorouracil;carboplatin;cetuximab;cisplatin;gemcitabine;irinotecan;leucovorin;ly4066434.;nab-paclitaxel;oxaliplatin;pembrolizumab;pemetrexed,KRAS,Small Molecule,KRAS,0,1,0,1,0,0,0,1,KRASm,metastatic · measurable (RECIST)
NCT06608927,Study of Quemliclustat and Chemotherapy Versus Placebo and Chemotherapy in Patients With Metastatic Pancreatic Ductal Adenocarcinoma,PHASE3,Phase 3,ACTIVE_NOT_RECRUITING,610,"Arcus Biosciences, Inc.",Arcus Biosciences,21,1,0,placebo_comparator,2,gemcitabine;nab-paclitaxel,gemcitabine;nab-paclitaxel;quemliclustat,CD73,Small Molecule,,0,1,0,0,0,0,1,0,,metastatic · 2nd-line+ · measurable (RECIST)
NCT06614751,A PARG Inhibitor DAT-2645 Monotherapy in Patients with Advanced/Metastatic Solid Tumors Harboring BRCA1/2 Loss of Function Alterations And/or Other Defects in the DDR Pathway,PHASE1,Phase 1,NOT_YET_RECRUITING,112,"Danatlas Pharmaceuticals Co., Ltd",Danatlas Pharmaceuticals,3,1,0,multi_experimental,3,dat-2645 tablet,dat-2645 tablet,PARP,Small Molecule,BRCA1;BRCA2,0,1,0,0,0,0,0,0,,metastatic · measurable (RECIST)
NCT06617169,Dose-Escalation of MNPR-101-PCTA-177Lu in Solid Tumors,PHASE1,Phase 1,ACTIVE_NOT_RECRUITING,12,Monopar Therapeutics,Monopar Therapeutics,3,1,0,multi_experimental,5,mnpr-101-pcta-177lu,mnpr-101-pcta-177lu,,Radiopharmaceutical,,0,1,0,0,0,0,0,0,,metastatic
NCT06621095,Anlotinib Plus Benmelstobart and AG in First-line Treatment of Advanced Metastatic Pancreatic Cancer (ALTER-PA-001),PHASE2,Phase 2,NOT_YET_RECRUITING,104,RenJi Hospital,RenJi Hospital,12,0,0,active_comparator,2,nab-paclitaxel + gemcitabine,anlotinib + benmelstobart + nab-paclitaxel + gemcitabine,VEGF/VEGFR,Small Molecule,,0,1,0,0,0,0,0,0,,metastatic · squamous · measurable (RECIST)
NCT06625320,Phase 3 Study of Daraxonrasib (RMC-6236) in Patients With Previously Treated Metastatic Pancreatic Ductal Adenocarcinoma (PDAC),PHASE3,Phase 3,ACTIVE_NOT_RECRUITING,500,"Revolution Medicines, Inc.",Revolution Medicines,19,1,0,active_comparator,2,fluorouracil;gemcitabine;irinotecan;leucovorin;liposomal irinotecan;nab-paclitaxel;oxaliplatin,rmc-6236,KRAS,Small Molecule,KRAS;RAS,0,1,0,1,0,0,0,1,KRASm,metastatic · measurable (RECIST)
NCT06639724,Perioperative Fostamatinib With Gemcitabine and Nab-paclitaxel in Resectable Pancreatic Cancer,PHASE1,Phase 1,RECRUITING,36,"University of California, San Diego","University of California, San Diego",28,0,0,single_arm,1,fostamatinib in combination with chemotherapy (gemcitabine and nab-paclitaxel),fostamatinib in combination with chemotherapy (gemcitabine and nab-paclitaxel),SYK,Small Molecule,,0,1,0,0,0,0,0,0,,metastatic
NCT06645301,BGT007 Treatment for Recurrent/refractory Gastrointestinal Malignancies,EARLY_PHASE1,Phase 1,NOT_YET_RECRUITING,15,BioSyngen Pte Ltd,BioSyngen Pte,8,1,0,single_arm,1,group a;group b,group a;group b,,,PR,0,1,0,0,0,0,1,0,,metastatic · 2nd-line+ · measurable (RECIST) · ECOG 0
NCT06645808,PET-imaging of Two Vartumabs in Patients With Solid Tumors,EARLY_PHASE1,Phase 1,RECRUITING,32,Var2 Pharmaceuticals,Var2 Pharmaceuticals,1,1,0,multi_experimental,2,pet/ct scan,89zr-dfo-n-suc-c9scfv;89zr-dfo-n-suc-f8scfv;pet/ct scan,oncofetal chondroitin sulfate,Radiopharmaceutical,,0,1,0,0,0,0,0,0,,adjuvant · squamous
NCT06646055,AK112 and Cadonilimab Combined With Chemotherapy for 1L Treatment of Metastatic Pancreatic Cancer,PHASE1;PHASE2,Phase 2,ACTIVE_NOT_RECRUITING,110,Akeso,Akeso,103,1,0,active_comparator,5,gemcitabine;nab-paclitaxel,ak112;cadonilimab;gemcitabine;nab-paclitaxel,PD-1,Monoclonal Antibody,PD-L1,1,1,0,0,0,0,0,0,,metastatic · ductal · measurable (RECIST)
NCT06646783,Phase IIT Trial of SNA014,EARLY_PHASE1,Phase 1,NOT_YET_RECRUITING,28,SmartNuclide Biopharma,SmartNuclide Biopharma,8,1,0,single_arm,1,[68ga]ga-nodaga-sna014,[68ga]ga-nodaga-sna014,CLDN18.2,Radiopharmaceutical,CLDN18.2,0,1,0,0,0,0,0,0,,adenoca.
NCT06648434,MK2 Inhibitor in Combination With mFOLFIRINOX for Untreated Metastatic Pancreatic Ductal Adenocarcinoma,PHASE1,Phase 1,RECRUITING,51,Washington University School of Medicine,Washington University School of Medicine,178,0,0,multi_experimental,2,FOLFIRINOX;zunsemetinib,FOLFIRINOX;zunsemetinib,MEK,Small Molecule,,0,1,0,0,0,0,0,0,,metastatic · adenoca. · measurable (RECIST)
NCT06662669,YL-13027 and/or HY-0102 Combined With AG Regimen Chemotherapy for Metastatic Pancreatic Cancer,PHASE1;PHASE2,Phase 2,NOT_YET_RECRUITING,120,Shanghai YingLi Pharmaceutical Co. Ltd.,Shanghai YingLi Pharmaceutical,23,1,0,active_comparator,4,gemcitabine;nab-paclitaxel,gemcitabine;hy-0102;nab-paclitaxel;yl-13027,,Small Molecule,,0,1,0,0,0,0,0,0,,metastatic · adenoca. · measurable (RECIST) · ECOG 0-1
NCT06673017,PTM-101 in Pancreatic Ductal Adenocarcinoma (PDAC),PHASE1,Phase 1,RECRUITING,26,PanTher Therapeutics,PanTher Therapeutics,1,1,0,multi_experimental,2,ptm-101,ptm-101,,,,0,1,0,0,0,0,0,0,,locally advanced
NCT06673329,Brodalumab in the Treatment of Immune-Related Adverse Events,PHASE1,Phase 1,RECRUITING,11,"Brian Henick, MD","Brian Henick, MD",1,0,0,single_arm,1,brodalumab;ct scan,brodalumab;ct scan,IL-17RA,Monoclonal Antibody,,1,1,0,0,0,0,0,0,,metastatic
NCT06695845,A Phase 2 Study of Zanidatamab in Patients With HER2-expressing Tumors,PHASE2,Phase 2,RECRUITING,200,Jazz Pharmaceuticals,Jazz Pharmaceuticals,59,1,0,single_arm,1,zanidatamab,zanidatamab,HER2,Bispecific Antibody,ALK;BRAF;EGFR;HER2;KRAS;MET;ROS1,1,1,0,1,0,0,0,1,KRASm,metastatic · small-cell · measurable (RECIST)
NCT06710132,Study of Anti-CEACAM5 ADC M9140 in Participants With Advanced Solid Tumors (PROCEADE PanTumor),PHASE1;PHASE2,Phase 2,ACTIVE_NOT_RECRUITING,184,"EMD Serono Research & Development Institute, Inc.",Merck KGaA,166,1,1,multi_experimental,5,m9140,m9140,CEA,ADC,CEACAM5;EGFR;HER2;MSI;MSI-H;PD-L1;genomic,1,1,0,0,1,0,1,1,MSI-H/dMMR,metastatic · 2nd-line+ · adenoca. · measurable (RECIST)
NCT06710756,Lead-212 PSV359 Therapy for Patients With Solid Tumors,PHASE1;PHASE2,Phase 2,RECRUITING,112,Perspective Therapeutics,Perspective Therapeutics,4,1,0,multi_experimental,2,[203pb]pb-psv359;[212pb]pb-psv359,[203pb]pb-psv359;[212pb]pb-psv359,FAP,Radiopharmaceutical,FAP,0,1,0,0,0,0,0,0,,metastatic · ECOG 0-1
NCT06723236,A Study of MGC028 in Participants With Advanced Solid Tumors,PHASE1,Phase 1,RECRUITING,124,MacroGenics,MacroGenics,29,1,0,multi_experimental,9,mgc028,mgc028,ADAM9,ADC,ALK;BRAF;KRAS;MSI;PD-L1;dMMR,1,1,0,1,1,0,1,1,"KRASm, MSI-H/dMMR",metastatic · 2nd-line+ · adenoca. · measurable (RECIST)
NCT06730009,Phase I/II Study: Allogeneic NK-cell Therapy With Chemotherapy for Post-Surgery PDA or Cholangiocarcinoma Patients,PHASE1;PHASE2,Phase 2,RECRUITING,42,Medigen Biotechnology Corporation,Medigen Biotechnology,2,1,0,active_comparator,2,slog,slog + allogeneic nk cell,,Cell Therapy,,1,1,0,0,0,0,0,0,,metastatic · squamous
NCT06736717,Onvansertib in Combination With NALIRIFOX for First Line Treatment of Advanced Pancreatic Cancer,PHASE1;PHASE2,Phase 2,RECRUITING,21,University of Kansas Medical Center,University of Kansas Medical Center,27,0,0,single_arm,1,nalirifox;onvansertib,nalirifox;onvansertib,PLK1,Small Molecule,KRAS;NRAS,0,1,0,0,0,1,0,0,,metastatic · 1st-line · adenoca. · measurable (RECIST)
NCT06747845,Maintenance Niraparib Plus Ipilimumab in Patients With Metastatic Pancreatic Adenocarcinoma Whose Disease Has Not Progressed on Platinum-Based Chemotherapy,PHASE2,Phase 2,RECRUITING,68,Abramson Cancer Center at Penn Medicine,Abramson Cancer Center at Penn Medicine,31,0,1,multi_experimental,2,ipilimumab;niraparib,ipilimumab;niraparib,PARP,Small Molecule,BRCA1;BRCA2;HRD;MMR;MSI,0,1,0,0,1,1,0,1,MSI-H/dMMR,metastatic · 1st-line · adenoca. · measurable (RECIST)
NCT06751329,A Study of DM002 in Patients With Advanced Solid Tumors,PHASE1;PHASE2,Phase 2,RECRUITING,280,"Xadcera Biopharmaceutical (Suzhou) Co., Ltd.",Xadcera Biopharmaceutical (Suzhou),2,1,0,multi_experimental,5,dm002,dm002,HER3,ADC,biomarker,1,1,0,0,0,0,0,0,,metastatic · squamous · measurable (RECIST)
NCT06752811,Polymeric Micellar Paclitaxel for Metastatic Pancreatic Cancer,PHASE3,Phase 3,RECRUITING,416,"Shanghai Yizhong Pharmaceutical Co., Ltd.",Shanghai Yizhong Pharmaceutical,3,1,0,active_comparator,2,gemcitabine hydrochloride for injection;paclitaxel for injection (albumin bound ),gemcitabine hydrochloride for injection;paclitaxel polymeric micelles for injection,TUB,Small Molecule,,0,1,0,0,0,0,0,0,,metastatic · squamous · measurable (RECIST)
NCT06756035,CT-95 in Advanced Cancers Associated With Mesothelin Expression,PHASE1,Phase 1,RECRUITING,70,Context Therapeutics Inc.,Context Therapeutics,5,1,0,single_arm,1,ct-95,ct-95,,Bispecific Antibody,,1,1,0,0,0,0,0,0,,advanced · measurable (RECIST) · ECOG 0
NCT06757244,"DOVIPA, a Study Evaluating Efficacy and Safety of DOstarlimab and VItamin D3 With mFOLFIRINOX in PAncreatic Cancer",PHASE2,Phase 2,RECRUITING,35,Hopital Foch,Hopital Foch,2,0,1,single_arm,1,dostarlimab;lv5fu2;mfolfirinox treatment;vitamin d3 (cholecalciferol),dostarlimab;lv5fu2;mfolfirinox treatment;vitamin d3 (cholecalciferol),PD-1,Monoclonal Antibody,MSI-H;dMMR,1,1,0,0,0,0,0,0,,metastatic · adenoca. · measurable (RECIST)
NCT06758544,"A Single-arm, Open-label Clinical Study to Evaluate the Efficacy and Safety of VRT106 in Combination With Chemotherapy for Resectable Pancreatic Cancer",PHASE1;PHASE2,Phase 2,RECRUITING,18,Guangdong Provincial People's Hospital,Guangdong Provincial People's Hospital,5,0,0,single_arm,1,oncolytic virus vrt106,oncolytic virus vrt106,,Oncolytic Virus,,1,1,0,0,0,0,0,0,,ECOG 0
NCT06760364,A Clinical Study of CHT102 in MSLN-Positive Advanced Pancreatic Cancer,PHASE1,Phase 1,RECRUITING,21,Tianjin Medical University Cancer Institute and Hospital,Tianjin Medical University Cancer Institute and Hospital,28,0,0,single_arm,1,cht102,cht102,MSLN,Monoclonal Antibody,MSLN,1,1,0,0,0,0,0,0,,metastatic · measurable (RECIST) · ECOG 0-1
NCT06767046,KRAS-Specific Autologous TCR-T Cell Therapy for KRAS Mutation in Advanced Solid Tumors,PHASE1,Phase 1,ACTIVE_NOT_RECRUITING,8,"Corregene Biotechnology Co., Ltd",Corregene Biotechnology,4,1,0,single_arm,1,kras-specific autologous tcr-t cell injection,kras-specific autologous tcr-t cell injection,KRAS,Cell Therapy,HLA-A*11:01;KRAS,1,1,0,1,0,0,0,1,KRASm,metastatic · measurable (RECIST)
NCT06767813,Clinical Study of TQB2868 Injection Combined With Anlotinib Capsule and Chemotherapy in the First-line Treatment of Metastatic Pancreatic Neoplasms,PHASE2,Phase 2,RECRUITING,80,"Chia Tai Tianqing Pharmaceutical Group Nanjing Shunxin Pharmaceutical Co., Ltd.",Chia Tai Tianqing Pharmaceutical Group Nanjing Shunxin Pharmaceutical,36,1,0,multi_experimental,2,albumin paclitaxel injection;gemcitabine injection;tqb2868 injection,albumin paclitaxel injection;anlotinib capsules;gemcitabine injection;tqb2868 injection,VEGF/VEGFR,Monoclonal Antibody,,1,1,0,0,0,0,0,0,,metastatic · adenoca. · measurable (RECIST)
NCT06778863,A Study of CLSP-1025 in Adult Patients With Solid Tumors That Harbor the p53 R175H Mutation,PHASE1,Phase 1,RECRUITING,90,"Clasp Therapeutics, Inc.",Clasp Therapeutics,2,1,0,multi_experimental,2,clsp-1025,clsp-1025,p53,Bispecific Antibody,HLA-A*02:01;P53,1,1,0,0,0,0,0,0,,metastatic
NCT06782555,A Study of Evofosfamide in Combination with Zalifrelimab and Balstilimab,PHASE1;PHASE2,Phase 2,RECRUITING,71,ImmunoGenesis,ImmunoGenesis,7,1,0,multi_experimental,3,balstilimab;evofosfamide;zalifrelimab,balstilimab;evofosfamide;zalifrelimab,CTLA-4,Monoclonal Antibody,PD-L1,1,1,0,0,0,0,0,0,,metastatic · measurable (RECIST)
NCT06782932,Comparing Neoadjuvant/Adjuvant GVAX vs a mKRASvax Given With Anti-PD-1 and Anti-CD137 for Surgically Resectable Pancreatic Cancer,PHASE1;PHASE2,Phase 2,RECRUITING,38,Sidney Kimmel Comprehensive Cancer Center at Johns Hopkins,Sidney Kimmel Comprehensive Cancer Center at Johns Hopkins,160,0,0,multi_experimental,2,balstilimab,agen2373;agen2373 (rp2d);balstilimab;cyclophosphamide;gvax;mkrasvax,4-1BB,Monoclonal Antibody,KRAS,1,1,0,0,0,0,0,0,,metastatic · adenoca.
NCT06790602,Cemiplimab Plus Gemcitabine in Patients With Metastatic Pancreatic Adenocarcinoma,PHASE2,Phase 2,RECRUITING,43,"University of California, San Diego","University of California, San Diego",28,0,1,single_arm,1,cemiplimab plus gemcitabine,cemiplimab plus gemcitabine,PD-1,Monoclonal Antibody,SWI/SNF,1,1,0,0,0,0,0,0,,metastatic · adenoca. · measurable (RECIST)
NCT06792435,XNW27011 Study of Advanced Solid Tumor Subjects Who Failed Standard Therapies.,PHASE1;PHASE2,Phase 2,ACTIVE_NOT_RECRUITING,240,"Astellas Pharma Global Development, Inc.",Astellas,171,1,1,multi_experimental,2,xnw27011,xnw27011,CLDN18.2,ADC,CLDN18.2,1,1,0,0,0,0,0,0,,metastatic · adenoca. · measurable (RECIST)
NCT06799637,Study of XNW28012 in Subjects With Advanced Solid Tumors Who Failed Standard Treatments,PHASE1;PHASE2,Phase 2,RECRUITING,350,Evopoint Biosciences Inc.,Evopoint Biosciences,13,1,0,single_arm,1,xnw28012,,TF,Cell Therapy,,1,0,0,0,0,0,0,0,,metastatic · measurable (RECIST) · ECOG 2
NCT06819215,Phase I/II Clinical Study to Evaluate VB15010 Tablets in Patients With Advanced Solid Tumors,PHASE1;PHASE2,Phase 2,RECRUITING,188,"Zhejiang Yangli Pharmaceutical Technology Co., Ltd.",Zhejiang Yangli Pharmaceutical Technology,3,1,0,single_arm,1,vb15010,vb15010,PARP,Small Molecule,,0,1,1,0,0,0,0,1,BRCA/HRD+,metastatic
NCT06821048,Study of CEA Targeting CAR-T (PTC13) in the Treatment of CEA-Positive Advanced Malignant Solid Tumors,PHASE1,Phase 1,RECRUITING,18,"Weijia Fang, MD","Weijia Fang, MD",3,0,0,single_arm,1,intraperitoneal infusion of fast cea-targeted car-t,intraperitoneal infusion of fast cea-targeted car-t,CEA,CAR-T,CEA,1,1,0,0,0,0,1,0,,metastatic · 2nd-line+ · measurable (RECIST) · ECOG 0
NCT06821503,"Clinical Study Evaluating the Safety, Tolerability, and Preliminary Efficacy of LM-108 ± Penpulimab+Chemotherapy in Advanced Solid Tumors - Cohort C",PHASE1;PHASE2,Phase 2,RECRUITING,72,"Chia Tai Tianqing Pharmaceutical Group Co., Ltd.",Chia Tai Tianqing Pharmaceutical,213,1,0,multi_experimental,2,gemcitabine hydrochloride for injection;lm-108 injection;paclitaxel for injection (albumin bound),gemcitabine hydrochloride for injection;lm-108 injection;paclitaxel for injection (albumin bound);penpulimab injection,,Monoclonal Antibody,MMR;MSI;MSI-H;dMMR,1,1,0,0,1,0,0,1,MSI-H/dMMR,metastatic · adenoca.
NCT06828328,A Study of GC203 TIL in PDCA (RJ),EARLY_PHASE1,Phase 1,RECRUITING,10,Shanghai Juncell Therapeutics,Shanghai Juncell Therapeutics,19,1,0,single_arm,1,gc203 til,gc203 til,,Cell Therapy,,1,1,0,0,0,0,0,0,,metastatic · adenoca. · ECOG 0-1
NCT06835569,A Study to Learn About Study Medicine ALTA3263 in Adults With Advanced Solid Tumors With KRAS Mutations,PHASE1,Phase 1,RECRUITING,448,"Alterome Therapeutics, Inc.",Alterome Therapeutics,2,1,0,multi_experimental,10,alta3263,FOLFIRINOX;FOLFOX;alta3263;cetuximab;gnp;midazolam;pembrolizumab;pemetrexed + cisplatin /carboplatin,KRAS,Monoclonal Antibody,KRAS,1,1,0,1,0,0,0,1,KRASm,metastatic
NCT06843551,"The Miami ""EMPIRE"" Trial - Eradication of Metastatic Pancreatic Cancer With Immuno-Radiation",PHASE2,Phase 2,RECRUITING,20,Benjamin Spieler,Benjamin Spieler,1,0,0,single_arm,1,balstilimab;botensilimab;stereotactic body radiation therapy,balstilimab;botensilimab;stereotactic body radiation therapy,PD-1,Monoclonal Antibody,PD-L1,1,1,0,0,0,0,0,0,,metastatic · adenoca. · measurable (RECIST)
NCT06850623,Acoustic Cluster Therapy (ACT) With Chemotherapy for the Treatment of Locally Advanced Pancreatic Cancer,PHASE2,Phase 2,RECRUITING,25,EXACT Therapeutics AS,EXACT Therapeutics AS,2,1,0,single_arm,1,acoustic cluster therapy;modified folfirinox,acoustic cluster therapy;modified folfirinox,,,,0,1,0,0,0,0,0,0,,resectable
NCT06861088,The Effect of Kinisoquin™ on Thromboembolic Events in Patients With Metastatic or Locally Advanced Pancreatic Cancer,PHASE3,Phase 3,RECRUITING,480,Quercis Pharma AG,Quercis Pharma,1,1,0,placebo_comparator,3,,kinisoquin,,,,0,0,0,0,0,1,0,0,,metastatic · 1st-line · adenoca.
NCT06861452,Phase I/IIa Study: RR001 Administered Following Chemotherapy Cycles for Patients With Locally Advanced Pancreatic Carcinoma,PHASE1;PHASE2,Phase 2,RECRUITING,9,EIR Biotherapies s.r.l.,EIR Biotherapies,1,1,0,multi_experimental,3,rr001,rr001,,,,0,1,0,0,0,0,0,0,,metastatic · adenoca. · measurable (RECIST)
NCT06866977,"A Single-arm, Open-label Clinical Study to Evaluate the Efficacy and Safety of VRT106 in Combination With Chemotherapy for Advanced Pancreatic Cancer",PHASE1;PHASE2,Phase 2,NOT_YET_RECRUITING,10,Xiangya Hospital of Central South University,Xiangya Hospital of Central South University,3,0,0,single_arm,1,oncolytic virus vrt106,oncolytic virus vrt106,,Oncolytic Virus,,1,1,0,0,0,0,0,0,,metastatic · adenoca. · measurable (RECIST) · ECOG 0
NCT06868849,A Study of JMT203 in Patients With Cancer Cachexia,PHASE1;PHASE2,Phase 2,RECRUITING,307,Shanghai JMT-Bio Inc.,Shanghai JMT-Bio,33,1,0,placebo_comparator,4,jmt203 injection,jmt203 injection,,Monoclonal Antibody,,1,1,0,0,0,1,1,0,,metastatic · 1st-line · squamous · ECOG 2
NCT06882746,"A Study to Test Different Doses of BI 765049 in People With Advanced Cancer of the Colon, Rectum, Stomach, or Pancreas",PHASE1,Phase 1,ACTIVE_NOT_RECRUITING,135,Boehringer Ingelheim,Boehringer Ingelheim,237,1,1,multi_experimental,2,bi 765049,bi 765049,,,,0,1,0,0,0,0,0,0,,metastatic · adenoca.
NCT06883539,A Phase I Study of LXP1788 Injection with Advanced Solid Tumors.,PHASE1,Phase 1,RECRUITING,24,"LaunXP Biomedical Co., Ltd.",LaunXP Biomedical,1,1,0,single_arm,1,lxp1788 is administered intravenously via port-a,lxp1788 is administered intravenously via port-a,,,,0,1,0,0,0,0,1,0,,metastatic · 2nd-line+ · measurable (RECIST)
NCT06888648,Personalized Tumor Neoantigen MRNA Therapy for Advanced Pancreatic Cancer.,PHASE1;PHASE2,Phase 2,NOT_YET_RECRUITING,30,Zhejiang University,Zhejiang University,58,0,0,single_arm,1,individualized anti-tumor new antigen ineo-vac-r01 injection;mfolfirinox treatment;sintilimab injection,individualized anti-tumor new antigen ineo-vac-r01 injection;mfolfirinox treatment;sintilimab injection,PD-1,mRNA,Personalized Tumor Neoantigen,0,1,0,0,0,1,0,0,,metastatic · 1st-line · adenoca. · measurable (RECIST)
NCT06888674,Personalized Tumor Neoantigen MRNA Therapy Adjuvant Treatment for Postoperative Pancreatic Cancer.,PHASE1;PHASE2,Phase 2,NOT_YET_RECRUITING,60,Zhejiang University,Zhejiang University,58,0,0,multi_experimental,2,individualized anti-tumor new antigen ineo-vac-r01 injection;sintilimab injection,gemcitabine + capecitabine;individualized anti-tumor new antigen ineo-vac-r01 injection;sintilimab injection,PD-1,Vaccine,Personalized Tumor Neoantigen,1,1,0,0,0,0,0,0,,metastatic · adenoca.
NCT06895031,Study of JYP0015 in Patients With Advanced Solid Tumors Harboring Specific Mutations in RAS,PHASE2,Phase 2,RECRUITING,210,"Guangzhou JOYO Pharma Co., Ltd",Guangzhou JOYO Pharma,4,1,0,single_arm,1,jyp0015,jyp0015,KRAS,Small Molecule,RAS,0,1,0,0,0,0,1,0,,metastatic · 2nd-line+
NCT06906562,"A Phase II Nationwide, Fully Decentralized, Telemedicine Study of Pemigatinib in Adult Patients With Advanced or Metastatic Pancreatic Cancer With FGFR Genetic Alterations",PHASE2,Phase 2,RECRUITING,40,Sameek Roychowdhury,Sameek Roychowdhury,1,0,0,single_arm,1,bone scan;computed tomography (ct);magnetic resonance imaging;ophthalmoscopy;optical coherence tomography;pemigatinib,bone scan;computed tomography (ct);magnetic resonance imaging;ophthalmoscopy;optical coherence tomography;pemigatinib,FGFR,Small Molecule,FGFR3;KRAS,0,1,0,1,0,0,0,1,KRASm,metastatic · measurable (RECIST)
NCT06910657,IDOV-Immune for Advanced Solid Tumors,PHASE1,Phase 1,RECRUITING,78,"ViroMissile, Inc.",ViroMissile,1,1,0,single_arm,1,idov-immune (oncolytic vaccinia virus),idov-immune (oncolytic vaccinia virus),,Oncolytic Virus,,1,1,0,0,0,0,0,0,,metastatic · measurable (RECIST)
NCT06913218,"A Study of mRNA Vaccines AK154 Monotherapy or in Combination With AK104/AK112,and Sequential mFOLFIRINOX in Surgically Resected PDAC",PHASE1,Phase 1,NOT_YET_RECRUITING,60,Akeso,Akeso,103,1,0,single_arm,1,ak154;cadonilimab;ivonescimab (smt112 or ak112) injection;mfolforinox,ak154;cadonilimab;ivonescimab (smt112 or ak112) injection;mfolforinox,,Vaccine,,1,1,0,0,0,0,0,0,,resectable · ECOG 0
NCT06917079,BBO-11818 in Adult Subjects With KRAS Mutant Cancer,PHASE1,Phase 1,RECRUITING,665,"TheRas, Inc., d/b/a BBOT (BridgeBio Oncology Therapeutics)","TheRas, Inc., d/b/a BBOT (BridgeBio Oncology Therapeutics)",3,1,0,multi_experimental,20,bbo-11818,FOLFIRINOX;FOLFOX;bbo-10203;bbo-11818;cetuximab;gemcitabine;nab-paclitaxel;pembrolizumab;pemetrexed;platinum chemotherapy (cisplatin or carboplatin),KRAS,Small Molecule,KRAS,0,1,0,1,0,0,0,1,KRASm,metastatic · measurable (RECIST)
NCT06921928,Study for AZD4360 in Participants With Advanced Solid Tumours,PHASE1;PHASE2,Phase 2,ACTIVE_NOT_RECRUITING,31,AstraZeneca,AstraZeneca,780,1,1,single_arm,1,azd4360,azd4360,VEGF/VEGFR,Small Molecule,CLDN18.2;HER2,0,1,0,0,0,0,0,0,,metastatic · adenoca. · measurable (RECIST)
NCT06922591,"Study to Evaluate the Safety, Tolerability & Efficacy of TNG462 in Combination in PDAC & NSCLC Patients",PHASE1;PHASE2,Phase 2,RECRUITING,183,"Tango Therapeutics, Inc.",Tango Therapeutics,6,1,0,multi_experimental,8,tng462,FOLFIRINOX;gemcitabine/nab-paclitaxel;rmc-6236;rmc-9805;tng462,MTAP,Small Molecule,MET;MTAP;RAS,0,1,0,0,0,0,0,0,,metastatic · measurable (RECIST) · ECOG 0
NCT06926075,Early Phase Study of KESONOTIDE™in Participants With Solid Tumours,PHASE1;PHASE2,Phase 2,RECRUITING,80,Filamon LTD,Filamon,1,1,0,multi_experimental,2,a novel hgiia-vimentin inhibitor;dose expansion,a novel hgiia-vimentin inhibitor;dose expansion,VIMENTIN,Small Molecule,biomarker,0,1,0,0,0,0,0,0,,metastatic · measurable (RECIST)
NCT06937567,CDH17 CAR-T Therapy in Advanced Malignant Solid Tumors,EARLY_PHASE1,Phase 1,RECRUITING,36,Zhejiang University,Zhejiang University,58,0,0,multi_experimental,2,,cdh17 car-t;fast laco-stim cdh17 car-t,CDH17,CAR-T,CDH17,1,1,0,0,0,0,0,0,,metastatic · measurable (RECIST)
NCT06941857,NC410 and FOLFIRINOX in Combination With Nivolumab With or Without Ipilimumab in Patients With Untreated Metastatic Pancreatic Cancer,PHASE2,Phase 2,RECRUITING,20,Sidney Kimmel Comprehensive Cancer Center at Johns Hopkins,Sidney Kimmel Comprehensive Cancer Center at Johns Hopkins,160,0,0,multi_experimental,2,5-fluorouracil (5-fu);irinotecan;leucovorin;nc410;nivolumab;oxaliplatin,5-fluorouracil (5-fu);ipilimumab;irinotecan;leucovorin;nc410;nivolumab;oxaliplatin,PD-1,Monoclonal Antibody,MSI-H;MSI-L;PD-L1,1,1,0,0,0,0,0,0,,metastatic · adenoca. · measurable (RECIST)
NCT06943521,A Study of MT-4561 in Patients With Various Advanced Solid Tumors,PHASE1;PHASE2,Phase 2,RECRUITING,27,"Tanabe Pharma America, Inc.",Tanabe Pharma America,3,1,0,single_arm,1,mt-4561,mt-4561,BRD4,Small Molecule,,0,1,0,0,0,0,0,0,,metastatic · adenoca. · measurable (RECIST)
NCT06943755,Zanzalintinib Versus Everolimus in Participants With Locally Advanced or Metastatic Neuroendocrine Tumors,PHASE2;PHASE3,Phase 3,RECRUITING,440,Exelixis,Exelixis,52,1,0,active_comparator,2,everolimus,zanzalintinib,EGFR,Small Molecule,PD-L1,0,1,0,0,0,0,0,0,,metastatic · small-cell · measurable (RECIST)
NCT06953999,A Phase III Study of Ivonescimab + Chemo With/Without AK117 in Metastatic Pancreatic Cancer,PHASE3,Phase 3,RECRUITING,999,Akeso,Akeso,103,1,0,active_comparator,3,ak117 placebo;albumin-bound paclitaxel;gemcitabine;ivonescimab placebo,ak117;ak117 placebo;albumin-bound paclitaxel;gemcitabine;ivonescimab,EGFR,Monoclonal Antibody,KRAS,1,1,0,0,0,0,0,0,,metastatic · adenoca. · measurable (RECIST)
NCT06962267,A Clinical Study on the First-line Treatment of Metastatic Pancreatic Cancer With TQB2916 Injection Combined With Gemcitabine Hydrochloride for Injection and Paclitaxel for Injection (Albumin-bound Type),PHASE2,Phase 2,RECRUITING,50,"Chia Tai Tianqing Pharmaceutical Group Nanjing Shunxin Pharmaceutical Co., Ltd.",Chia Tai Tianqing Pharmaceutical Group Nanjing Shunxin Pharmaceutical,36,1,0,single_arm,1,tqb2916 injection,tqb2916 injection,,,,0,1,0,0,0,0,0,0,,metastatic · adenoca. · measurable (RECIST) · ECOG 0-1
NCT06989437,A Study to Learn About the Medicine Ponsegromab in Adults With Cancer of the Pancreas Which Has Spread and Caused Significant Body Weight Loss and Fatigue,PHASE2;PHASE3,Phase 3,RECRUITING,982,Pfizer,Pfizer,687,1,1,placebo_comparator,3,,ponsegromab,GDF-15,Monoclonal Antibody,,1,0,0,0,0,1,0,0,,metastatic · 1st-line · adenoca. · ECOG 1
NCT06999187,"A Study of DR-0202 in Patients With Locally Advanced or Metastatic, Relapsed or Refractory Carcinomas",PHASE1,Phase 1,RECRUITING,96,Dren Bio,Dren Bio,2,1,0,multi_experimental,8,dr-0202,dr-0202,,Bispecific Antibody,HER2,1,1,0,0,0,0,1,0,,metastatic · 2nd-line+ · measurable (RECIST)
NCT07006077,Recombinant Human IL-21-expressing Oncolytic Vaccinia Virus Injection (hV01) in Advanced Pancreatic Cancer,PHASE2,Phase 2,RECRUITING,12,"Hangzhou Converd Co., Ltd.",Hangzhou Converd,5,1,0,single_arm,1,recombinant human il-21-expressing oncolytic vaccinia virus injection,recombinant human il-21-expressing oncolytic vaccinia virus injection,IL-21,Oncolytic Virus,,1,1,0,0,0,0,1,0,,metastatic · 2nd-line+ · measurable (RECIST)
NCT07020221,A Phase 1/2 Study of VS-7375 in Patients With KRAS G12D-Mutated Solid Tumors,PHASE1;PHASE2,Phase 2,RECRUITING,295,"Verastem, Inc.",Verastem,25,1,0,multi_experimental,10,vs-7375,carboplatin + pemetrexed + pembrolizumab;cetuximab;gemcitabine;gemcitabine + nab-paclitaxel;vs-7375,KRAS,Small Molecule,KRAS,0,1,0,1,0,0,0,1,KRASm,metastatic · measurable (RECIST)
NCT07021066,"Evaluate the Safety, Tolerability, Pharmacokinetics and Efficacy of BL-M05D1 in Subjects With Solid Tumors",PHASE1,Phase 1,ACTIVE_NOT_RECRUITING,160,SystImmune Inc.,SystImmune,7,1,0,single_arm,1,bl-m05d1,bl-m05d1,CLDN18,ADC,BRAF;CLDN18.2;HER2;KRAS;MET;MMR;MSI;MSI-H;NTRK;PD-L1;dMMR,1,1,0,1,1,0,1,1,"KRASm, MSI-H/dMMR",metastatic · 2nd-line+ · adenoca. · measurable (RECIST) · ECOG 0-1
NCT07024615,"A Study of ASP2138 Given Before Surgery, Then Chemotherapy After Surgery, in People With Pancreatic Ductal Cancer",PHASE1,Phase 1,RECRUITING,25,"Astellas Pharma Global Development, Inc.",Astellas,171,1,1,single_arm,1,asp2138;capecitabine;fluorouracil;gemcitabine;irinotecan;leucovorin;nab-paclitaxel;oxaliplatin,asp2138;capecitabine;fluorouracil;gemcitabine;irinotecan;leucovorin;nab-paclitaxel;oxaliplatin,CLDN18.2,Monoclonal Antibody,CLDN18.2,1,1,0,0,0,0,0,0,,recurrent · adenoca. · measurable (RECIST)
NCT07026279,A Study of Narmafotinib Given in Combination With Modified FOLFIRINOX in Patients With Metastatic Pancreatic Cancer,PHASE1;PHASE2,Phase 2,ACTIVE_NOT_RECRUITING,67,Amplia Therapeutics Limited,Amplia Therapeutics,2,1,0,multi_experimental,2,,narmafotinib ascending doses;narmafotinib dose comparison,EGFR,Small Molecule,KRAS,0,1,0,0,0,0,0,0,,metastatic · adenoca. · measurable (RECIST)
NCT07028424,PANORAMIX : Optimizing 1st-line NALIRIFOX and Exploring Microbiota's Role in 2nd Line Pancreatic Cancer Treatment,PHASE2,Phase 2,NOT_YET_RECRUITING,206,GERCOR - Multidisciplinary Oncology Cooperative Group,GERCOR - Multidisciplinary Oncology Cooperative Group,13,0,1,active_comparator,4,fluorouracil;gemcitabine;leucovorin;nal-iri;oxaliplatin;paclitaxel,ciprofloxacin;fluorouracil;gemcitabine;leucovorin;nal-iri;oxaliplatin;paclitaxel,TOP1,Small Molecule,,0,1,0,0,0,1,1,0,,metastatic · 1st-line · squamous · measurable (RECIST) · ECOG 0-1
NCT07030257,Study of CP-383 in Patients With Advanced or Metastatic Solid Tumors,PHASE1;PHASE2,Phase 2,RECRUITING,150,Tasca Therapeutics,Tasca Therapeutics,1,1,0,multi_experimental,10,cp-383,cp-383,,,,0,1,0,0,0,0,0,0,,metastatic · small-cell
NCT07033689,"Feasibility Study of Suizenji, in Patients With Unresectable Pancreatic Ductal Adenocarcinoma (SUNRISE-II)",EARLY_PHASE1,Phase 1,RECRUITING,10,SONIRE Therapeutics Inc.,SONIRE Therapeutics,2,1,0,single_arm,1,device: suizenji (an ultrasound-guided hifu therapy system);gem/nab-ptx;mfolfirinox adjuvant;nal-iri/fl,device: suizenji (an ultrasound-guided hifu therapy system);gem/nab-ptx;mfolfirinox adjuvant;nal-iri/fl,IRI,Small Molecule,,0,1,0,0,0,0,0,0,,metastatic · measurable (RECIST) · ECOG 0 - 1
NCT07049055,A Clinical Trial to Evaluate EDV Nanocell Therapy With Gemcitabine and Nab-paclitaxel in Pancreatic Cancer,PHASE1;PHASE2,Phase 2,RECRUITING,144,Engeneic Pty Limited,Engeneic Pty,2,1,0,placebo_comparator,2,gemcitabine;nab paclitaxel.,e-edv-d682;edv-gc;gemcitabine;nab paclitaxel.,EGFR,Small Molecule,EGFR,0,1,0,0,0,1,0,0,,metastatic · 1st-line · adenoca. · measurable (RECIST)
NCT07066098,"A Multicenter Study of IBI343 Monotherapy Versus Placebo in Subjects With Previously Treated, Claudin (CLDN) 18.2-positive, Pancreatic Cancer(G-HOPE-002)",PHASE3,Phase 3,RECRUITING,201,Innovent Biologics (Suzhou) Co. Ltd.,Innovent,107,1,0,placebo_comparator,2,,ibi343,CLDN18,ADC,CLDN18.2,1,0,0,0,0,0,0,0,,metastatic
NCT07066657,A Study of MRG007 (ARR-217) in Patients With Advanced Solid Tumors,PHASE1,Phase 1,RECRUITING,572,"ArriVent BioPharma, Inc.",ArriVent BioPharma,5,1,0,multi_experimental,2,,mrg007;mrg007 and bevacizumab,EGFR,Monoclonal Antibody,EGFR,1,1,0,0,0,0,0,0,,metastatic · measurable (RECIST)
NCT07072728,Psilocybin-Assisted Psychotherapy in Cancer Patients With Adjustment Disorder,PHASE2,Phase 2,RECRUITING,87,Psyence Australia Pty Ltd,Psyence Australia Pty,1,1,0,active_comparator,3,psilocybin therapy,,,,,0,0,0,0,0,0,0,0,,metastatic
NCT07076121,A Study Comparing Navlimetostat (BMS-986504) in Combination With Nab-paclitaxel and Gemcitabine Versus Placebo in Combination With Nab-paclitaxel and Gemcitabine in Participants With Untreated Metastatic Pancreatic Ductal Adenocarcinoma With Homozygous MTAP Deletion (MountainTAP-30),PHASE2;PHASE3,Phase 3,ACTIVE_NOT_RECRUITING,470,Bristol-Myers Squibb,Bristol Myers Squibb,764,1,1,placebo_comparator,6,gemcitabine;nab-paclitaxel,gemcitabine;nab-paclitaxel;navlimetostat,MTAP,Small Molecule,MTAP,0,1,0,0,0,0,0,0,,metastatic · adenoca. · measurable (RECIST)
NCT07079228,A Study to Compare QLS31905 and Chemotherapy With Placebo and Chemotherapy in Participants With Pancreatic Cancer,PHASE3,Phase 3,RECRUITING,602,"Qilu Pharmaceutical Co., Ltd.",Qilu Pharmaceutical,108,1,0,active_comparator,2,gemcitabine;nab-paclitaxel.;placebo for qls31905,gemcitabine;nab-paclitaxel.;qls31905,CLDN18.2,Bispecific Antibody,CLDN18.2,1,1,0,0,0,0,0,0,,metastatic · measurable (RECIST)
NCT07087054,Carcinoid Syndrome Efficacy Study Featuring an Oral Daily Paltusotine Regimen,PHASE3,Phase 3,RECRUITING,141,Crinetics Pharmaceuticals Inc.,Crinetics Pharmaceuticals,4,1,0,placebo_comparator,2,,paltusotine,SSTR2,Small Molecule,SSTR2,0,0,0,0,0,0,1,0,,metastatic · 2nd-line+ · squamous
NCT07089940,OMO-103 for the Treatment of Locally Advanced or Metastatic Pancreatic Ductal Adenocarcinoma,EARLY_PHASE1,Phase 1,RECRUITING,12,OHSU Knight Cancer Institute,OHSU Knight Cancer Institute,48,0,0,single_arm,1,biopsy procedure;biospecimen collection;computed tomography;magnetic resonance imaging;myc inhibitor omo-103,biopsy procedure;biospecimen collection;computed tomography;magnetic resonance imaging;myc inhibitor omo-103,MYC,Small Molecule,,0,1,0,0,0,1,0,0,,metastatic · 1st-line · adenoca.
NCT07090499,A Study to Learn About the Study Medicine Called PF-08046876 in People With Advanced Solid Tumors,PHASE1,Phase 1,RECRUITING,540,Pfizer,Pfizer,687,1,1,multi_experimental,3,pf-08046876,pf-08046876,ITGB6,ADC,,1,1,0,0,0,0,0,0,,advanced · measurable (RECIST)
NCT07094204,A Study to Find a Suitable Dose of ASP5834 in Adults With Solid Tumors,PHASE1,Phase 1,RECRUITING,364,Astellas Pharma Inc,Astellas,171,1,1,multi_experimental,6,asp5834,asp5834;panitumumab,KRAS,Small Molecule,KRAS;MMR;MSI;MSI-H;dMMR;genomic,0,1,0,1,1,0,0,1,"KRASm, MSI-H/dMMR",metastatic · adenoca. · measurable (RECIST)
NCT07106827,A Study of GV20-0251 in Advanced or Refractory Solid Tumors,PHASE1,Phase 1,RECRUITING,10,West China Hospital,West China Hospital,11,0,0,single_arm,1,gv20-0251,gv20-0251,IGSF8,Oncolytic Virus,IGSF8 RNA;IGSF8 membrane protein;PD-L1,1,1,0,0,0,0,1,0,,metastatic · 2nd-line+
NCT07114315,A Study of AK130 in Combination With AK112 for the Treatment of Advanced Pancreatic Cancer,PHASE2,Phase 2,RECRUITING,160,Akeso,Akeso,103,1,0,multi_experimental,2,ak112,ak112;ak130,PD-1,Bispecific Antibody,,1,1,0,0,0,0,0,0,,metastatic · adenoca. · measurable (RECIST)
NCT07114861,The KN510713 Study in Combination With mFOLFIRINOX,PHASE1;PHASE2,Phase 2,RECRUITING,30,"New Cancer Cure-Bio Co.,Ltd.",New Cancer Cure-Bio,2,1,0,multi_experimental,2,combination chemotherapy: mfolfirinox;study drug: kn510,combination chemotherapy: mfolfirinox;study drug: kn510,,,,0,1,0,0,0,0,0,0,,metastatic · squamous · measurable (RECIST)
NCT07126158,Stereotactic Body Radiotherapy Plus FAK and RAF/MEK Inhibition in Advanced Pancreatic Adenocarcinoma,PHASE2,Phase 2,RECRUITING,36,Washington University School of Medicine,Washington University School of Medicine,178,0,0,active_comparator,2,stereotactic body radiotherapy,avutometinib;defactinib;stereotactic body radiotherapy,FAK,Small Molecule,PD-L1,0,1,0,0,0,0,0,0,,locally advanced · adenoca.
NCT07127874,A Study of PHN-012 in Patients With Advanced Solid Tumors,PHASE1,Phase 1,RECRUITING,165,Pheon Therapeutics,Pheon Therapeutics,2,1,0,single_arm,1,phn-012,phn-012,,ADC,,1,1,0,0,0,0,0,0,,metastatic · adenoca. · measurable (RECIST)
NCT07131514,HRS-4642 in Combination With Gemcitabine and Albumin-bound Paclitaxel and Adebrelimab for Neoadjuvant and Adjuvant Treatment of Pancreatic Cancer,PHASE2,Phase 2,RECRUITING,30,Ruijin Hospital,Ruijin Hospital,16,0,0,single_arm,1,hrs-4642+ag +adebrelimab,hrs-4642+ag +adebrelimab,PD-1,Monoclonal Antibody,MET;PD-L1,1,1,0,0,0,0,0,0,,metastatic · adenoca. · measurable (RECIST)
NCT07138846,A Study Comparing MRG004A Plus Best Supportive Care Versus Placebo and Best Supportive Care in the Treatment of Patients With Advanced Pancreatic Cancer,PHASE3,Phase 3,NOT_YET_RECRUITING,231,"Lepu Biopharma Co., Ltd.",Lepu Biopharma,16,1,0,placebo_comparator,2,placebo plus best supportive care,mrg004a plus best supportive care,,,,0,1,0,0,0,0,0,0,,metastatic · adenoca. · measurable (RECIST)
NCT07145255,"Phase 1/2 Dose Finding, Safety and PK Study in Advanced Refractory Solid Tumors",PHASE1;PHASE2,Phase 2,RECRUITING,150,MBrace Therapeutics,MBrace Therapeutics,2,1,0,multi_experimental,3,adc,adc,,ADC,AR;HER2,1,1,0,0,0,0,1,0,,metastatic · 2nd-line+ · adenoca. · measurable (RECIST)
NCT07148128,"Phase 1/2a Study to Assess the Safety, Tolerability, Pharmacokinetics, and Preliminary Efficacy of WEF-001 as Monotherapy in Advanced KRAS-Mutant Solid Tumours.",PHASE1;PHASE2,Phase 2,RECRUITING,110,Auricula Biosciences Inc.,Auricula Biosciences,1,1,0,single_arm,1,wef-001,wef-001,KRAS,Small Molecule,KRAS,0,1,0,1,0,0,0,1,KRASm,metastatic · adenoca. · measurable (RECIST) · ECOG 1
NCT07153289,CD318-targeted CAR-T Cell Therapy in Patients With Pancreatic Cancer (ResCPa),PHASE1;PHASE2,Phase 2,NOT_YET_RECRUITING,38,University Hospital Tuebingen,University Hospital Tuebingen,6,0,0,single_arm,1,cd318-car-t cells,cd318-car-t cells,CD318,CAR-T,,1,1,0,0,0,0,0,0,,metastatic · measurable (RECIST)
NCT07157033,A Phase 1 Study to Evaluate Safety and Efficacy of XER-001 (Amifostine for Nasoduodenal Delivery) in Combination With Sterotactic Body Radiotherapy for Treatment in Patients With Locally Advanced Pancreatic Cancer.,PHASE1;PHASE2,Phase 2,RECRUITING,36,Xerient Pharma,Xerient Pharma,1,1,0,single_arm,1,xer-001,xer-001,,,,0,1,0,0,0,1,0,0,,metastatic · 1st-line · adenoca.
NCT07165132,Study of RYZ401 in Subjects With Solid Tumors Expressing SSTRs.,PHASE1,Phase 1,RECRUITING,104,"RayzeBio, Inc.",RayzeBio,7,1,0,single_arm,1,ryz401,ryz401,SSTR,Radiopharmaceutical,Somatostatin Receptors,0,1,0,0,0,0,0,0,,metastatic
NCT07172802,"A Study of GI-108, an Anti-CD73-IgG4 Fc-IL-2v Bispecific Fusion Protein, as Monotherapy in Patients With Advanced or Metastatic Solid Tumors",PHASE1;PHASE2,Phase 2,RECRUITING,102,"GI Innovation, Inc.",GI Innovation,4,1,0,single_arm,1,gi-108,gi-108,CD73,Bispecific Antibody,,1,1,0,0,0,0,0,0,,metastatic · measurable (RECIST)
NCT07179692,CEA-Targeted CAR-T Therapy in CEA-Positive Advanced Solid Tumors,PHASE1,Phase 1,RECRUITING,108,"Chongqing Precision Biotech Co., Ltd",Chongqing Precision Biotech,41,1,0,multi_experimental,3,cea-targeted car-t cells,cea-targeted car-t cells,CEA,CAR-T,CEA;MET,1,1,0,0,0,0,1,0,,metastatic · 2nd-line+ · measurable (RECIST)
NCT07213791,A Study of LY4337713 in Participants With FAP-Positive Solid Tumors,PHASE1,Phase 1,RECRUITING,241,Eli Lilly and Company,Eli Lilly,535,1,1,multi_experimental,6,ly4337713,ly4337713,FAP,Radiopharmaceutical,FAP;HER2,0,1,0,0,0,0,1,0,,metastatic · 2nd-line+ · adenoca. · ECOG 0-1
NCT07219238,"Study to Evaluate the Diagnostic Performance of GEH300079 (68Ga) Injection PET/CT for Detection of PC in Patients With Colorectal, Gastric, Ovarian, or Pancreatic Cancers (PERISCOPE)",PHASE2;PHASE3,Phase 3,RECRUITING,175,GE Healthcare,GE Healthcare,18,1,0,single_arm,1,geh300079 (68ga) injection positron-emission tomography (pet)/computed tomography (ct),geh300079 (68ga) injection positron-emission tomography (pet)/computed tomography (ct),,Radiopharmaceutical,,0,1,0,0,0,1,0,0,,metastatic · 1st-line
NCT07223047,"A Study to Evaluate the Safety, Tolerability, and Efficacy of BMS-986523 Alone and in Combination With Anti-Cancer Agents in Participants With Advanced Solid Malignancies",PHASE1;PHASE2,Phase 2,RECRUITING,252,Bristol-Myers Squibb,Bristol Myers Squibb,764,1,1,multi_experimental,6,bms-986523,bms-986523;cetuximab;gemcitabine;nab-paclitaxel;pembrolizumab,,,KRAS;PD-L1,0,1,0,1,0,0,0,1,KRASm,metastatic
NCT07227168,A Study of STRO-004 in Adults With Refractory/Recurrent Metastatic Cancer,PHASE1,Phase 1,RECRUITING,200,"Sutro Biopharma, Inc.",Sutro Biopharma,8,1,0,multi_experimental,3,stro-004,pembrolizumab;stro-004,PD-1,ADC,genomic,1,1,0,0,0,0,0,0,,metastatic · adenoca. · measurable (RECIST)
NCT07232875,HRS 4642 Injection Combined With AG Versus Placebo Combined With AG Therapy in First-Line Advanced or Metastatic Pancreatic Cancer,PHASE3,Phase 3,RECRUITING,588,"Jiangsu HengRui Medicine Co., Ltd.",Hengrui,312,1,0,active_comparator,2,hrs-4642 placebo + ag,hrs-4642 + ag,KRAS,Small Molecule,KRAS,0,1,0,0,0,0,0,0,,measurable (RECIST) · ECOG 0
NCT07233850,A Phase II Clinical Study Evaluating SSGJ-706 in Combination Therapy for Advanced Gastrointestinal Cancers,PHASE2,Phase 2,NOT_YET_RECRUITING,300,"Shenyang Sunshine Pharmaceutical Co., LTD.",Shenyang Sunshine Pharmaceutical,14,1,0,multi_experimental,4,,ssgj-706+ag;ssgj-706+bevacizumab+xelox;ssgj-706+tp;ssgj-706+xelox,,,HER2;MSI;MSI-H;dMMR,0,1,0,0,1,0,1,1,MSI-H/dMMR,metastatic · 2nd-line+ · adenoca. · measurable (RECIST) · ECOG 0-1
NCT07238283,"Irinotecan Hydrochloride Liposome Injection (II)in Combination With Oxaliplatin, 5-FU/LV Versus AG for First-line Treatment of Metastatic Pancreatic Cancer",PHASE3,Phase 3,RECRUITING,662,"Jiangsu HengRui Medicine Co., Ltd.",Hengrui,312,1,0,active_comparator,2,nab-paclitaxel; gemcitabine,irinotecan hydrochloride liposome injection (ii); oxaliplatin; 5fluorouracil; calcium folinate,TS,Small Molecule,,0,1,0,0,0,0,1,0,,metastatic · 2nd-line+ · ductal · measurable (RECIST)
NCT07252232,Study of Daraxonrasib (RMC-6236) in Patients With Resected Pancreatic Ductal Adenocarcinoma (PDAC),PHASE3,Phase 3,RECRUITING,500,"Revolution Medicines, Inc.",Revolution Medicines,19,1,0,multi_experimental,2,daraxonrasib,daraxonrasib,KRAS,Small Molecule,KRAS,0,1,0,0,0,0,0,0,,metastatic
NCT07255404,A Clinical Trial Testing the Safety of Pumitamig (an Investigational Drug) and How Well it Works When Combined With Chemotherapy for People Who Have Not Been Treated Yet for Pancreatic Cancer,PHASE2,Phase 2,RECRUITING,105,BioNTech SE,BioNTech,45,1,1,multi_experimental,5,pumitamig,FOLFIRINOX;gemcitabine;nab-paclitaxel;pumitamig,PD-L1,Bispecific Antibody,PD-L1;ctDNA,1,1,0,0,0,0,0,0,,metastatic · squamous · measurable (RECIST)
NCT07259317,Relacorilant With Nab-Paclitaxel and Gemcitabine in Patients With Metastatic Pancreatic Adenocarcinoma,PHASE2,Phase 2,RECRUITING,80,Corcept Therapeutics,Corcept Therapeutics,18,1,0,single_arm,1,gemcitabine;nab-paclitaxel;relacorilant,gemcitabine;nab-paclitaxel;relacorilant,NR3C1,Small Molecule,,0,1,1,0,0,0,0,1,BRCA/HRD+,metastatic · adenoca. · measurable (RECIST)
NCT07261631,Phase I Study of [177Lu]Lu-DFC413 in Patients With Solid Tumors,PHASE1,Phase 1,RECRUITING,180,Novartis Pharmaceuticals,Novartis,836,1,1,single_arm,1,177lu-dfc413;68ga-nns309,177lu-dfc413;68ga-nns309,,Radiopharmaceutical,HER2;MMR;MSI;MSI-H;dMMR;genomic,0,1,0,0,1,0,0,1,MSI-H/dMMR,metastatic · ductal
NCT07262567,Phase III Study to Compare GFH375 and Chemotherapy in Patients With KRAS G12D-Mutant Metastatic Pancreatic Cancer,PHASE3,Phase 3,RECRUITING,320,Genfleet Therapeutics (Shanghai) Inc.,Genfleet Therapeutics (Shanghai),15,1,0,active_comparator,2,,gfh375,KRAS,Small Molecule,KRAS,0,0,0,1,0,0,0,1,KRASm,metastatic · ductal · measurable (RECIST)
NCT07277413,A Study of IDE892 as Monotherapy and Combination in MTAP-deleted Advanced Solid Tumors,PHASE1,Phase 1,RECRUITING,260,IDEAYA Biosciences,IDEAYA Biosciences,11,1,0,multi_experimental,4,ide892,ide397;ide892,PRMT5,Small Molecule,MTAP-DELETED;PD-L1;biomarker,0,1,0,0,0,0,0,0,,metastatic · adenoca. · measurable (RECIST)
NCT07280377,A Study in Advanced or Metastatic Gastrointestinal Cancers Exploring Treatment Combinations With Pelareorep and Atezolizumab,PHASE1;PHASE2,Phase 2,ACTIVE_NOT_RECRUITING,122,Oncolytics Biotech,Oncolytics Biotech,15,1,0,multi_experimental,5,atezolizumab;pelareorep,atezolizumab;gemcitabine and nab-paclitaxel;mfolfirinox treatment;pelareorep;trifluridine tipiracil,PD-L1,Monoclonal Antibody,CMMRD;MSI-H;TMB;biomarker,1,1,0,0,0,0,0,0,,metastatic · measurable (RECIST)
NCT07283705,A Phase II Study Evaluating BMS-986504 in MTAP-deleted Pancreatic Cancer,PHASE2,Phase 2,RECRUITING,60,M.D. Anderson Cancer Center,M.D. Anderson Cancer Center,697,0,1,multi_experimental,3,bms-986504,FOLFIRINOX;bms-986504;gemcitabine;nab-paclitaxel,MTAP,Small Molecule,MTAP-DEFICIENT,0,1,0,0,0,0,0,0,,metastatic · adenoca.
NCT07296341,HRS-4642 Combination With Other Antitumor Therapies in Patients With Solid Tumors,PHASE1;PHASE2,Phase 2,RECRUITING,60,"Shanghai Hengrui Pharmaceutical Co., Ltd.",Hengrui,312,1,0,active_comparator,2,hrs-4642;nab-paclitaxel; gemcitabine,hrs-4642;adebrelimab injection; nab-paclitaxel; gemcitabine,,Monoclonal Antibody,,1,1,0,0,0,0,0,0,,metastatic · adenoca. · measurable (RECIST)
NCT07300150,A Study of PT0511 in Participants With KRAS Mutated or Amplified Advanced Solid Tumors,PHASE1,Phase 1,RECRUITING,210,"PAQ Therapeutics, Inc.",PAQ Therapeutics,2,1,0,multi_experimental,9,pt0511,cetuximab;pt0511,KRAS,Small Molecule,KRAS,0,1,0,1,0,0,0,1,KRASm,metastatic · squamous · measurable (RECIST)
NCT07301229,A Phase II Clinical Study to Evaluate HLX43 in Subjects With Advanced Pancreatic Cancer,PHASE2,Phase 2,NOT_YET_RECRUITING,100,Shanghai Henlius Biotech,Shanghai Henlius,98,1,0,multi_experimental,2,,hlx43 dose 1 (2.;hlx43 dose 2 (3.,PD-L1,ADC,PD-L1,1,1,0,0,0,0,0,0,,metastatic · adenoca. · measurable (RECIST)
NCT07314385,NH002-mediated Sonoporation With Chemotherapy in Advanced Pancreatic Cancer,PHASE1,Phase 1,NOT_YET_RECRUITING,24,National Taiwan University Hospital,National Taiwan University Hospital,22,0,0,multi_experimental,4,device: aco apache ultrasound;nanoliposomal irinotecan+5-fu+leucovorin;nh002 (perflutren lipid microspheres) injectable suspension,device: aco apache ultrasound;nanoliposomal irinotecan+5-fu+leucovorin;nh002 (perflutren lipid microspheres) injectable suspension,,,,0,1,0,0,0,0,0,0,,metastatic
NCT07341737,SL-28 for Advanced Solid Tumours,PHASE1;PHASE2,Phase 2,RECRUITING,60,Second Life Therapeutics,Second Life Therapeutics,1,1,0,multi_experimental,3,sl-28,sl-28,,,biomarker,0,1,0,0,0,0,1,0,,metastatic · 2nd-line+ · adenoca. · measurable (RECIST)
NCT07344220,Metastatic Non-Familial Adenocarcinoma Maintenance Therapy With DZ-002: Heptamine Carboxymethine Dye Conjugate,PHASE2,Phase 2,ENROLLING_BY_INVITATION,39,Hoag Memorial Hospital Presbyterian,Hoag Memorial Hospital Presbyterian,1,0,0,multi_experimental,2,dz-002;or,dz-002;or,,,,0,1,0,0,0,1,0,0,,metastatic · 1st-line · adenoca. · measurable (RECIST) · ECOG 0-1
NCT07348107,ATRA and SDK002 in Combination With Chemotherapy and Anti-PD-1 Inhibitor in Patients With Advanced Pancreatic Ductal Adenocarcinoma.,PHASE1,Phase 1,NOT_YET_RECRUITING,10,Daniel Breadner,Daniel Breadner,1,0,1,single_arm,1,arsenic trioxide (ato);atra;gemcitabine;nab-paclitaxel;tislelizumab,arsenic trioxide (ato);atra;gemcitabine;nab-paclitaxel;tislelizumab,PD-1,Monoclonal Antibody,PD-L1,1,1,0,0,0,1,0,0,,metastatic · 1st-line · adenoca.
NCT07349537,Study of RMC-5127 in Patients With Advanced KRAS G12V-Mutant Solid Tumors,PHASE1,Phase 1,RECRUITING,574,"Revolution Medicines, Inc.",Revolution Medicines,19,1,0,multi_experimental,3,rmc-5127,cetuximab;daraxonrasib;rmc-5127,KRAS,Small Molecule,KRAS,0,1,0,1,0,0,0,1,KRASm,metastatic · measurable (RECIST)
NCT07354919,Axelopran for Advanced Cancer in Patients Receiving Opioids,PHASE2,Phase 2,RECRUITING,34,HealthPartners Institute,HealthPartners Institute,2,0,0,single_arm,1,axelopran,axelopran,,,biomarker,0,1,0,0,0,0,1,0,,metastatic · 2nd-line+ · small-cell · measurable (RECIST)
NCT07383922,A Study of FG-M108+Chemotherapy vs Placebo+Chemotherapy in Claudin18.2-positive Pancreatic Cancer,PHASE3,Phase 3,NOT_YET_RECRUITING,524,"FutureGen Biopharmaceutical (Beijing) Co., Ltd",FutureGen Biopharmaceutical (Beijing),6,1,0,active_comparator,2,gemcitabine (gem);nab-paclitaxel;placebo for fg-m108,fg-m108;gemcitabine (gem);nab-paclitaxel,CLDN18,Monoclonal Antibody,CLDN18.2;Claudin18.2,1,1,0,0,0,0,0,0,,metastatic · adenoca. · measurable (RECIST)
NCT07409272,"A Study to Evaluate the Effectiveness and Safety of Setidegrasib, Given With Either mFOLFIRINOX or NALIRIFOX Chemotherapies, in People With Pancreatic Cancer",PHASE3,Phase 3,RECRUITING,614,"Astellas Pharma Global Development, Inc.",Astellas,171,1,1,placebo_comparator,2,fluorouracil;irinotecan;leucovorin;liposomal irinotecan;oxaliplatin,fluorouracil;irinotecan;leucovorin;liposomal irinotecan;oxaliplatin;setidegrasib,KRAS,Small Molecule,KRAS,0,1,0,1,0,0,1,1,KRASm,metastatic · 2nd-line+ · adenoca.
NCT07416240,Exploratory Clinical Study of Claudin18.2-Targeted Activated DC and CAR-T Therapy in Advanced Pancreatic Cancer.,EARLY_PHASE1,Phase 1,RECRUITING,10,Hainan Cancer Hospital,Hainan Cancer Hospital,2,0,0,single_arm,1,claudin18.2 targeted activated dendritic cells;claudin18.2 targeted car-t cells,claudin18.2 targeted activated dendritic cells;claudin18.2 targeted car-t cells,CLDN18.2,Cell Therapy,CLDN18.2,1,1,0,0,0,0,1,0,,advanced · 2nd-line+ · measurable (RECIST) · ECOG 0-1
NCT07432633,[18F]FPyQCP PET Imaging of Fibroblast Activation Protein in Selected Oncology Indications,PHASE1;PHASE2,Phase 2,RECRUITING,71,Blue Earth Diagnostics,Blue Earth Diagnostics,11,1,0,single_arm,1,[18f]fpyqcp,[18f]fpyqcp,FAP,Radiopharmaceutical,,0,1,0,0,0,1,0,0,,metastatic · 1st-line · squamous
NCT07435038,Study of BPI-572270 in Patients With Advanced Solid Tumors Harboring Specific Mutations in RAS,PHASE1;PHASE2,Phase 2,NOT_YET_RECRUITING,120,"Betta Pharmaceuticals Co., Ltd.",Betta Pharmaceuticals,66,1,0,single_arm,1,bpi-572270,bpi-572270,KRAS,Small Molecule,KRAS,0,1,0,0,0,0,0,0,,metastatic
NCT07444541,ANO31905 in Combination With Chemotherapy for CLDN18.2-Positive Locally Advanced Unresectable or Metastatic Pancreatic Cancer,PHASE1;PHASE2,Phase 2,RECRUITING,84,Anova Innovation Limited,Anova Innovation,1,1,0,multi_experimental,2,ano31905;gemcitabine;nanoparticle albumin-bound paclitaxel,ano31905;gemcitabine;nanoparticle albumin-bound paclitaxel,CLDN18.2,Monoclonal Antibody,CLDN18.2,1,1,0,0,0,0,0,0,,metastatic · adenoca. · measurable (RECIST)
NCT07450859,A Study of Nuzefatide Pevedotin (BT5528) in Patients With Metastatic Pancreatic Ductal Adenocarcinoma (PDAC),PHASE2,Phase 2,RECRUITING,39,BicycleTx Limited,BicycleTx,8,1,0,single_arm,1,nuzefatide pevedotin (bt5528),nuzefatide pevedotin (bt5528),EGFR,ADC,EGFR;KRAS;MSI;MSI-H;biomarker,1,1,0,1,1,1,1,1,"KRASm, MSI-H/dMMR",metastatic · 1st-line · adenoca. · measurable (RECIST)
NCT07454642,AVA6103 in Subjects With Locally Advanced or Metastatic Selected Solid Tumors,PHASE1,Phase 1,RECRUITING,174,Avacta Life Sciences Ltd,Avacta Life Sciences,2,1,0,multi_experimental,3,ava6103,ava6103,FAP,Peptide,FAP;SLFN11,0,1,0,0,0,0,0,0,,metastatic
NCT07480928,Dual-Targeting CAR-NK Cells Targeting Mesothelin (MSLN) and MUC1 in Advanced Pancreatic Ductal Adenocarcinoma,PHASE1;PHASE2,Phase 2,RECRUITING,42,Beijing Biotech,Beijing Biotech,30,1,0,multi_experimental,2,eb-dnk101 dual-targeting car-nk cells (msln + muc1);eb-dnk102 dual-targeting car-nk cells (cldn18.2 + muc1);lymphodepleting chemotherapy (flu/cy),eb-dnk101 dual-targeting car-nk cells (msln + muc1);eb-dnk102 dual-targeting car-nk cells (cldn18.2 + muc1);lymphodepleting chemotherapy (flu/cy),MSLN,CAR-T,CLDN18.2;MSLN;MUC1;biomarker,1,1,0,0,0,0,0,0,,metastatic · adenoca. · measurable (RECIST)
NCT07481357,A First-In-Human Phase I/IIa Study to Evaluate DA 3501 in Patients With Advanced Gastric or Gastro-esophageal Junction Adenocarcinoma and Pancreatic Ductal Adenocarcinoma,PHASE1,Phase 1,RECRUITING,51,"Dong-A ST Co., Ltd.",Dong-A ST,6,1,0,multi_experimental,11,da-3501,da-3501,CLDN18.2,ADC,CLDN18.2,1,1,0,0,0,0,0,0,,advanced · adenoca. · measurable (RECIST)
NCT07481383,A First-in-Human Study to Evaluate Implantable Iontophoresis Chemotherapy Delivery Device With Gemcitabine Once Weekly or Twice Weekly in Participants With Pancreatic Cancer,PHASE1,Phase 1,RECRUITING,12,"Continuity Biosciences, LLC",Continuity Biosciences,1,1,0,multi_experimental,2,act implantable iontophoresis chemotherapy delivery device with gemcitabine (act-iop-003),act implantable iontophoresis chemotherapy delivery device with gemcitabine (act-iop-003),,,,0,1,0,0,0,0,0,0,,metastatic · adenoca.
NCT07483554,IBI343 in Combination Therapy for Advanced Malignant Solid Tumors,PHASE2,Phase 2,RECRUITING,389,Innovent Biologics (Suzhou) Co. Ltd.,Innovent,107,1,0,single_arm,1,albumin-bound paclitaxel;gemcitabine;ibi343,albumin-bound paclitaxel;gemcitabine;ibi343,CLDN18.2,Monoclonal Antibody,CLDN18.2,1,1,0,0,0,0,0,0,,metastatic · measurable (RECIST)
NCT07483983,"Study Investigating ASP3082 in Patients With Metastatic/Locally Advanced Non-small-cell Lung Cancer (NSCLC) and Pancreatic Ductal Adenocarcinoma (PDAC), With Biomarker Analysis to Characterize Response/Resistance",PHASE2,Phase 2,RECRUITING,60,"Gustave Roussy, Cancer Campus, Grand Paris","Gustave Roussy, Cancer Campus, Grand Paris",31,0,1,multi_experimental,2,asp3082,asp3082,KRAS,Small Molecule,ALK;BRAF;KRAS;MET;NTRK;PR;RET;ROS1;genomic,0,1,0,1,0,0,0,1,KRASm,metastatic · measurable (RECIST)
NCT07488676,"A Study of ASP546C in Adults With Gastroesophageal Cancer, Pancreatic Cancer or Other Solid Tumors",PHASE1;PHASE2,Phase 2,RECRUITING,150,"Astellas Pharma Global Development, Inc.",Astellas,171,1,1,multi_experimental,4,asp546c,asp546c,CLDN18.2,Monoclonal Antibody,CLDN18.2;ER;HER2;PR;biomarker,1,1,0,0,0,0,0,0,,metastatic · adenoca. · measurable (RECIST)
NCT07491445,Study of Daraxonrasib and Daraxonrasib + GnP as First-line Treatment in Patients With Metastatic Pancreatic Adenocarcinoma,PHASE3,Phase 3,RECRUITING,900,"Revolution Medicines, Inc.",Revolution Medicines,19,1,0,active_comparator,3,gemcitabine;nab-paclitaxel,daraxonrasib;gemcitabine;nab-paclitaxel,KRAS,Small Molecule,KRAS,0,1,0,0,0,0,0,0,,metastatic · adenoca. · measurable (RECIST)
NCT07504263,Phase 1/2a Study of RP-001 in Participants With Advanced Malignancies,PHASE1;PHASE2,Phase 2,NOT_YET_RECRUITING,66,Recurv Pharma Inc,Recurv Pharma,1,1,0,multi_experimental,5,rp-001,rp-001,,,,0,1,0,0,0,0,1,0,,metastatic · 2nd-line+ · measurable (RECIST)
NCT07529808,Phase 1/2 Study of BHB810 in Advanced Gastric and GEJ Adenocarcinoma,PHASE1;PHASE2,Phase 2,RECRUITING,164,"BigHat Biosciences, Inc.",BigHat Biosciences,1,1,0,multi_experimental,3,bhb810,bhb810,CDH17,ADC,,1,1,0,0,0,0,0,0,,metastatic · adenoca. · measurable (RECIST)
NCT07555587,Safety and Efficacy of NRT6008 Administered in Combination With Chemotherapy in Patients With Unresectable Locally Advanced Pancreatic Carcinoma (LAPC),PHASE1,Phase 1,NOT_YET_RECRUITING,10,NRT MedTech Australia Pty Ltd,NRT MedTech Australia Pty,1,1,0,single_arm,1,device: nrt6008 injection;systematic,device: nrt6008 injection;systematic,,Small Molecule,,0,1,0,0,0,0,0,0,,metastatic · adenoca. · measurable (RECIST)
NCT07562152,Atebimetinib + GnP as a First Line Treatment in Patients With Metastatic Pancreatic Adenocarcinoma,PHASE3,Phase 3,RECRUITING,510,Immuneering Corporation,Immuneering,3,1,0,active_comparator,2,gnp,atebimetinib;mgnp,MEK,Small Molecule,,0,1,0,0,0,1,0,0,,metastatic · 1st-line · adenoca. · measurable (RECIST)
NCT07563738,A 2-part Phase 1/2 Open-label Trial on ODM-212,PHASE1;PHASE2,Phase 2,RECRUITING,229,"Orion Corporation, Orion Pharma","Orion Corporation, Orion Pharma",11,1,0,multi_experimental,3,odm-212,gemcitabine and nab-paclitaxel;ipilimumab and nivolumab;odm-212;sotorasib,TEAD,Small Molecule,Hippo pathway;KRAS;PD-L1;PR;YAP,0,1,0,1,0,1,0,1,KRASm,metastatic · 1st-line · adenoca. · measurable (RECIST)
NCT07566897,A Phase I Study to Evaluate the Safety and Efficacy of L19IL2 in Combination With Ruxolitinib in Patients With Advanced Solid Tumors,PHASE1,Phase 1,NOT_YET_RECRUITING,96,Philogen S.p.A.,Philogen S.p.A.,45,1,0,multi_experimental,3,l19il2,l19il2;ruxolitinib,VEGF/VEGFR,Bispecific Antibody,BRAF;MMR;PD-L1,1,1,0,0,0,0,1,0,,metastatic · 2nd-line+ · adenoca. · measurable (RECIST)
NCT07575191,Safety and Performance of a Novel Infusion Catheter System for Peri/Intratumoral Gemcitabine Delivery in Patients With Pancreatic Cancer,PHASE1;PHASE2,Phase 2,RECRUITING,9,Smartwise Sweden AB,Smartwise Sweden,1,1,0,single_arm,1,device: extroducer infusion catheter system;gemcitabine,device: extroducer infusion catheter system;gemcitabine,,Small Molecule,,0,1,0,0,0,0,0,0,,metastatic · adenoca. · measurable (RECIST)
NCT07578337,A Clinical Study Evaluating a New Treatment Strategy for Patients With Advanced Pancreatic Cancer Who Have Not Received Prior Treatment for Advanced Disease.,PHASE2,Phase 2,NOT_YET_RECRUITING,40,Nelum Corp,Nelum,2,1,0,active_comparator,2,gemcitabine (;nab-paclitaxel,balstililmab;botensilimab;gemcitabine (;nab-paclitaxel;nlm-001,,Small Molecule,,0,1,0,0,0,0,0,0,,metastatic · adenoca. · measurable (RECIST)
NCT07583771,A Phase Ⅰ Study of CS08399 in Participants With MTAP-deleted Solid Tumors and Lymphoma,PHASE1,Phase 1,NOT_YET_RECRUITING,186,"Chipscreen Biosciences, Ltd.",Chipscreen Biosciences,25,1,0,single_arm,1,cs08399,cs08399,MTAP,Small Molecule,MTAP-DELETED,0,1,0,0,0,0,1,0,,metastatic · 2nd-line+ · measurable (RECIST)
NCT07589205,"Study of IBI3028 in Participants With Locally Advanced, Unresectable, or Metastatic Solid Tumors",PHASE1,Phase 1,RECRUITING,493,"Innovent Biopharmaceutical Technology (Hangzhou) Co., LTD.",Innovent,107,1,0,single_arm,1,drug: ibi3028,drug: ibi3028,PD-1,Monoclonal Antibody,PD-L1,1,1,0,0,0,0,0,0,,metastatic · measurable (RECIST)
NCT07589569,"An Open-label, Multicenter, Phase II Clinical Study to Evaluate HRS-7058 in Patients With Pancreatic Cancer",PHASE2,Phase 2,RECRUITING,92,"Shandong Suncadia Medicine Co., Ltd.",Shandong Suncadia Medicine,22,1,0,single_arm,1,hrs-7058,hrs-7058,KRAS,Small Molecule,KRAS,0,1,0,0,0,0,0,0,,metastatic · adenoca. · measurable (RECIST) · ECOG 0
NCT07594964,"To Evaluate the Safety, Tolerability, and Preliminary Efficacy of XH001 Injection as Adjuvant Therapy in Patients With High-risk Recurrent Solid Tumors",PHASE1,Phase 1,RECRUITING,48,Shenzhen Xinhe Biomedical,Shenzhen Xinhe Biomedical,1,1,0,single_arm,1,mfolfirinox treatment;xh001 injection,mfolfirinox treatment;xh001 injection,,Vaccine,,1,1,0,0,0,0,0,0,,metastatic · adenoca. · ECOG 0-1
NCT07595172,NALIRIFOX+Adebrelimab+PULSAR for Advanced Pancreatic Cancer,PHASE1;PHASE2,Phase 2,RECRUITING,55,West China Hospital,West China Hospital,11,0,0,single_arm,1,nalirifox+adebrelimab;pulsar,nalirifox+adebrelimab;pulsar,,Monoclonal Antibody,biomarker,1,1,0,0,0,1,0,0,,metastatic · 1st-line · adenoca. · measurable (RECIST)
NCT07595237,A IIT Study of 177Lu-DOTA-SNA040,EARLY_PHASE1,Phase 1,RECRUITING,12,SmartNuclide Biopharma,SmartNuclide Biopharma,8,1,0,multi_experimental,4,177lu-dota-sna040,177lu-dota-sna040,CLDN18.2,Radiopharmaceutical,Claudin 18.2,0,1,0,0,0,1,0,0,,metastatic · 1st-line · adenoca. · measurable (RECIST)
NCT07597772,Preliminary Trial of SNA014 for Pancreatic Cancer,EARLY_PHASE1,Phase 1,RECRUITING,12,SmartNuclide Biopharma,SmartNuclide Biopharma,8,1,0,single_arm,1,68ga-nodaga-sna006,68ga-nodaga-sna006,CLDN18.2,Radiopharmaceutical,,0,1,0,0,0,0,0,0,,
NCT07610798,"A Study to Evaluate the Safety, Tolerability, Pharmacokinetics, and Preliminary Antitumor Activity of INV-8989 in Patients With Advanced Solid Tumors Harboring KRAS G12D Mutations",PHASE1;PHASE2,Phase 2,RECRUITING,178,"Shenzhen Ionova Life Sciences Co., Ltd.",Shenzhen Ionova Life Sciences,4,1,0,multi_experimental,14,inv-8989,inv-8989,KRAS,Small Molecule,KRAS,0,1,0,1,0,0,0,1,KRASm,metastatic · measurable (RECIST)
NCT07620574,Long-Term Extension Study for Participants Previously Enrolled in an Exelixis-Sponsored Study,PHASE3,Phase 3,ENROLLING_BY_INVITATION,5000,Exelixis,Exelixis,52,1,1,single_arm,1,abiraterone;atezolizumab;cabozantinib;enzalutamide;nivolumab;zanzalintinib,abiraterone;atezolizumab;cabozantinib;enzalutamide;nivolumab;zanzalintinib,MET,Small Molecule,MET;PD-L1,0,1,0,0,0,0,0,0,,
NCT07621718,Study of Zoldonrasib + Chemo of Investigator's Choice vs Placebo + Chemo of Investigator's Choice as First-line Treatment in Metastatic KRAS G12D-mutated Pancreatic Adenocarcinoma ( RASolute 305 ),PHASE3,Phase 3,RECRUITING,670,"Revolution Medicines, Inc.",Revolution Medicines,19,1,0,placebo_comparator,2,fluorouracil;gemcitabine (gem);irinotecan;leucovorin (calcium folinate);nab-paclitaxel;oxaliplatin,fluorouracil;gemcitabine (gem);irinotecan;leucovorin (calcium folinate);nab-paclitaxel;oxaliplatin;zoldonrasib,KRAS,Small Molecule,KRAS,0,1,0,1,0,0,0,1,KRASm,metastatic · adenoca. · measurable (RECIST)
NCT07623642,"A Phase II Study of GV20-0251 in Combination With Anti-PD-1 Monoclonal Antibodies in Patients With Unresectable, Locally Advanced, or Metastatic Solid Tumors.",PHASE2,Phase 2,NOT_YET_RECRUITING,227,GV20 Therapeutics,GV20 Therapeutics,3,1,0,single_arm,1,anti-pd-1 monoclonal antibodies;gv20-0251,anti-pd-1 monoclonal antibodies;gv20-0251,IGSF8,Monoclonal Antibody,IGSF8 RNA;IGSF8 membrane protein;PD-L1,1,1,0,0,0,1,0,0,,metastatic · 1st-line · adenoca. · measurable (RECIST)
NCT07624214,Study of LT-010391 in Participants With KRAS G12D-Mutant Solid Tumors,PHASE1,Phase 1,NOT_YET_RECRUITING,198,"Leadingtac Pharmaceutical (Shaoxing) Co., Ltd.",Leadingtac Pharmaceutical (Shaoxing),1,1,0,single_arm,1,lt-010391,lt-010391,KRAS,Small Molecule,KRAS,0,1,0,1,0,0,0,1,KRASm,metastatic
NCT07627711,Dual-Target CAR-NK Cells Targeting Mesothelin (MSLN) and MUC1 in Advanced Pancreatic Ductal Adenocarcinoma,PHASE1;PHASE2,Phase 2,RECRUITING,42,Beijing Biotech,Beijing Biotech,30,1,0,multi_experimental,2,eb-dnk101 dual-targeting car-nk cells (msln + muc1);eb-dnk102 dual-targeting car-nk cells (cldn18.2 + muc1);lymphodepleting chemotherapy (flu/cy),eb-dnk101 dual-targeting car-nk cells (msln + muc1);eb-dnk102 dual-targeting car-nk cells (cldn18.2 + muc1);lymphodepleting chemotherapy (flu/cy),MSLN,CAR-T,CLDN18.2;MSLN;MUC1;biomarker,1,1,0,0,0,0,0,0,,metastatic · adenoca. · measurable (RECIST)
NCT07629960,A First-in-Human Trial of BLU-924 (SAR449336) in Advanced Solid Tumors Harboring KRAS Mutations,PHASE1;PHASE2,Phase 2,RECRUITING,265,Blueprint Medicines Corporation,Blueprint Medicines,17,1,1,single_arm,1,blu-924,blu-924,KRAS,Small Molecule,KRAS,0,1,0,1,0,0,0,1,KRASm,metastatic · adenoca. · measurable (RECIST)
NCT07630961,Phase I Study of JFI447 [68Ga]Ga-DFC413 and Comparison to FFG233 [68Ga]Ga-NNS309 in Patients With Solid Tumors,PHASE1,Phase 1,RECRUITING,66,Novartis Pharmaceuticals,Novartis,836,1,1,multi_experimental,2,68ga-dfc413,68ga-dfc413;68ga-nns309,HER2,Radiopharmaceutical,HER2,0,1,0,0,0,0,0,0,,metastatic · ductal · measurable (RECIST)
NCT07640295,Study of JAB-23E73 in Combination With Chemotherapy in Participants With Metastatic PDAC Harboring KRAS Gene Alterations,PHASE1;PHASE2,Phase 2,RECRUITING,80,"Jacobio Pharmaceuticals Co., Ltd.",Jacobio Pharmaceuticals,13,1,0,single_arm,1,jab-23e73 tablet，nab-paclitaxel，gemcitabine,jab-23e73 tablet，nab-paclitaxel，gemcitabine,KRAS,,KRAS,0,1,0,1,0,1,0,1,KRASm,metastatic · 1st-line
NCT07644559,A Phase 2 Study of VS-7375 in Patients With KRAS G12D-Mutated Pancreatic Cancer,PHASE2,Phase 2,RECRUITING,180,"Verastem, Inc.",Verastem,25,1,0,multi_experimental,3,vs-7375,cetuximab;vs-7375,KRAS,Small Molecule,KRAS,0,1,0,1,0,1,0,1,KRASm,metastatic · 1st-line · measurable (RECIST) · ECOG 0
NCT07645651,"Samuraciclib for the Treatment of Patients With Resectable, Borderline Resectable, or Locally Advanced Basal Pancreatic Cancer",PHASE1,Phase 1,RECRUITING,15,University of Washington,University of Washington,74,0,0,single_arm,1,biospecimen collection;computed tomography;endoscopic ultrasound biopsy;samuraciclib,biospecimen collection;computed tomography;endoscopic ultrasound biopsy;samuraciclib,CDK4/6,Small Molecule,ER;HER2,0,1,0,0,0,0,1,0,,metastatic · 2nd-line+ · adenoca.
NCT07646106,THE-0504 in Patients With Solid Tumors,PHASE1,Phase 1,RECRUITING,30,Thena Biotech S.r.l.,Thena Biotech,1,1,0,single_arm,1,the-0504,the-0504,,,,0,1,0,0,0,0,0,0,,metastatic · adenoca.
NCT07650357,A Study of CLSP 5282 in HLA-A*03:01 Positive Adult Patients With Solid Tumors (SENTINEL-101),PHASE1,Phase 1,NOT_YET_RECRUITING,140,"Clasp Therapeutics, Inc.",Clasp Therapeutics,2,1,0,multi_experimental,2,clsp-5282,clsp-5282,KRAS,Bispecific Antibody,HLA-A*03:01;KRAS,1,1,0,1,0,0,0,1,KRASm,metastatic
NCT07656376,Clinical Trial of DN022150 Combined With AG Chemotherapy as First-line Treatment for Locally Advanced or Metastatic Pancreatic Cancer With KRAS G12D Mutation,PHASE2;PHASE3,Phase 3,NOT_YET_RECRUITING,465,"Jiangxi Kvvit Pharmaceutical Co., Ltd.",Jiangxi Kvvit Pharmaceutical,2,1,0,placebo_comparator,3,placebo+ag（stage ii）,dn022150+ag( stage i ）;dn022150+ag（stage ii）,KRAS,,KRAS,0,1,0,1,0,0,0,1,KRASm,metastatic · measurable (RECIST)
NCT07670312,Evaluation of XYA02 in Patients With Advanced Solid Tumors,PHASE1;PHASE2,Phase 2,NOT_YET_RECRUITING,190,"XYone Therapeutics, Inc",XYone Therapeutics,1,1,0,multi_experimental,2,xya02,xya02,MUC1,ADC,ALK;BRAF,1,1,0,0,0,0,1,0,,metastatic · 2nd-line+ · adenoca. · measurable (RECIST)
NCT07671339,"A Study of ELI-002 7P, With or Without Tislelizumab, in People With Pancreatic Cancer",PHASE1,Phase 1,RECRUITING,20,Memorial Sloan Kettering Cancer Center,Memorial Sloan Kettering Cancer Center,411,0,0,active_comparator,2,FOLFIRINOX;eli-002 7p,FOLFIRINOX;eli-002 7p;tislelizumab,PD-1,,KRAS;PD-L1,0,1,0,1,0,0,0,1,KRASm,metastatic · adenoca.
NCT07678593,A Study of GFH276 Combined With Cetuximab or Chemotherapy in Participants With Solid Tumors and Pancreatic Ductal Adenocarcinoma (PDAC) Harboring RAS Mutation,PHASE1;PHASE2,Phase 2,NOT_YET_RECRUITING,222,Genfleet Therapeutics (Shanghai) Inc.,Genfleet Therapeutics (Shanghai),15,1,0,multi_experimental,3,gfh276,cetuximab;fluorouracil;gemcitabine;gfh276;irinotecan;leucovorin;nab-paclitaxel;oxaliplatin,,,KRAS,0,1,0,1,0,0,0,1,KRASm,metastatic · measurable (RECIST)
NCT07689539,Trial of DN022150 Versus Chemotherapy in Previously Treated Advanced Pancreatic Cancer With KRAS G12D Mutation,PHASE3,Phase 3,NOT_YET_RECRUITING,360,"Jiangxi Kvvit Pharmaceutical Co., Ltd.",Jiangxi Kvvit Pharmaceutical,2,1,0,active_comparator,2,,dn022150,KRAS,,KRAS,0,0,0,1,0,0,0,1,KRASm,metastatic · measurable (RECIST)
NCT07698613,EGFR Targeted Photoimmunotherapy With ASP-1929 for Locally Advanced Pancreatic Cancer,PHASE1;PHASE2,Phase 2,NOT_YET_RECRUITING,30,Brown University,Brown University,22,0,0,single_arm,1,asp-1929 photoimmunotherapy,asp-1929 photoimmunotherapy,,ADC,,1,1,0,0,0,0,0,0,,metastatic · adenoca.
NCT07699757,HSK41959 With Standard Therapy in Solid Tumors With MTAP Deletion,PHASE1,Phase 1,NOT_YET_RECRUITING,258,"Haisco Pharmaceutical Group Co., Ltd.",Haisco Pharmaceutical,10,1,0,multi_experimental,4,hsk41959,docetaxel;hsk41959;nab-paclitaxel + carboplatin;nab-paclitaxel + gemcitabine;paclitaxel + carboplatin;pemetrexed + cisplatin /carboplatin;sintilimab,MTAP,Small Molecule,ALK;BRAF;HER2;KRAS;MET;MTAP;NTRK;RET;ROS1;biomarker,0,1,0,1,0,0,0,1,KRASm,metastatic · measurable (RECIST)
NCT07701486,A Study of More Frequent Dosing of VCN-01 Combined With Standard Chemotherapy in Patients With Newly Diagnosed Metastatic Pancreatic Cancer,PHASE1;PHASE2,Phase 2,RECRUITING,6,Theriva Biologics SL,Theriva Biologics SL,4,1,0,single_arm,1,nab-paclitaxel + gemcitabine;vcn-01 oncolytic adenovirus (zabilugene almadenorepvec),nab-paclitaxel + gemcitabine;vcn-01 oncolytic adenovirus (zabilugene almadenorepvec),,Oncolytic Virus,,1,1,0,0,0,1,0,0,,metastatic · 1st-line · adenoca. · measurable (RECIST)
NCT07702292,[68Ga]BED003 PET Imaging of Fibroblast Activation Protein in Selected Oncology Indications,PHASE2,Phase 2,RECRUITING,71,Blue Earth Diagnostics,Blue Earth Diagnostics,11,1,0,single_arm,1,[68ga]bed003,[68ga]bed003,,,,0,1,0,0,0,1,0,0,,neoadjuvant · 1st-line · ductal
NCT07705334,"A Study of SHY-ONC6, a Novel Proteasome Inhibitor, in Adults With Advanced or Metastatic Solid Tumors",PHASE1,Phase 1,RECRUITING,30,SHY Therapeutics,SHY Therapeutics,1,1,0,single_arm,1,shy-onc6,shy-onc6,,Cell Therapy,,1,1,0,0,0,0,0,0,,metastatic · squamous · measurable (RECIST)
NCT07707674,Phase I Open-Label Randomized Multicenter Study of XNW28012 Monotherapy in Metastatic Pancreatic Cancer,PHASE1,Phase 1,NOT_YET_RECRUITING,24,Evopoint Biosciences Inc.,Evopoint Biosciences,13,1,0,multi_experimental,2,xnw28012,xnw28012,,ADC,,1,1,0,0,0,0,0,0,,metastatic · ECOG 2
NCT07711067,"A Study Comparing Whole-Body Heat Treatment Plus Systemic Therapy to Systemic Therapy Alone, for Advanced Pancreatic Cancer",PHASE2;PHASE3,Phase 3,NOT_YET_RECRUITING,95,ElmediX,ElmediX,2,1,0,active_comparator,2,standard-of-care systemic therapy,device: whole-body hyperthermia;standard-of-care systemic therapy,,,biomarker,0,1,0,0,0,1,1,0,,metastatic · 1st-line · adenoca. · measurable (RECIST)
NCT07733674,Study of 203Pb-RMX-VH-PIB Dosimetry and Biodistribution in Patients With Glioblastoma Multiform (GBM) and Pancreatic Ductal Adenocarcinoma (PDAC),PHASE1,Phase 1,RECRUITING,20,"Radiomedix, Inc.",Radiomedix,2,1,0,single_arm,1,203pb-rmx-vhpib injection;diagnostic test: spect/ct imaging,203pb-rmx-vhpib injection;diagnostic test: spect/ct imaging,,Radiopharmaceutical,,0,1,0,0,0,0,0,0,,recurrent
NCT07738939,IKS04 Regimen in Advanced Solid Tumors That Express CA242,PHASE1,Phase 1,NOT_YET_RECRUITING,120,Iksuda Therapeutics Ltd.,Iksuda Therapeutics,3,1,0,multi_experimental,5,iks04 antibody drug conjugate adc + isumab04 monoclonal antibody,iks04 antibody drug conjugate adc + isumab04 monoclonal antibody,,ADC,,1,1,0,0,0,0,0,0,,metastatic · measurable (RECIST)
NCT07752875,A Study of LG00313112 in Participants With Advanced Solid Malignancies Harboring a TP53 Y220C Mutation,PHASE1;PHASE2,Phase 2,NOT_YET_RECRUITING,250,LG Chem,LG Chem,2,1,0,single_arm,1,lg00313112,lg00313112,,,,0,1,0,0,0,0,1,0,,metastatic · 2nd-line+ · measurable (RECIST)
NCT07756281,First in Human Study of SNV1521 With a RAS Inhibitor for People With Advanced Pancreatic Cancer,PHASE1,Phase 1,NOT_YET_RECRUITING,40,"Synnovation Therapeutics, Inc.",Synnovation Therapeutics,2,1,0,single_arm,1,daraxonrasib;snv1521,daraxonrasib;snv1521,,Small Molecule,,0,1,0,0,0,0,0,0,,
NCT07765836,Vilastobart+Retifanlimab in BRCA or PALB2 Deficient PC,PHASE2,Phase 2,NOT_YET_RECRUITING,40,Massachusetts General Hospital,Massachusetts General Hospital,170,0,0,single_arm,1,retifanlimab;vilastobart (xtx101),retifanlimab;vilastobart (xtx101),PD-1,,KRAS;PD-L1;genomic,0,1,0,1,0,0,0,1,KRASm,metastatic · adenoca. · measurable (RECIST)
NCT07769502,A Study to Assess Adverse Events and Change in Disease Activity With Treatment Combinations With Telisotuzumab Adizutecan in Adults Participants With Pancreatobiliary Cancers,PHASE2,Phase 2,NOT_YET_RECRUITING,168,AbbVie,AbbVie,274,1,1,active_comparator,4,gemcitabine;nab-paclitaxel,gemcitabine;telisotuzumab adizutecan,MET,ADC,MET,1,1,0,0,0,0,0,0,,measurable (RECIST)
NCT07777211,A Phase I/IIa Study of GKL-006 Injection in Patients With Advanced Pancreatic Cancer,PHASE1;PHASE2,Phase 2,ACTIVE_NOT_RECRUITING,52,"Beijing Gene Key Life Technology Co., Ltd",Beijing Gene Key Life Technology,4,1,0,active_comparator,4,nab-paclitaxel and gemcitabine,gkl-006 injection;nab-paclitaxel and gemcitabine,,,,0,1,0,0,0,0,0,0,,metastatic · adenoca. · measurable (RECIST) · ECOG 0
NCT07781852,Evaluation of the Distribution of 64Cu/68Ga Labeled CM500 in Healthy Volunteers and Patients With Cancer,EARLY_PHASE1,Phase 1,NOT_YET_RECRUITING,40,Lumina Pharmaceuticals Inc,Lumina Pharmaceuticals,1,1,0,active_comparator,4,[64cu]cm500;[68ga]cm500;blood collection;device: pet/ct;device: pet/mr,[64cu]cm500;[68ga]cm500;blood collection;device: pet/ct;device: pet/mr,,Peptide,,0,1,0,0,0,0,0,0,,metastatic
NCT07784374,A Phase II Study of GFH375 Combined With GFS202A or GFH276 Versus GFH375 Monotherapy in Patients With Previously Treated Locally Advanced Unresectable or Metastatic Pancreatic Cancer Harboring KRAS G12D Mutation,PHASE2,Phase 2,NOT_YET_RECRUITING,120,Genfleet Therapeutics (Shanghai) Inc.,Genfleet Therapeutics (Shanghai),15,1,0,multi_experimental,3,gfh375,gfh276;gfh375;gfs202a,KRAS,,KRAS,0,1,0,1,0,0,0,1,KRASm,metastatic · adenoca. · measurable (RECIST)
NCT07803783,A Study to Compare the Efficacy and Safety of YL201 With Standard Chemotherapy in Patients With Metastatic Pancreatic Cancer After Failure of Gemcitabine-Based Systemic Chemotherapy,PHASE3,Phase 3,NOT_YET_RECRUITING,320,"MediLink Therapeutics (Suzhou) Co., Ltd.",MediLink Therapeutics (Suzhou),23,1,0,active_comparator,2,5 fluorouracil;leucovorin;liposomal irinotecan,tambotatug pelitecan,,Cell Therapy,MET,1,1,0,0,0,0,0,0,,metastatic · adenoca. · measurable (RECIST) · ECOG 0
NCT07805954,Study of Zoldonrasib (RMC-9805) Plus Daraxonrasib (RMC-6236) Versus Gemcitabine and Nab-Paclitaxel as First-Line Treatment in Metastatic KRAS G12D-Mutated Pancreatic Adenocarcinoma,PHASE3,Phase 3,RECRUITING,400,"Revolution Medicines, Inc.",Revolution Medicines,19,1,0,multi_experimental,2,,daraxonrasib;gemcitabine;nab-paclitaxel;zoldonrasib,KRAS,Small Molecule,KRAS,0,1,0,1,0,0,1,1,KRASm,metastatic · 2nd-line+ · adenoca. · measurable (RECIST)
NCT07806058,"An Open-Label, Multicenter, Phase IB/II Clinical Study of HRS-7172 in Combination With Antitumor Therapy in Participants With Solid Tumors",PHASE1;PHASE2,Phase 2,NOT_YET_RECRUITING,140,"Jiangsu HengRui Medicine Co., Ltd.",Hengrui,312,1,0,multi_experimental,8,,hrs-717 + hrs-4642+shr-1316;;hrs-717 + hrs-4642;;hrs-7172 + ag + shr-1316;hrs-7172 + ag + shr-1316;;hrs-7172 + ag;,,,,0,1,0,0,0,0,1,0,,metastatic · 2nd-line+ · squamous · measurable (RECIST)
NCT07807956,"A Study to Assess Adverse Events, Change in Disease Activity and How Intravenous ABBV-253 Moves Through the Body in Adult Participants With Advanced Solid Tumors",PHASE1,Phase 1,NOT_YET_RECRUITING,130,AbbVie,AbbVie,274,1,1,multi_experimental,4,abbv-253,abbv-253,,,,0,1,0,0,0,0,0,0,,metastatic · adenoca. · measurable (RECIST)
NCT07812805,SKL35501 With SKL35502 Imaging in Adults With NTSR1 Positive Advanced Solid Tumors,PHASE1,Phase 1,RECRUITING,100,"SK Life Science, Inc.",SK Life Science,2,1,0,multi_experimental,2,diagnostic test: skl35502;skl35501,diagnostic test: skl35502;skl35501,,Small Molecule,MSI;MSI-H;dMMR,0,1,0,0,1,0,1,1,MSI-H/dMMR,metastatic · 2nd-line+ · squamous · measurable (RECIST)
NCT07814066,"A Multicenter, Open-label, Phase II Umbrella Study to Evaluate the Efficacy and Safety of the Investigational Product in Participants With Advanced or Metastatic Pancreatic Cancer",PHASE2,Phase 2,NOT_YET_RECRUITING,30,"Sichuan Kelun-Biotech Biopharmaceutical Co., Ltd.",Kelun,50,1,0,single_arm,1,skb571,skb571,,,,0,1,0,0,0,0,0,0,,metastatic · measurable (RECIST)
