nct_id,brief_title,phase,phase_simple,overall_status,enrollment,lead_sponsor,company,sponsor_scale,is_industry,is_big_pharma,arm_structure,n_arms,comparator_B,experimental_A,targets,modalities,biomarkers_pipeline,tme_relevant,is_combination,AR,BRCA/HRR,PSMA,MSI-H/dMMR,first_line,later_line,biomarker_selected
NCT00223145,Study on the Role of Hormonal Treatment for Two Dosage Levels of Prostate Radiation Therapy Versus Prostate Radiation Therapy Alone,PHASE3,Phase 3,ACTIVE_NOT_RECRUITING,600,Abdenour Nabid,Abdenour Nabid,1,0,1,active_comparator,3,radiotherapy 76 gy,androgen blockade;radiotherapy 70 gy;radiotherapy 76 gy,AR,Small Molecule,PSA,0,1,0,0,0,0,0,0,0
NCT00223171,Duration of Androgen Blockade Combined With Pelvic Irradiation in Prostate Cancers,PHASE3,Phase 3,ACTIVE_NOT_RECRUITING,630,Université de Sherbrooke,Université de Sherbrooke,1,0,1,active_comparator,2,androgen blockade + radiation therapy,androgen blockade + radiation therapy,,,,0,1,0,0,0,0,0,0,0
NCT00329043,Sunitinib Malate With Hormonal Ablation for Patients Who Will Have Prostatectomy,PHASE2,Phase 2,ACTIVE_NOT_RECRUITING,64,M.D. Anderson Cancer Center,M.D. Anderson Cancer Center,697,0,1,single_arm,1,lhrh agonist;radical prostatectomy;sunitinib malate,lhrh agonist;radical prostatectomy;sunitinib malate,LHRH,Peptide,,0,1,0,0,0,0,0,0,0
NCT01436968,Phase 3 Study of ProstAtak® Immunotherapy With Standard Radiation Therapy for Localized Prostate Cancer,PHASE3,Phase 3,ACTIVE_NOT_RECRUITING,711,"Candel Therapeutics, Inc.",Candel Therapeutics,12,1,0,placebo_comparator,2,placebo + valacyclovir,aglatimagene besadenovec + valacyclovir,HSV-1,Oncolytic Virus,,1,1,0,0,0,0,0,0,0
NCT01688492,Combining Ipilimumab With Abiraterone Acetate Plus Prednisone in Chemotherapy and Immunotherapy-naïve Patients With Progressive Metastatic Castration-resistant Prostate Cancer,PHASE1;PHASE2,Phase 2,ACTIVE_NOT_RECRUITING,54,Memorial Sloan Kettering Cancer Center,Memorial Sloan Kettering Cancer Center,411,0,1,single_arm,1,ipilimumab,ipilimumab,CTLA-4,Monoclonal Antibody,PD-L1,1,1,0,0,0,0,0,0,0
NCT01946204,A Study of Apalutamide (ARN-509) in Men With Non-Metastatic Castration-Resistant Prostate Cancer,PHASE3,Phase 3,ACTIVE_NOT_RECRUITING,1207,"Aragon Pharmaceuticals, Inc.",Aragon Pharmaceuticals,10,1,0,placebo_comparator,2,,apalutamide,AR,Small Molecule,PSA,0,0,0,0,0,0,0,0,0
NCT01952223,A Phase III of Cabazitaxel and Pelvic Radiotherapy in Localized Prostate Cancer and High-risk Features of Relapse,PHASE3,Phase 3,ACTIVE_NOT_RECRUITING,761,UNICANCER,UNICANCER,64,0,1,active_comparator,4,prostate radiotherapy,cabazitaxel;pelvic radiotherapy;prostate radiotherapy,TUBB3,Small Molecule,,0,1,0,0,0,0,0,0,0
NCT01957436,A Phase III Study for Patients With Metastatic Hormone-naïve Prostate Cancer,PHASE3,Phase 3,ACTIVE_NOT_RECRUITING,1173,UNICANCER,UNICANCER,64,0,1,active_comparator,4,androgen deprivation therapy;docetaxel,abiraterone acetate;androgen deprivation therapy;docetaxel;radiotherapy,CYP17A1,Small Molecule,ALK,0,1,0,0,0,0,0,1,0
NCT01990196,Neoadjuvant Phase 2 Study Comparing the Effects of AR Inhibition With/Without SRC or MEK Inhibition in Prostate Cancer,PHASE2,Phase 2,ACTIVE_NOT_RECRUITING,45,Jonsson Comprehensive Cancer Center,Jonsson Comprehensive Cancer Center,117,0,1,active_comparator,3,dasatinib;degarelix;enzalutamide;trametinib,,MEK,Small Molecule,BRAF,0,1,0,0,0,0,0,1,0
NCT02023463,"Enzalutamide, Radiation Therapy and Hormone Therapy in Treating Patients With Intermediate or High-Risk Prostate Cancer",PHASE1,Phase 1,ACTIVE_NOT_RECRUITING,25,Thomas Jefferson University,Thomas Jefferson University,22,0,1,single_arm,1,enzalutamide;goserelin acetate;leuprolide acetate;radiation therapy,enzalutamide;goserelin acetate;leuprolide acetate;radiation therapy,AR,Small Molecule,,0,1,0,0,0,0,0,0,0
NCT02123758,A Study of JNJ-56021927 (ARN-509) and Abiraterone Acetate in Participants With Metastatic Castration-Resistant Prostate Cancer,PHASE1,Phase 1,ACTIVE_NOT_RECRUITING,57,"Aragon Pharmaceuticals, Inc.",Aragon Pharmaceuticals,10,1,0,multi_experimental,2,abiraterone acetate;jnj-56021927,abiraterone acetate;jnj-56021927,AR,Small Molecule,,0,1,0,0,0,0,0,0,0
NCT02194842,Phase III Radium 223 mCRPC-PEACE III,PHASE3,Phase 3,ACTIVE_NOT_RECRUITING,446,European Organisation for Research and Treatment of Cancer - EORTC,European Organisation for Research and Treatment of Cancer - EORTC,38,0,1,active_comparator,2,enzalutamide,enzalutamide;ra223,,Radiopharmaceutical,,0,1,0,0,1,0,0,0,1
NCT02257736,An Efficacy and Safety Study of Apalutamide (JNJ-56021927) in Combination With Abiraterone Acetate and Prednisone Versus Abiraterone Acetate and Prednisone in Participants With Chemotherapy-naive Metastatic Castration-resistant Prostate Cancer (mCRPC),PHASE3,Phase 3,ACTIVE_NOT_RECRUITING,982,"Aragon Pharmaceuticals, Inc.",Aragon Pharmaceuticals,10,1,0,placebo_comparator,2,abiraterone acetate,abiraterone acetate;apalutamide,AR,Small Molecule,PSA,0,1,0,0,0,0,0,1,0
NCT02312557,Pembrolizumab in Treating Patients With Metastatic Castration Resistant Prostate Cancer Previously Treated With Enzalutamide,PHASE2,Phase 2,ACTIVE_NOT_RECRUITING,58,OHSU Knight Cancer Institute,OHSU Knight Cancer Institute,48,0,1,single_arm,1,enzalutamide;laboratory biomarker analysis;pembrolizumab,enzalutamide;laboratory biomarker analysis;pembrolizumab,PD-1,Monoclonal Antibody,PD-L1,1,1,0,0,0,0,0,0,0
NCT02319837,Safety and Efficacy Study of Enzalutamide Plus Leuprolide in Patients With Nonmetastatic Prostate Cancer (EMBARK),PHASE3,Phase 3,ACTIVE_NOT_RECRUITING,1068,Pfizer,Pfizer,687,1,1,active_comparator,3,placebo (no longer applicable in open label study period),enzalutamide;leuprolide open label,AR,Small Molecule,,0,1,0,0,0,0,0,0,0
NCT02446405,Enzalutamide in First Line Androgen Deprivation Therapy for Metastatic Prostate Cancer,PHASE3,Phase 3,ACTIVE_NOT_RECRUITING,1125,University of Sydney,University of Sydney,3,0,1,active_comparator,2,lhrha or surgical castration;nsaa,enzalutamide;lhrha or surgical castration,AR,Small Molecule,,0,1,0,0,0,0,1,0,0
NCT02452008,Study of TGF-β Receptor Inhibitor Galunisertib (LY2157299) and Enzalutamide in Metastatic Castration-resistant Prostate Cancer,PHASE2,Phase 2,ACTIVE_NOT_RECRUITING,60,Sidney Kimmel Comprehensive Cancer Center at Johns Hopkins,Sidney Kimmel Comprehensive Cancer Center at Johns Hopkins,160,0,1,multi_experimental,2,enzalutamide,enzalutamide;ly2157299,TGFBR1,Small Molecule,,0,1,0,0,0,0,0,1,0
NCT02489318,"A Study of Apalutamide (JNJ-56021927, ARN-509) Plus Androgen Deprivation Therapy (ADT) Versus ADT in Participants With mHSPC",PHASE3,Phase 3,ACTIVE_NOT_RECRUITING,1052,"Aragon Pharmaceuticals, Inc.",Aragon Pharmaceuticals,10,1,0,multi_experimental,2,androgen deprivation therapy (adt),androgen deprivation therapy (adt);apalutamide,AR,Small Molecule,PSA,0,1,0,0,0,0,0,0,0
NCT02531516,An Efficacy and Safety Study of JNJ-56021927 (Apalutamide) in High-risk Prostate Cancer Subjects Receiving Primary Radiation Therapy: ATLAS,PHASE3,Phase 3,ACTIVE_NOT_RECRUITING,1503,"Aragon Pharmaceuticals, Inc.",Aragon Pharmaceuticals,10,1,0,active_comparator,2,74-80 grays (units of radiation);apalutamide placebo;bicalutamide;gnrh (agonist),74-80 grays (units of radiation);apalutamide;bicalutamide placebo;gnrh (agonist),AR,Small Molecule,PSA,0,1,0,0,0,0,0,0,0
NCT02592317,A Study to Evaluate the Effect of Multiple Doses of JNJ-56021927 on the Pharmacokinetics of Multiple Cytochrome P450 and Transporter Substrates in Participants With Castration-Resistant Prostate Cancer,PHASE1,Phase 1,ACTIVE_NOT_RECRUITING,23,"Aragon Pharmaceuticals, Inc.",Aragon Pharmaceuticals,10,1,0,single_arm,1,drug cocktail;jnj 56021927;pioglitazone;rosuvastatin,drug cocktail;jnj 56021927;pioglitazone;rosuvastatin,,,,0,1,0,0,0,0,0,0,0
NCT02768363,Randomized Controlled Trial of CAN-2409 Immunotherapy During Active Surveillance for Prostate Cancer (ULYSSES),PHASE2,Phase 2,ACTIVE_NOT_RECRUITING,187,"Candel Therapeutics, Inc.",Candel Therapeutics,12,1,0,active_comparator,2,aglatimagene besadenovec;valacyclovir,,TK,Oncolytic Virus,,1,1,0,0,0,0,0,0,0
NCT02861573,Study of Pembrolizumab (MK-3475) Combination Therapies in Metastatic Castration-Resistant Prostate Cancer (MK-3475-365/KEYNOTE-365),PHASE1;PHASE2,Phase 2,ACTIVE_NOT_RECRUITING,1200,Merck Sharp & Dohme LLC,Merck (MSD),649,1,1,multi_experimental,12,,abiraterone acetate;belzutifan;carboplatin;docetaxel;enzalutamide;etoposide;lenvatinib;olaparib;pembrolizumab;pembrolizumab/vibostolimab coformulation,PD-1,Monoclonal Antibody,PD-L1,1,1,0,0,0,0,0,1,0
NCT02881242,Trametinib in Treating Patients With Progressive Metastatic Hormone-Resistant Prostate Cancer,PHASE2,Phase 2,ACTIVE_NOT_RECRUITING,14,Jonsson Comprehensive Cancer Center,Jonsson Comprehensive Cancer Center,117,0,1,single_arm,1,laboratory biomarker analysis;quality-of-life assessment;trametinib,laboratory biomarker analysis;quality-of-life assessment;trametinib,MEK,Small Molecule,BRAF,0,1,0,0,0,0,0,0,0
NCT02905318,Palbociclib in Patients With Metastatic Castration-Resistant Prostate Cancer,PHASE2,Phase 2,ACTIVE_NOT_RECRUITING,19,Canadian Cancer Trials Group,Canadian Cancer Trials Group,48,0,1,single_arm,1,palbociclib,palbociclib,CDK4/6,Small Molecule,ER;HER2;PR,0,1,0,0,0,0,0,0,0
NCT02923180,Neoadjuvant Enoblituzumab (MGA271) in Men With Localized Intermediate and High-Risk Prostate Cancer,PHASE2,Phase 2,ACTIVE_NOT_RECRUITING,33,Sidney Kimmel Comprehensive Cancer Center at Johns Hopkins,Sidney Kimmel Comprehensive Cancer Center at Johns Hopkins,160,0,0,single_arm,1,enoblituzumab,enoblituzumab,PD-1,Bispecific Antibody,PD-L1,1,1,0,0,0,0,0,0,0
NCT02960022,A Study for Subjects With Prostate Cancer Who Previously Participated in an Enzalutamide Clinical Study,PHASE2,Phase 2,ACTIVE_NOT_RECRUITING,900,"Astellas Pharma Global Development, Inc.",Astellas,171,1,1,multi_experimental,3,enzalutamide,abiraterone acetate;enzalutamide;leuprolide acetate,AR,Small Molecule,MET,0,1,0,0,0,0,0,0,0
NCT02972060,ODM-201 vs Androgen Deprivation Therapy in Hormone naïve Prostate Cancer,PHASE2,Phase 2,ACTIVE_NOT_RECRUITING,61,European Organisation for Research and Treatment of Cancer - EORTC,European Organisation for Research and Treatment of Cancer - EORTC,38,0,1,active_comparator,2,adt,odm-201,,Small Molecule,,0,1,1,0,0,0,0,0,1
NCT03012321,"Abiraterone/Prednisone, Olaparib, or Abiraterone/Prednisone + Olaparib in Patients With Metastatic Castration-Resistant Prostate Cancer With DNA Repair Defects",PHASE2,Phase 2,ACTIVE_NOT_RECRUITING,70,Northwestern University,Northwestern University,72,0,1,active_comparator,4,abiraterone acetate;olaparib,,PARP,Small Molecule,AR;BRCA1;BRCA2;biomarker,0,1,0,0,0,0,0,0,0
NCT03061539,Nivolumab and Ipilimumab Treatment in Prostate Cancer With an Immunogenic Signature,PHASE2,Phase 2,ACTIVE_NOT_RECRUITING,380,"University College, London","University College, London",51,0,1,multi_experimental,2,nivolumab & ipilimumab,nivolumab & ipilimumab,CTLA-4,Monoclonal Antibody,PD-L1;biomarker,1,1,0,0,0,0,0,0,0
NCT03067051,Clinical Study to Assess the Safety and Efficacy of the SpectraCure P18 System,PHASE1;PHASE2,Phase 2,RECRUITING,66,SpectraCure AB,SpectraCure,2,1,0,single_arm,1,device: spectracure p18 system;verteporfin,device: spectracure p18 system;verteporfin,YAP1,Small Molecule,,0,1,0,0,1,0,0,0,1
NCT03170960,Study of Cabozantinib Alone or in Combination With Atezolizumab to Subjects With Locally Advanced or Metastatic Solid Tumors,PHASE1,Phase 1,ACTIVE_NOT_RECRUITING,914,Exelixis,Exelixis,52,1,0,multi_experimental,25,,atezolizumab;cabozantinib,MET,Small Molecule,PD-L1,0,1,0,0,0,0,0,0,0
NCT03230734,Sequencing of Radium-223 and Docetaxel in Symptomatic Bone-only Metastatic Castration-resistant Prostate Cancer,PHASE2,Phase 2,ACTIVE_NOT_RECRUITING,70,Istituto Romagnolo per lo Studio dei Tumori Dino Amadori IRST S.r.l. IRCCS,Istituto Romagnolo per lo Studio dei Tumori Dino Amadori IRST S.r.l. IRCCS,4,0,1,multi_experimental,2,docetaxel;radium-223,docetaxel;radium-223,,Radiopharmaceutical,,0,1,0,0,0,0,0,0,0
NCT03246347,"A Trial of Androgen Deprivation, Docetaxel, and Enzalutamide for Metastatic Prostate Cancer",PHASE2,Phase 2,ACTIVE_NOT_RECRUITING,40,Wake Forest University Health Sciences,Wake Forest University Health Sciences,31,0,1,single_arm,1,adt+docetaxel+enzalutamide,adt+docetaxel+enzalutamide,Androgen Receptor,Small Molecule,AR-V7;CTC,0,1,0,0,0,0,0,0,0
NCT03333616,Nivolumab Combined With Ipilimumab for Patients With Advanced Rare Genitourinary Tumors,PHASE2,Phase 2,ACTIVE_NOT_RECRUITING,100,Dana-Farber Cancer Institute,Dana-Farber Cancer Institute,326,0,1,single_arm,1,ipilimumab;nivolumab,ipilimumab;nivolumab,CTLA-4,Monoclonal Antibody,PD-L1,1,1,0,0,0,0,0,1,0
NCT03348670,Pharmacogenomics IND Commercial SNP Clinical Study - Abiraterone and Single Nucleotide Polymorphisms,PHASE2;PHASE3,Phase 3,ACTIVE_NOT_RECRUITING,600,"Han Xu, M.D., Ph.D., FAPCR, Sponsor-Investigator, IRB Chair","Han Xu, M.D., Ph.D., FAPCR, Sponsor-Investigator, IRB Chair",5,1,0,multi_experimental,2,,abiraterone - study;abiraterone - usual,CYP17A1,Small Molecule,,0,1,0,0,0,0,0,0,0
NCT03392181,PET/MRI for the Staging of Newly Diagnosed Prostate Cancer,EARLY_PHASE1,Phase 1,ACTIVE_NOT_RECRUITING,48,Northwestern University,Northwestern University,72,0,0,single_arm,1,18f-dcfpyl,18f-dcfpyl,PSMA,Radiopharmaceutical,PSMA,0,1,0,0,0,0,0,0,0
NCT03431350,A Study of Niraparib Combination Therapies for the Treatment of Metastatic Castration-Resistant Prostate Cancer,PHASE2,Phase 2,ACTIVE_NOT_RECRUITING,136,"Janssen Research & Development, LLC",Johnson & Johnson,363,1,1,multi_experimental,4,niraparib,abiraterone acetate;cetrelimab;niraparib,PARP,Small Molecule,BRCA1;BRCA2;HRD,0,1,0,0,0,0,0,0,0
NCT03436485,Safety and Pharmacokinetics of ODM-208 in Patients With Metastatic Castration-resistant Prostate Cancer,PHASE1;PHASE2,Phase 2,ACTIVE_NOT_RECRUITING,204,"Orion Corporation, Orion Pharma","Orion Corporation, Orion Pharma",11,1,0,multi_experimental,3,odm-208,midazolam;odm-208,CYP11A1,Small Molecule,"AR;AR mutations (L702H, T878A, H875Y)",0,1,1,0,0,0,0,0,1
NCT03444844,Biodistribution and Dosimetry of Ga-68 P16-093 in Prostate Cancer,PHASE1;PHASE2,Phase 2,ACTIVE_NOT_RECRUITING,60,"Five Eleven Pharma, Inc.",Five Eleven Pharma,4,1,0,multi_experimental,2,ga-68 p16-093 pet/ct scan,ga-68 p16-093 pet/ct scan,,,,0,1,0,0,0,0,0,0,0
NCT03460977,"A Study of Mevrometostat for Treatment of Relapsed/Refractory SCLC, Castration Resistant Prostate Cancer, and Follicular Lymphoma",PHASE1,Phase 1,RECRUITING,453,Pfizer,Pfizer,687,1,1,multi_experimental,10,mervometostat (pf-06821497),enzalutamide;itraconazole;mervometostat (pf-06821497),EZH2,Small Molecule,H3K27ME3;IDH1,0,1,0,0,0,0,0,0,0
NCT03471650,Study of PSMA-targeted 18F-DCFPyL PET/CT for the Detection of Clinically Significant Prostate Cancer,PHASE2,Phase 2,ACTIVE_NOT_RECRUITING,150,Sidney Kimmel Comprehensive Cancer Center at Johns Hopkins,Sidney Kimmel Comprehensive Cancer Center at Johns Hopkins,160,0,0,single_arm,1,18f-dcfpyl injection,18f-dcfpyl injection,PSMA,Radiopharmaceutical,PSMA,0,1,0,0,0,0,0,0,0
NCT03495427,PSMA-PET Imaging for Detecting Early Metastatic Prostate Cancer in Men w/ High Decipher Test Scores,PHASE2;PHASE3,Phase 3,RECRUITING,60,H. Lee Moffitt Cancer Center and Research Institute,H. Lee Moffitt Cancer Center and Research Institute,228,0,0,single_arm,1,diagnostic test: psma pet;f-dcfpyl injection,diagnostic test: psma pet;f-dcfpyl injection,PSMA,Radiopharmaceutical,PSMA;genomic,0,1,0,0,0,0,0,0,0
NCT03523442,A Study of Androgen Receptor (AR) Antagonist Apalutamide in Chinese Participants With Metastatic Castration-Resistant Prostate Cancer,PHASE1,Phase 1,ACTIVE_NOT_RECRUITING,19,"Janssen Research & Development, LLC",Johnson & Johnson,363,1,1,single_arm,1,apalutamide,apalutamide,AR,Small Molecule,PSA,0,1,0,0,0,0,0,0,0
NCT03525262,Prostate Oncologic Therapy While Ensuring Neurovascular Conservation (POTEN-C),PHASE2,Phase 2,ACTIVE_NOT_RECRUITING,124,University of Texas Southwestern Medical Center,University of Texas Southwestern Medical Center,48,0,0,multi_experimental,2,30gy (gray) planning target volume (ptv),30gy (gray) planning target volume (ptv),,,,0,1,0,0,0,0,0,0,0
NCT03525288,PSMA-PET Guided Radiotherapy,PHASE2;PHASE3,Phase 3,ACTIVE_NOT_RECRUITING,130,Centre hospitalier de l'Université de Montréal (CHUM),Centre hospitalier de l'Université de Montréal (CHUM),14,0,0,active_comparator,2,standard-care simulation,psma -pet/ct simulation,PSMA,Radiopharmaceutical,PSMA,0,1,0,0,0,0,0,0,0
NCT03541850,Stereotactic Body Radiation Therapy in Treating Patients With Localized Prostate Cancer That Have Undergone Surgery,PHASE2,Phase 2,ACTIVE_NOT_RECRUITING,92,Jonsson Comprehensive Cancer Center,Jonsson Comprehensive Cancer Center,117,0,0,single_arm,1,antiandrogen therapy;quality-of-life assessment;stereotactic body radiation therapy,antiandrogen therapy;quality-of-life assessment;stereotactic body radiation therapy,AR,Small Molecule,PSA,0,1,0,0,0,0,0,0,0
NCT03543189,Combination of Nivolumab Immunotherapy With Radiation Therapy and Androgen Deprivation Therapy,PHASE1;PHASE2,Phase 2,COMPLETED,44,H. Lee Moffitt Cancer Center and Research Institute,H. Lee Moffitt Cancer Center and Research Institute,228,0,1,single_arm,1,androgen deprivation therapy;brachytherapy;external beam radiation therapy;nivolumab,androgen deprivation therapy;brachytherapy;external beam radiation therapy;nivolumab,PD-1,Monoclonal Antibody,CD30;PD-L1,1,1,0,0,0,0,1,0,0
NCT03574571,A Study to Test Radium-223 With Docetaxel in Patients With Prostate Cancer,PHASE3,Phase 3,ACTIVE_NOT_RECRUITING,732,Memorial Sloan Kettering Cancer Center,Memorial Sloan Kettering Cancer Center,411,0,1,multi_experimental,2,docetaxel,docetaxel;radium-223,,Radiopharmaceutical,,0,1,0,0,0,0,0,0,0
NCT03582475,Pembrolizumab With Combination Chemotherapy in Treating Participants With Locally Advanced or Metastatic Small Cell/Neuroendocrine Cancers of Urothelium or Prostate,PHASE1,Phase 1,ACTIVE_NOT_RECRUITING,15,Jonsson Comprehensive Cancer Center,Jonsson Comprehensive Cancer Center,117,0,1,single_arm,1,carboplatin;cisplatin;docetaxel;etoposide;pembrolizumab,carboplatin;cisplatin;docetaxel;etoposide;pembrolizumab,PD-1,Monoclonal Antibody,MET;PD-L1,1,1,0,0,0,0,0,1,0
NCT03600350,pTVG-HP and Nivolumab in Patients With Non-Metastatic PSA-Recurrent Prostate Cancer,PHASE2,Phase 2,ACTIVE_NOT_RECRUITING,19,"University of Wisconsin, Madison","University of Wisconsin, Madison",61,0,1,single_arm,1,gm-csf;nivolumab;ptvg-hp,gm-csf;nivolumab;ptvg-hp,PD-1,Monoclonal Antibody,CD30,1,1,0,0,1,0,0,1,1
NCT03637543,Nivolumab in Patients With High-Risk Biochemically Recurrent Prostate Cancer,PHASE2,Phase 2,ACTIVE_NOT_RECRUITING,29,Beth Israel Deaconess Medical Center,Beth Israel Deaconess Medical Center,28,0,1,multi_experimental,2,nivolumab,nivolumab,PD-1,Monoclonal Antibody,CD30,1,1,0,0,0,0,0,0,0
NCT03673787,A Trial of Ipatasertib in Combination With Atezolizumab,PHASE1;PHASE2,Phase 2,ACTIVE_NOT_RECRUITING,87,"Institute of Cancer Research, United Kingdom","Institute of Cancer Research, United Kingdom",24,0,1,multi_experimental,2,atezolizumab;ipatasertib,atezolizumab;ipatasertib,AKT1,Small Molecule,PD-L1;biomarker;biomarker analysis,0,1,0,0,0,0,0,1,0
NCT03682289,Ceralasertib (AZD6738) Alone and in Combination With Olaparib or Durvalumab in Patients With Solid Tumors,PHASE2,Phase 2,ACTIVE_NOT_RECRUITING,83,Rahul Aggarwal,Rahul Aggarwal,7,0,1,multi_experimental,3,ceralasertib,ceralasertib;durvalumab;olaparib,ATM,Small Molecule,BRCA1;BRCA2;HRR;MET;MMR;MSI,0,1,0,0,0,0,0,1,0
NCT03689699,Nivolumab and BMS-986253 for Hormone-Sensitive Prostate Cancer (MAGIC-8),PHASE1;PHASE2,Phase 2,ACTIVE_NOT_RECRUITING,59,Mark Stein,Mark Stein,3,0,1,multi_experimental,2,degarelix;nivolumab,bms-986253;degarelix;nivolumab,PD-1,Monoclonal Antibody,CD30,1,1,0,0,0,0,0,0,0
NCT03706365,A Study of Abiraterone Acetate Plus Prednisone With or Without Abemaciclib (LY2835219) in Participants With Prostate Cancer,PHASE2;PHASE3,Phase 3,ACTIVE_NOT_RECRUITING,393,Eli Lilly and Company,Eli Lilly,535,1,1,placebo_comparator,2,abiraterone acetate,abemaciclib;abiraterone acetate,ER,Small Molecule,ER;HER2,0,1,0,0,0,0,0,0,0
NCT03725761,Sacituzumab Govitecan in Patients With Metastatic Castration-Resistant Prostate Cancer Progressing on Second Generation AR-Directed Therapy,PHASE2,Phase 2,ACTIVE_NOT_RECRUITING,31,"University of Wisconsin, Madison","University of Wisconsin, Madison",61,0,1,single_arm,1,sacituzumab govitecan,sacituzumab govitecan,TROP2,ADC,AR;TROP2,1,1,0,0,0,0,0,0,0
NCT03732820,Study on Olaparib Plus Abiraterone as First-line Therapy in Men With Metastatic Castration-resistant Prostate Cancer,PHASE3,Phase 3,ACTIVE_NOT_RECRUITING,895,AstraZeneca,AstraZeneca,780,1,1,placebo_comparator,2,abiraterone acetate,abiraterone acetate;olaparib,PARP,Small Molecule,BRCA1;BRCA2;biomarker,0,1,0,1,0,0,1,0,1
NCT03748641,A Study of Niraparib in Combination With Abiraterone Acetate and Prednisone Versus Abiraterone Acetate and Prednisone for Treatment of Participants With Metastatic Prostate Cancer,PHASE3,Phase 3,ACTIVE_NOT_RECRUITING,765,"Janssen Research & Development, LLC",Johnson & Johnson,363,1,1,multi_experimental,3,,abiraterone acetate;new formulation of niraparib and abiraterone acetate (aa);niraparib,PARP,Small Molecule,AR;BRCA1;BRCA2;HRD,0,1,0,1,0,0,0,0,1
NCT03753243,Neoadjuvant Pembrolizumab Plus Androgen Axis Blockade Prior to Prostatectomy for High Risk Localized Prostate Cancer,PHASE2,Phase 2,RECRUITING,32,"Mark Garzotto, MD","Mark Garzotto, MD",1,0,1,single_arm,1,enzalutamide;pembrolizumab,enzalutamide;pembrolizumab,PD-1,Monoclonal Antibody,PD-L1,1,1,0,0,0,0,0,0,0
NCT03762759,Fluciclovine F18 or Ga68-PSMA PET/CT to Enhance Prostate Cancer Outcomes,PHASE2,Phase 2,ACTIVE_NOT_RECRUITING,140,Emory University,Emory University,116,0,0,active_comparator,2,computed tomography;gallium ga68-labeled psma-11;positron emission tomography,computed tomography;fluciclovine f18;positron emission tomography,,Radiopharmaceutical,,0,1,0,0,1,0,0,0,1
NCT03767244,"A Study of Apalutamide in Participants With High-Risk, Localized or Locally Advanced Prostate Cancer Who Are Candidates for Radical Prostatectomy",PHASE3,Phase 3,ACTIVE_NOT_RECRUITING,2517,"Janssen Research & Development, LLC",Johnson & Johnson,363,1,1,multi_experimental,2,androgen deprivation therapy (adt),androgen deprivation therapy (adt);apalutamide,AR,Small Molecule,PSA,0,1,1,0,0,0,0,0,1
NCT03795207,Prostate Cancer With OligometaSTatic Relapse: Combining Stereotactic Ablative Radiotherapy and Durvalumab (MEDI4736),PHASE2,Phase 2,ACTIVE_NOT_RECRUITING,96,Institut Cancerologie de l'Ouest,Institut Cancerologie de l'Ouest,9,0,1,active_comparator,2,sbrt,sbrt + durvalumab,PD-L1,Monoclonal Antibody,PD-L1,1,1,0,0,1,0,0,1,1
NCT03809000,A Study of Salvage Radiotherapy With or Without Enzalutamide in Recurrent Prostate Cancer Following Surgery,PHASE2,Phase 2,ACTIVE_NOT_RECRUITING,188,"RTOG Foundation, Inc.","RTOG Foundation, Inc.",6,0,1,active_comparator,2,bicalutamide;gnrh analog;radiation therapy,enzalutamide;gnrh analog;radiation therapy,AR,Small Molecule,,0,1,1,0,0,0,0,0,1
NCT03821246,Neoadjuvant Atezolizumab-Based Combination Therapy in Men With Localized Prostate Cancer Prior to Radical Prostatectomy,PHASE2,Phase 2,RECRUITING,68,David Oh,David Oh,2,0,1,multi_experimental,3,atezolizumab,atezolizumab;etrumadenant;tocilizumab,PD-L1,Monoclonal Antibody,CMMRD;MET;MSI-H;PD-L1;TMB,1,1,0,0,0,0,0,0,0
NCT03845166,A Study of XL092 as Single-Agent and Combination Therapy in Subjects With Solid Tumors,PHASE1,Phase 1,ACTIVE_NOT_RECRUITING,325,Exelixis,Exelixis,52,1,0,multi_experimental,5,xl092,atezolizumab;avelumab;xl092,PD-L1,Small Molecule,BRAF;ER;KRAS;MMR;MSI;MSI-H;PD-L1;PR;biomarker;dMMR,0,1,0,0,0,1,0,1,1
NCT03860272,Fc-Engineered Anti-CTLA-4 Monoclonal Antibody in Advanced Cancer,PHASE1,Phase 1,ACTIVE_NOT_RECRUITING,499,Agenus Inc.,Agenus,27,1,0,multi_experimental,3,botensilimab,balstilimab;botensilimab,PD-1,Monoclonal Antibody,PD-L1;genomic,1,1,0,0,0,0,0,0,0
NCT03899987,Aspirin and Rintatolimod With or Without Interferon-alpha 2b in Treating Patients With Prostate Cancer Before Surgery,PHASE2,Phase 2,ACTIVE_NOT_RECRUITING,12,Roswell Park Cancer Institute,Roswell Park Cancer Institute,73,0,0,active_comparator,3,radical prostatectomy,ec aspirin;radical prostatectomy;recombinant interferon alfa-2b;rintatolimod,,Recombinant Protein,,0,1,0,0,0,0,0,0,0
NCT03902951,"Antiandrogen Therapy and SBRT in Treating Patients With Recurrent, Metastatic Prostate Cancer",PHASE2,Phase 2,ACTIVE_NOT_RECRUITING,28,Jonsson Comprehensive Cancer Center,Jonsson Comprehensive Cancer Center,117,0,1,single_arm,1,abiraterone acetate;apalutamide;leuprolide acetate;quality-of-life assessment;questionnaire administration;stereotactic body radiation therapy,abiraterone acetate;apalutamide;leuprolide acetate;quality-of-life assessment;questionnaire administration;stereotactic body radiation therapy,CYP17A1,Small Molecule,,0,1,0,0,1,0,0,0,1
NCT03903835,ProBio: A Biomarker Driven Study in Patients With Metastatic Prostate Cancer,PHASE3,Phase 3,RECRUITING,750,Karolinska Institutet,Karolinska Institutet,5,0,1,active_comparator,8,abiraterone oral tablet;apalutamide;cabazitaxel;docetaxel injectable solution;enzalutamide oral capsule;radium chloride ra-223,abiraterone oral tablet;apalutamide;capivasertib plus docetaxel;carboplatin;darolutamide;docetaxel injectable solution;enzalutamide oral capsule;niraparib plus abiraterone acetate plus prednisone,,Radiopharmaceutical,biomarker,0,1,0,0,0,0,1,0,0
NCT03951831,REGN2810 Followed by Chemoimmunotherapy for Newly Metastatic Hormone-sensitive Prostate Cancer,PHASE2,Phase 2,ACTIVE_NOT_RECRUITING,26,Mark Stein,Mark Stein,3,0,1,single_arm,1,degarelix;docetaxel;leuprolide acetate;regn2810,degarelix;docetaxel;leuprolide acetate;regn2810,PD-1,Monoclonal Antibody,PD-L1,1,1,1,0,0,0,0,0,1
NCT03972657,A Trial to Find Out if REGN5678 (Nezastomig) is Safe and How Well it Works Alone or in Combination With Cemiplimab for Adult Participants With Metastatic Castration-Resistant Prostate Cancer and Other Tumors,PHASE1;PHASE2,Phase 2,RECRUITING,345,Regeneron Pharmaceuticals,Regeneron,95,1,1,multi_experimental,4,regn5678,cemiplimab;regn5678,PSMA,Bispecific Antibody,PD-L1;PSMA,1,1,0,0,1,0,0,0,1
NCT03983954,"Naptumomab Estafenatox in Combination With Durvalumab in Subjects With Selected Advanced or Metastatic Solid Tumor, Including a Cohort Expansion in Esophageal Cancer.",PHASE1,Phase 1,ACTIVE_NOT_RECRUITING,120,NeoTX Therapeutics Ltd.,NeoTX Therapeutics,2,1,1,multi_experimental,11,naptumomab estafenatox and durvalumab,naptumomab estafenatox and durvalumab;obinutuzumab,5T4,Monoclonal Antibody,CD20;ER;HER2;PD-L1;biomarker;biomarker analysis,1,1,0,0,0,0,1,0,0
NCT04009967,Biomarkers for Neoadjuvant Pembrolizumab in Non-Metastatic Prostate Cancer Positive by 18FDG-PET Scanning,PHASE2,Phase 2,ACTIVE_NOT_RECRUITING,30,CHU de Quebec-Universite Laval,CHU de Quebec-Universite Laval,7,0,1,single_arm,1,pembrolizumab,pembrolizumab,PD-1,Monoclonal Antibody,PD-L1;biomarker,1,1,0,0,0,0,0,0,0
NCT04025372,INTREPId (INTermediate Risk Erection PreservatIon Trial),PHASE2,Phase 2,ACTIVE_NOT_RECRUITING,234,Brigham and Women's Hospital,Brigham and Women's Hospital,15,0,1,multi_experimental,2,radiation therapy,bicalutamide;darolutamide;gnrh agonist;radiation therapy,AR,Small Molecule,AR;genomic,0,1,0,0,1,0,0,0,1
NCT04076059,An Efficacy and Safety Study of Enzalutamide Plus Androgen Deprivation Therapy (ADT) Versus Placebo Plus ADT in Chinese Patients With Metastatic Hormone Sensitive Prostate Cancer (mHSPC),PHASE3,Phase 3,ACTIVE_NOT_RECRUITING,180,"Astellas (Beijing) Pharmaceutical R&D Co., Ltd.",Astellas,171,1,1,placebo_comparator,3,androgen deprivation therapy (adt),androgen deprivation therapy (adt);enzalutamide,AR,Small Molecule,MET,0,1,1,0,0,0,0,1,1
NCT04090528,"pTVG-HP DNA Vaccine With or Without pTVG-AR DNA Vaccine and Pembrolizumab in Patients With Castration-Resistant, Metastatic Prostate Cancer",PHASE2,Phase 2,ACTIVE_NOT_RECRUITING,60,"University of Wisconsin, Madison","University of Wisconsin, Madison",61,0,1,multi_experimental,2,pembrolizumab;ptvg-hp,pembrolizumab;ptvg-ar;ptvg-hp,PD-1,Monoclonal Antibody,AR;PD-L1,1,1,0,0,0,0,0,1,0
NCT04104776,A Study of Tulmimetostat DZR123 (CPI-0209) in Patients With Advanced Solid Tumors and Lymphomas,PHASE1;PHASE2,Phase 2,RECRUITING,300,Novartis Pharmaceuticals,Novartis,836,1,1,multi_experimental,10,tulmimetostat,enzalutamide;tulmimetostat,EZH2,Small Molecule,AR;ARID1A;KDM4A;biomarker,0,1,1,0,0,0,0,1,1
NCT04104893,A Study of CHeckpoint Inhibitors in Men With prOgressive Metastatic Castrate Resistant Prostate Cancer Characterized by a Mismatch Repair Deficiency or Biallelic CDK12 Inactivation,PHASE2,Phase 2,ACTIVE_NOT_RECRUITING,40,VA Office of Research and Development,VA Office of Research and Development,6,0,1,single_arm,1,pembrolizumab,pembrolizumab,PD-1,Monoclonal Antibody,AR;MMR;MSI;MSI-H;PD-L1;dMMR,1,1,0,0,0,1,0,0,1
NCT04114825,Study of RV001V in Biochemical Failure Following Curatively Intended Therapy For Localized Prostate Cancer,PHASE2,Phase 2,ACTIVE_NOT_RECRUITING,180,RhoVac APS,RhoVac,2,1,0,placebo_comparator,2,,rv001v,,Vaccine,,1,0,0,0,0,0,0,0,0
NCT04126070,Nivolumab + Docetaxel + ADT in mHSPC Patients With DDRD or Inflamed Tumors,PHASE2,Phase 2,ACTIVE_NOT_RECRUITING,47,"Xiao X. Wei, MD","Xiao X. Wei, MD",1,0,1,multi_experimental,3,androgen deprivation therapy;docetaxel;nivolumab,androgen deprivation therapy;docetaxel;nivolumab,PD-1,Monoclonal Antibody,CD30;MMR;MSI;MSI-H;PD-L1;biomarker;biomarker analysis,1,1,0,0,0,1,0,0,1
NCT04136353,Darolutamide Augments Standard Therapy for Localised Very High-Risk Cancer of the Prostate,PHASE3,Phase 3,ACTIVE_NOT_RECRUITING,1100,University of Sydney,University of Sydney,3,0,1,placebo_comparator,2,external beam radiotherapy;luteinizing hormone-releasing hormone analog;placebo oral tablet,darolutamide;external beam radiotherapy;luteinizing hormone-releasing hormone analog,AR,Small Molecule,AR,0,1,0,0,1,0,0,0,1
NCT04140526,"Safety, PK and Efficacy of ONC-392 in Monotherapy and in Combination of Anti-PD-1 in Advanced Solid Tumors and NSCLC",PHASE1;PHASE2,Phase 2,ACTIVE_NOT_RECRUITING,733,"OncoC4, Inc.",OncoC4,10,1,0,multi_experimental,3,onc-392,docetaxel;onc-392;pembrolizumab,PD-1,Monoclonal Antibody,PD-L1,1,1,0,0,0,0,0,0,0
NCT04175431,"Prostate Specific Membrane Antigen (PSMA) or (FACBC) PET/CT Site-Directed Therapy for Treatment of Prostate Cancer, Flu-BLAST-PC Study",PHASE2,Phase 2,RECRUITING,100,University of Washington,University of Washington,74,0,0,active_comparator,3,computed tomography;positron emission tomography;psma pet scan,abiraterone;abiraterone acetate;computed tomography;lymphadenectomy;positron emission tomography;psma pet scan;radiation therapy,CYP17A1,Small Molecule,,0,1,0,0,1,0,0,0,1
NCT04176081,Study of Radiation Therapy in Combination With Darolutamide + Degarelix in Intermediate Risk Prostate Cancer,PHASE2,Phase 2,NOT_YET_RECRUITING,208,"University Health Network, Toronto","University Health Network, Toronto",91,0,1,active_comparator,2,radiation therapy,darolutamide;degarelix;radiation therapy,AR,Small Molecule,,0,1,0,0,0,0,0,0,0
NCT04181203,"Combined Apalutamide, Radiotherapy, and LHRH Agonist in Prostate Cancer Patients After Prostatectomy",PHASE3,Phase 3,ACTIVE_NOT_RECRUITING,490,UNICANCER,UNICANCER,64,0,1,active_comparator,2,luteinising hormone releasing hormone agonist (lhrha);salvage radiotherapy (srt),apalutamide;luteinising hormone releasing hormone agonist (lhrha);salvage radiotherapy (srt),AR,Small Molecule,PSA,0,1,0,0,1,0,0,0,1
NCT04186585,Recommended Dose Estimation of BP-C2,PHASE1,Phase 1,RECRUITING,8,Meddoc,Meddoc,1,0,0,multi_experimental,3,bp-c2,bp-c2,,,,0,1,0,0,0,0,0,0,0
NCT04194554,"A Multi-Center Trial of Androgen Suppression With Abiraterone Acetate, Leuprolide, PARP Inhibition and Stereotactic Body Radiotherapy in Prostate Cancer",PHASE1;PHASE2,Phase 2,ACTIVE_NOT_RECRUITING,102,University of Michigan Rogel Cancer Center,University of Michigan Rogel Cancer Center,59,0,1,single_arm,1,abiraterone acetate;leuprolide;niraparib;stereotactic body radiotherapy (sbrt),abiraterone acetate;leuprolide;niraparib;stereotactic body radiotherapy (sbrt),PARP,Small Molecule,BRCA1;BRCA2;HRD,0,1,0,0,0,0,0,0,0
NCT04197141,Hypofractionated Whole-Pelvis Radiotherapy (WPRT) vs Conventionally-Fractionated WPRT in Prostate Cancer,PHASE2,Phase 2,ACTIVE_NOT_RECRUITING,58,London Health Sciences Centre Research Institute OR Lawson Research Institute of St. Joseph's,London Health Sciences Centre Research Institute OR Lawson Research Institute of St. Joseph's,4,0,1,active_comparator,2,conventionally-fractionated wprt,hypofractionated wprt,,,,0,1,0,0,0,0,0,0,0
NCT04221542,Study of AMG 509 in Participants With Metastatic Castration-Resistant Prostate Cancer,PHASE1,Phase 1,RECRUITING,479,Amgen,Amgen,323,1,1,multi_experimental,7,amg 509,abiraterone;amg 509;enzalutamide,STEAP1,Bispecific Antibody,PSMA,1,1,0,0,1,0,0,1,1
NCT04242017,Long-term Better Than Short-term ADT With Salvage RT,PHASE2;PHASE3,Phase 3,RECRUITING,394,Universitaire Ziekenhuizen KU Leuven,Universitaire Ziekenhuizen KU Leuven,13,0,0,active_comparator,2,triptoreline,triptoreline,GnRH,Peptide,,0,1,0,0,1,0,0,0,1
NCT04249154,Postop Hypofractionated Radiation Therapy and LHRH in Patients With Prostate Cancer,PHASE2,Phase 2,RECRUITING,77,McGill University Health Centre/Research Institute of the McGill University Health Centre,McGill University Health Centre/Research Institute of the McGill University Health Centre,3,0,0,single_arm,1,eligard,,LHRH,Small Molecule,,0,0,0,0,0,0,0,0,0
NCT04253262,A Study of Copanlisib Combined With Rucaparib in Patients With Metastatic Castration-resistant Prostate Cancer,PHASE1;PHASE2,Phase 2,ACTIVE_NOT_RECRUITING,13,Brown University,Brown University,22,0,1,multi_experimental,6,copanlisib;rucaparib,copanlisib;rucaparib,PARP,Small Molecule,BRCA1;BRCA2;HRD,0,1,0,1,1,0,0,0,1
NCT04262154,"Study of Abiraterone Acetate or Enzalutamide, Atezolizumab, GnRH Analog and Radiation Therapy in Men With Newly Diagnosed Hormone-sensitive Prostate Cancer",PHASE2,Phase 2,ACTIVE_NOT_RECRUITING,28,Memorial Sloan Kettering Cancer Center,Memorial Sloan Kettering Cancer Center,411,0,1,single_arm,1,abiraterone;atezolizumab;enzalutamide;follow up;gnrh analog;stereotactic body radiotherapy (sbrt),abiraterone;atezolizumab;enzalutamide;follow up;gnrh analog;stereotactic body radiotherapy (sbrt),PD-L1,Monoclonal Antibody,CMMRD;MET;MSI-H;PD-L1;TMB,1,1,0,0,0,0,0,0,0
NCT04267887,Advanced ChemoHormonal Therapy for Treatment Naive Metastatic Prostate Cancer,PHASE2,Phase 2,ACTIVE_NOT_RECRUITING,7,OHSU Knight Cancer Institute,OHSU Knight Cancer Institute,48,0,1,single_arm,1,abiraterone acetate;antiandrogen therapy;apalutamide;biospecimen collection;bone scan;computed tomography;questionnaire administration,abiraterone acetate;antiandrogen therapy;apalutamide;biospecimen collection;bone scan;computed tomography;questionnaire administration,CYP17A1,Small Molecule,,0,1,1,0,0,0,0,0,1
NCT04295447,Adjuvant Apalutamide in Subjects With High-risk Localized or Locally Advanced Prostate Cancer After Radical Prostatectomy,PHASE2,Phase 2,ACTIVE_NOT_RECRUITING,190,Universität Münster,Universität Münster,6,0,1,multi_experimental,2,apalutamide;standard of care,apalutamide;standard of care,AR,Small Molecule,PSA,0,1,1,0,1,0,0,0,1
NCT04319783,Darolutamide + Consolidation Radiotherapy in Advanced Prostate Cancer Detected by PSMA,PHASE2,Phase 2,ACTIVE_NOT_RECRUITING,65,Trans Tasman Radiation Oncology Group,Trans Tasman Radiation Oncology,5,0,1,multi_experimental,2,darolutamide,darolutamide;radiotherapy,AR,Small Molecule,AR,0,1,1,0,1,0,0,0,1
NCT04343885,"In Men With Metastatic Prostate Cancer, What is the Safety and Benefit of Lutetium-177 PSMA Radionuclide Treatment in Addition to Chemotherapy",PHASE2,Phase 2,ACTIVE_NOT_RECRUITING,130,"Peter MacCallum Cancer Centre, Australia","Peter MacCallum Cancer Centre, Australia",16,0,0,multi_experimental,2,177lu-psma-617;docetaxel,177lu-psma-617;docetaxel,PSMA,Radiopharmaceutical,PSMA,0,1,0,0,1,0,0,0,1
NCT04402151,Study of PSMA PET/MR Guided Stereotactic Body Radiation Therapy With Simultaneous Integrated Boost (SBRT-SIB) for High-Intermediate and High Risk Prostate Cancer,PHASE2,Phase 2,RECRUITING,50,Weill Medical College of Cornell University,Weill Medical College of Cornell University,90,0,0,single_arm,1,psma pet/mr - gallium-68 labeled psma-hbed-cc;stereotactic body radiation therapy (sbrt),,PSMA,Radiopharmaceutical,PSMA,0,1,0,0,1,0,0,0,1
NCT04419402,Enzalutamide With Lu PSMA-617 Versus Enzalutamide Alone in Men With Metastatic Castration-resistant Prostate Cancer,PHASE2,Phase 2,ACTIVE_NOT_RECRUITING,162,Australian and New Zealand Urogenital and Prostate Cancer Trials Group,Australian and New Zealand Urogenital and Prostate Cancer Trials Group,6,0,1,active_comparator,2,enzalutamide,enzalutamide;lu-psma,PSMA,Radiopharmaceutical,PSMA,0,1,0,0,1,0,0,0,1
NCT04422132,Randomized Phase II Trial of Salvage Radiotherapy for Prostate Cancer In 4 Weeks v. 2 Weeks,PHASE2,Phase 2,ACTIVE_NOT_RECRUITING,134,Weill Medical College of Cornell University,Weill Medical College of Cornell University,90,0,0,active_comparator,2,20 days radiation therapy (55 gy in 20 fractions);5 days radiation therapy (32.5 gy in 5 fractions),,,,,0,1,0,0,0,0,0,0,0
NCT04430192,"Dosimetry, Safety and Potential Benefit of 177Lu-PSMA-617 Prior to Prostatectomy",PHASE1;PHASE2,Phase 2,ACTIVE_NOT_RECRUITING,20,"Peter MacCallum Cancer Centre, Australia","Peter MacCallum Cancer Centre, Australia",16,0,0,single_arm,1,177lu-psma-617,177lu-psma-617,PSMA,Radiopharmaceutical,PSMA,0,1,0,0,1,0,0,0,1
NCT04446117,Study of Cabozantinib in Combination With Atezolizumab Versus Second NHT in Subjects With mCRPC,PHASE3,Phase 3,ACTIVE_NOT_RECRUITING,575,Exelixis,Exelixis,52,1,1,active_comparator,2,abiraterone acetate;enzalutamide,atezolizumab;cabozantinib,MET,Small Molecule,PD-L1,0,1,0,0,0,0,0,0,0
NCT04471974,"ZEN-3694, Enzalutamide, and Pembrolizumab for the Treatment of Metastatic Castration-Resistant Prostate Cancer",PHASE2,Phase 2,ACTIVE_NOT_RECRUITING,61,Rahul Aggarwal,Rahul Aggarwal,7,0,1,multi_experimental,3,bet bromodomain inhibitor zen-3694;enzalutamide;pembrolizumab,bet bromodomain inhibitor zen-3694;enzalutamide;pembrolizumab,BRD4,Small Molecule,genomic,0,1,0,0,1,0,0,0,1
NCT04478279,A Phase 1-2 Study of ST101 in Patients With Advanced Solid Tumors,PHASE1;PHASE2,Phase 2,ACTIVE_NOT_RECRUITING,125,Sapience Therapeutics,Sapience Therapeutics,3,1,0,multi_experimental,7,st101,radiation;st101;temozolomide,CEBPB,Peptide,BRAF,0,1,0,0,0,0,1,1,0
NCT04493853,Capivasertib+Abiraterone as Treatment for Patients With Metastatic Hormone-sensitive Prostate Cancer and PTEN Deficiency,PHASE3,Phase 3,ACTIVE_NOT_RECRUITING,1012,AstraZeneca,AstraZeneca,780,1,1,placebo_comparator,2,abiraterone acetate,abiraterone acetate;capivasertib,AKT1,Small Molecule,PIK3CA;PTEN,0,1,0,0,1,0,0,1,1
NCT04497844,A Study of Niraparib in Combination With Abiraterone Acetate and Prednisone Versus Abiraterone Acetate and Prednisone for the Treatment of Participants With Deleterious Germline or Somatic Homologous Recombination Repair (HRR) Gene-MutatedProstatic Neoplasms (mCSPC),PHASE3,Phase 3,ACTIVE_NOT_RECRUITING,696,"Janssen Research & Development, LLC",Johnson & Johnson,363,1,1,active_comparator,2,abiraterone acetate (aa);placebo fdc,niraparib+ abiraterone acetate fixed dose combination (fdc);placebo aa,PARP,,,0,1,0,1,0,0,0,0,1
NCT04503265,A Trial of AMXI-5001 for Treatment in Patients With Advanced Malignancies,PHASE1;PHASE2,Phase 2,RECRUITING,122,"AtlasMedx, Incorporated",AtlasMedx,1,1,0,single_arm,1,amxi-5001:dose escalation phase i;amxi-5001:dose expansion phase ii,amxi-5001:dose escalation phase i;amxi-5001:dose expansion phase ii,,,,0,1,0,0,0,0,0,1,0
NCT04557059,A Study of Adding Apalutamide to Radiotherapy and LHRH Agonist in High-Risk Patients With Hormone-Sensitive Prostate Cancer,PHASE3,Phase 3,ACTIVE_NOT_RECRUITING,691,"Janssen Pharmaceutica N.V., Belgium",Johnson & Johnson,363,1,1,active_comparator,3,lhrha;radiotherapy,apalutamide;lhrha;radiotherapy,AR,Small Molecule,AR;PSMA,0,1,1,0,1,0,0,1,1
NCT04557449,Study to Test the Safety and Tolerability of PF-07220060 in Participants With Advance Solid Tumors,PHASE2,Phase 2,ACTIVE_NOT_RECRUITING,362,Pfizer,Pfizer,687,1,1,multi_experimental,17,pf-07220060,enzalutamide;fulvestrant;letrozole;midazolam;pf-07220060,CDK4/6,Small Molecule,HER2,0,1,0,0,0,0,0,1,0
NCT04557501,PSMA PET/CT Guided Intensification of Therapy in Patients at Risk of Advanced Prostate Cancer,PHASE3,Phase 3,ACTIVE_NOT_RECRUITING,800,Centre hospitalier de l'Université de Montréal (CHUM),Centre hospitalier de l'Université de Montréal (CHUM),14,0,0,active_comparator,2,control arm,diagnostic test: psma pet/ct guided intensification of therapy,,Radiopharmaceutical,,0,1,0,0,1,0,0,0,1
NCT04577833,A Study of Comparative Formulations of Niraparib and Abiraterone Acetate (AA) in Men With Prostate Cancer,PHASE1,Phase 1,ACTIVE_NOT_RECRUITING,136,"Janssen Research & Development, LLC",Johnson & Johnson,363,1,1,multi_experimental,4,abiraterone acetate (aa);niraparib,abiraterone acetate (aa);niraparib,PARP,Small Molecule,BRCA1;BRCA2;HRD,0,1,0,1,0,0,0,0,1
NCT04585750,The Evaluation of PC14586 in Patients With Advanced Solid Tumors Harboring a TP53 Y220C Mutation (PYNNACLE),PHASE1;PHASE2,Phase 2,RECRUITING,300,"PMV Pharmaceuticals, Inc",PMV Pharmaceuticals,2,1,1,multi_experimental,9,rezatapopt,pembrolizumab;rezatapopt,PD-1,Monoclonal Antibody,KRAS;PD-L1,1,1,0,0,0,0,0,1,0
NCT04592237,"Cabazitaxel, Carboplatin, and Cetrelimab Followed by Niraparib With or Without Cetrelimab for the Treatment of Aggressive Variant Metastatic Prostate Cancer",PHASE2,Phase 2,ACTIVE_NOT_RECRUITING,120,M.D. Anderson Cancer Center,M.D. Anderson Cancer Center,697,0,1,multi_experimental,2,cabazitaxel;carboplatin;cetrelimab;niraparib,cabazitaxel;carboplatin;cetrelimab;niraparib,PD-1,Monoclonal Antibody,PD-L1,1,1,0,0,0,0,0,0,0
NCT04597411,Study of 225Ac-PSMA-617 in Men With PSMA-positive Prostate Cancer,PHASE1,Phase 1,ACTIVE_NOT_RECRUITING,101,Endocyte,Endocyte,28,1,0,multi_experimental,3,225^ac-psma-617;68^ga-psma-11,225^ac-psma-617;68^ga-psma-11,PSMA,Radiopharmaceutical,PSMA,0,1,0,0,1,0,0,0,1
NCT04606446,Study of PF-07248144 in Advanced or Metastatic Solid Tumors,PHASE2,Phase 2,RECRUITING,320,Pfizer,Pfizer,687,1,1,multi_experimental,10,pf-07248144,arv-471;fulvestrant;letrozole;palbociclib;pf-07220060;pf-07248144;pf-07850327;vepdegestrant,KAT6,Small Molecule,AKT1;ER;ESR1;HER2;HR;PIK3CA;PTEN,0,1,0,0,0,0,0,1,0
NCT04644068,Study of AZD5305 as Monotherapy and in Combination With Anti-cancer Agents in Patients With Advanced Solid Malignancies,PHASE1;PHASE2,Phase 2,ACTIVE_NOT_RECRUITING,702,AstraZeneca,AstraZeneca,780,1,1,multi_experimental,6,azd5305,azd5305;camizestrant;carboplatin;dato-dxd;paclitaxel;t- dxd,PARP,Small Molecule,,0,1,0,0,0,0,0,1,0
NCT04644770,"A Study of JNJ-69086420, an Actinium-225-Labeled Antibody Targeting Human Kallikrein-2 (hK2) for Advanced Prostate Cancer",PHASE1,Phase 1,ACTIVE_NOT_RECRUITING,144,"Janssen Research & Development, LLC",Johnson & Johnson,363,1,1,multi_experimental,4,jnj-69086420,jnj-69086420;jnj-78278343;stereotactic body radiation therapy,KLK2,Radiopharmaceutical,AR,0,1,1,0,0,0,0,0,1
NCT04647526,Study Evaluating mCRPC Treatment Using PSMA [Lu-177]-PNT2002 Therapy After Second-line Hormonal Treatment,PHASE3,Phase 3,ACTIVE_NOT_RECRUITING,455,"POINT Biopharma, a wholly owned subsidiary of Eli Lilly and Company",Eli Lilly,535,1,1,active_comparator,4,[lu-177]-pnt2002;abiraterone;enzalutamide,[lu-177]-pnt2002,PSMA,Radiopharmaceutical,PSMA,0,1,0,0,1,0,1,0,1
NCT04655365,Detecting Metastases by PyL PET/CT in Subjects Starting Enzalutamide for Untreated Castration Resistant Prostate Cancer.,PHASE2,Phase 2,ACTIVE_NOT_RECRUITING,50,CHU de Quebec-Universite Laval,CHU de Quebec-Universite Laval,7,0,1,single_arm,1,enzalutamide capsule,enzalutamide capsule,AR,Small Molecule,AR-V7,0,1,0,0,0,0,0,1,0
NCT04662580,ARX517/JNJ-95298177 as Monotherapy or Combination Therapy in Subjects With Metastatic Prostate Cancer,PHASE1,Phase 1,ACTIVE_NOT_RECRUITING,183,"Janssen Research & Development, LLC",Johnson & Johnson,363,1,1,multi_experimental,3,arx517,abiraterone acetate;apalutamide;arx517,PSMA,ADC,,1,1,0,0,1,0,0,0,1
NCT04663997,177 LuPSMA-617 vs Docetaxel in Metastatic Castration Resistant and PSMA-Positive Prostate Cancer,PHASE2,Phase 2,ACTIVE_NOT_RECRUITING,200,Canadian Cancer Trials Group,Canadian Cancer Trials Group,48,0,1,active_comparator,2,docetaxel,177lu-psma-617,PSMA,Radiopharmaceutical,AR;PSMA,0,1,1,0,1,0,0,0,1
NCT04689828,177Lu-PSMA-617 vs. Androgen Receptor-Directed Therapy in the Treatment of Progressive Metastatic Castrate Resistant Prostate Cancer,PHASE3,Phase 3,ACTIVE_NOT_RECRUITING,469,Novartis Pharmaceuticals,Novartis,836,1,1,active_comparator,2,68ga-psma-11;ardt,177lu-psma-617;68ga-psma-11,PSMA,Radiopharmaceutical,AR;PSMA;biomarker,0,1,1,1,1,0,0,0,1
NCT04691804,"A Multicenter, Randomized, Double-Blind, Placebo-Controlled Phase III Study of Fuzuloparib Combined With Abiraterone Acetate and Prednisone (AA-P) Versus Placebo Combined With AA-P as First-Line Treatment in Patients With Metastatic Castration-Resistant Prostate Cancer",PHASE3,Phase 3,ACTIVE_NOT_RECRUITING,496,"Jiangsu HengRui Medicine Co., Ltd.",Hengrui,312,1,0,placebo_comparator,2,fuzuloparib placebo， abiraterone acetate and prednisone,abiraterone acetate and prednisone;fuzuloparib,PARP,Small Molecule,ATM;BRCA1;BRCA2;PALB2;RA,0,1,0,0,0,0,0,0,0
NCT04704505,Bipolar Androgen Therapy (BAT) and Radium-223 (RAD) in Metastatic Castration-resistant Prostate Cancer (mCRPC),PHASE2,Phase 2,RECRUITING,47,Sidney Kimmel Comprehensive Cancer Center at Johns Hopkins,Sidney Kimmel Comprehensive Cancer Center at Johns Hopkins,160,0,1,single_arm,1,bipolar androgen therapy (bat);radium-223,bipolar androgen therapy (bat);radium-223,,Cell Therapy,AR;genomic,1,1,0,0,0,0,0,0,0
NCT04706962,TH1902 in Patients With Advanced Solid Tumors,PHASE1,Phase 1,ACTIVE_NOT_RECRUITING,70,Theratechnologies,Theratechnologies,1,1,0,single_arm,1,th1902,th1902,SORT1,Peptide,MET;SORT1,0,1,0,0,0,0,0,1,0
NCT04709276,A Study of Chemoimmunotherapy for the Treatment of Men With Neuroendocrine or Aggressive Variant Metastatic Prostate Cancer,PHASE2,Phase 2,ACTIVE_NOT_RECRUITING,41,"Andrew J. Armstrong, MD","Andrew J. Armstrong, MD",2,0,1,single_arm,1,cabazitaxel;carboplatin;ipilimumab;nivolumab,cabazitaxel;carboplatin;ipilimumab;nivolumab,PD-1,Monoclonal Antibody,CD30;PD-L1;biomarker,1,1,1,0,0,0,0,1,1
NCT04720157,"An International Prospective Open-label, Randomized, Phase III Study Comparing 177Lu-PSMA-617 in Combination With Standard of Care (SoC), Versus SoC Alone, in Adult Male Patients With Metastatic Hormone Sensitive Prostate Cancer (mHSPC)",PHASE3,Phase 3,ACTIVE_NOT_RECRUITING,1140,Novartis Pharmaceuticals,Novartis,836,1,1,active_comparator,2,68ga-psma-11;adt;ardt,177lu-psma-617;68ga-psma-11;adt;ardt,PSMA,Radiopharmaceutical,PSMA,0,1,0,0,1,0,1,0,1
NCT04729114,A Safety and Dose-finding Study of PRL-02 Depot in Men With Advanced Prostate Cancer,PHASE1,Phase 1,RECRUITING,174,"Astellas Pharma Global Development, Inc.",Astellas,171,1,1,multi_experimental,5,prl-02 injection,enzalutamide;prl-02 injection,CYP17A1,Small Molecule,,0,1,0,0,0,0,0,0,0
NCT04742361,Efficacy of [18F]PSMA-1007 PET/CT in Patients With Biochemial Recurrent Prostate Cancer,PHASE3,Phase 3,COMPLETED,136,ABX advanced biochemical compounds GmbH,ABX advanced biochemical compounds,3,1,0,single_arm,1,[18f]psma-1007,[18f]psma-1007,PSMA,Radiopharmaceutical,,0,1,0,0,1,0,0,0,1
NCT04754191,Enfortumab Vedotin as Monotherapy in Patients With Metastatic Castration-Resistant Prostate Cancer,PHASE2,Phase 2,ACTIVE_NOT_RECRUITING,34,University of Utah,University of Utah,55,0,1,single_arm,1,enfortumab vedotin,enfortumab vedotin,Nectin-4,ADC,NECTIN-4,1,1,0,0,0,0,0,0,0
NCT04802876,Efficacy of Tislelizumab and Spartalizumab Across Multiple Cancer-types in Patients with PD1-high MRNA Expressing Tumors,PHASE2,Phase 2,ACTIVE_NOT_RECRUITING,184,SOLTI Breast Cancer Research Group,SOLTI Breast Cancer Research Group,18,0,1,multi_experimental,3,,spartalizumab;tislelizumab,PD-1,Monoclonal Antibody,BRAF,1,1,0,0,0,0,0,0,0
NCT04812366,Genomic Biomarker-Selected Umbrella Neoadjuvant Study for High Risk Localized Prostate Cancer,PHASE2,Phase 2,RECRUITING,315,University of British Columbia,University of British Columbia,7,0,1,active_comparator,8,abiraterone acetate;apalutamide;atezolizumab;capivasertib;docetaxel;niraparib;tazemetostat pill,,PARP,Small Molecule,BRCA1;BRCA2;HRD;MET;genomic,0,1,0,0,1,0,0,0,1
NCT04821622,Study of Talazoparib With Enzalutamide in Men With DDR Gene Mutated mCSPC,PHASE3,Phase 3,ACTIVE_NOT_RECRUITING,599,Pfizer,Pfizer,687,1,1,active_comparator,2,placebo plus enzalutamide,talazoparib plus enzalutamide,PARP,Small Molecule,CDX;DDR;biomarker;biomarker analysis;molecular profiling,0,1,0,0,0,0,0,0,0
NCT04833426,Impact of Peri-operative tEstosterone Levels on oNcological and Functional Outcomes in RadiCal prostatEctomy,PHASE3,Phase 3,RECRUITING,140,Canisius-Wilhelmina Hospital,Canisius-Wilhelmina Hospital,1,0,0,active_comparator,2,testosterone gel,,,,,0,0,0,0,0,0,0,0,0
NCT04846478,Phase Ia/Ib Talazoparib + Tazemetostat for mCRPC,PHASE1,Phase 1,ACTIVE_NOT_RECRUITING,35,Dana-Farber Cancer Institute,Dana-Farber Cancer Institute,326,0,1,multi_experimental,2,talazoparib;tazemetostat,talazoparib;tazemetostat,PARP,Small Molecule,ATM;BRCA1;BRCA2;BRIP1;CDK12;CHEK2;PALB2;RA,0,1,0,0,0,0,0,1,0
NCT04848337,Pembrolizumab and Lenvatinib in Advanced/Metastatic Neuroendocrine Prostate Cancer,PHASE2,Phase 2,ACTIVE_NOT_RECRUITING,45,University of Michigan Rogel Cancer Center,University of Michigan Rogel Cancer Center,59,0,1,single_arm,1,lenvatinib;pembrolizumab,lenvatinib;pembrolizumab,PD-1,Monoclonal Antibody,PD-L1;genomic,1,1,1,0,0,0,0,1,1
NCT04868604,64Cu-SAR-bisPSMA and 67Cu-SAR-bisPSMA for Identification and Treatment of PSMA-expressing Metastatic Castrate Resistant Prostate Cancer (SECuRE),PHASE1;PHASE2,Phase 2,RECRUITING,54,Clarity Pharmaceuticals Ltd,Clarity Pharmaceuticals,11,1,0,single_arm,1,64cu-sar-bispsma;67cu-sar-bispsma,64cu-sar-bispsma;67cu-sar-bispsma,PSMA,Radiopharmaceutical,,0,1,1,0,1,0,0,0,1
NCT04879563,Artificial Intelligence Supporting CAncer Patients Across Europe - the ASCAPE Project,PHASE2,Phase 2,ACTIVE_NOT_RECRUITING,500,Region Örebro County,Region Örebro County,2,0,0,single_arm,1,ascape-based follow-up strategy,ascape-based follow-up strategy,,,,0,1,0,0,0,0,0,0,0
NCT04898634,"A Study of JNJ-78278343, a T-Cell-Redirecting Agent Targeting Human Kallikrein 2 (KLK2), for Advanced Prostate Cancer",PHASE1,Phase 1,ACTIVE_NOT_RECRUITING,216,"Janssen Research & Development, LLC",Johnson & Johnson,363,1,1,single_arm,1,jnj-78278343,jnj-78278343,KLK2,Bispecific Antibody,AR,1,1,1,0,0,0,0,0,1
NCT04916613,ADT +/- Darolutamide in de Novo Metastatic Prostate Cancer Patients With Vulnerable Functional Ability (PEACE6-Vulnerable),PHASE3,Phase 3,RECRUITING,300,UNICANCER,UNICANCER,64,0,1,placebo_comparator,2,androgen deprivation therapy,androgen deprivation therapy;darolutamide,AR,Small Molecule,AR,0,1,0,0,0,0,0,0,0
NCT04943536,Bicalutamide Implants (Biolen) With Radiation Therapy in Patients With Localized Prostate Cancer,PHASE1,Phase 1,ACTIVE_NOT_RECRUITING,20,Alessa Therapeutics Inc.,Alessa Therapeutics,3,1,0,single_arm,1,bicalutamide;stereotactic body radiation therapy,bicalutamide;stereotactic body radiation therapy,AR,Small Molecule,,0,1,0,0,0,0,0,0,0
NCT04946370,Phase I/II Trial of Pembrolizumab and Androgen-receptor Inhibitor With or Without 225Ac-J591 for Progressive Metastatic Castration Resistant Prostate Cancer,PHASE1;PHASE2,Phase 2,RECRUITING,52,Weill Medical College of Cornell University,Weill Medical College of Cornell University,90,0,1,multi_experimental,2,androgen receptor inhibitor;diagnostic test: 68ga-psma-11;pembrolizumab,225ac-j591;androgen receptor inhibitor;diagnostic test: 68ga-psma-11;pembrolizumab,PSMA,Radiopharmaceutical,PD-L1;PSMA,0,1,1,0,1,0,0,1,1
NCT04969315,TT-4 and TT-10 as Single Agents and in Combination in Subjects With Advanced Selected Solid Tumors and Pleural Mesothelioma,PHASE1;PHASE2,Phase 2,RECRUITING,35,Portage Biotech,Portage Biotech,1,1,0,multi_experimental,3,,tt-10;tt-4,ADORA2A,Small Molecule,MET,0,1,0,0,0,0,0,0,0
NCT04986423,ZEN003694 and Enzalutamide Versus Enzalutamide Monotherapy in Metastatic Castration-Resistant Prostate Cancer,PHASE2,Phase 2,RECRUITING,200,Zenith Epigenetics,Zenith Epigenetics,6,1,1,active_comparator,4,enzalutamide,enzalutamide;zen003694,BET,Small Molecule,AR,0,1,1,0,0,0,0,0,1
NCT04989946,"Androgen Deprivation, With or Without pTVG-AR, and With or Without T-Cell Checkpoint Blockade, in Patients With Newly Diagnosed, High-Risk Prostate Cancer",PHASE1;PHASE2,Phase 2,ACTIVE_NOT_RECRUITING,57,"University of Wisconsin, Madison","University of Wisconsin, Madison",61,0,1,active_comparator,5,degarelix;flt pet/ct,cemiplimab;degarelix;fianlimab;flt pet/ct;nivolumab;ptvg-ar,PD-1,Monoclonal Antibody,AR;CD30,1,1,0,0,0,0,0,0,0
NCT05000294,Atezolizumab Plus Tivozanib in Immunologically Cold Tumor Types,PHASE1;PHASE2,Phase 2,RECRUITING,29,University of Florida,University of Florida,28,0,1,single_arm,1,atezolizumab;tivozanib,atezolizumab;tivozanib,PD-L1,Monoclonal Antibody,CMMRD;HER2;MET;MSI;MSI-H;PD-L1;TMB;dMMR,1,1,0,0,0,1,0,0,1
NCT05004285,Evaluate the Clinical Usefulness of [F-18]Florastamin PET/CT Imaging Diagnosis Compared to MRI Diagnosis,PHASE3,Phase 3,ACTIVE_NOT_RECRUITING,398,FutureChem,FutureChem,5,1,0,single_arm,1,[f-18]florastamin,,,,,0,0,0,0,0,0,0,0,0
NCT05011188,FOR46 in Combination With Enzalutamide in Patients With Metastatic Castration Resistant Prostate Cancer,PHASE1;PHASE2,Phase 2,ACTIVE_NOT_RECRUITING,44,Rahul Aggarwal,Rahul Aggarwal,7,0,0,multi_experimental,2,enzalutamide;for46;pegfilgrastim,blood samples;enzalutamide;for46;pegfilgrastim,CD46,ADC,,1,1,0,0,0,0,0,0,0
NCT05032040,A Study of XmAb20717 (Vudalimab)in Patients With Selected Advanced Gynecologic and Genitourinary Malignancies,PHASE2,Phase 2,ACTIVE_NOT_RECRUITING,170,"Xencor, Inc.",Xencor,19,1,0,single_arm,1,vudalimab,vudalimab,PD-1,Bispecific Antibody,CDK12;MMR;MSI;MSI-H;PD-L1;dMMR,1,1,1,0,0,1,0,1,1
NCT05057013,A Phase I/IIa Trial of HMBD-001 in Advanced HER3 Positive Solid Tumours,PHASE1;PHASE2,Phase 2,ACTIVE_NOT_RECRUITING,81,Cancer Research UK,Cancer Research UK,16,0,0,multi_experimental,2,,hmbd-001;hmbd-001 and enzalutamide,HER3,Monoclonal Antibody,HER3,1,1,0,0,0,0,0,1,0
NCT05059236,A Study to Learn How Well Darolutamide Administered Together With Androgen Deprivation Therapy (ADT) Works in Men With Metastatic Hormone-sensitive Prostate Cancer. Results Will be Compared With ADT Alone From a Previously Conducted Study.,PHASE2,Phase 2,COMPLETED,223,Bayer,Bayer,283,1,1,single_arm,1,adt;darolutamide (bay1841788;nubeqa),adt;darolutamide (bay1841788;nubeqa),AR,Small Molecule,AR;MET;PSA,0,1,1,0,0,0,0,0,1
NCT05067140,A Study of ARV-766 Given by Mouth in Men With Metastatic Prostate Cancer,PHASE1;PHASE2,Phase 2,ACTIVE_NOT_RECRUITING,164,Novartis Pharmaceuticals,Novartis,836,1,1,multi_experimental,3,androgen deprivation therapy (adt);arv-766,abiraterone;androgen deprivation therapy (adt);arv-766;corticosteroid (e.g.;prednisone/prednisolone),,,,0,1,0,0,0,0,0,0,0
NCT05079698,A Study of Stereotactic Body Radiotherapy and 177Lu-PSMA-617 for the Treatment of Prostate Cancer,PHASE1,Phase 1,ACTIVE_NOT_RECRUITING,29,Memorial Sloan Kettering Cancer Center,Memorial Sloan Kettering Cancer Center,411,0,1,single_arm,1,177lu-psma-617;stereotactic body radiotherapy (sbrt),177lu-psma-617;stereotactic body radiotherapy (sbrt),PSMA,Radiopharmaceutical,PSMA,0,1,0,0,1,0,0,1,1
NCT05104515,First-in-human Study of OVM-200 as a Therapeutic Cancer Vaccine,PHASE1,Phase 1,RECRUITING,36,Oxford Vacmedix UK Ltd.,Oxford Vacmedix UK,1,1,0,single_arm,1,ovm-200,ovm-200,SURVIVIN,Peptide,PD-L1,0,1,0,0,0,0,0,0,0
NCT05107674,A Study of NX-1607 in Adults With Advanced Malignancies,PHASE1,Phase 1,RECRUITING,345,"Nurix Therapeutics, Inc.",Nurix Therapeutics,7,1,0,multi_experimental,12,nx-1607,nx-1607;paclitaxel,CBL-B,Small Molecule,PD-L1,0,1,0,0,0,0,0,1,0
NCT05113537,Abemaciclib Before 177Lu-PSMA-617 for the Treatment of Metastatic Castrate Resistant Prostate Cancer,PHASE1;PHASE2,Phase 2,RECRUITING,30,Vadim S Koshkin,Vadim S Koshkin,2,0,1,multi_experimental,2,abemaciclib;lutetium lu 177-psma-617,abemaciclib;lutetium lu 177-psma-617,ER,Small Molecule,ER;HER2,0,1,0,0,1,0,0,0,1
NCT05116475,Evaluation of dAroLutamide Addition to anDrogen Deprivation Therapy and radIatioN Therapy in Newly Diagnosed Prostate Cancer With Pelvic Lymph Nodes Metastases,PHASE3,Phase 3,RECRUITING,152,Association Pour La Recherche des Thérapeutiques Innovantes en Cancérologie,Association Pour La Recherche des Thérapeutiques Innovantes en Cancérologie,2,0,1,placebo_comparator,2,placebo of darolutamide,darolutamide,AR,Small Molecule,AR,0,1,0,0,1,0,0,0,1
NCT05125016,A Trial to Find Out if REGN4336 is Safe and How Well it Works Alone and in Combination With REGN5678 for Adult Participants With Advanced Prostate Cancer,PHASE1;PHASE2,Phase 2,RECRUITING,228,Regeneron Pharmaceuticals,Regeneron,95,1,1,multi_experimental,2,regn4336,regn4336;regn5678,PSMA,Bispecific Antibody,PSMA,1,1,0,0,1,0,0,0,1
NCT05171816,Study on Olaparib Plus Abiraterone as First-line Therapy in Men With Metastatic Castration-resistant Prostate Cancer (China Cohort),PHASE3,Phase 3,ACTIVE_NOT_RECRUITING,110,AstraZeneca,AstraZeneca,780,1,1,placebo_comparator,2,abiraterone acetate,abiraterone acetate;olaparib,PARP,Small Molecule,BRCA1;BRCA2;biomarker,0,1,0,1,0,0,1,0,1
NCT05176483,Study of Zanzalintinib in Combination With Immuno-Oncology or Other Agents in Participants With Solid Tumors,PHASE1,Phase 1,RECRUITING,1394,Exelixis,Exelixis,52,1,0,multi_experimental,9,zanzalintinib,ddi probe cocktail;docetaxel;ipilimumab;nivolumab;nivolumab + relatlimab;zanzalintinib,EGFR,Small Molecule,PD-L1;biomarker,0,1,1,0,0,0,1,1,1
NCT05189457,"First Strike, Second Strike Therapies for High Risk Metastatic Castration Sensitive Prostate Cancer",PHASE2,Phase 2,ACTIVE_NOT_RECRUITING,32,H. Lee Moffitt Cancer Center and Research Institute,H. Lee Moffitt Cancer Center and Research Institute,228,0,1,single_arm,1,docetaxel;luteinizing hormone releasing hormone;new hormonal agent;tislelizumab,docetaxel;luteinizing hormone releasing hormone;new hormonal agent;tislelizumab,PD-1,Monoclonal Antibody,MET;PD-L1,1,1,0,0,0,0,0,0,0
NCT05191680,TherApeutics in Early ProState Cancer (TAPS02),PHASE2,Phase 2,RECRUITING,90,Cambridge University Hospitals NHS Foundation Trust,Cambridge University Hospitals NHS Foundation Trust,7,0,1,placebo_comparator,3,,apalutamide oral tablet [erleada],AR,Small Molecule,,0,0,1,0,0,0,0,0,1
NCT05204927,177Lu-PSMA-I&T for Metastatic Castration-Resistant Prostate Cancer,PHASE3,Phase 3,ACTIVE_NOT_RECRUITING,439,Curium US LLC,Curium US,4,1,0,active_comparator,2,abiraterone with prednisone or enzalutamide,177lu-psma-i&t,PSMA,Radiopharmaceutical,AR;PSMA,0,1,1,1,1,0,0,1,1
NCT05215574,Study of NGM831 as Monotherapy and in Combination With Pembrolizumab or Pembrolizumab and NGM438 in Advanced or Metastatic Solid Tumors,PHASE1,Phase 1,ACTIVE_NOT_RECRUITING,130,"NGM Biopharmaceuticals, Inc",NGM Biopharmaceuticals,6,1,1,multi_experimental,3,,ngm831;ngm831 and ngm438 plus pembrolizumab (keytruda);ngm831 plus pembrolizumab (keytruda),ILT3,Monoclonal Antibody,,1,1,0,0,0,0,0,0,0
NCT05219500,Targeted Alpha Therapy With 225Actinium-Prostate Specific Membrane Antigen (PSMA)-I&T of Castration-resISTant Prostate Cancer (TATCIST).,PHASE2,Phase 2,ACTIVE_NOT_RECRUITING,115,Fusion Pharmaceuticals Inc.,Fusion Pharmaceuticals,5,1,0,single_arm,1,fpi-2265,fpi-2265,PSMA,Radiopharmaceutical,PSMA,0,1,1,1,1,0,0,0,1
NCT05245006,PET Imaging Study of 89Zr-DFO-YS5 in Men With Prostate Cancer,PHASE1,Phase 1,ACTIVE_NOT_RECRUITING,30,"Robert Flavell, MD, PhD","Robert Flavell, MD, PhD",4,0,0,multi_experimental,3,89zr-dfo-ys5;positron emission tomography (pet)/computerized tomography (ct);positron emission tomography (pet)/magnetic resonance imaging (mri),89zr-dfo-ys5;positron emission tomography (pet)/computerized tomography (ct);positron emission tomography (pet)/magnetic resonance imaging (mri);ys5 antibody,CD46,Radiopharmaceutical,CD46;biomarker,0,1,0,0,0,0,0,0,0
NCT05283330,Safety and Tolerability of ²¹²Pb-DOTAM-GRPR1 in Adult Subjects With Recurrent or Metastatic GRPR-expressing Tumors,PHASE1,Phase 1,RECRUITING,48,"Orano Med Theranostics, SAS",Orano Med Theranostics,1,1,0,single_arm,1,²¹²pb-dotam-grpr1,²¹²pb-dotam-grpr1,GRPR,Radiopharmaceutical,ER;GRPR;HER2,0,1,0,0,0,0,0,0,0
NCT05288166,A Study of Abemaciclib (LY2835219) With Abiraterone in Men With Prostate Cancer That Has Spread to Other Parts of the Body and is Expected to Respond to Hormonal Treatment (Metastatic Hormone-Sensitive Prostate Cancer),PHASE3,Phase 3,ACTIVE_NOT_RECRUITING,925,Eli Lilly and Company,Eli Lilly,535,1,1,active_comparator,2,abiraterone;placebo for abemaciclib;prednisone or prednisolone,abemaciclib;abiraterone;prednisone or prednisolone,ER,Small Molecule,ER;HER2,0,1,0,0,0,0,0,0,0
NCT05346848,Randomized Phase II Trial on Short Term Darolutamide Concomitant to Radiation Therapy for Patients With Intermediate Unfavorable Risk Prostate Cancer,PHASE2,Phase 2,RECRUITING,62,Institut Bergonié,Institut Bergonié,27,0,1,multi_experimental,2,association of darolutamide and ebrt,association of darolutamide and ebrt,AR,Small Molecule,,0,1,0,0,0,0,0,0,0
NCT05348577,Study of Capivasertib + Docetaxel vs Placebo + Docetaxel as Treatment for Metastatic Castration Resistant Prostate Cancer (mCRPC),PHASE3,Phase 3,ACTIVE_NOT_RECRUITING,1035,AstraZeneca,AstraZeneca,780,1,1,placebo_comparator,2,docetaxel,capivasertib;docetaxel,AKT1,Small Molecule,PIK3CA;PTEN,0,1,0,0,0,0,0,1,0
NCT05367440,Study of AZD5305 When Given in Combination With New Hormonal Agents in Patients With Metastatic Prostate Cancer,PHASE1;PHASE2,Phase 2,ACTIVE_NOT_RECRUITING,174,AstraZeneca,AstraZeneca,780,1,1,multi_experimental,4,,abiraterone acetate;apalutamide;azd5305;darolutamide;enzalutamide,PARP,Small Molecule,ATM;BARD1;BRCA1;BRCA2;CDK12;HRR;PALB2;RA,0,1,0,0,1,0,0,1,1
NCT05381103,PSMA-PET to Guide Prostatectomy,PHASE2;PHASE3,Phase 3,RECRUITING,288,"Five Eleven Pharma, Inc.",Five Eleven Pharma,4,1,0,active_comparator,2,diagnostic test: soc mri,diagnostic test: psma-pet and soc mri,,Radiopharmaceutical,,0,1,0,0,0,0,0,0,0
NCT05404139,Duration of Androgen Receptor Pathway Inhibitor and ADT With Metastasis Directed Therapy in Oligometastatic Cancer of the Prostate (DIRECT),PHASE2,Phase 2,RECRUITING,352,"University Health Network, Toronto","University Health Network, Toronto",91,0,1,multi_experimental,3,abiraterone;standard of care sbrt and adt,abiraterone;atorvastatin;standard of care sbrt and adt,CYP17A1,Small Molecule,,0,1,0,0,1,0,0,0,1
NCT05413421,Study of ORIC-944 in Patients With Metastatic Prostate Cancer,PHASE1,Phase 1,RECRUITING,275,ORIC Pharmaceuticals,ORIC Pharmaceuticals,7,1,0,multi_experimental,3,oric-944,abiraterone acetate (zytiga);apalutamide (erleada);darolutamide (nubeqa);enzalutamide (xtandi);oric-944,PRC2,Small Molecule,AR-V7;H3K27ME3;PSA,0,1,0,0,0,0,0,1,0
NCT05413850,Anti-tumour Activity of (177Lu) rhPSMA-10.1 Injection,PHASE1;PHASE2,Phase 2,RECRUITING,82,Blue Earth Therapeutics Ltd,Blue Earth Therapeutics,2,1,0,multi_experimental,5,lutetium (177lu) rhpsma-10.1 injection,diagnostic test: 18f-rhpsma-7.3 injection (in phase 1 only);lutetium (177lu) rhpsma-10.1 injection,PSMA,Radiopharmaceutical,PSMA,0,1,0,0,1,0,0,0,1
NCT05422911,"Abiraterone, Enzalutamide, or Apalutamide in Castrate-sensitive Prostate Cancer.",PHASE2,Phase 2,RECRUITING,192,Sun Pharmaceutical Industries Limited,Sun Pharmaceutical Industries,9,1,0,active_comparator,2,abiraterone acetate;apalutamide;enzalutamide,,CYP17A1,Small Molecule,,0,1,1,0,0,0,0,0,1
NCT05488548,Dual BET and CBP/p300 Inhibitor in Patients With Targeted Advanced Solid Tumors and Hematological Malignancies,PHASE1,Phase 1,RECRUITING,75,"Epigenetix, Inc.",Epigenetix,1,1,0,multi_experimental,3,ep31670,ep31670,BET,Small Molecule,,0,1,0,0,0,0,0,1,0
NCT05489211,Study of Dato-DXd as Monotherapy and in Combination With Anti-cancer Agents in Patients With Advanced Solid Tumours (TROPION-PanTumor03),PHASE2,Phase 2,RECRUITING,454,AstraZeneca,AstraZeneca,780,1,1,multi_experimental,14,datopotamab deruxtecan (dato-dxd),bevacizumab;capecitabine;carboplatin;cisplatin;datopotamab deruxtecan (dato-dxd);fluorouracil;prednisone/ prednisolone;rilvegostomig;volrustomig,VEGF/VEGFR,Monoclonal Antibody,TROP2;genomic,1,1,0,0,0,0,0,0,0
NCT05496959,"177-Lutetium-PSMA Before Stereotactic Body Radiotherapy for the Treatment of Oligorecurrent Prostate Cancer, The LUNAR Study",PHASE2,Phase 2,ACTIVE_NOT_RECRUITING,93,Jonsson Comprehensive Cancer Center,Jonsson Comprehensive Cancer Center,117,0,1,active_comparator,2,quality-of-life assessment;stereotactic body radiation therapy,lutetium lu-177 pnt2002;quality-of-life assessment;stereotactic body radiation therapy,PSMA,Radiopharmaceutical,PSMA,0,1,0,0,1,0,0,0,1
NCT05498272,Study of Neoadjuvant PARP Inhibition Followed by Radical Prostatectomy in Patients With Unfavorable Intermediate-Risk or High-Risk Prostate Cancer With Select HRR Gene Alterations,PHASE2,Phase 2,ACTIVE_NOT_RECRUITING,32,"Rana McKay, MD","Rana McKay, MD",2,0,1,single_arm,1,lhrh agonist;olaparib,lhrh agonist;olaparib,PARP,Small Molecule,BRCA1;BRCA2,0,1,0,0,0,0,0,0,0
NCT05502315,Study of Cabozantinib and Nivolumab in Metastatic Castration Resistant Prostate Cancer,PHASE2,Phase 2,ACTIVE_NOT_RECRUITING,47,"Rana McKay, MD","Rana McKay, MD",2,0,1,single_arm,1,cabozantinib;nivolumab,cabozantinib;nivolumab,MET,Small Molecule,AR;PD-L1,0,1,1,0,1,0,0,0,1
NCT05519449,Study of JANX007 in Subjects With Metastatic Castration-Resistant Prostate Cancer (ENGAGER-PSMA-01),PHASE1,Phase 1,RECRUITING,272,Janux Therapeutics,Janux Therapeutics,4,1,0,multi_experimental,4,janx007,darolutamide;janx007,,,,0,1,0,0,1,0,0,0,1
NCT05546268,Study of Oral MRT-2359 in Selected Cancer Patients,PHASE1;PHASE2,Phase 2,ACTIVE_NOT_RECRUITING,174,"Monte Rosa Therapeutics, Inc",Monte Rosa Therapeutics,2,1,0,multi_experimental,6,oral mrt-2359,oral mrt-2359,MYC,Small Molecule,HER2;MYC;biomarker,0,1,0,0,0,0,0,0,0
NCT05547061,"A Phase 1/2 Clinical Trial to Evaluate the Safety, Tolerability, Dosimetry, and Anti-tumor Activity of Ga-68-NGUL / Lu-177-DGUL in Patients With Metastatic Castration-resistant Prostate Cancer (mCRPC) Refractory to Standard Therapy",PHASE1;PHASE2,Phase 2,ACTIVE_NOT_RECRUITING,91,"Cellbion Co., Ltd.",Cellbion,2,1,0,multi_experimental,4,ga-68-ngul,ga-68-ngul;lu-177-dgul,PSMA,Radiopharmaceutical,PSMA,0,1,0,0,1,0,0,0,1
NCT05558007,Safety and Efficacy Evaluation of BZ371A Topically Applied on Prostatectomized Patients,PHASE2,Phase 2,RECRUITING,72,Biozeus Biopharmaceutical S.A.,Biozeus Biopharmaceutical,2,1,0,active_comparator,3,bz371a;tadalafil;topical placebo,bz371a;oral placebo,,,PR,0,1,0,0,0,0,0,0,0
NCT05560659,Lu-PSMA for Oligometastatic Prostate Cancer Treated With STereotactic Ablative Radiotherapy,PHASE2,Phase 2,RECRUITING,92,"Peter MacCallum Cancer Centre, Australia","Peter MacCallum Cancer Centre, Australia",16,0,0,multi_experimental,2,177lu-psma,177lu-psma,PSMA,Radiopharmaceutical,PSMA,0,1,0,0,1,0,0,0,1
NCT05568550,Pembro With Radiation With or Without Olaparib,PHASE2,Phase 2,RECRUITING,64,Zin W Myint,Zin W Myint,1,0,1,multi_experimental,2,androgen deprivation therapy;pembrolizumab;radiation therapy,androgen deprivation therapy;olaparib;pembrolizumab;radiation therapy,PD-1,Monoclonal Antibody,PD-L1,1,1,0,0,0,0,0,0,0
NCT05613894,Dose-Escalation Study of Cabozantinib in Combination With Lutetium-177 (177Lu)-PSMA-617 in Patients With Metastatic Castration-Resistant Prostate Cancer,PHASE1,Phase 1,RECRUITING,33,University of Utah,University of Utah,55,0,0,multi_experimental,2,cabozantinib,cabozantinib,MET,Small Molecule,PD-L1,0,1,0,0,1,0,0,0,1
NCT05652686,A Study of Peluntamig (PT217) in Patients With Neuroendocrine Carcinomas Expressing DLL3 (the SKYBRIDGE Study),PHASE1;PHASE2,Phase 2,RECRUITING,203,Phanes Therapeutics,Phanes Therapeutics,3,1,1,multi_experimental,4,peluntamig (pt217),atezolizumab;carboplatin + etoposide;irinotecan (drug);lurbinectedin;paclitaxel.;peluntamig (pt217);topotecan,DLL3,ADC,DLL3;PR;biomarker,1,1,0,0,0,0,1,1,0
NCT05656573,CART-PSMA Cells for Advanced Prostate Cancer,PHASE1,Phase 1,RECRUITING,20,Nova Therapeutics LLC,Nova Therapeutics,1,1,0,single_arm,1,cart-psma cells,cart-psma cells,PSMA,CAR-T,PSMA,1,1,0,0,1,0,0,0,1
NCT05656794,Consolidative Prostate Radiotherapy in Metastatic Prostate Cancer,PHASE2,Phase 2,RECRUITING,40,"University Health Network, Toronto","University Health Network, Toronto",91,0,0,multi_experimental,2,radiotherapy,radiotherapy,,,,0,1,0,0,0,0,0,0,0
NCT05658003,A Study Evaluating [177Lu]Lu-PSMA-617 vs. a Change of Androgen Receptor-directed Therapy in Taxane Treatment Naive Chinese Male Patients With Progressive Metastatic Castrate Resistant Prostate Cancer,PHASE2,Phase 2,ACTIVE_NOT_RECRUITING,63,Novartis Pharmaceuticals,Novartis,836,1,1,active_comparator,2,[68ga]ga-psma-11;ardt,[177lu]lu-psma-617;[68ga]ga-psma-11,PSMA,Radiopharmaceutical,PSMA,0,1,1,0,1,0,0,0,1
NCT05676203,A Trial Comparing Docetaxel 75 mg/m2 (3w) Versus Docetaxel 50 mg/m2 (2w) in Combination With Darolutamide + ADT in mHSPC Patients,PHASE3,Phase 3,ACTIVE_NOT_RECRUITING,250,Jena University Hospital,Jena University Hospital,1,0,1,active_comparator,2,docetaxel;standard adt (androgen deprivation therapy);standard darolutamide,docetaxel;standard adt (androgen deprivation therapy);standard darolutamide,,,AR,0,1,1,0,1,0,0,0,1
NCT05678322,Optimizing Timing of rhPSMA-7.3 (18F) for Assessing Site(s) of Recurrent Disease Following Radical Prostatectomy,PHASE3,Phase 3,ACTIVE_NOT_RECRUITING,26,NYU Langone Health,NYU Langone Health,39,0,0,single_arm,1,18f-labeled positron emission tomography (pet) diagnostic agent;device: pet mri imaging,18f-labeled positron emission tomography (pet) diagnostic agent;device: pet mri imaging,PSMA,Radiopharmaceutical,PSMA,0,1,0,0,0,0,0,0,0
NCT05682443,ONC-392 Plus Lutetium Lu 177 Vipivotide Tetraxetan in Patients With mCRPC,PHASE1;PHASE2,Phase 2,ACTIVE_NOT_RECRUITING,148,"OncoC4, Inc.",OncoC4,10,1,0,active_comparator,3,lutetium lu 177 vipivotide tetraxetan,lutetium lu 177 vipivotide tetraxetan;onc-392 high;onc-392 low,CTLA-4,Monoclonal Antibody,AR;PSMA,1,1,0,0,1,0,0,0,1
NCT05720130,Phase Ib/IIa Dose Escalation and Expansion Study of [²¹²Pb]Pb-ADVC001 in Metastatic Prostate Cancer (TheraPb - Phase I/II Study).,PHASE1;PHASE2,Phase 2,RECRUITING,100,AdvanCell Pty Limited,AdvanCell Pty,1,1,0,multi_experimental,2,,[²¹²pb]pb-advc001 (phase 1b);[²¹²pb]pb-advc001 (phase 2a),PSMA,Radiopharmaceutical,,0,1,1,1,1,0,0,1,1
NCT05740956,A Study of Hansoh (HS)-10502 in Patients With Advanced Solid Tumors,PHASE1,Phase 1,RECRUITING,318,"Jiangsu Hansoh Pharmaceutical Co., Ltd.",Hansoh,82,1,0,single_arm,1,hs-10502,hs-10502,,,HER2,0,1,0,1,0,0,0,0,1
NCT05743621,Study of TVB-2640 in Men With Metastatic Castration-Resistant Prostate Cancer,PHASE1,Phase 1,RECRUITING,30,Weill Medical College of Cornell University,Weill Medical College of Cornell University,90,0,0,single_arm,1,enzalutamide;tvb-2640,enzalutamide;tvb-2640,FASN,Small Molecule,PSA,0,1,1,0,0,0,1,0,1
NCT05751941,Study of Sipuleucel-T With or Without Continuing New Hormonal Agents in Metastatic Prostate Cancer,PHASE2,Phase 2,ACTIVE_NOT_RECRUITING,26,H. Lee Moffitt Cancer Center and Research Institute,H. Lee Moffitt Cancer Center and Research Institute,228,0,0,multi_experimental,2,sipuleucel-t,abiraterone;apalutamide;enzalutamide;sipuleucel-t,CYP17A1,Small Molecule,,0,1,0,0,0,0,0,0,0
NCT05753566,Rezvilutamide in Patients With Biochemical Recurrence After Radical Prostatectomy for Prostate Cancer,PHASE2,Phase 2,RECRUITING,96,The Affiliated Nanjing Drum Tower Hospital of Nanjing University Medical School,The Affiliated Nanjing Drum Tower Hospital of Nanjing University Medical School,5,0,0,multi_experimental,2,androgen deprivation therapy (adt);rezvilutamide,androgen deprivation therapy (adt);rezvilutamide;srt,AR,Small Molecule,AR,0,1,0,0,0,0,0,0,0
NCT05765500,RecoverPC: Relugolix vs GnRH Agonist in Quality of Life,PHASE2,Phase 2,RECRUITING,110,Dana-Farber Cancer Institute,Dana-Farber Cancer Institute,326,0,1,active_comparator,2,leuprolide,relugolix,GnRH,Small Molecule,AR,0,1,1,0,0,0,0,0,1
NCT05766371,Pembrolizumab Plus 177Lu-PSMA-617 in Patients With Castration Resistant Prostate Cancer,PHASE2,Phase 2,RECRUITING,48,"University of California, San Francisco","University of California, San Francisco",90,0,1,single_arm,1,177lu-psma-617;pembrolizumab,177lu-psma-617;pembrolizumab,PD-1,Monoclonal Antibody,MET;PD-L1,1,1,0,0,1,0,0,1,1
NCT05778097,Adjutant Apalutamide Plus ADT in Post-RP Patients With High Risk of Recurrence (ARES Study),PHASE2,Phase 2,NOT_YET_RECRUITING,103,The Affiliated Nanjing Drum Tower Hospital of Nanjing University Medical School,The Affiliated Nanjing Drum Tower Hospital of Nanjing University Medical School,5,0,1,single_arm,1,androgen deprivation therapy(adt);apalutamide,androgen deprivation therapy(adt);apalutamide,AR,Small Molecule,PSA,0,1,0,0,0,0,0,0,0
NCT05779943,Comparison of 18F-rhPSMA-7.3 PET/CT With and Without Furosemide in Biochemical Recurrence of Prostate Cancer,PHASE2,Phase 2,ACTIVE_NOT_RECRUITING,20,Emory University,Emory University,116,0,0,single_arm,1,computed tomography;f18-rhpsma-7.3;furosemide;positron emission tomography,computed tomography;f18-rhpsma-7.3;furosemide;positron emission tomography,,,,0,1,0,0,0,0,0,0,0
NCT05786716,"DETERMINE Trial Treatment Arm 04: Trastuzumab in Combination With Pertuzumab in Adult, Paediatric and Teenage/Young Adult Patients With Cancers With HER2 Amplification or Activating Mutations",PHASE2;PHASE3,Phase 3,RECRUITING,30,Cancer Research UK,Cancer Research UK,16,0,1,single_arm,1,pertuzumab;trastuzumab,pertuzumab;trastuzumab,HER2,ADC,HER2;MET,1,1,0,0,0,0,0,0,0
NCT05787587,A Study of PARG Inhibitor IDE161 in Participants With Advanced Solid Tumors,PHASE1,Phase 1,ACTIVE_NOT_RECRUITING,216,IDEAYA Biosciences,IDEAYA Biosciences,11,1,1,multi_experimental,4,ide-161,ide-161;pembrolizumab,PARG,Small Molecule,MSI,0,1,0,1,0,0,0,0,1
NCT05794906,A Study to Compare Darolutamide Given With Androgen Deprivation Therapy (ADT) and Placebo Given With ADT in Men With Hormone Sensitive Prostate Cancer and Raise of Prostate Specific Antigen (PSA) Levels After Local Therapies,PHASE3,Phase 3,ACTIVE_NOT_RECRUITING,985,Bayer,Bayer,283,1,1,placebo_comparator,2,adt;placebo matching darolutamide,adt;darolutamide (bay1841788;nubeqa),AR,Small Molecule,PSA,0,1,1,0,1,0,0,0,1
NCT05800665,"A Study Evaluating the Safety, Pharmacokinetics, and Activity of RO7656594 In Participants With Advanced or Metastatic Prostate Cancer",PHASE1,Phase 1,RECRUITING,210,"Genentech, Inc.",Roche/Genentech,922,1,1,multi_experimental,2,ro7656594,ro7656594,PSMA,Monoclonal Antibody,AR;PSMA,1,1,1,0,0,0,0,0,1
NCT05806814,Sipuleucel-T Based Autologous Cellular Immunotherapy for Advanced Prostate Cancer,PHASE1,Phase 1,ACTIVE_NOT_RECRUITING,15,University of Oklahoma,University of Oklahoma,23,0,0,single_arm,1,sipuleucel-t,sipuleucel-t,PAP,Cell Therapy,PSA,1,1,0,0,0,0,0,0,0
NCT05818683,A Study of Pasritamig (JNJ-78278343) in Combination With Other Agents for Metastatic Prostate Cancer,PHASE1,Phase 1,RECRUITING,300,"Janssen Research & Development, LLC",Johnson & Johnson,363,1,1,single_arm,1,abiraterone acetate plus prednisone (aap);apalutamide;cabazitaxel;cetrelimab;darolutamide;docetaxel;enzalutamide;jnj-101556143;lutetium lu-177 vipivotide tetraxetan;pasritamig,abiraterone acetate plus prednisone (aap);apalutamide;cabazitaxel;cetrelimab;darolutamide;docetaxel;enzalutamide;jnj-101556143;lutetium lu-177 vipivotide tetraxetan;pasritamig,PD-1,Monoclonal Antibody,PD-L1,1,1,1,0,0,0,0,0,1
NCT05826509,SUrGery With or Without dARolutamide in High-risk and/or Locally Advanced Prostate Cancer,PHASE2,Phase 2,ACTIVE_NOT_RECRUITING,240,Institut Claudius Regaud,Institut Claudius Regaud,15,0,1,active_comparator,2,surgery alone,peri-operative darolutamide + surgery.,AR,Small Molecule,,0,1,0,0,0,0,0,0,0
NCT05842057,Human Amnion Membrane Allograft and Early Return of Erectile Function After Radical Prostatectomy,PHASE2,Phase 2,ACTIVE_NOT_RECRUITING,118,University of Miami,University of Miami,25,0,0,multi_experimental,2,biodfence g3 placental tissue membrane;robot-assisted radical prostatectomy,biodfence g3 placental tissue membrane;robot-assisted radical prostatectomy,,,,0,1,0,0,0,0,0,0,0
NCT05849298,A Phase II Study of AAA617 Alone and AAA617 in Combination With ARPI in Patients With PSMA PET Scan Positive CRPC,PHASE2,Phase 2,ACTIVE_NOT_RECRUITING,49,Novartis Pharmaceuticals,Novartis,836,1,1,multi_experimental,2,aaa517;aaa617;adt;piflufolastat f 18,aaa517;aaa617;adt;arpi;piflufolastat f 18,PSMA,Radiopharmaceutical,MET;PSMA,0,1,0,0,1,0,0,0,1
NCT05851365,Magnetic Resonance (MR) Imaging With Hyperpolarized Bicarbonate (13C) to Measure Tissue pH in Prostate Cancer,EARLY_PHASE1,Phase 1,ACTIVE_NOT_RECRUITING,1,"Robert Flavell, MD, PhD","Robert Flavell, MD, PhD",4,0,1,single_arm,1,hyperpolarized bicarbonate (13c);magnetic resonance imaging,hyperpolarized bicarbonate (13c);magnetic resonance imaging,,,,0,1,0,0,0,0,0,0,0
NCT05851547,Dose Escalation For INtraprostatic LEsions,PHASE2,Phase 2,RECRUITING,54,Ottawa Hospital Research Institute,Ottawa Hospital Research Institute,11,0,0,single_arm,1,prostate sbrt with focal boost;triptorelin injection,prostate sbrt with focal boost;triptorelin injection,GnRH,Peptide,,0,1,0,0,0,0,0,0,0
NCT05884398,A Study of an Intermittent ADT Approach With Apalutamide Monotherapy in Participants With mCSPC,PHASE3,Phase 3,ACTIVE_NOT_RECRUITING,420,"Janssen Research & Development, LLC",Johnson & Johnson,363,1,1,active_comparator,2,androgen-deprivation therapy (adt);apalutamide,androgen-deprivation therapy (adt);apalutamide,AR,Small Molecule,PSA,0,1,0,0,0,0,0,0,0
NCT05915442,Adenosine Signaling Modulation and Immune Checkpoint Inhibition With Hormone Sensitive Oligometastatic Prostate Cancer,PHASE2,Phase 2,RECRUITING,23,Catherine Spina,Catherine Spina,1,0,0,single_arm,1,etrumadenant;quemliclustat;stereotactic body radiation therapy;zimberelimab,etrumadenant;quemliclustat;stereotactic body radiation therapy;zimberelimab,PD-1,Monoclonal Antibody,PD-L1,1,1,0,0,0,0,0,0,0
NCT05919264,FOG-001 in Locally Advanced or Metastatic Solid Tumors,PHASE1;PHASE2,Phase 2,RECRUITING,619,"Parabilis Medicines, Inc.",Parabilis Medicines,1,1,0,multi_experimental,19,fog-001,bevacizumab;fog-001;mfolfox-6;nivolumab;trifluridine/tipiracil,β-catenin,Small Molecule,MSI;MSI-H;MSS;PD-L1;Wnt pathway;dMMR,0,1,0,0,0,1,0,1,1
NCT05924672,Efficacy of Ra-223 in PSMA PET Optimally Selected Patients,PHASE2,Phase 2,ACTIVE_NOT_RECRUITING,2,"University of California, San Francisco","University of California, San Francisco",90,0,1,single_arm,1,psma positron emission tomography (pet) scan;radium-223;technetium tc 99m medronate,psma positron emission tomography (pet) scan;radium-223;technetium tc 99m medronate,,Radiopharmaceutical,,0,1,0,0,1,0,0,0,1
NCT05936658,[18F]Florastamin PET/CT Imaging Examination in Patients With Suspected Recurrent or Metastatic Prostate Cancer,PHASE3,Phase 3,ACTIVE_NOT_RECRUITING,138,FutureChem,FutureChem,5,1,0,single_arm,1,[f-18]florastamin,,,,,0,0,0,0,0,0,0,0,0
NCT05939414,An Open-label Study Comparing Lutetium (177Lu) Vipivotide Tetraxetan Versus Observation in PSMA Positive OMPC.,PHASE3,Phase 3,RECRUITING,450,Novartis Pharmaceuticals,Novartis,836,1,1,multi_experimental,2,aaa617;gallium (68ga) gozetotide (25μg);piflufolastat (18f),aaa617;gallium (68ga) gozetotide (25μg);piflufolastat (18f),PSMA,Radiopharmaceutical,AR;PSMA,0,1,0,0,1,0,0,1,1
NCT05942001,Study of HRS-5041 in Patients With Metastatic Castration Resistant Prostate Cancer (mCRPC),PHASE1,Phase 1,RECRUITING,100,"Jiangsu HengRui Medicine Co., Ltd.",Hengrui,312,1,0,active_comparator,4,abiraterone acetate tablets;docetaxel injection;enzalutamide soft capsules;prednisone acetate tablets,hrs-5041,,Cell Therapy,AR,1,1,1,0,0,0,0,0,1
NCT05944237,HTL0039732 in Participants With Advanced Solid Tumours,PHASE1;PHASE2,Phase 2,RECRUITING,150,Cancer Research UK,Cancer Research UK,16,0,0,multi_experimental,3,,htl0039732 capsules;htl0039732 capsules and atezolizumab infusion,PD-L1,,HER2;PD-L1;genomic,0,1,0,0,0,0,0,1,0
NCT05946824,"This Study is Evaluating a New Radiation Treatment Technique for Patients Who Have Had Prostate Cancer, Undergone Surgery for Cancer, and Then Have Evidence That Their Prostate Cancer Has Returned.",PHASE2,Phase 2,RECRUITING,80,University of Rochester,University of Rochester,15,0,1,multi_experimental,2,daily-adaptive stereotactic body radiation therapy,daily-adaptive stereotactic body radiation therapy,,,,0,1,0,0,0,0,0,0,0
NCT05960578,"Golimumab and Apalutamide for the Treatment of Castration-Resistant Prostate Cancer, TRAMP Study",PHASE2,Phase 2,ACTIVE_NOT_RECRUITING,8,University of Washington,University of Washington,74,0,1,single_arm,1,apalutamide;biopsy;biospecimen collection;bone scan;computed tomography;golimumab;magnetic resonance imaging;psma pet scan,apalutamide;biopsy;biospecimen collection;bone scan;computed tomography;golimumab;magnetic resonance imaging;psma pet scan,TNF-alpha,Monoclonal Antibody,,1,1,0,0,0,0,0,0,0
NCT05983198,"Phase I/II Study of [225Ac]Ac-PSMA-R2 in PSMA-positive Prostate Cancer, With/Without Prior 177Lu-PSMA RLT",PHASE1,Phase 1,ACTIVE_NOT_RECRUITING,33,Novartis Pharmaceuticals,Novartis,836,1,1,multi_experimental,3,225ac-psma-r2;68ga-psma-11;68ga-psma-r2,225ac-psma-r2;68ga-psma-11;68ga-psma-r2,PSMA,Radiopharmaceutical,PSMA,0,1,0,0,1,0,0,0,1
NCT05983432,Evaluate BL-B01D1 in Patients With Metastatic or Unresectable Non-Small Cell Lung Cancer (NSCLC) and Other Solid Tumors,PHASE1,Phase 1,RECRUITING,470,SystImmune Inc.,SystImmune,7,1,0,multi_experimental,2,bl-b01d1,bl-b01d1,EGFR/HER3,ADC,ALK;EGFR;HER2;MET;PD-L1;ROS1;genomic,1,1,1,1,0,0,0,1,1
NCT05997615,"Safety, Pharmacokinetics, and Preliminary Efficacy of VIR-5500 (AMX-500) in Prostate Cancer",PHASE1,Phase 1,RECRUITING,437,"Astellas Pharma Global Development, Inc.",Astellas,171,1,1,multi_experimental,4,vir-5500,androgen receptor signaling inhibitor (arsi);vir-5500,,,,0,1,0,0,0,0,0,0,0
NCT06004661,Study of Lutetium (177Lu) Vipivotide Tetraxetan in mCRPC Participants With Moderately and Severely Impaired and With Normal Renal Function,PHASE2,Phase 2,ACTIVE_NOT_RECRUITING,23,Novartis Pharmaceuticals,Novartis,836,1,1,single_arm,1,68ga-psma-11;aaa617,68ga-psma-11;aaa617,PSMA,Radiopharmaceutical,PSMA,0,1,0,0,1,0,0,0,1
NCT06014255,Trial of Neoadjuvant Enoblituzumab vs SOC in Men With High-Risk Localized Prostate Cancer,PHASE2,Phase 2,ACTIVE_NOT_RECRUITING,219,Sidney Kimmel Comprehensive Cancer Center at Johns Hopkins,Sidney Kimmel Comprehensive Cancer Center at Johns Hopkins,160,0,0,active_comparator,2,standard of care,enoblituzumab,PD-1,Bispecific Antibody,PD-L1,1,1,0,0,1,0,0,0,1
NCT06024772,Multiparametric Ultrasound for the Diagnosis of Clinically Significant Prostate Cancer,PHASE3,Phase 3,NOT_YET_RECRUITING,300,Thomas Jefferson University,Thomas Jefferson University,22,0,0,single_arm,1,biopsy of prostate;perflutren lipid microsphere;transrectal ultrasound;ultiparametric magnetic resonance imaging,biopsy of prostate;perflutren lipid microsphere;transrectal ultrasound;ultiparametric magnetic resonance imaging,,,,0,1,0,0,0,0,0,0,0
NCT06044857,PSMA PET Response Guided SabR in High Risk Pca,PHASE1,Phase 1,RECRUITING,20,University of Texas Southwestern Medical Center,University of Texas Southwestern Medical Center,48,0,0,multi_experimental,4,68-ga psma11,68-ga psma11,PSMA,Radiopharmaceutical,PSMA,0,1,0,0,1,0,0,0,1
NCT06052306,"A Study to Learn How Safe the Study Treatment Actinium-225-macropa-pelgifatamab (BAY3546828) is, How it Affects the Body, How it Moves Into, Through and Out of the Body, and About Its Anticancer Activity in Participants With Advanced Metastatic Castration-resistant Prostate Cancer (mCRPC)",PHASE1,Phase 1,ACTIVE_NOT_RECRUITING,232,Bayer,Bayer,283,1,1,multi_experimental,4,bay3546828,bay3546828,PSMA,Radiopharmaceutical,PSMA,0,1,0,0,1,0,0,0,1
NCT06056830,Positron Emission Tomography Using 64Cu-SAR-bisPSMA in Participants With High-risk Prostate Cancer Prior to Radical Prostatectomy,PHASE3,Phase 3,RECRUITING,383,Clarity Pharmaceuticals Ltd,Clarity Pharmaceuticals,11,1,0,single_arm,1,64cu-sar-bispsma,64cu-sar-bispsma,PSMA,Radiopharmaceutical,,0,1,0,0,0,0,0,0,0
NCT06059118,Difluoromethylornithine and High Dose Testosterone With Enzalutamide in Metastatic Castration-Resistant Prostate Cancer,PHASE2,Phase 2,RECRUITING,50,Sidney Kimmel Comprehensive Cancer Center at Johns Hopkins,Sidney Kimmel Comprehensive Cancer Center at Johns Hopkins,160,0,0,single_arm,1,dfmo;enzalutamide;luteinizing hormone-releasing hormone (lhrh) analogue;testosterone cypionate,dfmo;enzalutamide;luteinizing hormone-releasing hormone (lhrh) analogue;testosterone cypionate,ODC,Small Molecule,AR,0,1,0,0,0,0,0,0,0
NCT06062745,Pilot Study for Detection of PSMA-Low CRPC-NE Tumors With Fluciclovine PET/CT,PHASE1,Phase 1,RECRUITING,30,Brigham and Women's Hospital,Brigham and Women's Hospital,15,0,0,single_arm,1,18f-fluciclovine;device: pet/ct,18f-fluciclovine;device: pet/ct,,Radiopharmaceutical,,0,1,0,0,1,0,0,0,1
NCT06067269,"Hormone Therapy (Apalutamide) and Image-guided Stereotactic Body Radiation Therapy for the Treatment of Patients With Prostate Cancer, HEATWAVE Trial",PHASE2,Phase 2,RECRUITING,95,Jonsson Comprehensive Cancer Center,Jonsson Comprehensive Cancer Center,117,0,1,single_arm,1,apalutamide;biospecimen collection;computed tomography;gallium ga 68 gozetotide;guided stereotactic body radiation therapy;multiparametric magnetic resonance imaging;positron emission tomography;questionnaire administration,apalutamide;biospecimen collection;computed tomography;gallium ga 68 gozetotide;guided stereotactic body radiation therapy;multiparametric magnetic resonance imaging;positron emission tomography;questionnaire administration,AR,Small Molecule,PSA;genomic,0,1,0,0,1,0,0,0,1
NCT06067841,A Study to Assess BMS-986460 in Participants With Metastatic Castration-resistant Prostate Cancer,PHASE1,Phase 1,RECRUITING,140,Bristol-Myers Squibb,Bristol Myers Squibb,764,1,1,single_arm,1,bms-986460,bms-986460,PSMA,Monoclonal Antibody,PSMA,1,1,0,0,0,0,0,0,0
NCT06095089,A Study of JNJ-87189401 Combined With JNJ-78278343 for Advanced Prostate Cancer,PHASE1,Phase 1,RECRUITING,355,"Janssen Research & Development, LLC",Johnson & Johnson,363,1,1,multi_experimental,4,jnj-78278343;jnj-87189401,apalutamide;jnj-101556143;jnj-78278343;jnj-87189401;lutetium lu-177 vipivotide tetraxetan,KLK2,Bispecific Antibody,,1,1,0,0,0,0,0,0,0
NCT06099990,"Dalpiciclib Isethionate Tablets Combined With Abiraterone Acetate Tablets (I) and Prednisone Tablets (AA-P) Versus Placebo Combined With AA-P in Treatment of High-volume, Metastatic, Hormone-sensitive Prostate Cancer (mHSPC)",PHASE1,Phase 1,NOT_YET_RECRUITING,660,"Jiangsu HengRui Medicine Co., Ltd.",Hengrui,312,1,0,placebo_comparator,2,placebo; abiraterone acetate tablets; prednisone tablets,dalpiciclib isethionate tablets; abiraterone acetate tablets; prednisone tablets,AR,Small Molecule,PSA,0,1,1,0,0,0,0,0,1
NCT06100705,Sipuleucel-T Combined With Bipolar Androgen Therapy in Men With mCRPC,PHASE2,Phase 2,RECRUITING,26,Yale University,Yale University,65,0,0,single_arm,1,sipuleucel-t;testosterone cypionate,sipuleucel-t;testosterone cypionate,AR,Small Molecule,AR,0,1,0,0,1,0,0,0,1
NCT06111313,The University of Miami Adapt (UAdapt) Trial,PHASE2,Phase 2,RECRUITING,130,University of Miami,University of Miami,25,0,0,multi_experimental,4,ftlead,adt standard of care;ftlead;hypolead;ultra-short-term androgen deprivation therapy with relugolix,AR,Small Molecule,,0,1,0,0,1,0,0,0,1
NCT06111781,The SUGAR Study; SBRT and Relugolix) for Prostate Cancer,PHASE2,Phase 2,RECRUITING,60,Yale University,Yale University,65,0,1,active_comparator,2,relugolix;sbrt standard of care radiotherapy treatment,,GnRH,Small Molecule,genomic,0,1,0,0,0,0,0,0,0
NCT06120491,Saruparib (AZD5305) vs Placebo in Men With Metastatic Castration-Sensitive Prostate Cancer Receiving Physician's Choice New Hormonal Agents,PHASE3,Phase 3,ACTIVE_NOT_RECRUITING,1898,AstraZeneca,AstraZeneca,780,1,1,placebo_comparator,2,abiraterone acetate;darolutamide;enzalutamide,abiraterone acetate;darolutamide;enzalutamide;saruparib,PARP,Small Molecule,HRR,0,1,0,0,0,0,0,1,0
NCT06122584,Diagnostic Performance of [18F]PSMA-1007 PET/CT Imaging in Patients With Newly-Diagnosed Prostate Cancer,PHASE3,Phase 3,RECRUITING,380,ABX advanced biochemical compounds GmbH,ABX advanced biochemical compounds,3,1,0,single_arm,1,[18f]psma-1007,[18f]psma-1007,PSMA,Radiopharmaceutical,,0,1,0,0,1,0,0,0,1
NCT06130995,Relugolix + Enzalutamide Study in High-Risk Prostate Cancer,PHASE1,Phase 1,RECRUITING,46,University of Oklahoma,University of Oklahoma,23,0,1,single_arm,1,relugolix and enzalutamide,relugolix and enzalutamide,AR,Small Molecule,,0,1,0,0,0,0,0,0,0
NCT06134232,Metastatic Castrate-Resistant Prostate Cancer Subjects Treated With PROVENGE® + One Infusion of Sipuleucel-T,PHASE2,Phase 2,RECRUITING,400,Dendreon,Dendreon,17,1,0,multi_experimental,2,sipuleucel-t injection,sipuleucel-t injection,,Cell Therapy,,1,1,0,0,0,0,0,1,0
NCT06136624,Study of Opevesostat (MK-5684) Versus Alternative NHA in mCRPC (MK-5684-003),PHASE3,Phase 3,RECRUITING,1310,Merck Sharp & Dohme LLC,Merck (MSD),649,1,1,active_comparator,2,abiraterone acetate;enzalutamide,fludrocortisone acetate;hydrocortisone;opevesostat,CYP11A1,Small Molecule,AR;AR-LBD,0,1,0,0,1,0,0,0,1
NCT06136650,A Study of Opevesostat (MK-5684) Versus Alternative Next-generation Hormonal Agent (NHA) in Metastatic Castration-resistant Prostate Cancer (mCRPC) Post One NHA (MK-5684-004),PHASE3,Phase 3,RECRUITING,1314,Merck Sharp & Dohme LLC,Merck (MSD),649,1,1,active_comparator,2,abiraterone acetate;enzalutamide;prednisone acetate,fludrocortisone acetate;hydrocortisone;opevesostat,CYP11A1,Small Molecule,AR;AR-LBD,0,1,0,0,0,0,0,1,0
NCT06139575,Phase 1/2 Clinical Study of Lutetium Lu 177 JH020002 Injection in Patients With Advanced Prostate Cancer,PHASE1;PHASE2,Phase 2,RECRUITING,90,"Bivision Pharmaceuticals, Inc.",Bivision Pharmaceuticals,1,1,0,single_arm,1,lutetium lu 177 jh020002 injection,lutetium lu 177 jh020002 injection,PSMA,Radiopharmaceutical,PSMA,0,1,0,0,1,0,0,0,1
NCT06145633,Vorinostat and 177Lu-PSMA-617 for the Treatment of PSMA-Low Metastatic Castration-Resistant Prostate Cancer,PHASE2,Phase 2,RECRUITING,15,Fred Hutchinson Cancer Center,Fred Hutchinson Cancer Center,52,0,1,single_arm,1,biopsy procedure;biospecimen collection;bone scan;computed tomography;fludeoxyglucose f-18;gallium ga 68 gozetotide;lutetium lu 177 vipivotide tetraxetan;positron emission tomography;single photon emission computed tomography;vorinostat,biopsy procedure;biospecimen collection;bone scan;computed tomography;fludeoxyglucose f-18;gallium ga 68 gozetotide;lutetium lu 177 vipivotide tetraxetan;positron emission tomography;single photon emission computed tomography;vorinostat,PSMA,Radiopharmaceutical,PSMA,0,1,1,0,1,0,0,0,1
NCT06155084,"A Study to Assess the Safety, Pharmacokinetics, and Anti-Tumor Activity of Oral HP518 in mCRPC Patients",PHASE1;PHASE2,Phase 2,RECRUITING,84,Hinova Pharmaceuticals Inc.,Hinova Pharmaceuticals,6,1,0,multi_experimental,3,,hp518 - dose escalation;hp518 -dose expansion,,,AR,0,1,1,0,0,0,1,0,1
NCT06172478,A Study of HER3-DXd in Subjects With Locally Advanced or Metastatic Solid Tumors,PHASE2,Phase 2,RECRUITING,740,Daiichi Sankyo,Daiichi Sankyo,178,1,1,single_arm,1,her3-dxd,her3-dxd,HER3,ADC,ALK;BRAF;CLDN18.2;ER;HER2;HER3;KRAS;MET;MMR;MSI;NTRK;PD-L1;RET;ROS1;genomic,1,1,0,0,0,0,1,1,0
NCT06190899,Gedatolisib in Combination With Darolutamide in Metastatic Castration-Resistant Prostate Cancer,PHASE1;PHASE2,Phase 2,RECRUITING,54,Celcuity Inc,Celcuity,4,1,0,multi_experimental,3,darolutamide;gedatolisib,darolutamide;gedatolisib,PI3K,Small Molecule,PIK3CA,0,1,1,0,1,0,0,1,1
NCT06212583,High-Risk Metachronous Oligometastatic Prostate Cancer Trial,PHASE2,Phase 2,ACTIVE_NOT_RECRUITING,88,"University of Maryland, Baltimore","University of Maryland, Baltimore",20,0,1,active_comparator,2,androgen deprivation therapy (adt);niraparib/abiraterone acetate;stereotactic ablative radiation therapy (sabr),,PARP,Small Molecule,ATM;BRCA1;BRCA2;PALB2;RA,0,1,0,0,1,0,0,0,1
NCT06216249,Phase 2 Randomized Trial of Flexible Dosing Schedule of 177Lu-PSMA-617 for the Treatment of Metastatic Castration-Resistant Prostate Cancer (FLEX-MRT),PHASE2,Phase 2,RECRUITING,90,Jonsson Comprehensive Cancer Center,Jonsson Comprehensive Cancer Center,117,0,1,active_comparator,2,computed tomography;gallium ga 68 gozetotide;lutetium lu 177 vipivotide tetraxetan;positron emission tomography;psma pet scan;questionnaire administration;single photon emission computed tomography,computed tomography;gallium ga 68 gozetotide;lutetium lu 177 vipivotide tetraxetan;positron emission tomography;psma pet scan;questionnaire administration;single photon emission computed tomography,PSMA,Radiopharmaceutical,AR;PSMA,0,1,0,0,1,0,0,0,1
NCT06217822,First-in-human Study of 225Ac-PSMA-Trillium (BAY 3563254) in Participants With Advanced Metastatic Castration-resistant Prostate Cancer (mCRPC),PHASE1,Phase 1,RECRUITING,198,Bayer,Bayer,283,1,1,multi_experimental,6,225ac-psma-trillium (bay3563254),225ac-psma-trillium (bay3563254),PSMA,Radiopharmaceutical,PSMA,0,1,0,0,1,0,0,0,1
NCT06228053,Study of SX-682 Plus Enzalutamide in Men With ARPI-Resistant Metastatic Castration Resistant Prostate Cancer,PHASE2,Phase 2,RECRUITING,53,"Syntrix Biosystems, Inc.",Syntrix Biosystems,2,1,0,single_arm,1,enzalutamide;sx-682,enzalutamide;sx-682,CXCR1 and CXCR2,Small Molecule,,0,1,0,0,1,0,0,1,1
NCT06228404,Clinical Study of Safety and Efficacy of Enhanced PSMA CAR- T in Refractory CRPC,EARLY_PHASE1,Phase 1,ACTIVE_NOT_RECRUITING,18,Shanghai Changzheng Hospital,Shanghai Changzheng Hospital,12,0,0,single_arm,1,enhanced autologous psma-car t,enhanced autologous psma-car t,PSMA,CAR-T,MET;PSMA,1,1,0,0,1,0,0,0,1
NCT06229366,[Ac-225]-PSMA-62 Trial in Oligometastatic Hormone Sensitive and Metastatic Castration Resistant Prostate Cancer,PHASE1,Phase 1,ACTIVE_NOT_RECRUITING,142,Eli Lilly and Company,Eli Lilly,535,1,1,multi_experimental,2,,[ac-225]-psma-62 (mcrpc);[ac-225]-psma-62 (omhspc),PSMA,Radiopharmaceutical,MET;PSMA,0,1,1,0,1,0,0,0,1
NCT06235099,Copper Cu 64 PSMA I&T PET Imaging in Men With Suspected Recurrence of Prostate Cancer,PHASE3,Phase 3,COMPLETED,235,Curium US LLC,Curium US,4,1,0,single_arm,1,copper cu 64 psma i&t,copper cu 64 psma i&t,PSMA,Radiopharmaceutical,PSMA,0,1,0,0,1,0,0,0,1
NCT06235151,Copper Cu 64 PSMA I&T PET Imaging in Men With Newly Diagnosed Prostate Cancer,PHASE3,Phase 3,ACTIVE_NOT_RECRUITING,439,Curium US LLC,Curium US,4,1,0,single_arm,1,copper cu 64 psma i&t,copper cu 64 psma i&t,PSMA,Radiopharmaceutical,PSMA,0,1,0,0,1,0,0,0,1
NCT06238479,"A Study of LY4101174 in Participants With Recurrent, Advanced or Metastatic Solid Tumors",PHASE1,Phase 1,ACTIVE_NOT_RECRUITING,490,Eli Lilly and Company,Eli Lilly,535,1,1,multi_experimental,3,ly4101174,ly4101174,NECTIN4,ADC,NECTIN-4,1,1,0,0,0,0,0,0,0
NCT06239194,Dose Escalation and Dose Expansion Study of MDX2001 in Patients With Advanced Solid Tumors,PHASE1;PHASE2,Phase 2,RECRUITING,285,"ModeX Therapeutics, An OPKO Health Company","ModeX Therapeutics, An OPKO Health",3,1,0,multi_experimental,4,mdx2001,mdx2001,CD3,Bispecific Antibody,MET;TROP2,1,1,0,0,0,0,0,0,0
NCT06241846,"A Phase II Study to Evaluate the Safety, Efficacy, and Pharmacokinetics of YL201 in Patients With mCRPC",PHASE2,Phase 2,RECRUITING,100,"MediLink Therapeutics (Suzhou) Co., Ltd.",MediLink Therapeutics (Suzhou),23,1,0,multi_experimental,2,yl201 for injection,yl201 for injection,B7-H3,ADC,,1,1,0,0,0,0,0,1,0
NCT06242470,A Study of MGC026 in Participants With Advanced Solid Tumors,PHASE1,Phase 1,RECRUITING,250,MacroGenics,MacroGenics,29,1,0,multi_experimental,12,,mgc026 dose escalation;mgc026 dose for expansion,,,,0,1,0,0,0,0,0,0,0
NCT06257264,A Study to Examine the Safety of Different Doses of BG-68501 Given to Participants With Advanced-Stage Tumors,PHASE1,Phase 1,ACTIVE_NOT_RECRUITING,103,BeiGene,BeiGene/BeOne,149,1,1,multi_experimental,5,bg-68501,bg-68501;bgb-43395;fulvestrant,CDK2,Small Molecule,HER2,0,1,0,0,0,0,0,1,0
NCT06257693,Enzalutamide Implants (Enolen) in Patients With Prostate Cancer,PHASE1,Phase 1,RECRUITING,45,Alessa Therapeutics Inc.,Alessa Therapeutics,3,1,0,single_arm,1,enzalutamide,enzalutamide,AR,Small Molecule,,0,1,0,0,0,0,0,1,0
NCT06267729,Study of AZD0754 in Participants With Metastatic Prostate Cancer,PHASE1;PHASE2,Phase 2,RECRUITING,60,AstraZeneca,AstraZeneca,780,1,1,multi_experimental,2,,azd0754;azd2287,STEAP2,CAR-T,MMR;MSI;biomarker,1,1,0,1,1,0,0,0,1
NCT06274047,PROSTATE-IQ: Parallel RandOmized STudy of Personalized Apalutamide Treatment and Evaluation to Improve Quality of Life in Post-Operative Radiation With Androgen Axis Suppression. A Phase III Multi-center Study for Men With Detectable PSA After Prostatectomy for Prostate Cancer.,PHASE3,Phase 3,RECRUITING,120,M.D. Anderson Cancer Center,M.D. Anderson Cancer Center,697,0,1,multi_experimental,4,,androgen deprivation therapy;apalutamide,AR,Small Molecule,PSA,0,1,0,0,0,0,0,0,0
NCT06276465,Treatment With Darolutamide +/- Radiation Therapy for Patients With a Castration Resistant Cancer and Metastases Detected by Functional Imaging,PHASE3,Phase 3,RECRUITING,336,UNICANCER,UNICANCER,64,0,1,active_comparator,2,androgen deprivation therapy;darolutamide,androgen deprivation therapy;darolutamide;stereotactic body radiation therapy,AR,Small Molecule,,0,1,0,0,1,0,0,1,1
NCT06282588,Treatment of High-Risk Prostate Cancer Guided by Novel Diagnostic Radio- and Molecular Tracers,PHASE2;PHASE3,Phase 3,RECRUITING,493,Cancer Research Antwerp,Cancer Research Antwerp,3,0,1,placebo_comparator,3,darolutamide matched placebo;decapeptyl sustained release 11.;decapeptyl sustained release 22.;depo-eligard;depo-eligard 22.;depo-eligard 7.;docetaxel;firmagon;radiotherapy;zoladex 3.;zoladex la,darolutamide;decapeptyl sustained release 11.;decapeptyl sustained release 22.;depo-eligard;depo-eligard 22.;depo-eligard 7.;docetaxel;firmagon;radiotherapy;zoladex 3.;zoladex la,AR,Small Molecule,genomic,0,1,0,0,1,0,0,0,1
NCT06288113,"Re-treatment With 177Lu-PSMA-617 for the Treatment of Metastatic Castration-Resistant Prostate Cancer, RE-LuPSMA Trial",PHASE2,Phase 2,RECRUITING,40,Jonsson Comprehensive Cancer Center,Jonsson Comprehensive Cancer Center,117,0,1,single_arm,1,biospecimen collection;computed tomography;gallium ga 68 gozetotide;lutetium lu 177 vipivotide tetraxetan;positron emission tomography;questionnaire administration;single photon emission computed tomography,biospecimen collection;computed tomography;gallium ga 68 gozetotide;lutetium lu 177 vipivotide tetraxetan;positron emission tomography;questionnaire administration;single photon emission computed tomography,PSMA,Radiopharmaceutical,AR;PSMA,0,1,1,0,1,0,0,0,1
NCT06303713,LuCarbo - a Study of 177Lu-PSMA-617 Plus Carboplatin in Metastatic Castrate-resistant Prostate Cancer,PHASE1,Phase 1,ACTIVE_NOT_RECRUITING,37,Dana-Farber Cancer Institute,Dana-Farber Cancer Institute,326,0,1,multi_experimental,2,177lu-psma-617;carboplatin,177lu-psma-617;carboplatin,PSMA,Radiopharmaceutical,PSMA,0,1,0,0,1,0,0,0,1
NCT06318273,"A Study to Assess Adverse Events, and How Intravenously (IV) Infused ABBV-969 Moves Through the Bodies of Adult Participants With Metastatic Castration-Resistant Prostate Cancer",PHASE1,Phase 1,ACTIVE_NOT_RECRUITING,152,AbbVie,AbbVie,274,1,1,multi_experimental,3,abbv-969,abbv-969,PSMA,ADC,PSMA,1,1,0,0,1,0,0,0,1
NCT06320067,A Randomised Controlled Platform Trial Testing Treatments in Metastatic Hormone Sensitive Prostate Cancer,PHASE3,Phase 3,RECRUITING,3360,"University College, London","University College, London",51,0,1,active_comparator,4,androgen deprivation therapy (adt);androgen receptor signalling inhibitor (arpi);docetaxel;radiotherapy to prostate ± pelvic nodes,177lu-psma-617;androgen deprivation therapy (adt);androgen receptor signalling inhibitor (arpi);docetaxel;radiotherapy to prostate ± pelvic nodes;stereotactic ablative body radiotherapy (sabr),,Small Molecule,,0,1,0,0,1,0,0,1,1
NCT06330805,Effects of Relugolix vs Leuprolide on Cardiac Function in Patients With Prostate Cancer,PHASE2,Phase 2,RECRUITING,70,Ohio State University Comprehensive Cancer Center,Ohio State University Comprehensive Cancer Center,35,0,1,multi_experimental,2,biospecimen collection;contrast agent;magnetic resonance imaging;physical performance testing,biospecimen collection;contrast agent;leuprolide;magnetic resonance imaging;physical performance testing;relugolix,GnRH,Peptide,biomarker,0,1,0,0,1,0,0,0,1
NCT06334432,Safety and Efficacy Study of NUV-1511 in Adult Patients With Advanced Solid Tumors,PHASE1;PHASE2,Phase 2,ACTIVE_NOT_RECRUITING,466,Nuvation Bio Inc.,Nuvation,16,1,0,multi_experimental,5,nuv-1511,nuv-1511,,Small Molecule,HER2,0,1,0,0,0,0,0,1,0
NCT06343077,Intratumoral and Systemic Hiltonol® (Poly-ICLC) in Prostate Cancer Patients on Active Surveillance,PHASE2,Phase 2,RECRUITING,114,Ashutosh Kumar Tewari,Ashutosh Kumar Tewari,2,0,0,active_comparator,2,intertumoral (it) injection;poly-iclc;poly-iclc intramuscular (im) injection,,,,,0,1,0,0,0,0,0,0,0
NCT06353386,Substudy 01A: Safety and Efficacy of Opevesostat (MK-5684)-Based Treatment Combinations or Opevesostat Alone in Participants With Metastatic Castration-resistant Prostate Cancer (mCRPC) (MK-5684-01A),PHASE1;PHASE2,Phase 2,RECRUITING,220,Merck Sharp & Dohme LLC,Merck (MSD),649,1,1,multi_experimental,4,fludrocortisone acetate;opevesostat,cabazitaxel;docetaxel;fludrocortisone acetate;olaparib;opevesostat,PARP,Small Molecule,BRCA1;BRCA2,0,1,0,0,0,0,0,0,0
NCT06379217,"NEPC Study: An Exploratory Safety and Efficacy Study With PSMA, SSTR2 and GRPR Targeted Radioligand Therapy in Metastatic Neuroendocrine Prostate Cancer.",PHASE1,Phase 1,ACTIVE_NOT_RECRUITING,31,Novartis Pharmaceuticals,Novartis,836,1,1,multi_experimental,3,[68ga]ga-dota-tate;[68ga]ga-neob;[68ga]ga-psma-11;gnrh antagonists;gonadotropin-releasing hormone (gnrh) analogues,2.5 %;[177lu]lu-dota-tate;[177lu]lu-neob;[177lu]lu-psma-617;[68ga]ga-dota-tate;[68ga]ga-neob;[68ga]ga-psma-11;antiemetics & antinauseants;gnrh antagonists;gonadotropin-releasing hormone (gnrh) analogues;l-lysine hcl-l-arginine hcl;metoclopramide,PSMA,Radiopharmaceutical,PSMA,0,1,0,0,1,0,0,0,1
NCT06380660,Study of ACE-86225106 to Treat Patients With Advanced Solid Tumors,PHASE1;PHASE2,Phase 2,ACTIVE_NOT_RECRUITING,298,Acerand Therapeutics (Shanghai) Limited,Acerand Therapeutics (Shanghai),1,1,0,single_arm,1,ace-86225106 tablet,ace-86225106 tablet,PARP,Small Molecule,BRCA1;BRCA2;CDK12;HRR;PALB2,0,1,0,1,0,0,0,0,1
NCT06383052,A Phase 1/2 Study of 177Lu-NYM032 Injection in mCRPC,PHASE1;PHASE2,Phase 2,ACTIVE_NOT_RECRUITING,30,"Norroy Bioscience Co., LTD",Norroy Bioscience,7,1,0,single_arm,1,177lu-nym032 injection,177lu-nym032 injection,PSMA,Radiopharmaceutical,AR;PSMA;biomarker,0,1,1,1,1,0,0,0,1
NCT06395519,A Study of PARG Inhibitor ETX-19477 in Patients With Advanced Solid Malignancies,PHASE1;PHASE2,Phase 2,RECRUITING,120,"858 Therapeutics, Inc.",858 Therapeutics,1,1,0,multi_experimental,2,etx-19477,etx-19477,PARG,Small Molecule,,0,1,0,0,0,0,0,0,0
NCT06399757,A Study to Investigate APL-5125 in Adults With Advanced Solid Tumors,PHASE1;PHASE2,Phase 2,ACTIVE_NOT_RECRUITING,100,Apollo Therapeutics Ltd,Apollo Therapeutics,2,1,0,multi_experimental,2,apl-5125,apl-5125,,,KRAS,0,1,0,0,0,0,0,0,0
NCT06400160,Clinical Trial of TB511 in Advanced Solid Tumors,PHASE1;PHASE2,Phase 2,NOT_YET_RECRUITING,12,"Twinpig Biolab, Inc.",Twinpig Biolab,1,1,0,multi_experimental,2,tb511,tb511,CD18,Peptide,MSI;MSI-H;PD-L1;biomarker,0,1,0,0,0,1,0,1,1
NCT06402331,FPI-2265 (225Ac-PSMA-I&T) for Patients With PSMA-Positive Metastatic Castration-Resistant Prostate Cancer (mCRPC),PHASE2,Phase 2,ACTIVE_NOT_RECRUITING,110,Fusion Pharmaceuticals Inc.,Fusion Pharmaceuticals,5,1,0,multi_experimental,7,fpi-2265,fpi-2265,PSMA,Radiopharmaceutical,PSMA,0,1,0,1,1,0,0,1,1
NCT06440005,"A Study to Evaluate Safety, Tolerability and Preliminary Activity of AGX101 in Participants With Advanced Solid Tumors",PHASE1,Phase 1,RECRUITING,80,"Angiex, Inc.",Angiex,1,1,0,multi_experimental,2,agx101,agx101,TM4SF1,ADC,,1,1,0,0,0,0,0,1,0
NCT06450106,Study of STM-416p Administered to Patients Undergoing Radical Prostatectomy,PHASE1,Phase 1,RECRUITING,18,SURGE Therapeutics,SURGE Therapeutics,4,1,0,single_arm,1,stm-416p,stm-416p,,,,0,1,0,0,0,0,0,0,0
NCT06451497,"This is a Phase 1 Trial of ZM008, an Anti-LLT1 Antibody, Used as Single Agent Followed by Combination Treatment With Toripalimab in Patients With Advanced Solid Tumors",PHASE1,Phase 1,RECRUITING,100,Zumutor Biologics Inc.,Zumutor Biologics,1,1,0,single_arm,1,zm008,zm008,LLT1,Monoclonal Antibody,,1,1,0,0,0,0,0,1,0
NCT06463457,Comeback From Long coursE Androgen Deprivation Therapy (ADT) With RElugolix and Darolutamide (CLEARED),PHASE2,Phase 2,ACTIVE_NOT_RECRUITING,33,"Atish Choudhury, MD","Atish Choudhury, MD",1,0,1,multi_experimental,2,darolutamide;relugolix,darolutamide;relugolix,AR,Small Molecule,,0,1,0,0,1,0,1,0,1
NCT06465069,A Study of LY4052031 in Participants With Advanced or Metastatic Urothelial Cancer or Other Solid Tumors,PHASE1,Phase 1,RECRUITING,420,Eli Lilly and Company,Eli Lilly,535,1,1,multi_experimental,3,ly4052031,ly4052031,NECTIN4,ADC,NECTIN-4,1,1,0,0,0,0,0,0,0
NCT06474806,"Safety and Diagnostic Performance of uPAR PET Imaging in Localised, Untreated Prostate Cancer",PHASE2,Phase 2,RECRUITING,168,Curasight,Curasight,1,1,0,multi_experimental,3,64cu-dota-ae105,64cu-dota-ae105,uPAR,Radiopharmaceutical,,0,1,0,0,0,0,0,0,0
NCT06492122,Study With [225Ac]Ac-FL-020 in mCRPC Participants,PHASE1,Phase 1,RECRUITING,50,Full-Life Technologies UK Limited,Full-Life Technologies UK,1,1,0,single_arm,1,[111in]in-fl-020;[225ac]ac-fl-020;blood and urine samples collection;blood samples for pk;spect/ct images,[111in]in-fl-020;[225ac]ac-fl-020;blood and urine samples collection;blood samples for pk;spect/ct images,PSMA,Radiopharmaceutical,PSMA,0,1,1,0,1,0,0,1,1
NCT06496581,Standard of Care +/- 177Lu-PSMA-617 In de Novo mHSPC Patients With Poor PSA Response (PEACE6-Poor Responders),PHASE3,Phase 3,RECRUITING,500,UNICANCER,UNICANCER,64,0,1,active_comparator,2,standard of care,177lu-pmsa-617;standard of care,PSMA,Radiopharmaceutical,MET;PSMA,0,1,1,0,1,0,0,0,1
NCT06500247,Darxicilib Combined With Abiraterone Acetate Tablets (II) for the Treatment of Advanced Metastatic Castration-resistant Prostate Cancer.,PHASE2,Phase 2,NOT_YET_RECRUITING,43,Qilu Hospital of Shandong University,Qilu Hospital of Shandong University,5,0,0,single_arm,1,abiraterone acetate (ii);androgen deprivation therapy;dalpicilib,abiraterone acetate (ii);androgen deprivation therapy;dalpicilib,CDK4/6,Small Molecule,PSA;PSA doubling time,0,1,1,0,0,0,0,0,1
NCT06520345,The Study of 177Lu-TLX591 Plus SOC Versus SOC Alone in Patients With mCRPC (ProstACT Global),PHASE3,Phase 3,RECRUITING,520,Telix Pharmaceuticals (Innovations) Pty Limited,Telix Pharmaceuticals (Innovations) Pty,19,1,0,active_comparator,2,abiraterone;docetaxel;enzalutamide,177lu-tlx591;abiraterone;docetaxel;enzalutamide,PSMA,Radiopharmaceutical,PSMA,0,1,0,0,1,0,0,0,1
NCT06526299,Low PSMA SUV Boost (LPS-Boost): Intensified 177Lu-PSMA-617 Treatment for Patients With Metastatic Castrate-Resistant Prostate Cancer With Low PSMA Expressing Disease,PHASE2,Phase 2,RECRUITING,51,University of Washington,University of Washington,74,0,1,single_arm,1,biospecimen collection;bone scan;computed tomography;lutetium lu 177 vipivotide tetraxetan;magnetic resonance imaging;psma pet-ct scan;questionnaire administration;single photon emission computed tomography,biospecimen collection;bone scan;computed tomography;lutetium lu 177 vipivotide tetraxetan;magnetic resonance imaging;psma pet-ct scan;questionnaire administration;single photon emission computed tomography,PSMA,Radiopharmaceutical,PSMA,0,1,1,0,1,0,0,0,1
NCT06531499,"A Study of Radiation Dosimetry, Safety, and Tolerability of Extended Lutetium (177Lu) Vipivotide Tetraxetan Treatment in Chemo-naïve Adults With Metastatic Castration-resistant Prostate Cancer: RADIOpharmaceutical DOSimetry Evaluation (RADIODOSE) Study",PHASE1,Phase 1,RECRUITING,106,Novartis Pharmaceuticals,Novartis,836,1,1,single_arm,1,aaa617;gonadotropin-releasing hormone (gnrh) analogues;gonadotropin-releasing hormone (gnrh) antagonists,aaa617;gonadotropin-releasing hormone (gnrh) analogues;gonadotropin-releasing hormone (gnrh) antagonists,PSMA,Radiopharmaceutical,PSMA,0,1,0,0,1,0,0,0,1
NCT06533644,A Study of SYNC-T Therapy SV-102 in Participants With Metastatic Castration-Resistant Prostate Cancer,PHASE2,Phase 2,RECRUITING,91,"Syncromune, Inc.",Syncromune,1,1,0,multi_experimental,5,partial oncolysis;sv-102,partial oncolysis;sv-102,,,,0,1,1,1,0,0,0,1,1
NCT06545942,Study of Orally Administered MOMA-313 in Participants With Advanced or Metastatic Solid Tumors,PHASE1,Phase 1,RECRUITING,220,MOMA Therapeutics,MOMA Therapeutics,2,1,0,multi_experimental,2,moma-313,moma-313;olaparib,Polθ,Small Molecule,MET,0,1,0,0,0,0,0,1,0
NCT06549465,"Study Evaluating Dosimetry, Randomized Dose Optimization, Dose Escalation and Efficacy of Ac-225 Rosopatamab Tetraxetan in Participants With PSMA PET-Positive Castration-Resistant Prostate Cancer (CRPC)",PHASE2,Phase 2,RECRUITING,93,Convergent Therapeutics,Convergent Therapeutics,1,1,0,multi_experimental,5,,45 kbq/kg ac-225 rosopatamab tetraxetan;45 kbq/kg or equivalent fixed dose activity ac-225 rosopatamab tetraxetan;55 kbq/kg or equivalent fixed dose activity ac-225 rosopatamab tetraxetan;60 kbq/kg ac-225 rosopatamab tetraxetan;60 kbq/kg or equivalent fixed dose activity ac-225 rosopatamab tetraxetan;in-111 rosopatamab tetraxetan;single dose 22 kbq/kg or equivalent fixed dose activity ac-225 rosopatamab tetraxetan;single dose 34 kbq/kg or equivalent fixed dose activity ac-225 rosopatamab tetraxetan;single dose 45 kbq/kg or equivalent fixed dose activity ac-225 rosopatamab tetraxetan,PSMA,Radiopharmaceutical,PSMA PET,0,1,0,0,1,0,0,0,1
NCT06551324,A Study to Learn About the Investigational Medicine Called PF-06821497 (Mevrometostat) in Men With mCRPC Who Were Previously Treated With Abiraterone Acetate for Prostate Cancer (MEVPRO-1).,PHASE3,Phase 3,ACTIVE_NOT_RECRUITING,600,Pfizer,Pfizer,687,1,1,active_comparator,2,docetaxel;enzalutamide,enzalutamide;pf-06821497,EZH2,Small Molecule,AR;EZH2,0,1,1,0,1,0,1,0,1
NCT06555796,"Evaluation of Xaluritamig in High-Risk, Biochemically Recurrent, Non-metastatic Castrate-sensitive Prostate Cancer",PHASE1,Phase 1,ACTIVE_NOT_RECRUITING,50,Amgen,Amgen,323,1,1,single_arm,1,xaluritamig,xaluritamig,STEAP1,Bispecific Antibody,STEAP1 protein,1,1,0,0,1,0,0,0,1
NCT06568094,A Study of HRS-5041 Tablets Combined With Antitumor Therapy in Subjects With Advanced Prostate Cancer,PHASE1;PHASE2,Phase 2,RECRUITING,100,"Jiangsu HengRui Medicine Co., Ltd.",Hengrui,312,1,0,multi_experimental,7,,abiraterone acetate tablets（ii）;docetaxel injection;hrs-1167 tablets;hrs-2189 tablets;hrs-5041 tablets;hrs-6208 capsules;prednisone acetate tablets;shr2554 tablets,,,,0,1,0,0,0,0,0,0,0
NCT06568562,XL092 in Patients With Metastatic Castration-Resistant Prostate Cancer,PHASE2,Phase 2,RECRUITING,32,University of Utah,University of Utah,55,0,0,single_arm,1,xl092,xl092,MET,Small Molecule,,0,1,0,0,1,0,0,0,1
NCT06582017,"Safety, PK and Efficacy of QXL138AM in Patients With Solid Tumors and Multiple Myeloma",PHASE1,Phase 1,RECRUITING,100,Nammi Therapeutics Inc,Nammi Therapeutics,1,1,0,multi_experimental,4,qxl138am injection every 2 weeks by iv infusion,qxl138am injection every 2 weeks by iv infusion,,Recombinant Protein,,0,1,0,0,0,0,0,0,0
NCT06594926,Working Out M0 Bipolar Androgen Therapy,PHASE2,Phase 2,RECRUITING,69,Australian and New Zealand Urogenital and Prostate Cancer Trials Group,Australian and New Zealand Urogenital and Prostate Cancer Trials Group,6,0,1,single_arm,1,testosterone enanthate,testosterone enanthate,,,,0,1,0,0,1,0,0,0,1
NCT06609005,"A Study to Evaluate the Safety, Pharmacokinetics, Pharmacodynamics, and Antitumor Activity of INV-9956 in Adult Patients With Advanced Metastatic Castration Resistant Prostate Cancer",PHASE1;PHASE2,Phase 2,RECRUITING,84,"Shenzhen Ionova Life Sciences Co., Ltd.",Shenzhen Ionova Life Sciences,4,1,0,multi_experimental,8,inv-9956,inv-9956,Cyp11A1,Small Molecule,AR,0,1,0,0,0,0,0,0,0
NCT06610825,Castrate Resistant Prostate Cancer Enhertu Therapy,PHASE2,Phase 2,RECRUITING,60,Washington D.C. Veterans Affairs Medical Center,Washington D.C. Veterans Affairs Medical Center,1,0,1,single_arm,1,trastuzumab deruxtecan,trastuzumab deruxtecan,HER2,ADC,HER2,1,1,0,0,0,0,0,0,0
NCT06613100,Evaluation of Neoadjuvant Xaluritamig in Localized Prostate Cancer,PHASE1,Phase 1,RECRUITING,40,Amgen,Amgen,323,1,1,multi_experimental,2,xaluritamig,gnrh antagonist;xaluritamig,STEAP1,Bispecific Antibody,STEAP1 protein,1,1,0,0,1,0,0,0,1
NCT06614751,A PARG Inhibitor DAT-2645 Monotherapy in Patients with Advanced/Metastatic Solid Tumors Harboring BRCA1/2 Loss of Function Alterations And/or Other Defects in the DDR Pathway,PHASE1,Phase 1,NOT_YET_RECRUITING,112,"Danatlas Pharmaceuticals Co., Ltd",Danatlas Pharmaceuticals,3,1,0,multi_experimental,3,dat-2645 tablet,dat-2645 tablet,PARP,Small Molecule,BRCA1;BRCA2,0,1,0,0,0,0,0,0,0
NCT06616155,Ruxolitinib and Enzalutamide for the Treatment of Metastatic Castration-Resistant Prostate Cancer,PHASE1;PHASE2,Phase 2,RECRUITING,20,University of Michigan Rogel Cancer Center,University of Michigan Rogel Cancer Center,59,0,0,single_arm,1,biopsy;biospecimen collection;bone scan;computed tomography;enzalutamide;ruxolitinib,biopsy;biospecimen collection;bone scan;computed tomography;enzalutamide;ruxolitinib,JAK1,Small Molecule,JAK2,0,1,0,0,0,0,0,0,0
NCT06617481,PET Scan Study to Detect Prostate Cancer in Patients with Early PSA Recurrence,PHASE2,Phase 2,RECRUITING,30,AdventHealth,AdventHealth,4,0,0,single_arm,1,18f-rhpsma-7.3 (posluma),,PSMA,Radiopharmaceutical,PSMA,0,0,0,0,1,0,0,0,1
NCT06625970,Study Evaluating the Efficacy and Safety of Darolutamide and Stereotactic Dose Escalated Radiotherapy in Patients With Localized Prostate Cancer and High-risk Features of Relapse,PHASE3,Phase 3,RECRUITING,700,UNICANCER,UNICANCER,64,0,1,multi_experimental,4,adt (standard of care);radiotherapy,adt (standard of care);darolutamide;radiotherapy;stereotactic body radiotherapy (sbrt),AR,Small Molecule,AR,0,1,1,0,1,0,0,0,1
NCT06629779,A Study to Learn How PF-06821497 (Mevrometostat) Works in Men With Metastatic Castration-resistant Prostate Cancer.,PHASE3,Phase 3,RECRUITING,900,Pfizer,Pfizer,687,1,1,active_comparator,2,enzalutamide,enzalutamide;pf-06821497,EZH2,Small Molecule,EZH2,0,1,1,0,1,0,1,0,1
NCT06631521,Neoadjuvant Darolutamide and Relugolix Combination Preceding Radical Prostatectomy for Prostate Cancer,PHASE1,Phase 1,RECRUITING,30,AdventHealth,AdventHealth,4,0,1,single_arm,1,darolutamide;radical prostatectomy;relugolix,darolutamide;radical prostatectomy;relugolix,AR,Small Molecule,,0,1,0,0,0,0,0,0,0
NCT06636682,FK-PC101 as Adjuvant Therapy for Men With High-Risk Prostate Cancer,PHASE2,Phase 2,RECRUITING,100,Cellvax Therapeutics Inc,Cellvax Therapeutics,1,1,0,active_comparator,2,standard of care (soc),fk-pc101,,,,0,1,0,0,1,0,0,0,1
NCT06650579,REVELUTION-2: Relugolix+Abiraterone Acetate (AA) Versus Leuprolide+AA Cardiac Trial,PHASE3,Phase 3,RECRUITING,72,Emory University,Emory University,116,0,1,multi_experimental,2,abiraterone acetate;biospecimen collection;computed tomography angiography;radiation therapy,abiraterone acetate;bicalutamide;biospecimen collection;computed tomography angiography;leuprolide;radiation therapy;relugolix,CYP17A1,Small Molecule,,0,1,0,0,0,0,0,0,0
NCT06666270,Study of SYN818 for the Treatment of Advanced or Metastatic Solid Tumors,PHASE1,Phase 1,RECRUITING,30,"Hangzhou SynRx Therapeutics Biomedical Technology Co., Ltd",Hangzhou SynRx Therapeutics Biomedical Technology,3,1,0,single_arm,1,syn818,syn818,POLQ,Small Molecule,,0,1,0,1,0,0,0,1,1
NCT06673329,Brodalumab in the Treatment of Immune-Related Adverse Events,PHASE1,Phase 1,RECRUITING,11,"Brian Henick, MD","Brian Henick, MD",1,0,0,single_arm,1,brodalumab;ct scan,brodalumab;ct scan,IL-17RA,Monoclonal Antibody,,1,1,0,0,0,0,0,0,0
NCT06689163,A Study for the Treatment of Metastatic Prostate Cancer With HRS-1167 Tablets Combined With Abiraterone Acetate Tablets and Prednisone,PHASE1;PHASE2,Phase 2,RECRUITING,66,"Jiangsu HengRui Medicine Co., Ltd.",Hengrui,312,1,0,single_arm,1,abiraterone acetate tablets（ii）;hrs-1167 tablets;prednisone acetate tablets,abiraterone acetate tablets（ii）;hrs-1167 tablets;prednisone acetate tablets,PARP,Small Molecule,BRCA,0,1,0,0,0,0,0,0,0
NCT06691984,Phase 3 Study of Xaluritamig vs Cabazitaxel or Second Androgen Receptor-Directed Therapy in Participants With Progressive Metastatic Castration-Resistant Prostate Cancer (XALute),PHASE3,Phase 3,ACTIVE_NOT_RECRUITING,707,Amgen,Amgen,323,1,1,active_comparator,2,abiraterone;cabazitaxel;enzalutamide,xaluritamig,STEAP1,Bispecific Antibody,STEAP1 protein,1,1,1,0,1,0,0,0,1
NCT06702995,Study of XNW5004 Tablet in Combination With Enzalutamide in Subjects With Metastatic Castration-Resistant Prostate Cancer,PHASE1;PHASE2,Phase 2,RECRUITING,307,Evopoint Biosciences Inc.,Evopoint Biosciences,13,1,0,multi_experimental,3,enzalutamide;xnw5004,enzalutamide;xnw5004,EZH2,Small Molecule,PSA,0,1,1,0,0,0,0,0,1
NCT06705686,Novel ACK1 Inhibitor (R)-9b in Patients With Prostate Cancer,PHASE1,Phase 1,RECRUITING,40,"TechnoGenesys, Inc.",TechnoGenesys,1,1,0,multi_experimental,2,(r)-9bms,(r)-9bms,ACK1,Small Molecule,AR,0,1,1,0,0,0,0,0,1
NCT06751329,A Study of DM002 in Patients With Advanced Solid Tumors,PHASE1;PHASE2,Phase 2,RECRUITING,280,"Xadcera Biopharmaceutical (Suzhou) Co., Ltd.",Xadcera Biopharmaceutical (Suzhou),2,1,0,multi_experimental,5,dm002,dm002,HER3,ADC,biomarker,1,1,0,0,0,0,0,0,0
NCT06754085,Study of 18F-Florastamin PET/CT Imaging in Patients With Suspected Recurrence of Prostate Cancer,PHASE3,Phase 3,RECRUITING,131,"HTA Co., Ltd.",HTA,4,1,0,single_arm,1,florastamin[18f] injection,florastamin[18f] injection,,Radiopharmaceutical,,0,1,0,0,0,0,0,0,0
NCT06764485,A Study to Compare the Efficacy and Safety of BMS-986365 Versus the Investigator's Choice of Therapy in Participants With Metastatic Castration-resistant Prostate Cancer,PHASE3,Phase 3,ACTIVE_NOT_RECRUITING,960,Celgene,Bristol Myers Squibb,764,1,0,active_comparator,7,abiraterone;docetaxel;enzalutamide;predinsone/prednisolone,bms-986365,AR,Small Molecule,PSA,0,1,1,0,0,0,0,0,1
NCT06769425,HS-10502 Combination Treatment in Patients With Advanced Solid Tumors,PHASE1,Phase 1,RECRUITING,157,"Jiangsu Hansoh Pharmaceutical Co., Ltd.",Hansoh,82,1,0,multi_experimental,7,,hs-10502 + bevacizumab;hs-10502 + hs-20089;hs-10502 + hs-20093;hs-10502 + nab-paclitaxel or docetaxel or irinotecan;hs-10502 + nha;hs-10502 + platinum + bevacizumab;hs-10502+ apatinib,,,,0,1,0,0,0,0,0,0,0
NCT06778863,A Study of CLSP-1025 in Adult Patients With Solid Tumors That Harbor the p53 R175H Mutation,PHASE1,Phase 1,RECRUITING,90,"Clasp Therapeutics, Inc.",Clasp Therapeutics,2,1,0,multi_experimental,2,clsp-1025,clsp-1025,p53,Bispecific Antibody,HLA-A*02:01;P53,1,1,0,0,0,0,0,0,0
NCT06780670,Open-label Study Comparing AAA817 Versus Standard of Care in the Treatment of Previously Treated PSMA-positive mCRPC Adults Who Have Disease Progressed on or After [177Lu]Lu-PSMA Targeted Therapy,PHASE2;PHASE3,Phase 3,RECRUITING,443,Novartis Pharmaceuticals,Novartis,836,1,1,active_comparator,4,investigators choice of soc,aaa817,PSMA,Radiopharmaceutical,PSMA,0,1,1,0,1,0,0,0,1
NCT06782555,A Study of Evofosfamide in Combination with Zalifrelimab and Balstilimab,PHASE1;PHASE2,Phase 2,RECRUITING,71,ImmunoGenesis,ImmunoGenesis,7,1,0,multi_experimental,3,balstilimab;evofosfamide;zalifrelimab,balstilimab;evofosfamide;zalifrelimab,CTLA-4,Monoclonal Antibody,PD-L1,1,1,0,0,0,0,0,0,0
NCT06783829,A Study of SHR-4394 Injection in Subjects With Prostate Cancer,PHASE1,Phase 1,RECRUITING,240,"Jiangsu HengRui Medicine Co., Ltd.",Hengrui,312,1,0,single_arm,1,shr4394,shr4394,,,,0,1,0,0,0,0,0,0,0
NCT06784193,Phase 1 Study of OP-3136 in Advanced or Metastatic Solid Tumors,PHASE1,Phase 1,RECRUITING,180,"Olema Pharmaceuticals, Inc.",Olema Pharmaceuticals,6,1,0,multi_experimental,7,op-3136,fulvestrant;op-3136;palazestrant,KAT6A,Small Molecule,ER;HER2,0,1,1,0,0,0,0,0,1
NCT06785636,A Phase 1b/2a Study of Pocenbrodib as Monotherapy and in Combination With Darolutamide in Participants With mCRPC,PHASE1;PHASE2,Phase 2,RECRUITING,120,"Pathos AI, Inc.",Pathos AI,1,1,0,multi_experimental,4,,pocenbrodib;pocenbrodib and darolutamide,,Small Molecule,,0,1,0,0,0,0,0,0,0
NCT06788509,A Rollover Study for Continued Study Treatment and Ongoing Safety Monitoring,PHASE1,Phase 1,ENROLLING_BY_INVITATION,120,"Janssen Research & Development, LLC",Johnson & Johnson,363,1,1,single_arm,1,jnj-54179060;jnj-64264681;jnj-64619178;jnj-67856633;jnj-70218902;jnj-74856665;jnj-75348780;jnj-80948543;jnj-87801493,,CD3 and CD22,Bispecific Antibody,,1,1,0,0,0,0,0,0,0
NCT06798558,Neoadjuvant Lu-177-PSMA-617 in Patients With High Risk Localized Prostate Cancer Undergoing Radical Prostatectomy,PHASE2,Phase 2,RECRUITING,54,Hackensack Meridian Health,Hackensack Meridian Health,17,0,1,single_arm,1,lu-17-psma-617,lu-17-psma-617,PSMA,Radiopharmaceutical,PSMA,0,1,0,0,1,0,0,0,1
NCT06800313,Study of HLD-0915 (JNJ-101556143) in Patients With Metastatic Prostate Cancer,PHASE1;PHASE2,Phase 2,RECRUITING,190,"Janssen Research & Development, LLC",Johnson & Johnson,363,1,1,multi_experimental,7,jnj-101556143 formulation 1,jnj-101556143 formulation 1;jnj-101556143 formulation 2;jnj-101556143 formulation 3,,,,0,1,0,0,0,0,0,0,0
NCT06801236,Phase 1 Study of ACE-232 to Treat Patients With Metastatic Castration-Resistant Prostate Cancer,PHASE1,Phase 1,RECRUITING,88,Acerand Therapeutics (Hong Kong) Limited,Acerand Therapeutics (Hong Kong),1,1,0,single_arm,1,ace-232 tablets,ace-232 tablets,,Cell Therapy,,1,1,0,0,0,0,0,0,0
NCT06807359,Photodynamic Therapy of Primary Localized Prostate Cancer With the SpectraCure P18 System,PHASE1;PHASE2,Phase 2,RECRUITING,43,SpectraCure AB,SpectraCure,2,1,0,single_arm,1,device: photodynamic therapy (pdt);verteporfin injection,device: photodynamic therapy (pdt);verteporfin injection,,,,0,1,0,0,0,0,0,0,0
NCT06819215,Phase I/II Clinical Study to Evaluate VB15010 Tablets in Patients With Advanced Solid Tumors,PHASE1;PHASE2,Phase 2,RECRUITING,188,"Zhejiang Yangli Pharmaceutical Technology Co., Ltd.",Zhejiang Yangli Pharmaceutical Technology,3,1,0,single_arm,1,vb15010,vb15010,PARP,Small Molecule,,0,1,0,1,0,0,0,0,1
NCT06826768,A Ph Ib Study of REGN5678 Plus Cemiplimab in Patients With mCRPC,PHASE1,Phase 1,RECRUITING,60,M.D. Anderson Cancer Center,M.D. Anderson Cancer Center,697,0,1,single_arm,1,cemiplimab;regn5678,cemiplimab;regn5678,PSMA,Bispecific Antibody,PSMA,1,1,0,0,1,0,0,0,1
NCT06830850,"A Trial of HRS-5041-103 to Evaluate the Safety, Tolerability, Pharmacokinetics and Efficacy of HRS-5041 in Subjects With Metastatic Castration-resistant Prostate Cancer",PHASE1,Phase 1,RECRUITING,25,Atridia Pty Ltd.,Atridia Pty,13,1,0,single_arm,1,hrs-5041 single dose of hrs-5041 orally administered,hrs-5041 single dose of hrs-5041 orally administered,,,,0,1,0,0,0,0,0,0,0
NCT06836726,Clinical Trial to Test Efficacy of Targeting Hypoxia Combined With ARSI After First-line ARSI Therapy for Castrate Resistant Prostate Cancer,PHASE2,Phase 2,NOT_YET_RECRUITING,35,"University Health Network, Toronto","University Health Network, Toronto",91,0,0,single_arm,1,evofosfamide,evofosfamide,HIF-1,Small Molecule,HIF-1,0,1,0,0,1,0,1,0,1
NCT06840535,A Study to Evaluate the Safety and Dosimetry of 68Ga-OncoACP3 in Patients With Prostate Cancer,PHASE1,Phase 1,COMPLETED,20,Philogen S.p.A.,Philogen S.p.A.,45,1,0,multi_experimental,2,,[68ga]ga-oncoacp3,,Radiopharmaceutical,,0,0,0,0,1,0,0,0,1
NCT06842498,A Study of FG-3246 in Participants With Metastatic Castration-Resistant Prostate Cancer (mCRPC),PHASE2,Phase 2,RECRUITING,75,Kyntra Bio,Kyntra Bio,4,1,0,multi_experimental,3,fg-3246,fg-3246,CD46,ADC,,1,1,0,0,0,0,0,0,0
NCT06844383,A Study of Talazoparib With or Without Enzalutamide in People With Prostate Cancer Who Have Previously Received Abiraterone Acetate or Darolutamide,PHASE2,Phase 2,RECRUITING,126,Prostate Cancer Clinical Trials Consortium,Prostate Cancer Clinical Trials Consortium,3,0,1,active_comparator,2,talazoparib with enzalutamide,talazoparib,PARP,Small Molecule,ATM;BRCA1;BRCA2;BRIP1;CDK12;CHEK2;PALB2;RA,0,1,0,1,1,0,0,0,1
NCT06855277,Study Comparing AAA817+ARPI Versus Standard of Care in Adult Participants With PSMA-positive mCRPC,PHASE3,Phase 3,RECRUITING,940,Novartis Pharmaceuticals,Novartis,836,1,1,active_comparator,3,arpi;standard of care,aaa817;arpi,PSMA,Radiopharmaceutical,PSMA,0,1,0,1,1,0,0,0,1
NCT06863272,A Clinical Study of Ifinatamab Deruxtecan Based Treatment Combinations or as Monotherapy to Treat Metastatic Castrate Resistant Prostate Cancer (mCRPC) (MK-2400-01A/IDeate-Prostate02),PHASE1;PHASE2,Phase 2,RECRUITING,360,Merck Sharp & Dohme LLC,Merck (MSD),649,1,1,active_comparator,4,docetaxel,abiraterone;enzalutamide;ifinatamab deruxtecan;opevesostat;rescue medication,B7-H3,ADC,,1,1,1,0,0,0,0,0,1
NCT06866795,Phase 1 Clinical Study of GT-220F in Subjects With Metastatic Castration Resistant Prostate Cancer (mCRPC),PHASE1,Phase 1,NOT_YET_RECRUITING,42,Geode Therapeutics Inc.,Geode Therapeutics,1,1,0,multi_experimental,6,gt-220f capsule,gt-220f capsule,,,ALK;AR,0,1,0,0,0,0,0,1,0
NCT06879041,A Phase I Study of [225Ac]-AZD2284 in Patients With Metastatic Castration-Resistant Prostate Cancer,PHASE1,Phase 1,RECRUITING,136,AstraZeneca,AstraZeneca,780,1,1,multi_experimental,9,azd2284;azd2287,azd2275;azd2284;azd2287,,Radiopharmaceutical,MSI;MSI-H;TMB;dMMR,0,1,1,1,1,1,0,1,1
NCT06890832,A Study to Investigate Efficacy and Safety of Different Dose Regimen of Oral Cabazitaxel Tablet in Adult Participants with Prostate Cancer,PHASE2,Phase 2,NOT_YET_RECRUITING,75,Jina Pharmaceuticals Inc.,Jina Pharmaceuticals,3,1,0,multi_experimental,3,,,TUB,Small Molecule,AR,0,0,0,0,0,0,0,1,0
NCT06894511,An Open-label Study of Lutetium (177Lu) Vipivotide Tetraxetan (AAA617) in Combination With ARPI Versus AAA617 in PSMA Positive First-line mCRPC,PHASE2,Phase 2,ACTIVE_NOT_RECRUITING,7,Novartis Pharmaceuticals,Novartis,836,1,1,active_comparator,2,aaa617,aaa617;arpi: abiraterone;arpi: enzalutamide,PSMA,Radiopharmaceutical,PSMA,0,1,1,1,1,0,0,1,1
NCT06895811,Clinical Study of Safety and Efficacy of Universal PSMA CAR- T in Refractory CRPC,PHASE1,Phase 1,ACTIVE_NOT_RECRUITING,3,Shanghai Changzheng Hospital,Shanghai Changzheng Hospital,12,0,0,single_arm,1,psma-ucar t (brl-302),psma-ucar t (brl-302),PSMA,CAR-T,MET;PSMA,1,1,0,0,1,0,0,0,1
NCT06906471,"A Single-Arm, Blinded, Fluorescent PSMA Histopathology Trial of AS1986NS",PHASE1;PHASE2,Phase 2,RECRUITING,10,"Antelope Surgical Solutions, Inc",Antelope Surgical Solutions,1,1,0,single_arm,1,as1986ns,as1986ns,PSMA,Radiopharmaceutical,PSMA,0,1,0,0,1,0,0,0,1
NCT06909825,FPI-2265 (225Ac-PSMA-I&T) and Olaparib for Patients With Metastatic Castration-Resistant Prostate Cancer (mCRPC),PHASE2,Phase 2,ACTIVE_NOT_RECRUITING,85,Fusion Pharmaceuticals Inc.,Fusion Pharmaceuticals,5,1,0,multi_experimental,2,fpi-2265;olaparib,fpi-2265;olaparib,PSMA,Radiopharmaceutical,PSMA,0,1,0,1,1,0,0,0,1
NCT06910657,IDOV-Immune for Advanced Solid Tumors,PHASE1,Phase 1,RECRUITING,78,"ViroMissile, Inc.",ViroMissile,1,1,0,single_arm,1,idov-immune (oncolytic vaccinia virus),idov-immune (oncolytic vaccinia virus),,Oncolytic Virus,,1,1,0,0,0,0,0,0,0
NCT06922318,The COSMYC Trial (COmbined Suppression of MYC),PHASE2,Phase 2,RECRUITING,50,Sidney Kimmel Comprehensive Cancer Center at Johns Hopkins,Sidney Kimmel Comprehensive Cancer Center at Johns Hopkins,160,0,0,multi_experimental,2,luteinizing hormone-releasing hormone (lhrh) analogue;zen-3694,enzalutamide;luteinizing hormone-releasing hormone (lhrh) analogue;testosterone cypionate;zen-3694,MYC,Small Molecule,AR;MYC,0,1,0,0,1,0,0,0,1
NCT06925737,A Clinical Study of Ifinatamab Deruxtecan (I-DXd) in People With Metastatic Prostate Cancer (MK-2400-001),PHASE3,Phase 3,RECRUITING,1440,Merck Sharp & Dohme LLC,Merck (MSD),649,1,1,active_comparator,2,docetaxel,ifinatamab deruxtecan;rescue medication,B7-H3,ADC,,1,1,1,0,0,0,0,0,1
NCT06926075,Early Phase Study of KESONOTIDE™in Participants With Solid Tumours,PHASE1;PHASE2,Phase 2,RECRUITING,80,Filamon LTD,Filamon,1,1,0,multi_experimental,2,a novel hgiia-vimentin inhibitor;dose expansion,a novel hgiia-vimentin inhibitor;dose expansion,VIMENTIN,Small Molecule,biomarker,0,1,0,0,0,0,0,0,0
NCT06926283,A Study of DXC008 in Patients With Prostate Cancer and Other Solid Tumors,PHASE1,Phase 1,RECRUITING,110,"Hangzhou DAC Biotechnology Co., Ltd.",Hangzhou DAC Biotechnology,5,1,0,single_arm,1,dxc008,dxc008,STEAP1,ADC,,1,1,0,0,0,0,0,0,0
NCT06943495,Personalized vs. Fixed-Activity 177Lu-PSMA-617 Radiopharmaceutical Therapy (PRODIGY-2),PHASE1,Phase 1,RECRUITING,60,Jean-Mathieu Beauregard,Jean-Mathieu Beauregard,1,0,1,active_comparator,2,177lu-psma-617,177lu-psma-617,PSMA,Radiopharmaceutical,PSMA,0,1,0,0,1,0,0,0,1
NCT06943521,A Study of MT-4561 in Patients With Various Advanced Solid Tumors,PHASE1;PHASE2,Phase 2,RECRUITING,27,"Tanabe Pharma America, Inc.",Tanabe Pharma America,3,1,0,single_arm,1,mt-4561,mt-4561,BRD4,Small Molecule,,0,1,0,0,0,0,0,0,0
NCT06952803,A Study of Metastases Free Survival With Saruparib vs Placebo Added to a Standard RT/ADT in Men With High-risk Prostate Cancer With a BRCA Mutation,PHASE3,Phase 3,RECRUITING,700,AstraZeneca,AstraZeneca,780,1,1,placebo_comparator,4,abiraterone + prednisolone/prednisone;androgen deprivation therapy (adt),abiraterone + prednisolone/prednisone;androgen deprivation therapy (adt);saruparib,PARP,Small Molecule,HRR,0,1,0,0,1,0,0,1,1
NCT06957691,Proof-of-Concept Trial to Assess the Efficacy and Safety of Fezolinetant in Improving Vasomotor Symptoms in Men With Prostate Cancer Undergoing Androgen Deprivation Therapy,PHASE2,Phase 2,RECRUITING,60,"Shehzad Basaria, M.D.","Shehzad Basaria, M.D.",1,0,1,placebo_comparator,2,,fezolinetant - reference formulation,,,,0,0,0,0,0,0,0,0,0
NCT06966024,Study of DCC-2812 in Participants With Advanced Genitourinary Cancers,PHASE1,Phase 1,RECRUITING,60,"Deciphera Pharmaceuticals, LLC",Deciphera,17,1,0,single_arm,1,dcc-2812,dcc-2812,GCN2,Small Molecule,,0,1,0,0,0,0,0,0,0
NCT06970847,64Cu-SAR-bisPSMA Positron Emission Tomography: A Phase 3 Study of Participants With Biochemical Recurrence of Prostate Cancer,PHASE3,Phase 3,ACTIVE_NOT_RECRUITING,220,Clarity Pharmaceuticals Ltd,Clarity Pharmaceuticals,11,1,0,single_arm,1,64cu-sar-bispsma,64cu-sar-bispsma,PSMA,Radiopharmaceutical,,0,1,0,0,0,0,0,0,0
NCT06990542,"Image-guided, Tumor-focused Radiotherapy Treatment in Intermediate and High-risk Prostate Cancer",PHASE2,Phase 2,RECRUITING,150,"University of California, San Diego","University of California, San Diego",28,0,0,multi_experimental,2,image-guided tumor-focused radiation therapy,image-guided tumor-focused radiation therapy,,,biomarker,0,1,0,0,0,0,0,0,0
NCT06990880,A Study of GSK5458514 Administered Alone or In Combination With Other Anti-Cancer Agents in Participants With Prostate Cancer,PHASE1;PHASE2,Phase 2,RECRUITING,85,GlaxoSmithKline,GSK,468,1,1,multi_experimental,2,gsk5458514,gsk5458514,PSMA,Bispecific Antibody,PSMA;biomarker;biomarker analysis,1,1,1,0,1,0,0,0,1
NCT06991556,An Open-label Study of JSB462 (Luxdegalutamide) in Combination With Abiraterone in Adult Male Patients With Metastatic Hormone-sensitive Prostate Cancer (mHSPC),PHASE2,Phase 2,ACTIVE_NOT_RECRUITING,168,Novartis Pharmaceuticals,Novartis,836,1,1,active_comparator,3,abiraterone;enzalutamide,abiraterone;jsb462,AR,Small Molecule,PSMA,0,1,0,0,0,0,0,0,0
NCT06999187,"A Study of DR-0202 in Patients With Locally Advanced or Metastatic, Relapsed or Refractory Carcinomas",PHASE1,Phase 1,RECRUITING,96,Dren Bio,Dren Bio,2,1,0,multi_experimental,8,dr-0202,dr-0202,,Bispecific Antibody,HER2,1,1,0,0,0,0,0,1,0
NCT07002320,Investigating SX-682 in Combination With Apalutamide in Metastatic Castration-resistant Prostate Cancer,PHASE1;PHASE2,Phase 2,RECRUITING,78,"Institute of Cancer Research, United Kingdom","Institute of Cancer Research, United Kingdom",24,0,1,multi_experimental,2,apalutamide;sx-682,apalutamide;sx-682,CXCR1 and CXCR2,Small Molecule,AR,0,1,0,0,0,0,0,0,0
NCT07005154,A Phase 2 Study to Evaluate the Effects of ASP5541 in Participants With Prostate Cancer,PHASE2,Phase 2,RECRUITING,218,"Astellas Pharma Global Development, Inc.",Astellas,171,1,1,active_comparator,6,abiraterone acetate;adrenocorticotropic hormone,adrenocorticotropic hormone;asp5541,CYP17A1,Small Molecule,AR,0,1,1,0,1,0,0,0,1
NCT07006727,Phase I Study of [225Ac]Ac-ETN029 in Patients With Advanced DLL3-expressing Solid Tumors,PHASE1,Phase 1,RECRUITING,123,Novartis Pharmaceuticals,Novartis,836,1,1,single_arm,1,111in-etn029;225ac-etn029,111in-etn029;225ac-etn029,DLL3,Radiopharmaceutical,DLL3;PD-L1,0,1,0,0,1,0,0,0,1
NCT07024277,Study of ZG006 in Participants With Neuroendocrine Prostate Cancer,PHASE2,Phase 2,NOT_YET_RECRUITING,60,"Suzhou Zelgen Biopharmaceuticals Co.,Ltd",Suzhou Zelgen Biopharmaceuticals,49,1,0,multi_experimental,2,zg006,zg006,DLL3,Bispecific Antibody,DLL3,1,1,0,0,0,0,0,0,0
NCT07027124,"Neoadjuvant ADT + Darolutamide With Pembrolizumab, Followed by Adjuvant Pembrolizumab in Molecularly Stratified High-Risk Prostate Cancer",PHASE2,Phase 2,RECRUITING,40,Icahn School of Medicine at Mount Sinai,Icahn School of Medicine at Mount Sinai,28,0,1,single_arm,1,darolutamide;lupron;pembrolizumab,darolutamide;lupron;pembrolizumab,PD-1,Monoclonal Antibody,AR;PD-L1;genomic,1,1,1,0,0,0,0,0,1
NCT07028853,This Study Will Explore Whether a Combination of the Investigational Drug Mevrometostat (PF-06821497) and Enzalutamide Will Work Better Than Taking Enzalutamide Alone in Participants With mCSPC Who Are ARPI naïve.,PHASE3,Phase 3,RECRUITING,1000,Pfizer,Pfizer,687,1,1,active_comparator,2,enzalutamide,enzalutamide;mevrometostat,EZH2,Small Molecule,AR-V7;PSA,0,1,0,0,0,0,1,0,0
NCT07038369,A Phase 1 Study of ATV-1601 in Patients With Advanced Cancer That Have AKT1 E17K Mutations,PHASE1,Phase 1,ACTIVE_NOT_RECRUITING,134,"Atavistik Bio, Inc",Atavistik Bio,1,1,0,multi_experimental,2,,atv-1601;atv-1601 + fulvestrant,AKT1,Small Molecule,AKT1;BRAF;HER2;KRAS,0,1,0,0,0,0,0,0,0
NCT07047118,A Study of JSB462 (Luxdegalutamide) Plus Lutetium (177Lu) Vipivotide Tetraxetan in Patients With Metastatic Castration Resistant Prostate Cancer (mCRPC),PHASE2,Phase 2,ACTIVE_NOT_RECRUITING,138,Novartis Pharmaceuticals,Novartis,836,1,1,active_comparator,3,aaa617,aaa617;jsb462,AR,Small Molecule,AR;PSMA,0,1,0,0,1,0,0,0,1
NCT07052214,PSMA PET Combined With MRI for the Detection of PCa,PHASE3,Phase 3,RECRUITING,338,Telix Pharmaceuticals (Innovations) Pty Limited,Telix Pharmaceuticals (Innovations) Pty,19,1,0,single_arm,1,68ga-psma-11,,PSMA,Radiopharmaceutical,PSMA;biomarker,0,0,0,1,1,0,0,0,1
NCT07054346,Comparison of 177Lu-PSMA-617 and 225Ac-PSMA-617,PHASE1,Phase 1,RECRUITING,45,Thomas Hope,Thomas Hope,2,0,1,multi_experimental,3,blood sample collection;non-investigational;prostate tissue collection;prostatectomy;single-photon emission computed tomography (spect)/computerized tomography (ct),177 lutetium prostate-specific membrane antigen 617;actinium-225 prostate-specific membrane antigen 617;blood sample collection;non-investigational;prostate tissue collection;prostatectomy;single-photon emission computed tomography (spect)/computerized tomography (ct),PSMA,Radiopharmaceutical,PSMA,0,1,0,0,1,0,0,0,1
NCT07056439,Phase I/II Clinical Study of HRS-1738 for the Diagnosis of Prostate Cancer Patients,PHASE1;PHASE2,Phase 2,NOT_YET_RECRUITING,50,"Jiangsu HengRui Medicine Co., Ltd.",Hengrui,312,1,0,single_arm,1,hrs-1738 injection,hrs-1738 injection,,Radiopharmaceutical,,0,1,0,0,0,0,0,1,0
NCT07072728,Psilocybin-Assisted Psychotherapy in Cancer Patients With Adjustment Disorder,PHASE2,Phase 2,RECRUITING,87,Psyence Australia Pty Ltd,Psyence Australia Pty,1,1,0,active_comparator,3,psilocybin therapy,,,,,0,0,0,0,0,0,0,0,0
NCT07080242,Evaluating BL-M14D1 in Subjects With Locally Advanced or Metastatic Small Cell Lung Cancer and Neuroendocrine Tumors,PHASE1,Phase 1,RECRUITING,120,SystImmune Inc.,SystImmune,7,1,0,single_arm,1,bl-m14d1,bl-m14d1,DLL3,ADC,,1,1,0,0,0,0,0,1,0
NCT07082920,A Study of JNJ-78278343 in Combination With JNJ-95298177 for Treatment of Prostate Cancer,PHASE1,Phase 1,RECRUITING,140,"Janssen Research & Development, LLC",Johnson & Johnson,363,1,1,multi_experimental,2,jnj-78278343;jnj-95298177,jnj-78278343;jnj-87189401;jnj-95298177,KLK2,Bispecific Antibody,AR,1,1,1,0,1,0,0,0,1
NCT07103018,A Clinical Study of KTX-2001 in Subjects With Metastatic Castration-Resistant Prostate Cancer (STRIKE-001),PHASE1,Phase 1,RECRUITING,144,"K36 Therapeutics, Inc.",K36 Therapeutics,2,1,0,multi_experimental,2,,ktx-2001;ktx-2001 + darolutamide (nubeqa),NSD2,Small Molecule,AR,0,1,0,0,0,0,0,1,0
NCT07104110,Study of QLH12016 in Combination With Novel Hormonal Agent in Subjects With Advanced Prostate Cancer,PHASE1;PHASE2,Phase 2,NOT_YET_RECRUITING,50,"Qilu Pharmaceutical Co., Ltd.",Qilu Pharmaceutical,108,1,0,single_arm,1,abiraterone acetate;enzalutamide;qlh12016,abiraterone acetate;enzalutamide;qlh12016,AR,Small Molecule,AR,0,1,0,0,0,0,0,0,0
NCT07104617,Study of TY-302 Capsules Combined With Abiraterone in Patients With Metastatic Castration-resistant Prostate Cancer（mCRPC）,PHASE1;PHASE2,Phase 2,NOT_YET_RECRUITING,48,"TYK Medicines, Inc",TYK Medicines,14,1,0,single_arm,1,abiraptor;ty-302,abiraptor;ty-302,AR,Small Molecule,PSA,0,1,0,1,0,0,0,0,1
NCT07111507,A Study of Tarlatamab for People With Prostate Cancer,PHASE2,Phase 2,RECRUITING,32,Memorial Sloan Kettering Cancer Center,Memorial Sloan Kettering Cancer Center,411,0,1,single_arm,1,tarlatamab,tarlatamab,DLL3,Bispecific Antibody,DLL3,1,1,0,0,0,0,0,0,0
NCT07114601,A Study of LY4257496 in Participants With Cancer (OMNIRAY),PHASE1,Phase 1,RECRUITING,421,Eli Lilly and Company,Eli Lilly,535,1,1,multi_experimental,5,diagnostic test: ly4257529;ly4257496,diagnostic test: ly4257529;ly4257496;standard of care anticancer therapies,GRPR,Radiopharmaceutical,ER;GRPR;HER2,0,1,0,0,1,0,0,1,1
NCT07115446,Phase Ib Study of HS-20093+HRS-5041 in Patients With Advanced Prostate Cancer,PHASE1,Phase 1,RECRUITING,63,Hansoh BioMedical R&D Company,Hansoh,82,1,0,single_arm,1,hrs-5041;hs-20093,hrs-5041;hs-20093,B7-H3,ADC,AR;PD-L1,1,1,0,0,0,0,0,0,0
NCT07140900,"Study Evaluating the Safety, Tolerability, and Efficacy of Xaluritamig in Combination With Androgen Receptor Pathway Inhibitors in Participants With Metastatic Hormone-sensitive Prostate Cancer",PHASE1,Phase 1,RECRUITING,60,Amgen,Amgen,323,1,1,multi_experimental,2,xaluritamig,abiraterone;darolutamide;xaluritamig,STEAP1,Bispecific Antibody,STEAP1 protein,1,1,0,0,0,0,0,0,0
NCT07142551,Supraphysiologic Testosterone Priming Induces Darolutamide Extended Response,PHASE2,Phase 2,RECRUITING,60,Sidney Kimmel Comprehensive Cancer Center at Johns Hopkins,Sidney Kimmel Comprehensive Cancer Center at Johns Hopkins,160,0,1,multi_experimental,3,,darolutamide;luteinizing hormone-releasing hormone (lhrh) analogue;testosterone cypionate,AR,Small Molecule,AR,0,1,1,0,1,0,0,0,1
NCT07145177,177Lu-PSMA-617 With Liver Directed Therapy in Metastatic Castration Resistant Prostate Cancer,PHASE1,Phase 1,RECRUITING,30,"University of California, San Francisco","University of California, San Francisco",90,0,1,single_arm,1,177lu-psma-617;ablation;positron emission tomography (pet)/computerized tomography (ct);questionnaire;trans-arterial chemoembolization (tace);tumor biopsy,177lu-psma-617;ablation;positron emission tomography (pet)/computerized tomography (ct);questionnaire;trans-arterial chemoembolization (tace);tumor biopsy,PSMA,Radiopharmaceutical,MET;PSMA,0,1,0,0,1,0,0,1,1
NCT07145255,"Phase 1/2 Dose Finding, Safety and PK Study in Advanced Refractory Solid Tumors",PHASE1;PHASE2,Phase 2,RECRUITING,150,MBrace Therapeutics,MBrace Therapeutics,2,1,0,multi_experimental,3,adc,adc,,ADC,AR;HER2,1,1,0,0,0,0,0,1,0
NCT07149831,"A Clinical Trial Evaluating the Safety and Tolerability, Biodistribution and Radiation Dosimetry, and Pharmacokinetics of Flotufolastat F-18 Injection in Healthy Chinese Adults",PHASE1,Phase 1,RECRUITING,6,Sinotau Pharmaceutical Group,Sinotau Pharmaceutical,6,1,0,single_arm,1,flotufolastat f-18 injection,flotufolastat f-18 injection,,Radiopharmaceutical,,0,1,0,0,0,0,0,0,0
NCT07164027,"Comparing a New PSMA Imaging Agent to MRI for Detecting Prostate Cancer, BEACON Trial",EARLY_PHASE1,Phase 1,RECRUITING,30,Jonsson Comprehensive Cancer Center,Jonsson Comprehensive Cancer Center,117,0,0,single_arm,1,biopsy of prostate;biospecimen collection;computed tomography;flotufolastat f-18 gallium;positron emission tomography,biopsy of prostate;biospecimen collection;computed tomography;flotufolastat f-18 gallium;positron emission tomography,PSMA,Radiopharmaceutical,PSMA,0,1,0,0,0,0,0,0,0
NCT07164443,A Study of Pasritamig With or Without JNJ-87189401 Versus Placebo for Late Line Metastatic Castration-resistant Prostate Cancer (mCRPC),PHASE3,Phase 3,RECRUITING,1203,"Janssen Research & Development, LLC",Johnson & Johnson,363,1,1,placebo_comparator,5,best supportive care (bsc),best supportive care (bsc);jnj-87189401;pasritamig,,,,0,1,0,1,1,0,0,1,1
NCT07172126,Clinical Trial to Evaluate the Tolerance of TQB3201 Tablets,PHASE1;PHASE2,Phase 2,NOT_YET_RECRUITING,291,"Chia Tai Tianqing Pharmaceutical Group Co., Ltd.",Chia Tai Tianqing Pharmaceutical,213,1,0,single_arm,1,tqb3201 tablets,tqb3201 tablets,AR,Small Molecule,AR;AR-V7,0,1,1,0,0,0,0,0,1
NCT07174063,A Phase I Study of JSB462 (Luxdegalutamide) in Japanese Patients With Metastatic Prostate Cancer,PHASE1,Phase 1,ACTIVE_NOT_RECRUITING,6,Novartis Pharmaceuticals,Novartis,836,1,1,single_arm,1,jsb462,jsb462,AR,Small Molecule,PSMA,0,1,0,0,0,0,0,0,0
NCT07177937,A Study of DXC014 in Patients With Advanced Solid Tumors.,PHASE1,Phase 1,RECRUITING,150,"Hangzhou DAC Biotechnology Co., Ltd.",Hangzhou DAC Biotechnology,5,1,0,single_arm,1,dxc014,dxc014,B7-H3,ADC,,1,1,0,0,0,0,0,0,0
NCT07179783,Sacituzumab Tirumotecan in Combination With Tagitanlimab in the Treatment of Aggressive Variant Prostate Cancer (AVPC) and Neuroendocrine Prostate Cancer (NEPC),PHASE2,Phase 2,RECRUITING,28,Tianjin Medical University Second Hospital,Tianjin Medical University Second Hospital,5,0,0,single_arm,1,sacituzumab tirumotecan;tagitanlimab,sacituzumab tirumotecan;tagitanlimab,PD-L1,Monoclonal Antibody,TROP2,1,1,0,0,0,0,0,0,0
NCT07181161,Study of AZD0516 as Monotherapy and in Combination in Participants With Metastatic Prostate Cancer,PHASE1;PHASE2,Phase 2,RECRUITING,283,AstraZeneca,AstraZeneca,780,1,1,multi_experimental,2,azd0516,azd0516;azd9574,STEAP2,ADC,AR-V7,1,1,0,0,0,0,0,0,0
NCT07181473,"A Study to Evaluate the Safety, Pharmacokinetics and Efficacy of TJ101 in Patients With Advanced/Metastatic Solid Tumors",PHASE1,Phase 1,RECRUITING,200,Phrontline Biopharma,Phrontline Biopharma,2,1,0,single_arm,1,tj101,tj101,EGFR/B7-H3,ADC,biomarker;biomarker analysis,1,1,0,0,0,0,0,0,0
NCT07185165,An Investigational Scan (Flotufolastat F 18 PET/CT) for Detecting Residual or Recurrent Disease in Patients Who Completed Focal Therapy for Prostate Cancer.,PHASE2,Phase 2,RECRUITING,81,Jonsson Comprehensive Cancer Center,Jonsson Comprehensive Cancer Center,117,0,0,single_arm,1,computed tomography;fluorine f 18 flotufolastat;positron emission tomography;ultrasound-guided prostate biopsy,computed tomography;fluorine f 18 flotufolastat;positron emission tomography;ultrasound-guided prostate biopsy,,Radiopharmaceutical,,0,1,0,0,0,0,0,0,0
NCT07189403,A Study of DS9051b in Participants With Advanced or Metastatic Adrenocortical Carcinoma and Metastatic Castration-resistant Prostate Cancer,PHASE1,Phase 1,RECRUITING,40,Daiichi Sankyo,Daiichi Sankyo,178,1,1,single_arm,1,ds9051b,ds9051b,CYP17A1,Small Molecule,MET,0,1,0,0,0,0,0,0,0
NCT07189871,"177Lu-BetaBart in Patients With Relapsed/Refractory, Locally Advanced Inoperable, or Metastatic Solid Tumors",PHASE1;PHASE2,Phase 2,RECRUITING,61,"Radiopharm Theranostics, Ltd",Radiopharm Theranostics,7,1,0,single_arm,1,177lu-betabart,177lu-betabart,B7-H3,Radiopharmaceutical,,0,1,0,0,1,0,0,1,1
NCT07190300,"TulmiSTAR-02: A Phase I/II Open-label Study of Tulmimetostat in Combination With Darolutamide vs. Darolutamide, and Tulmimetostat With Abiraterone in Patients With Metastatic Hormone-sensitive Prostate Cancer (mHSPC)",PHASE1;PHASE2,Phase 2,RECRUITING,181,Novartis Pharmaceuticals,Novartis,836,1,1,active_comparator,5,darolutamide,abiraterone;darolutamide;tulmimetostat,EZH2,Small Molecule,ARID1A;KDM4A,0,1,0,0,0,0,0,0,0
NCT07192120,A Study of MHB048C in Patients With Advanced Solid Tumors,PHASE1;PHASE2,Phase 2,RECRUITING,200,Minghui Pharmaceutical (Hangzhou) Ltd,Minghui Pharmaceutical (Hangzhou),10,1,0,multi_experimental,2,mhb048c for injection,mhb048c for injection,,Cell Therapy,,1,1,0,0,0,0,0,1,0
NCT07192614,"A Study to Learn How Safe AZD6621 is, How Well it Works, and How it Moves Throughout the Body Over Time, in Adult Male Participants With Metastatic Prostate Cancer",PHASE1;PHASE2,Phase 2,RECRUITING,52,AstraZeneca,AstraZeneca,780,1,1,multi_experimental,4,azd6621,azd6621,STEAP2,Bispecific Antibody,genomic,1,1,0,0,0,0,0,0,0
NCT07198633,A Clinical Study of QLC5508 and/or QLH12016 in Combination With Other Anti-tumor Therapies in Subjects With Advanced Prostate Cancer,PHASE1;PHASE2,Phase 2,RECRUITING,212,"Qilu Pharmaceutical Co., Ltd.",Qilu Pharmaceutical,108,1,0,multi_experimental,4,qlc5508,abiraterone acetate;enzalutamide;qlc5508;qlh12016,B7-H3,ADC,AR,1,1,0,0,0,0,0,0,0
NCT07206056,"An Open-label Dose Escalation and Expansion, Followed by a Phase II Study of Tulmimetostat (DZR123) and JSB462 (Luxdegalutamide) in Patients With Progressive Metastatic Castrate Resistant Prostate Cancer (mCRPC) (TulmiSTAR-01)",PHASE1;PHASE2,Phase 2,RECRUITING,188,Novartis Pharmaceuticals,Novartis,836,1,1,active_comparator,10,standard of care (soc),jsb462 dose 1 qd;jsb462 dose 2 qd;jsb462 qd;tulmimetostat dl1 qd;tulmimetostat dl2 qd;tulmimetostat dl3 qd;tulmimetostat doses 1 or 2 qd;tulmimetostat rp2d qd,AR,Small Molecule,AR;AR-V7,0,1,0,0,0,0,0,0,0
NCT07213674,A Study of Xaluritamig Plus Abiraterone Versus Investigator's Choice in Participants With Chemotherapy-naïve Metastatic Castration-resistant Prostate Cancer,PHASE3,Phase 3,RECRUITING,750,Amgen,Amgen,323,1,1,active_comparator,2,abiraterone acetate;cabazitaxel;docetaxel,abiraterone acetate;xaluritamig,STEAP1,Bispecific Antibody,STEAP1 protein,1,1,1,0,0,0,0,0,1
NCT07214961,Study of Alpha Radioligand Therapy AB001 in Patients With Metastatic Castration Resistant Prostate Cancer (mCRPC),PHASE1,Phase 1,ACTIVE_NOT_RECRUITING,80,ARTBIO Inc.,ARTBIO,2,1,0,multi_experimental,2,ab001,ab001,,Radiopharmaceutical,,0,1,0,0,1,0,0,0,1
NCT07218666,Zanzalintinib in Men With Aggressive Variant Prostate Cancer,PHASE2,Phase 2,RECRUITING,30,Deepak Kilari,Deepak Kilari,2,0,0,single_arm,1,zanzalintinib,zanzalintinib,EGFR,Small Molecule,PD-L1;genomic,0,1,1,0,1,0,0,1,1
NCT07225946,A Study of Pasritamig With Docetaxel Versus Docetaxel in Participants With Metastatic Castration-Resistant Prostate Cancer,PHASE3,Phase 3,RECRUITING,800,"Janssen Research & Development, LLC",Johnson & Johnson,363,1,1,active_comparator,2,docetaxel;prednisone/prednisolone,docetaxel;pasritamig,KLK2,Bispecific Antibody,,1,1,1,1,0,0,0,0,1
NCT07226986,A Phase Ib/II Open-label Study of AMO959 With Lutetium (177Lu) Vipivotide Tetraxetan (AAA617) in Combination With ARPI in Adult Participants With PSMA-positive mCRPC,PHASE1;PHASE2,Phase 2,RECRUITING,123,Novartis Pharmaceuticals,Novartis,836,1,1,multi_experimental,6,aaa617,aaa617;abiraterone;amo959;enzalutamide,PSMA,Small Molecule,PSMA,0,1,0,0,1,0,0,0,1
NCT07230106,"A Study of SHR3680, HS-20093 and SHR2554 in Subjects With Prostate Cancer",PHASE2,Phase 2,RECRUITING,218,"Jiangsu HengRui Medicine Co., Ltd.",Hengrui,312,1,0,multi_experimental,2,shr3680 tablet,abiraterone tablet;darotamine capsule;enzalutamide tablet;hs-20093 for injection;shr2554 tablet;shr3680 tablet,,,,0,1,0,0,0,0,0,0,0
NCT07236112,Study of TRDC002 in the Diagnosis of Patients With PSMA-positive Prostate Cancer,PHASE1,Phase 1,ACTIVE_NOT_RECRUITING,6,C Ray Therapeutics,C Ray Therapeutics,2,1,0,multi_experimental,2,intravenous (iv) single dose,intravenous (iv) single dose,PSMA,Radiopharmaceutical,PSMA,0,1,0,0,1,0,0,0,1
NCT07241416,A Phase III Clinical Study of Rezvilutamide in Patients With Metastatic Hormone-Sensitive Prostate Cancer,PHASE3,Phase 3,RECRUITING,206,"Jiangsu HengRui Medicine Co., Ltd.",Hengrui,312,1,0,active_comparator,2,enzalutamide soft capsules,rezvilutamide tablets,AR,Small Molecule,PSA,0,1,1,0,0,0,0,0,1
NCT07244341,A Study of Valemetostat (DS-3201b) in Combination With Darolutamide in Metastatic Castration Resistant Prostate Cancer (mCRPC),PHASE1,Phase 1,RECRUITING,60,Daiichi Sankyo,Daiichi Sankyo,178,1,1,multi_experimental,2,darolutamide;valemetostat,darolutamide;valemetostat,EZH2,Small Molecule,EZH2,0,1,1,0,0,0,0,0,1
NCT07244393,Lutetium (177Lu) DGUL Combined With Pembrolizumab in Metastatic Castration-Resistant Prostate Cancer,PHASE1,Phase 1,NOT_YET_RECRUITING,30,"Cellbion Co., Ltd.",Cellbion,2,1,1,multi_experimental,2,lutetium (177lu) dgul,lutetium (177lu) dgul;pembrolizumab,PD-1,Monoclonal Antibody,PD-L1,1,1,1,0,1,0,0,1,1
NCT07255664,"A FIH, Phase I/IIa, Trial Assessing Feasibility of Administrations of TIL-based Immunotherapy in Patients With Metastatic CRC and PC",PHASE1;PHASE2,Phase 2,RECRUITING,12,CuraCell TX AB,CuraCell TX,1,1,0,single_arm,1,cc-38;cyclophosphamid;interleukin-2;pembrolizumab;uromitexan,cc-38;cyclophosphamid;interleukin-2;pembrolizumab;uromitexan,,Cell Therapy,BRAF,1,1,0,0,0,0,0,0,0
NCT07258407,A Clinical Trial Evaluating the Safety of TD001 In Patients With PSMA-Expressing Metastatic Prostate Cancer,PHASE1;PHASE2,Phase 2,RECRUITING,180,T.O.A.D. Oncology SA,T.O.A.D. Oncology,1,1,0,multi_experimental,2,td001,td001,PSMA,ADC,PSMA,1,1,1,0,1,0,0,0,1
NCT07259213,A Study of Terbium 161 (161Tb)-RAD402 in Participants With CRPC,PHASE1;PHASE2,Phase 2,RECRUITING,73,"Radiopharm Theranostics, Ltd",Radiopharm Theranostics,7,1,0,single_arm,1,161tb rad402,161tb rad402,KLK3,Radiopharmaceutical,PSA,0,1,1,0,1,0,0,1,1
NCT07285057,Diagnostic Utility of rhPSMA-7.3 (18F) PET/CT in Men With Prostate Cancer on Active Surveillance,PHASE2,Phase 2,RECRUITING,120,Icahn School of Medicine at Mount Sinai,Icahn School of Medicine at Mount Sinai,28,0,0,single_arm,1,flotufolastat f18;posluma);rhpsma-7.3 (18f) pet/ct imaging (flotufolastat f18,flotufolastat f18;posluma);rhpsma-7.3 (18f) pet/ct imaging (flotufolastat f18,PSMA,Radiopharmaceutical,PSMA,0,1,0,0,0,0,0,0,0
NCT07285694,"AB-3028, a Programmable Circuit T Cell Therapy in Patients With Castration Resistant Prostate Cancer (CRPC)",PHASE1;PHASE2,Phase 2,ACTIVE_NOT_RECRUITING,190,"Arsenal Biosciences, Inc.",Arsenal Biosciences,3,1,0,single_arm,1,ab-3028,ab-3028,,Cell Therapy,,1,1,1,0,1,0,0,0,1
NCT07287150,A Study to Test Inavolisib Treatment in Participants With Metastatic Castration-Resistant Prostate Cancer,PHASE2,Phase 2,RECRUITING,100,Hoffmann-La Roche,Roche/Genentech,922,1,1,active_comparator,2,abiraterone;docetaxel;enzalutamide,enzalutamide;inavolisib,PI3K,Small Molecule,8P;biomarker;biomarker-selected,0,1,1,0,1,0,0,0,1
NCT07288359,Study of GVV858 as a Single Agent or in Combination With Endocrine Therapy in Patients With HR+/HER2- Breast Cancer and Other Advanced Solid Tumors,PHASE1;PHASE2,Phase 2,RECRUITING,205,Novartis Pharmaceuticals,Novartis,836,1,1,multi_experimental,5,gvv858,fulvestrant;gvv858;letrozole,HER2,,HER2,0,1,0,0,0,0,0,0,0
NCT07293585,Vascular Optimized Radiotherapy Tuned to Critical Structures for Erectile Function Using High-Precision X-Ray Treatment,PHASE3,Phase 3,RECRUITING,200,Jonsson Comprehensive Cancer Center,Jonsson Comprehensive Cancer Center,117,0,0,active_comparator,2,neurovascular sparing stereotactic body radiation therapy,neurovascular sparing stereotactic body radiation therapy,,,,0,1,0,0,1,0,0,0,1
NCT07310355,68Ga-PSMA-0057 and 177Lu-PSMA-0057 in Patients With PSMA-Positive Metastatic Castration-Resistant Prostate Cancer,PHASE1;PHASE2,Phase 2,NOT_YET_RECRUITING,49,"Chengdu StarRay Therapeutics Co., Ltd",Chengdu StarRay Therapeutics,1,1,0,single_arm,1,177lu-psma-0057;68ga-psma-0057,177lu-psma-0057;68ga-psma-0057,PSMA,Radiopharmaceutical,PSMA,0,1,0,0,1,0,0,1,1
NCT07311694,"A Phase III Study Comparing HRS-4357 With Novel Androgen Receptor Pathway Inhibitors in Patients With Progressive, PSMA-Positive Metastatic Castration-Resistant Prostate Cancer",PHASE3,Phase 3,RECRUITING,370,"Jiangsu HengRui Medicine Co., Ltd.",Hengrui,312,1,0,active_comparator,2,enzalutamide；abiraterone,hrs-4357 injection,,,,0,1,0,0,1,0,0,0,1
NCT07319871,A Study of Pasritamig (JNJ-78278343) in Combination With JNJ-86974680 for Treatment of Prostate Cancer,PHASE1,Phase 1,RECRUITING,40,"Janssen Research & Development, LLC",Johnson & Johnson,363,1,1,multi_experimental,2,jnj-86974680;pasritamig,jnj-86974680;pasritamig,ADORA2A,Small Molecule,AR,0,1,1,0,0,0,0,0,1
NCT07332000,A Biomarker Study in Men With Localized Prostate Cancer Treated With Aglatimagene Besadenovec,PHASE2,Phase 2,RECRUITING,45,"Candel Therapeutics, Inc.",Candel Therapeutics,12,1,0,active_comparator,2,external beam radiation therapy (ebrt),aglatimagene besadenovec + valacyclovir;external beam radiation therapy (ebrt),,Oncolytic Virus,MET;biomarker,1,1,0,0,0,0,0,0,0
NCT07332455,First-Time-in-Human Study of GSK5471713 in Adults With mCRPC,PHASE1;PHASE2,Phase 2,RECRUITING,54,GlaxoSmithKline,GSK,468,1,1,single_arm,1,gsk5471713,gsk5471713,AR,Small Molecule,AR,0,1,1,0,0,0,0,0,1
NCT07333066,Phase III Randomized International Open Label Clinical Trial of Treatment Intensification With Docetaxel Plus Apalutamide in Patients With Metastatic Hormone-sensitive Prostate Cancer Who Did Not Achieve a Deep PSA Response After Initial Treatment With Apalutamide: REINFORCE Trial.,PHASE3,Phase 3,RECRUITING,320,Alianza multidisciplinar para la investigación de los tumores genitourinarios -GUARD,Alianza multidisciplinar para la investigación de los tumores genitourinarios -GUARD,3,0,0,multi_experimental,2,apalutamide (erleada);docetaxel,apalutamide (erleada);docetaxel,AR,Small Molecule,PSA,0,1,0,0,0,0,0,0,0
NCT07336446,A Trial to Learn How Safe AZD9750 is and How Well it Works in People With Metastatic Prostate Cancer When Given With or Without Other Anticancer Drugs,PHASE1;PHASE2,Phase 2,RECRUITING,300,AstraZeneca,AstraZeneca,780,1,1,multi_experimental,7,azd9750,azd5305;azd9750,AR,Small Molecule,AR;AR-V7;PSA,0,1,0,0,0,0,0,0,0
NCT07339267,A Study to Evaluate the Safety and Drug Levels of ASP5541 in Chinese Participants With Prostate Cancer,PHASE1,Phase 1,RECRUITING,12,"Astellas Pharma Global Development, Inc.",Astellas,171,1,1,single_arm,1,asp5541,asp5541,CYP17A1,Small Molecule,AR,0,1,1,0,1,0,0,0,1
NCT07341737,SL-28 for Advanced Solid Tumours,PHASE1;PHASE2,Phase 2,RECRUITING,60,Second Life Therapeutics,Second Life Therapeutics,1,1,0,multi_experimental,3,sl-28,sl-28,,,biomarker,0,1,0,0,0,0,0,1,0
NCT07344311,A Phase I Trial of A-CAR032 in Participants With mCRPC,PHASE1,Phase 1,RECRUITING,27,Shanghai AbelZeta Ltd.,Shanghai AbelZeta,13,1,0,single_arm,1,dntgfβrii-armoured steap2-targeted autologous car t-cell injection,dntgfβrii-armoured steap2-targeted autologous car t-cell injection,STEAP2,CAR-T,biomarker,1,1,0,0,0,0,0,0,0
NCT07354594,External Beam and Radioligand Radiotherapy for mCRPC,PHASE2,Phase 2,RECRUITING,120,Centre hospitalier de l'Université de Montréal (CHUM),Centre hospitalier de l'Université de Montréal (CHUM),14,0,0,active_comparator,2,standard of care 177lutetium-psma,external beam radiotherapy delivered between cycles of radioligand radiotherapy,PSMA,Radiopharmaceutical,PSMA,0,1,0,0,1,0,0,0,1
NCT07354919,Axelopran for Advanced Cancer in Patients Receiving Opioids,PHASE2,Phase 2,RECRUITING,34,HealthPartners Institute,HealthPartners Institute,2,0,0,single_arm,1,axelopran,axelopran,,,biomarker,0,1,1,0,0,0,0,1,1
NCT07358806,Study to Assess the Effect of OCT-598 in Patients With Advanced Solid Tumors,PHASE1,Phase 1,RECRUITING,51,Oscotec Inc.,Oscotec,3,1,0,multi_experimental,9,oct-598,docetaxel;oct-598,EP2/EP4,Small Molecule,,0,1,0,0,0,0,0,1,0
NCT07365995,A Phase III Trial of BNT324 Versus Docetaxel in Metastatic Castration-resistant Prostate Cancer,PHASE3,Phase 3,RECRUITING,736,BioNTech SE,BioNTech,45,1,0,active_comparator,2,docetaxel;prednisone/prednisolone,bnt324,B7-H3,ADC,,1,1,1,0,0,0,0,0,1
NCT07393867,Androgen-responsive POSLUMA-guided Intra-prostatic Boost,PHASE2,Phase 2,RECRUITING,23,"Martin T. King, MD, PhD","Martin T. King, MD, PhD",1,0,0,single_arm,1,androgen deprivation therapy (adt) +/- bicalutamide;diagnostic test: psma pet/ct;stereotactic body radiation therapy (sbrt) +/- focal microboost,androgen deprivation therapy (adt) +/- bicalutamide;diagnostic test: psma pet/ct;stereotactic body radiation therapy (sbrt) +/- focal microboost,AR,Small Molecule,PSA,0,1,1,0,1,0,0,0,1
NCT07407283,A Clinical Study of SHR-4394 in Combination With Anti-tumor Therapy in Prostate Cancer,PHASE1;PHASE2,Phase 2,RECRUITING,100,"Jiangsu HengRui Medicine Co., Ltd.",Hengrui,312,1,0,single_arm,1,hrs-5041 tablets;rezvilutamide;shr-4394;tazemetostat,hrs-5041 tablets;rezvilutamide;shr-4394;tazemetostat,AR,Small Molecule,AR-V7,0,1,0,0,0,0,0,0,0
NCT07414940,ACTinium in Castrate-RESistant Prostate Cancer After LUTEtium,PHASE1;PHASE2,Phase 2,RECRUITING,60,"University College, London","University College, London",51,0,0,multi_experimental,2,actinium (225ac) rhpsma-10.1,actinium (225ac) rhpsma-10.1,PSMA,Radiopharmaceutical,PSMA,0,1,1,0,1,0,1,1,1
NCT07423117,A Study of ITC-6146RO in Patients With Advanced or Metastatic Cancer Who Have Failed Standard Therapy,PHASE1,Phase 1,NOT_YET_RECRUITING,102,"IntoCell, Inc",IntoCell,1,1,0,single_arm,1,itc-6146ro,itc-6146ro,,,,0,1,0,0,0,0,0,0,0
NCT07424547,Phase I Study of SYS6043 in Patients With Advanced/Metastatic Solid Tumors,PHASE1,Phase 1,RECRUITING,386,"Conjupro Biotherapeutics, Inc.",Conjupro Biotherapeutics,8,1,0,multi_experimental,3,sys6043,sys6043,B7-H3,ADC,,1,1,0,0,0,0,0,0,0
NCT07441837,Terbium 161 PSMA in Lutetium-177 PSMA Naive Patients,PHASE2,Phase 2,NOT_YET_RECRUITING,60,Ankara University,Ankara University,1,0,0,single_arm,1,terbium 161- psma i&t,terbium 161- psma i&t,PSMA,Radiopharmaceutical,PSMA,0,1,1,0,1,0,0,0,1
NCT07450599,A Study to Learn How Well a Combination of Darolutamide and Androgen Deprivation Therapy (ADT) Works as a Treatment Before Surgery for Men Who Have High-risk Localized Prostate Cancer.,PHASE2,Phase 2,RECRUITING,250,Bayer,Bayer,283,1,1,multi_experimental,2,adt;darolutamide,adt;darolutamide,AR,Small Molecule,,0,1,0,0,0,0,0,0,0
NCT07455903,Assessing Efficacy of Neoadjuvant ADT in Localized High-Risk Prostate Cancer Patients Utilizing 18F-Flotufolastat PSMA PET/CT,PHASE2,Phase 2,RECRUITING,50,Baptist Health South Florida,Baptist Health South Florida,19,0,0,single_arm,1,bicalutamide;degarelix;diagnostic test: 18-f flotufolastat psma pet;leuprolide;radical prostatectomy;relugolix;triptorelin,bicalutamide;degarelix;diagnostic test: 18-f flotufolastat psma pet;leuprolide;radical prostatectomy;relugolix;triptorelin,GnRH,Peptide,,0,1,0,0,1,0,0,0,1
NCT07457164,"A Study Investigating the Pharmacokinetics, Pharmacodynamics, Efficacy and Safety of Teverelix DP, a Gonadotropin-releasing Hormone (GnRH) Antagonist, in Patients With Advanced Prostate Cancer",PHASE2,Phase 2,NOT_YET_RECRUITING,40,Antev Ltd.,Antev,2,1,0,single_arm,1,teverelix dp,teverelix dp,GnRH,Small Molecule,,0,1,0,0,0,0,1,0,0
NCT07468396,A Phase I Clinical Study of GLR2037 in Patients With Advanced Prostate Cancer,PHASE1,Phase 1,NOT_YET_RECRUITING,65,Gan & Lee Pharmaceuticals.,Gan & Lee Pharmaceuticals.,1,1,0,single_arm,1,glr2037,glr2037,,,AR,0,1,0,0,0,0,0,0,0
NCT07468708,"The Dosimetry, Safety and Diagnostic Efficacy of ⁶⁸Ga-FC516 in Healthy Subjects and Patients With Prostate Cancer",EARLY_PHASE1,Phase 1,RECRUITING,10,"FindCure Biosciences (ZhongShan) Co., Ltd.",FindCure Biosciences (ZhongShan),5,1,0,multi_experimental,2,,⁶⁸ga-fc516;⁶⁸ga-fc516 and ⁶⁸ga-labeled prostate cancer-targeting tracer,ACP3,Radiopharmaceutical,,0,1,0,0,0,0,0,0,0
NCT07488923,"A First-in-human (FIH), Phase 1 Study of ML261, an Autologous Potency Enhanced Anti-DLL3 CAR T Cell Therapy, in Participants With R/R SCLC or Select NECs (SPECTRAL-1)",PHASE1,Phase 1,RECRUITING,110,"Moonlight Bio, Inc",Moonlight Bio,1,1,0,single_arm,1,ml261,ml261,DLL3,CAR-T,DLL3,1,1,0,0,0,0,0,1,0
NCT07490210,Rezvilutamide With Radical Prostatectomy and Metastasis-Directed Therapy in Oligometastatic Prostate Cancer,PHASE2,Phase 2,NOT_YET_RECRUITING,300,Fudan University,Fudan University,29,0,0,active_comparator,3,rezvilutamide + adt,metastasis-directed radiotherapy;radical prostatectomy;rezvilutamide + adt,AR,Small Molecule,AR-V7,0,1,0,0,0,0,0,0,0
NCT07493512,Trial of Xaluritamig in Adults With Metastatic Castration-resistant Prostate Cancer,PHASE1,Phase 1,RECRUITING,40,Amgen,Amgen,323,1,1,single_arm,1,xaluritamig,xaluritamig,STEAP1,Bispecific Antibody,STEAP1 protein,1,1,1,0,1,0,0,0,1
NCT07503808,A Study of IDE034 in Adult Participants With Locally Advanced/Metastatic Solid Tumors Types,PHASE1,Phase 1,RECRUITING,150,IDEAYA Biosciences,IDEAYA Biosciences,11,1,0,multi_experimental,2,ide034,ide034,PTK7,ADC,HER2,1,1,0,0,0,0,0,0,0
NCT07514065,"TSL2109 Capsules in Advanced Solid Tumor Patients: Safety, Tolerability, PK and Preliminary Efficacy",PHASE1,Phase 1,RECRUITING,78,"Tasly Pharmaceutical Group Co., Ltd",Tasly Pharmaceutical,2,1,0,single_arm,1,treatment arm: tsl2109 capsules。oral administration。,treatment arm: tsl2109 capsules。oral administration。,HER2,,AR;ER;HER2,0,1,1,0,0,0,0,0,1
NCT07517198,Dose Determining Study of EXS74539 (REC-4539) in Participants With Select Solid Tumors,PHASE1,Phase 1,RECRUITING,40,"Exscientia AI Ltd., a wholly owned subsidiary of Recursion Pharmaceuticals, Inc.","Exscientia AI Ltd., a wholly owned subsidiary of Recursion Pharmaceuticals",3,1,0,single_arm,1,exs74539,exs74539,LSD1,Small Molecule,,0,1,0,0,0,0,0,1,0
NCT07529717,First-in-Human Study to Evaluate AZD8359 STEAP2 TCE in Participants With Prostate Cancer,PHASE1;PHASE2,Phase 2,RECRUITING,42,AstraZeneca,AstraZeneca,780,1,1,multi_experimental,4,azd8359,azd8359,STEAP2,Bispecific Antibody,,1,1,1,0,0,0,0,0,1
NCT07540572,"A Study to Investigate the Safety, Pharmacokinetics, and Preliminary Efficacy of IDE574 Therapy in Adult Participants With Advanced Solid Tumors",PHASE1,Phase 1,RECRUITING,160,IDEAYA Biosciences,IDEAYA Biosciences,11,1,0,multi_experimental,4,ide574,fulvestrant injection;ide574,HER2,Small Molecule,ER;HER2,0,1,0,0,0,0,0,0,0
NCT07542379,"The Safety, Dosimetry and Efficacy of 177Lu-FC516 in Patients With Prostate Cancer",EARLY_PHASE1,Phase 1,RECRUITING,13,"FindCure Biosciences (ZhongShan) Co., Ltd.",FindCure Biosciences (ZhongShan),5,1,0,single_arm,1,177lu-fc516,177lu-fc516,PSMA,Radiopharmaceutical,PSMA,0,1,0,0,0,0,0,0,0
NCT07543055,"A Phase 1 Study of BPX-601 CAR T-Cell Therapy in Adult Participants With Prostate Cancer That Has Returned, is Resistant to Treatment and Has Spread",PHASE1,Phase 1,RECRUITING,36,Regeneron Pharmaceuticals,Regeneron,95,1,1,single_arm,1,bpx-601,bpx-601,PSCA,CAR-T,PSCA,1,1,0,0,0,0,0,1,0
NCT07545811,Study of JANX014 in Subjects With Metastatic Castration-Resistant Prostate Cancer,PHASE1,Phase 1,RECRUITING,43,Janux Therapeutics,Janux Therapeutics,4,1,0,multi_experimental,2,janx014,janx014,,,,0,1,0,0,0,0,0,0,0
NCT07548164,Comparing Two Different Boost Approaches in Radiation Therapy for People With Prostate Cancer,PHASE3,Phase 3,RECRUITING,224,Memorial Sloan Kettering Cancer Center,Memorial Sloan Kettering Cancer Center,411,0,0,active_comparator,2,stereotactic body radiation therapy,device: nanoknife system;stereotactic body radiation therapy,,,,0,1,0,0,1,0,0,0,1
NCT07550517,PSMA-High: EBRT/ PSMA617/ ADT vs. EBRT/ ADT,PHASE2,Phase 2,NOT_YET_RECRUITING,60,Sidney Kimmel Comprehensive Cancer Center at Johns Hopkins,Sidney Kimmel Comprehensive Cancer Center at Johns Hopkins,160,0,1,active_comparator,2,ebrt + 24 mo adt,ebrt + 6 mo adt + 177lu-psma-617,PSMA,Radiopharmaceutical,PSMA,0,1,0,0,1,0,0,0,1
NCT07553988,A Comparative Dose-finding Study of RS-113 in Patients With Metastatic Castration-resistant Prostate Cancer,PHASE2,Phase 2,ACTIVE_NOT_RECRUITING,120,"R-Pharm International, LLC",R-Pharm International,1,1,0,active_comparator,4,abiraterone;androgen deprivation therapy (adt),androgen deprivation therapy (adt);rs-113,,,,0,1,0,0,0,0,1,0,0
NCT07564102,dMD-002 Pilot Study in Patients With Cavernous Nerve Injury Following Radical Prostatectomy,PHASE1;PHASE2,Phase 2,NOT_YET_RECRUITING,30,"Mochida Medical USA, Inc.",Mochida Medical USA,1,1,0,multi_experimental,2,device: dmd-002,device: dmd-002,,,,0,1,0,0,0,0,0,0,0
NCT07567521,A Study of TRC003 in the Treatment of Patients With Progressive PSMA-positive mCRPC,PHASE1;PHASE2,Phase 2,RECRUITING,90,C Ray Therapeutics,C Ray Therapeutics,2,1,0,multi_experimental,3,radiopharmaceuticals,radiopharmaceuticals,PSMA,Radiopharmaceutical,PSMA,0,1,0,0,1,0,0,0,1
NCT07567846,"A Study Evaluating the Safety, Pharmacokinetics, and Preliminary Activity of GDC-1261 in Participants With Advanced or Metastatic Prostate Cancer",PHASE1;PHASE2,Phase 2,RECRUITING,260,"Genentech, Inc.",Roche/Genentech,922,1,1,single_arm,1,gdc-1261,gdc-1261,AR,Small Molecule,AR-V7,0,1,0,0,0,0,0,0,0
NCT07568756,Utilization of Flotufolastat 18F PET for Post-Focal Therapy Prostate Cancer Evaluation,PHASE2,Phase 2,NOT_YET_RECRUITING,60,"University of California, Irvine","University of California, Irvine",22,0,0,single_arm,1,diagnostic test: flotufolastat f18 pet,diagnostic test: flotufolastat f18 pet,,Radiopharmaceutical,genomic,0,1,0,0,0,0,0,0,0
NCT07570979,A Study to Investigate the Safety and Tolerability of Oral INR731 Single Agent or in Combination With Androgen Receptor Pathway Inhibitor (ARPI) in Patients With Metastatic Prostate Cancer,PHASE1,Phase 1,RECRUITING,208,Novartis Pharmaceuticals,Novartis,836,1,1,multi_experimental,3,androgen deprivation therapy (adt);inr731,abiraterone;androgen deprivation therapy (adt);enzalutamide;inr731,AR,Small Molecule,PSA;PSMA,0,1,0,0,0,0,0,1,0
NCT07581184,A Study of [225Ac]Ac-AKY-2519 in Patients With Metastatic Castration-Resistant Prostate Cancer,PHASE1,Phase 1,RECRUITING,138,"Aktis Oncology, Inc.",Aktis Oncology,2,1,0,single_arm,1,[225ac]ac-aky-2519 (therapeutic);[64cu]cu-aky-2519 (imaging),[225ac]ac-aky-2519 (therapeutic);[64cu]cu-aky-2519 (imaging),B7-H3,Radiopharmaceutical,B7-H3,0,1,1,0,1,0,0,0,1
NCT07590934,Phase Ib/II Platform Study of Multiple Anti-Cancer Agents in Participants With Metastatic Prostate Cancer,PHASE1;PHASE2,Phase 2,RECRUITING,152,AstraZeneca,AstraZeneca,780,1,1,active_comparator,4,azd2287 (imaging agent);docetaxel,azd2265 (fpi-2265);azd2287 (imaging agent);palacaparib (azd9574),PI3K,Small Molecule,PI3K;PTEN,0,1,1,0,1,0,0,0,1
NCT07592910,A Study of Mevrometostat With Enzalutamide in People With Prostate Cancer Who Have Previously Received Androgen Receptor Pathway Inhibitor Therapy,PHASE2,Phase 2,NOT_YET_RECRUITING,60,Prostate Cancer Clinical Trials Consortium,Prostate Cancer Clinical Trials Consortium,3,0,1,single_arm,1,enzalutamide;mevrometostat,enzalutamide;mevrometostat,EZH2,Small Molecule,AR-V7;PSA,0,1,0,0,0,0,0,0,0
NCT07594106,REGN15505 (PSMAx4-1BB) Alone or in Combination With Cemiplimab or REGN4336 (PSMAxCD3) in Adult Patients With Metastatic Castration-Resistant Prostate Cancer and Clear Cell Renal Cell Carcinoma,PHASE1;PHASE2,Phase 2,RECRUITING,265,Regeneron Pharmaceuticals,Regeneron,95,1,1,multi_experimental,3,,regn15505;regn15505+cemiplimab;regn15505+regn4336,PSMA,Bispecific Antibody,PD-L1;PSMA,1,1,0,0,1,0,0,0,1
NCT07600554,A Phase I Study to Evaluate the Safety and Dosimetry of Imaging With 68Ga-OncoACP3 in Prostate Cancer,PHASE1,Phase 1,RECRUITING,20,Philogen S.p.A.,Philogen S.p.A.,45,1,0,multi_experimental,2,[68ga]ga-oncoacp3,[68ga]ga-oncoacp3,,Radiopharmaceutical,,0,1,0,0,1,0,0,0,1
NCT07609225,Chemical-Shift-Encoded MRI for Active Bone Marrow Dosimetry in Radiopharmaceutical Therapy,EARLY_PHASE1,Phase 1,NOT_YET_RECRUITING,15,"University of Wisconsin, Madison","University of Wisconsin, Madison",61,0,0,single_arm,1,3'-deoxy-3'-[18f]-fluorothymidine;device: chemical-shift-encoded mri,3'-deoxy-3'-[18f]-fluorothymidine;device: chemical-shift-encoded mri,,Radiopharmaceutical,,0,1,0,0,1,0,0,0,1
NCT07611110,AZD2265 Compared With Standard of Care in PSMA-positive Metastatic Castration-resistant Prostate Cancer (VECTRA-01),PHASE3,Phase 3,RECRUITING,670,AstraZeneca,AstraZeneca,780,1,1,active_comparator,2,abiraterone;apalutamide;cabazitaxel;darolutamide;deutenzalutamide;enzalutamide;radium-223,actinium (225ac) zadavotide guraxetan (azd2265 [fpi-2265]),,Radiopharmaceutical,,0,1,0,0,1,0,0,1,1
NCT07615101,Investigating the Safety and Diagnostic Performance of 68Ga-NYM032 Injection PET/CT in Men With Newly Diagnosed Prostate Cancer.,PHASE3,Phase 3,RECRUITING,365,"Norroy Bioscience Co., LTD",Norroy Bioscience,7,1,0,single_arm,1,68-ga-nym032,68-ga-nym032,,Radiopharmaceutical,,0,1,0,0,0,0,0,0,0
NCT07617272,Prostate Androgen Response Investigation Using a Stratification BIOmarker; Predicting Prostate Cancer Downstaging by Neoadjuvant Darolutamide With PCAI ImmunoScore,PHASE2,Phase 2,RECRUITING,100,Region Stockholm,Region Stockholm,2,0,1,single_arm,1,darolutamide;radical prostatectomy,darolutamide;radical prostatectomy,AR,Small Molecule,biomarker;genomic,0,1,1,0,0,0,0,0,1
NCT07620574,Long-Term Extension Study for Participants Previously Enrolled in an Exelixis-Sponsored Study,PHASE3,Phase 3,ENROLLING_BY_INVITATION,5000,Exelixis,Exelixis,52,1,1,single_arm,1,abiraterone;atezolizumab;cabozantinib;enzalutamide;nivolumab;zanzalintinib,abiraterone;atezolizumab;cabozantinib;enzalutamide;nivolumab;zanzalintinib,MET,Small Molecule,MET;PD-L1,0,1,0,0,0,0,0,0,0
NCT07623460,Zanzalintinib Efficacy Post Pluvicto® in Chemotherapy Naïve Metastatic Castration Resistant Prostate Cancer,PHASE2,Phase 2,NOT_YET_RECRUITING,30,Stuthi Perimbeti,Stuthi Perimbeti,1,0,0,single_arm,1,zanzalintinib,zanzalintinib,EGFR,Small Molecule,PD-L1,0,1,0,1,0,0,0,0,1
NCT07623642,"A Phase II Study of GV20-0251 in Combination With Anti-PD-1 Monoclonal Antibodies in Patients With Unresectable, Locally Advanced, or Metastatic Solid Tumors.",PHASE2,Phase 2,NOT_YET_RECRUITING,227,GV20 Therapeutics,GV20 Therapeutics,3,1,0,single_arm,1,anti-pd-1 monoclonal antibodies;gv20-0251,anti-pd-1 monoclonal antibodies;gv20-0251,IGSF8,Monoclonal Antibody,IGSF8 RNA;IGSF8 membrane protein;PD-L1,1,1,0,0,0,0,1,0,0
NCT07632690,QLC5508 in Participants With Metastatic Prostate Cancer,PHASE3,Phase 3,NOT_YET_RECRUITING,700,"Qilu Pharmaceutical Co., Ltd.",Qilu Pharmaceutical,108,1,0,active_comparator,2,docetaxel,qlc5508,B7-H3,Cell Therapy,,1,1,0,0,0,0,0,0,0
NCT07636707,QLF4113 in Participants With Metastatic Prostate Cancer,PHASE1,Phase 1,NOT_YET_RECRUITING,140,"Qilu Pharmaceutical Co., Ltd.",Qilu Pharmaceutical,108,1,0,single_arm,1,qlf4113 for injection,qlf4113 for injection,,Radiopharmaceutical,,0,1,0,0,0,0,0,1,0
NCT07639086,Sacituzumab Tirumotecan in Pts w/ NEPC After Progression on Prior Chemotherapy,PHASE2,Phase 2,NOT_YET_RECRUITING,20,Virginia Commonwealth University,Virginia Commonwealth University,13,0,1,single_arm,1,sacituzumab tirumotecan,sacituzumab tirumotecan,TROP-1,ADC,MET;TROP-1;TROP2,1,1,1,0,0,0,0,0,1
NCT07641049,Dual-target PSMA/PSCA CAR-NK Cells in Advanced Prostate Cancer,PHASE1,Phase 1,RECRUITING,36,Beijing Biotech,Beijing Biotech,30,1,0,multi_experimental,2,cyclophosphamide;etb-dualnk-01;fludarabine,cyclophosphamide;etb-dualnk-01;fludarabine,,Cell Therapy,biomarker,1,1,1,0,1,0,0,0,1
NCT07641855,A Study of BL-B01D1 Combination Therapy in Patients With Metastatic Castration-resistant Prostate Cancer,PHASE2;PHASE3,Phase 3,NOT_YET_RECRUITING,180,"Sichuan Baili Pharmaceutical Co., Ltd.",Sichuan Baili Pharmaceutical,127,1,0,single_arm,1,abiraterone;bl-b01d1;olaparib,abiraterone;bl-b01d1;olaparib,EGFR/HER3,ADC,,1,1,0,0,0,0,0,0,0
NCT07645326,RISK-ADAPT Protocol in Metastatic Hormone-Sensitive Prostate Cancer (mHSPC),PHASE2,Phase 2,NOT_YET_RECRUITING,108,Georgetown University,Georgetown University,55,0,0,multi_experimental,2,androgen deprivation therapy (adt);androgen receptor pathway inhibitor (arpi),androgen deprivation therapy (adt);androgen receptor pathway inhibitor (arpi);docetaxel;prostate radiation,,Small Molecule,,0,1,0,0,0,0,0,0,0
NCT07649122,This Study Evaluates the Diagnostic Performance and Safety of 68Ga-NYM032 PET/CT Imaging in Patients With Suspected Recurrence of Prostate Cancer.,PHASE3,Phase 3,RECRUITING,232,"Norroy Bioscience Co., LTD",Norroy Bioscience,7,1,0,single_arm,1,diagnostic test: 68-ga-nym032,diagnostic test: 68-ga-nym032,,Radiopharmaceutical,,0,1,0,0,0,0,0,0,0
NCT07649421,PSMA PET/CT-Guided SBRT Plus Darolutamide in mHSPC,PHASE2,Phase 2,NOT_YET_RECRUITING,254,West China Hospital,West China Hospital,11,0,1,active_comparator,2,androgen deprivation therapy (adt);darolutamide,androgen deprivation therapy (adt);darolutamide;stereotactic body radiotherapy (sbrt),AR,Small Molecule,,0,1,1,0,1,0,0,0,1
NCT07657806,DEC003M in Prostate Cancer,PHASE1,Phase 1,NOT_YET_RECRUITING,110,"Hangzhou DAC Biotechnology Co., Ltd.",Hangzhou DAC Biotechnology,5,1,0,single_arm,1,dec003m,dec003m,,,,0,1,1,0,1,0,0,0,1
NCT07660211,Clinical Evaluation of 177Lu-PSMA-VG01 Injection in Patients With PSMA-Positive Metastatic Castration-Resistant Prostate Cancer （mCRPC）,PHASE1,Phase 1,RECRUITING,10,VitsGen Therapeutics Inc.,VitsGen Therapeutics,1,1,0,single_arm,1,177lu-psma-vg01,177lu-psma-vg01,,Radiopharmaceutical,,0,1,0,0,0,0,0,0,0
NCT07661641,A Study of [177Lu]Lu-A9-0631 and [225Ac]Ac-A9-0642 With [68Ga]Ga-A9-6217 or [177Lu]Lu-A9-0631 Imaging in GRPR+ Solid Tumors,PHASE1,Phase 1,RECRUITING,115,Alpha-9 Oncology USA Inc.,Alpha-9 Oncology USA,2,1,0,multi_experimental,2,[177lu]lu-a9-0631;[225ac]ac-a9-0642;diagnostic test: [68ga]ga-a9-6217;diagnostic test: low dose [177lu]lu-a9-0631,[177lu]lu-a9-0631;[225ac]ac-a9-0642;diagnostic test: [68ga]ga-a9-6217;diagnostic test: low dose [177lu]lu-a9-0631,,,HER2,0,1,0,0,0,0,0,0,0
NCT07674771,Response With Interim PSMA PET in Metastatic Castration-sensitive Prostate Cancer for Optimization of Adaptive Metastasis-directed Radiotherapy Delivery,EARLY_PHASE1,Phase 1,NOT_YET_RECRUITING,30,University of Texas Southwestern Medical Center,University of Texas Southwestern Medical Center,48,0,0,single_arm,1,68ga-psma-11;adaptive stereotactic ablative radiotherapy (sabr);adaptive stereotactive ablative radiotherapy (sabr);drug: 68-ga psma11,68ga-psma-11;adaptive stereotactic ablative radiotherapy (sabr);adaptive stereotactive ablative radiotherapy (sabr);drug: 68-ga psma11,,Radiopharmaceutical,,0,1,0,0,1,0,0,0,1
NCT07683013,"Safety, Tolerability, and Efficacy of CP-PCA07 in Combination With Enzalutamide in Patients With Castration-Resistant Prostate Cancer",PHASE1,Phase 1,NOT_YET_RECRUITING,18,"Hyundai Bioscience Co., Ltd.",Hyundai Bioscience,1,1,0,single_arm,1,cp-pca07;enzalutamide,cp-pca07;enzalutamide,,,AR;biomarker,0,1,0,0,0,0,0,0,0
NCT07689656,A Clinical Study of [68Ga]Ga-ELI421 Injection PET Imaging in Patients With Prostate Cancer,PHASE1;PHASE2,Phase 2,RECRUITING,50,"Union Hospital, Tongji Medical College, Huazhong University of Science and Technology","Union Hospital, Tongji Medical College, Huazhong University of Science and Technology",29,0,0,single_arm,1,[68ga]ga-eli421 injection,[68ga]ga-eli421 injection,,Radiopharmaceutical,,0,1,0,0,1,0,0,0,1
NCT07705334,"A Study of SHY-ONC6, a Novel Proteasome Inhibitor, in Adults With Advanced or Metastatic Solid Tumors",PHASE1,Phase 1,RECRUITING,30,SHY Therapeutics,SHY Therapeutics,1,1,0,single_arm,1,shy-onc6,shy-onc6,,Cell Therapy,,1,1,0,0,0,0,0,0,0
NCT07711002,Saruparib in Combination With Physician's Choice of ARPI in Patients With mHSPC Previously Treated With Docetaxel or 177Lu-PSMA Therapy Without Disease Progression and PSA ≥ 0.2 ng/mL (EvoPAR-PR05),PHASE3,Phase 3,NOT_YET_RECRUITING,1330,AstraZeneca,AstraZeneca,780,1,1,placebo_comparator,2,abiraterone;darolutamide;enzalutamide,abiraterone;darolutamide;enzalutamide;saruparib,PARP,Small Molecule,HRR,0,1,0,0,1,0,0,0,1
NCT07711184,A Clinical Study of HRS-7525 Tablets in Patients With Advanced Prostate Cancer,PHASE1,Phase 1,RECRUITING,320,"Jiangsu HengRui Medicine Co., Ltd.",Hengrui,312,1,0,single_arm,1,hrs-7525 tablets,hrs-7525 tablets,,,,0,1,0,0,0,0,0,0,0
NCT07717099,Radium-223 for High-Volume Metastatic Hormone Sensitive Prostate Cancer,PHASE2,Phase 2,NOT_YET_RECRUITING,50,Alianza multidisciplinar para la investigación de los tumores genitourinarios -GUARD,Alianza multidisciplinar para la investigación de los tumores genitourinarios -GUARD,3,0,1,single_arm,1,androgen deprivation therapy (adt);darolutamide oral tablet;ra223,androgen deprivation therapy (adt);darolutamide oral tablet;ra223,,Radiopharmaceutical,,0,1,0,0,0,0,1,0,0
NCT07719361,A Study in Patients With Metastatic Castration-Resistant Prostate Cancer,PHASE1,Phase 1,RECRUITING,60,Flare Therapeutics Inc.,Flare Therapeutics,2,1,0,multi_experimental,5,fx-111,fx-111,,,AR,0,1,1,0,0,0,0,0,1
NCT07723248,A Study to Learn About the Investigational Drug Rinzimetostat (ORIC-944) in Patients With mCRPC Who Were Previously Treated With Abiraterone Acetate (Himalayas-1),PHASE3,Phase 3,RECRUITING,600,ORIC Pharmaceuticals,ORIC Pharmaceuticals,7,1,1,active_comparator,2,darolutamide;docetaxel;enzalutamide;rinzimetostat,,,,,0,1,0,0,1,0,1,0,1
NCT07725523,Safety and Efficacy of OTL78 (Zopocianine),PHASE2;PHASE3,Phase 3,NOT_YET_RECRUITING,36,Clinton Bahler,Clinton Bahler,2,0,0,single_arm,1,0.,0.,,,,0,1,0,0,1,0,0,0,1
NCT07730125,Gene-edited T Regulatory Cells (CRG-150) for the Treatment of Relapsed/Refractory Malignancies,PHASE1;PHASE2,Phase 2,NOT_YET_RECRUITING,67,"CoRegen, Inc.",CoRegen,1,1,0,single_arm,1,crg-150,crg-150,HER2,Cell Therapy,HER2;MET;PR,1,1,1,0,0,0,0,1,1
NCT07730151,Efficacy and Safety of Darolutamide Combined With Docetaxel and ADT as Neoadjuvant Therapy for Locally Advanced Prostate Cancer.,PHASE2,Phase 2,NOT_YET_RECRUITING,200,RenJi Hospital,RenJi Hospital,12,0,1,active_comparator,2,adt;docetaxel,adt;darolutamide;docetaxel,AR,Small Molecule,,0,1,0,0,1,0,0,0,1
NCT07730580,Study of XNW5004 Tablets in Advanced Prostate Cancer,PHASE2,Phase 2,NOT_YET_RECRUITING,242,Evopoint Biosciences Inc.,Evopoint Biosciences,13,1,0,active_comparator,7,bid; abiraterone;po;qd; plus prednisone;qdd;taken on an empty stomach at least 1 hour before and at least 2 hours after a meal;xnw5004;xnw5004 800/,bid (10-14 hours interval between two doses;po;qd. each treatment cycle consists of 4 weeks.;subsequent development plans will be determined based on preliminary study results.;taken with warm water); enzalutamide;xnw5004,AR,Small Molecule,PSA,0,1,0,0,0,0,1,0,0
NCT07733908,Effectiveness of Posluma PET Scan for Post-Treatment Monitoring of Prostate Cancer,PHASE2,Phase 2,NOT_YET_RECRUITING,22,Aditya Bagrodia,Aditya Bagrodia,1,0,0,single_arm,1,diagnostic test: posluma pet,diagnostic test: posluma pet,,Radiopharmaceutical,,0,1,0,0,1,0,0,0,1
NCT07735377,"A Multicenter, Open-label Phase I Clinical Study to Evaluate the Safety, Tolerability, Pharmacokinetics and Efficacy of SHR-6914 Injection in Participants With Prostate Cancer",PHASE1,Phase 1,RECRUITING,118,"Suzhou Suncadia Biopharmaceuticals Co., Ltd.",Suzhou Suncadia Biopharmaceuticals,86,1,0,single_arm,1,shr-6914,shr-6914,,,,0,1,0,0,0,0,0,0,0
NCT07737925,LuX: Xaluritamig in Participants With Metastatic Castrate Resistant Prostate Cancer and Suboptimal Response to Lutetium 177 Vipivotide Tetraxetan,PHASE2,Phase 2,NOT_YET_RECRUITING,30,Thomas Jefferson University,Thomas Jefferson University,22,0,1,single_arm,1,xaluritamig,xaluritamig,,,,0,1,0,0,1,0,0,1,1
NCT07745361,Study of Oral MRT-2359 With Apalutamide in Prostate Cancer,PHASE2,Phase 2,RECRUITING,25,"Monte Rosa Therapeutics, Inc",Monte Rosa Therapeutics,2,1,0,single_arm,1,apalutamide;oral mrt-2359,apalutamide;oral mrt-2359,MYC,Small Molecule,AR;MYC;biomarker;biomarker analysis,0,1,1,0,0,0,0,0,1
NCT07746713,A Study of JNJ-98768111 in Participants With Advanced Prostate Cancer,PHASE1,Phase 1,RECRUITING,100,"Janssen Research & Development, LLC",Johnson & Johnson,363,1,1,single_arm,1,jnj-98768111,jnj-98768111,,,AR,0,1,1,0,0,0,0,0,1
NCT07751159,Radiation Therapy Approaches for People With Prostate Cancer,PHASE2,Phase 2,RECRUITING,126,Memorial Sloan Kettering Cancer Center,Memorial Sloan Kettering Cancer Center,411,0,0,active_comparator,2,sbrt;standard of care hdr brachytherapy,sbrt,,,,0,1,0,0,1,0,0,0,1
NCT07756593,Sipuleucel-T (Sip-T) in Combination With N-803 in Metastatic Androgen Pathway Modulation Resistant (mAPMR) Prostate Cancer,PHASE1,Phase 1,NOT_YET_RECRUITING,30,Washington University School of Medicine,Washington University School of Medicine,178,0,0,multi_experimental,5,n803;sipuleucel-t,n803;sipuleucel-t,IL-15,,PD-L1,0,1,0,0,1,0,0,0,1
NCT07765940,Safety and Preliminary Diagnostic Performance of [⁶⁴Cu]Cu-RAX301 in Prostate Cancer,PHASE1;PHASE2,Phase 2,NOT_YET_RECRUITING,52,"RadAlliance Therapeutics, Inc",RadAlliance Therapeutics,1,1,0,single_arm,1,[⁶⁴cu]cu-rax301 injection,[⁶⁴cu]cu-rax301 injection,,Radiopharmaceutical,,0,1,0,0,0,0,0,0,0
NCT07781852,Evaluation of the Distribution of 64Cu/68Ga Labeled CM500 in Healthy Volunteers and Patients With Cancer,EARLY_PHASE1,Phase 1,NOT_YET_RECRUITING,40,Lumina Pharmaceuticals Inc,Lumina Pharmaceuticals,1,1,0,active_comparator,4,[64cu]cm500;[68ga]cm500;blood collection;device: pet/ct;device: pet/mr,[64cu]cm500;[68ga]cm500;blood collection;device: pet/ct;device: pet/mr,,Peptide,,0,1,0,0,0,0,0,0,0
NCT07783282,"A Study to Learn How Enzalutamide, Apalutamide and Bicalutamide Affect the Way Fezolinetant is Processed in Men With Prostate Cancer",PHASE1,Phase 1,NOT_YET_RECRUITING,56,"Astellas Pharma Global Development, Inc.",Astellas,171,1,1,multi_experimental,4,fezolinetant,apalutamide;bicalutamide;enzalutamide;fezolinetant;gnrh agonist/antagonist,,,,0,1,0,0,0,0,0,0,0
NCT07793435,A Phase 1/2 Trial of ADI-212 in mCRPC,PHASE1;PHASE2,Phase 2,NOT_YET_RECRUITING,12,Adicet Therapeutics,Adicet Therapeutics,3,1,0,multi_experimental,2,adi-212;cyclophosphamide;fludarabine,adi-212;cyclophosphamide;fludarabine,,Cell Therapy,,1,1,0,0,1,0,0,0,1
NCT07795268,"Study to Evaluate the Efficacy and Safety of 177Lu-NYM032 Injection in Participants With Progressive, PSMA-Positive Metastatic Castration-Resistant Prostate Cancer (mCRPC)",PHASE3,Phase 3,NOT_YET_RECRUITING,600,"Norroy Bioscience Co., LTD",Norroy Bioscience,7,1,0,multi_experimental,2,177lu-nym032 injection;best supportive/best standard of care,177lu-nym032 injection;best supportive/best standard of care,PSMA,Radiopharmaceutical,PSMA,0,1,1,0,1,0,0,1,1
NCT07802704,A Study of Risvutatug Rezetecan in Participants With Metastatic Castration-resistant Prostate Cancer (mCRPC),PHASE3,Phase 3,NOT_YET_RECRUITING,684,GlaxoSmithKline,GSK,468,1,1,active_comparator,2,abiraterone;enzalutamide,risvutatug rezetecan (ris-rez),,,MMR;MSI;MSI-H;TMB;dMMR,0,1,0,0,0,1,0,0,1
NCT07813637,Phase 1 Trial to Study JANX013 and JANX007 Combination in mCRPC,PHASE1,Phase 1,RECRUITING,110,Janux Therapeutics,Janux Therapeutics,4,1,0,multi_experimental,2,janx007;janx013,janx007;janx013,,,,0,1,0,0,0,0,1,1,0
