nct_id,brief_title,phase,phase_simple,overall_status,enrollment,lead_sponsor,company,sponsor_scale,is_industry,is_big_pharma,arm_structure,n_arms,comparator_B,experimental_A,targets,modalities,biomarkers_pipeline,tme_relevant,is_combination,IDH,MGMT,EGFR,1p19q,first_line,later_line,biomarker_selected,biomarker_detail,elig_summary
NCT00626990,Phase III Trial of Anaplastic Glioma Without 1p/19q Loss of Heterozygosity (LOH),PHASE3,Phase 3,ACTIVE_NOT_RECRUITING,751,European Organisation for Research and Treatment of Cancer - EORTC,European Organisation for Research and Treatment of Cancer - EORTC,38,0,1,active_comparator,4,adjuvant therapy;dna methylation analysis;laboratory biomarker analysis;quality-of-life assessment;radiation therapy;temozolomide,,,Small Molecule,,0,1,1,0,0,1,0,0,1,"IDHm, 1p19q-codel",squamous
NCT01757626,Combination Therapy of Antibody Hu3F8 With Granulocyte- Macrophage Colony Stimulating Factor (GM-CSF) in Patients With Relapsed/Refractory High-Risk Neuroblastoma,PHASE1;PHASE2,Phase 2,ACTIVE_NOT_RECRUITING,186,Memorial Sloan Kettering Cancer Center,Memorial Sloan Kettering Cancer Center,411,0,0,multi_experimental,2,hu3f8 with gm-csf,hu3f8 with gm-csf,GD2,Monoclonal Antibody,GD2,1,1,0,0,0,0,0,1,0,,metastatic · 2nd-line+
NCT01792310,A Phase 1/2A Study of LAM561 in Adult Patients With Advanced Solid Tumours,PHASE1;PHASE2,Phase 2,COMPLETED,54,Laminar Pharmaceuticals,Laminar Pharmaceuticals,4,1,0,multi_experimental,9,lam561,lam561,sphingomyelin synthase,Cell Therapy,,1,1,0,0,0,0,0,1,0,,advanced · 2nd-line+
NCT01837862,A Phase I Study of Mebendazole for the Treatment of Pediatric Gliomas,PHASE1;PHASE2,Phase 2,ACTIVE_NOT_RECRUITING,10,Julie Krystal,Julie Krystal,1,0,1,multi_experimental,2,mebendazole,bevacizumab;carboplatin;irinotecan;mebendazole;temozolomide;vincristine,VEGF/VEGFR,Monoclonal Antibody,,1,1,0,0,0,0,0,1,0,,2nd-line+
NCT01878617,A Clinical and Molecular Risk-Directed Therapy for Newly Diagnosed Medulloblastoma,PHASE2,Phase 2,ACTIVE_NOT_RECRUITING,660,St. Jude Children's Research Hospital,St. Jude Children's Research Hospital,44,0,1,multi_experimental,8,aerobic training;cisplatin;craniospinal irradiation with boost to the primary tumor site;cyclophosphamide;neurocognitive remediation;vincristine,aerobic training;cisplatin;craniospinal irradiation with boost to the primary tumor site;cyclophosphamide;gemcitabine;neurocognitive remediation;pemetrexed;vincristine;vismodegib,SMO,Small Molecule,biomarker,0,1,0,0,0,0,0,0,0,,
NCT01906385,"Maximum Tolerated Dose, Safety, and Efficacy of Rhenium Nanoliposomes in Recurrent Glioma (ReSPECT)",PHASE1;PHASE2,Phase 2,RECRUITING,55,Cerenome,Cerenome,5,1,0,single_arm,1,rhenium liposome treatment,rhenium liposome treatment,,Radiopharmaceutical,,0,1,1,0,0,0,0,0,1,IDHm,recurrent
NCT02287428,Personalized NeoAntigen Cancer Vaccine w RT Plus Pembrolizumab for Patients With Newly Diagnosed GBM,PHASE1,Phase 1,ACTIVE_NOT_RECRUITING,56,Dana-Farber Cancer Institute,Dana-Farber Cancer Institute,326,0,1,multi_experimental,5,personalized neoantigen peptides;poly-iclc;radiation therapy,pembrolizumab;personalized neoantigen peptides;poly-iclc;radiation therapy;temozolomide,PD-1,Monoclonal Antibody,PD-L1;genomic,1,1,1,1,0,0,1,1,1,"IDHm, MGMT",metastatic · 1st-line · squamous
NCT02331498,Phase I/II Study of Pazopanib+ Temozolomide in Patients With Newly Diagnosed Glioblastoma Multiforme,PHASE1;PHASE2,Phase 2,ACTIVE_NOT_RECRUITING,51,Centre Antoine Lacassagne,Centre Antoine Lacassagne,5,0,1,single_arm,1,pazopanib,,VEGF/VEGFR,Small Molecule,biomarker;biomarker analysis,0,0,0,0,0,0,0,0,0,,adjuvant · measurable (RECIST)
NCT02374242,Anti-PD 1 Brain Collaboration for Patients With Melanoma Brain Metastases,PHASE2,Phase 2,ACTIVE_NOT_RECRUITING,76,Melanoma Institute Australia,Melanoma Institute Australia,10,0,1,active_comparator,3,ipilimumab;nivolumab,,PD-1,Monoclonal Antibody,BRAF;CD30;PD-L1,1,1,0,0,0,0,0,0,0,,metastatic · measurable (RECIST)
NCT02559778,Pediatric Precision Laboratory Advanced Neuroblastoma Therapy,PHASE2,Phase 2,RECRUITING,500,Giselle Sholler,Giselle Sholler,11,0,0,active_comparator,2,ceritinib;dasatinib;dfmo;sorafenib;vorinostat,,ALK,Small Molecule,ALK,0,1,0,0,1,0,0,1,1,EGFR+,stage IV · 2nd-line+
NCT02568267,"Basket Study of Entrectinib (RXDX-101) for the Treatment of Patients With Solid Tumors Harboring NTRK 1/2/3 (Trk A/B/C), ROS1, or ALK Gene Rearrangements (Fusions)",PHASE2,Phase 2,ACTIVE_NOT_RECRUITING,534,Hoffmann-La Roche,Roche/Genentech,922,1,1,multi_experimental,9,entrectinib,entrectinib,ROS1,Small Molecule,ALK;NTRK;ROS1,0,1,0,0,0,0,0,0,0,,metastatic
NCT02573896,Immunotherapy of Relapsed Refractory Neuroblastoma With Expanded NK Cells,PHASE1,Phase 1,ACTIVE_NOT_RECRUITING,13,New Approaches to Neuroblastoma Therapy Consortium,New Approaches to Neuroblastoma Therapy Consortium,6,0,0,single_arm,1,dinutuximab;lenalidomide;nk cells,dinutuximab;lenalidomide;nk cells,GD2,Monoclonal Antibody,GD2,1,1,0,0,0,0,0,1,0,,metastatic · 2nd-line+
NCT02586857,"A Phase 1b/2, Multicenter, Open-label Study of ACP-196 in Subjects With Recurrent Glioblastoma Multiforme (GBM)",PHASE1;PHASE2,Phase 2,ACTIVE_NOT_RECRUITING,24,Acerta Pharma BV,Acerta Pharma,30,1,0,multi_experimental,2,acp-196,acp-196,KRAS,Small Molecule,KRAS,0,1,0,0,0,0,0,1,0,,adjuvant · 2nd-line+ · squamous · measurable (RECIST)
NCT02685605,Intraoperative Radiotherapy in Newly Diagnosed Glioblastoma Multiforme,PHASE3,Phase 3,ACTIVE_NOT_RECRUITING,314,Universitätsmedizin Mannheim,Universitätsmedizin Mannheim,1,0,0,active_comparator,2,radio;standard surgery;temozolomide,intraoperative radiotherapy;radio;standard surgery;temozolomide,,Small Molecule,,0,1,0,0,0,0,0,0,0,,resectable
NCT02691923,Diagnostic Performance of Fluorescein as an Intraoperative Brain Tumor Biomarker,PHASE2,Phase 2,ACTIVE_NOT_RECRUITING,30,David W. Roberts,David W. Roberts,1,0,0,active_comparator,2,fluorescein,fluorescein + ala,,,,0,1,0,0,0,0,0,0,0,,
NCT02704858,Safety and Efficacy Study in Recurrent or Progressive Grade III or IV IDH1 Mutated Glioma,PHASE1;PHASE2,Phase 2,ACTIVE_NOT_RECRUITING,49,"Neonc Technologies, Inc.",Neonc Technologies,4,1,0,multi_experimental,2,perillyl alcohol,perillyl alcohol,IDH1/2,,,0,1,1,0,0,0,0,0,1,IDHm,recurrent · squamous
NCT02852655,"A Pilot Surgical Trial To Evaluate Early Immunologic Pharmacodynamic Parameters For The PD-1 Checkpoint Inhibitor, Pembrolizumab (MK-3475), In Patients With Surgically Accessible Recurrent/Progressive Glioblastoma",PHASE1,Phase 1,ACTIVE_NOT_RECRUITING,60,Dana-Farber Cancer Institute,Dana-Farber Cancer Institute,326,0,1,active_comparator,2,mk-3475,mk-3475,PD-1,Monoclonal Antibody,PD-L1,1,1,0,0,0,0,1,0,0,,1st-line · squamous
NCT02886585,Pembrolizumab In Central Nervous System Metastases,PHASE2,Phase 2,ACTIVE_NOT_RECRUITING,101,Massachusetts General Hospital,Massachusetts General Hospital,170,0,1,multi_experimental,4,mri;pembrolizumab;pet/ct,mri;pembrolizumab;pet/ct;stereotactic radiosurgery,PD-1,Monoclonal Antibody,ALK;HER2;PD-L1;genomic,1,1,0,0,1,0,1,0,1,EGFR+,metastatic · 1st-line · squamous · measurable (RECIST)
NCT02896335,Palbociclib and Pembrolizumab In Central Nervous System Metastases,PHASE2,Phase 2,RECRUITING,45,Massachusetts General Hospital,Massachusetts General Hospital,170,0,1,multi_experimental,2,palbociclib,palbociclib;pembrolizumab,CDK4/6,Small Molecule,ER;HER2;PD-L1;PR,0,1,0,0,0,0,0,0,0,,metastatic · measurable (RECIST)
NCT02933736,Ribociclib (LEE011) in Preoperative Glioma and Meningioma Patients,EARLY_PHASE1,Phase 1,ACTIVE_NOT_RECRUITING,48,Nader Sanai,Nader Sanai,11,0,1,single_arm,1,ribociclib,ribociclib,CDK4/6,Small Molecule,ER;GRPR;HER2;MET,0,1,0,0,0,0,0,0,0,,metastatic · squamous
NCT02974738,"A Trial of Belzutifan (PT2977, MK-6482) Tablets In Patients With Advanced Solid Tumors (MK-6482-001)",PHASE1,Phase 1,ACTIVE_NOT_RECRUITING,120,"Peloton Therapeutics, Inc., a subsidiary of Merck & Co., Inc. (Rahway, New Jersey USA)",Merck (MSD),649,1,1,multi_experimental,4,belzutifan,belzutifan,HIF-2α,Small Molecule,HIF-2α;VHL,0,1,1,0,0,0,0,1,1,IDHm,metastatic · 2nd-line+
NCT02977780,INdividualized Screening Trial of Innovative Glioblastoma Therapy (INSIGhT),PHASE2,Phase 2,RECRUITING,460,"David Reardon, MD","David Reardon, MD",2,0,1,active_comparator,5,temozolomide,abemaciclib;cc-115;neratinib;qbs10072s;temozolomide,HER2,Small Molecule,HER2;biomarker,0,1,1,1,0,0,0,0,1,"IDHm, MGMT",squamous · measurable (RECIST)
NCT02981940,A Study of Abemaciclib in Recurrent Glioblastoma,PHASE2,Phase 2,ACTIVE_NOT_RECRUITING,45,Dana-Farber Cancer Institute,Dana-Farber Cancer Institute,326,0,1,multi_experimental,3,abemaciclib,abemaciclib;surgery,ER,Small Molecule,ER;HER2;biomarker;genomic,0,1,1,0,0,1,0,1,1,"IDHm, 1p19q-codel",recurrent · 2nd-line+
NCT03152318,A Study of the Treatment of Recurrent Malignant Glioma With rQNestin34.5v.2,PHASE1,Phase 1,ACTIVE_NOT_RECRUITING,62,Dana-Farber Cancer Institute,Dana-Farber Cancer Institute,326,0,0,multi_experimental,3,rqnestin;stereotactic biopsy,cyclophosphamide;rqnestin;stereotactic biopsy,HSV-1,Oncolytic Virus,,1,1,1,1,0,0,0,0,1,"IDHm, MGMT",recurrent
NCT03175224,APL-101 Study of Subjects With NSCLC With c-Met EXON 14 Skip Mutations and c-Met Dysregulation Advanced Solid Tumors,PHASE2,Phase 2,RECRUITING,497,Apollomics Inc.,Apollomics,4,1,0,multi_experimental,9,apl-101 oral capsules,apl-101 oral capsules,MET,Small Molecule,ALK;BRAF;KRAS;MET;NTRK;PR;RET;ROS1;c-MET Dysregulation,0,1,0,0,1,0,1,1,1,EGFR+,metastatic · 1st-line · measurable (RECIST)
NCT03189706,Study of Chemoimmunotherapy for High-Risk Neuroblastoma,EARLY_PHASE1,Phase 1,ACTIVE_NOT_RECRUITING,48,Memorial Sloan Kettering Cancer Center,Memorial Sloan Kettering Cancer Center,411,0,0,single_arm,1,gm-csf;hu3f8;irinotecan;temozolomide,gm-csf;hu3f8;irinotecan;temozolomide,GD2,Monoclonal Antibody,GD2,1,1,0,0,0,0,0,0,0,,metastatic
NCT03220646,Abemaciclib (LY2835219) in Patients With Recurrent Primary Brain Tumors,PHASE2,Phase 2,ACTIVE_NOT_RECRUITING,64,Memorial Sloan Kettering Cancer Center,Memorial Sloan Kettering Cancer Center,411,0,1,multi_experimental,3,abemaciclib,abemaciclib,ER,Small Molecule,ER;HER2,0,1,1,0,1,0,1,1,1,"IDHm, EGFR+",1st-line · measurable (RECIST)
NCT03223103,Safety and Immunogenicity of Personalized Genomic Vaccine and Tumor Treating Fields (TTFields) to Treat Glioblastoma,PHASE1,Phase 1,ACTIVE_NOT_RECRUITING,13,Adilia Hormigo,Adilia Hormigo,1,0,0,single_arm,1,device: tumor treating fields;peptides;poly-iclc,device: tumor treating fields;peptides;poly-iclc,TLR3,Peptide,,0,1,0,0,0,0,0,0,0,,
NCT03270059,Gadolinium and Ferumoxytol MRI in Diagnosing Patients With Abnormalities in the Central Nervous System,PHASE2,Phase 2,RECRUITING,150,OHSU Knight Cancer Institute,OHSU Knight Cancer Institute,48,0,0,multi_experimental,2,ferumoxytol;gadolinium;magnetic resonance imaging,ferumoxytol;gadolinium;magnetic resonance imaging,,,,0,1,0,0,0,0,0,0,0,,metastatic
NCT03363373,Naxitamab for High-Risk Neuroblastoma Patients With Primary Refractory Disease or Incomplete Response to Salvage Treatment in Bone and/or Bone Marrow,PHASE2,Phase 2,ACTIVE_NOT_RECRUITING,122,Y-mAbs Therapeutics,Y-mAbs Therapeutics,13,1,0,single_arm,1,gm-csf + naxitamab,gm-csf + naxitamab,GD2,Monoclonal Antibody,GD2,1,1,0,0,0,0,0,1,0,,2nd-line+
NCT03405792,Study Testing The Safety and Efficacy of Adjuvant Temozolomide Plus TTFields (Optune®) Plus Pembrolizumab in Patients With Newly Diagnosed Glioblastoma (2-THE-TOP),PHASE2,Phase 2,ACTIVE_NOT_RECRUITING,40,University of Florida,University of Florida,28,0,0,multi_experimental,2,device: optune system;pembrolizumab;temozolomide (tmz),device: optune system;pembrolizumab;temozolomide (tmz),PD-1,Monoclonal Antibody,PD-L1,1,1,0,1,0,0,0,1,1,MGMT,metastatic · 2nd-line+
NCT03423628,A Study to Assess the Safety and Tolerability of AZD1390 Given With Radiation Therapy in Patients With Brain Cancer,PHASE1,Phase 1,ACTIVE_NOT_RECRUITING,159,AstraZeneca,AstraZeneca,780,1,1,multi_experimental,3,azd1390;radiation therapy,azd1390;radiation therapy,ATM,Small Molecule,MGMT;TP53,0,1,1,1,0,0,1,1,1,"IDHm, MGMT",metastatic · 1st-line
NCT03435952,Pembrolizumab With Intratumoral Injection of Clostridium Novyi-NT,PHASE1,Phase 1,ACTIVE_NOT_RECRUITING,18,M.D. Anderson Cancer Center,M.D. Anderson Cancer Center,697,0,1,single_arm,1,clostridium novyi-nt;doxycycline;pembrolizumab,clostridium novyi-nt;doxycycline;pembrolizumab,PD-1,Monoclonal Antibody,PD-L1,1,1,0,0,0,0,0,0,0,,metastatic · measurable (RECIST)
NCT03449238,Pembrolizumab And Stereotactic Radiosurgery (Srs) Of Selected Brain Metastases In Breast Cancer Patients,PHASE1;PHASE2,Phase 2,RECRUITING,41,Weill Medical College of Cornell University,Weill Medical College of Cornell University,90,0,1,single_arm,1,pembrolizumab,,PD-1,Monoclonal Antibody,HER2;PD-L1,1,0,0,0,0,0,1,0,0,,metastatic · 1st-line · squamous · measurable (RECIST)
NCT03478462,Dose Escalation Study of CLR 131 in Pediatric Relapsed/Refractory Malignant Tumors Including Neuroblastoma and Sarcomas,PHASE1,Phase 1,ACTIVE_NOT_RECRUITING,30,"Cellectar Biosciences, Inc.",Cellectar Biosciences,11,1,0,single_arm,1,clr 131,clr 131,,Radiopharmaceutical,,0,1,0,0,0,0,0,1,0,,metastatic · 2nd-line+
NCT03491683,INO-5401 and INO-9012 Delivered by Electroporation (EP) in Combination With Cemiplimab (REGN2810) in Newly-Diagnosed Glioblastoma (GBM),PHASE1;PHASE2,Phase 2,ACTIVE_NOT_RECRUITING,52,Inovio Pharmaceuticals,Inovio Pharmaceuticals,18,1,0,multi_experimental,2,cemiplimab;ino-5401;ino-9012;radiation therapy;temozolomide,cemiplimab;ino-5401;ino-9012;radiation therapy;temozolomide,hTERT,Cell Therapy,,1,1,0,0,0,0,0,0,0,,
NCT03605550,A Phase 1b Study of PTC596 in Children With Newly Diagnosed Diffuse Intrinsic Pontine Glioma and High Grade Glioma,PHASE1,Phase 1,ACTIVE_NOT_RECRUITING,64,Nationwide Children's Hospital,Nationwide Children's Hospital,6,0,0,single_arm,1,ptc596;radiotherapy,ptc596;radiotherapy,EGFR,Small Molecule,EGFR,0,1,0,0,0,0,0,0,0,,
NCT03673787,A Trial of Ipatasertib in Combination With Atezolizumab,PHASE1;PHASE2,Phase 2,ACTIVE_NOT_RECRUITING,87,"Institute of Cancer Research, United Kingdom","Institute of Cancer Research, United Kingdom",24,0,1,multi_experimental,2,atezolizumab;ipatasertib,atezolizumab;ipatasertib,AKT1,Small Molecule,PD-L1;biomarker;biomarker analysis,0,1,0,0,0,0,0,1,0,,metastatic · 2nd-line+ · squamous · measurable (RECIST)
NCT03678883,9-ING-41 in Patients With Advanced Cancers,PHASE2,Phase 2,ACTIVE_NOT_RECRUITING,350,Actuate Therapeutics Inc.,Actuate Therapeutics,4,1,0,multi_experimental,8,9-ing-41,9-ing-41;carboplatin.;doxorubicin.;gemcitabine - 21 day cycle;gemcitabine - 28 day cycle;irinotecan;lomustine;nab paclitaxel.;paclitaxel.,GSK3B,Small Molecule,HER2,0,1,0,0,0,0,1,1,0,,metastatic · 1st-line · measurable (RECIST) · ECOG 0
NCT03687957,rhIL-7-hyFc on Increasing Lymphocyte Counts in Patients With Newly Diagnosed Non-severe Lymphopenic Gliomas Following Radiation and Temozolomide,PHASE1;PHASE2,Phase 2,ACTIVE_NOT_RECRUITING,42,Washington University School of Medicine,Washington University School of Medicine,178,0,0,multi_experimental,9,radiation therapy;temozolomide,radiation therapy;rhil-7-hyfc;temozolomide,IL-7,Peptide,,0,1,1,1,0,0,0,0,1,"IDHm, MGMT",
NCT03688178,DC Migration Study to Evaluate TReg Depletion In GBM Patients With and Without Varlilumab,PHASE2,Phase 2,ACTIVE_NOT_RECRUITING,43,"Annick Desjardins, MD","Annick Desjardins, MD",1,0,0,multi_experimental,3,human cmv pp65-lamp mrna-pulsed autologous dcs;temozolomide,human cmv pp65-lamp mrna-pulsed autologous dcs;td;temozolomide;unpulsed dcs;varlilumab,CMV pp65,mRNA,CMV,0,1,0,1,0,0,0,0,1,MGMT,squamous
NCT03709680,Study Of Palbociclib Combined With Chemotherapy In Pediatric Patients With Recurrent/Refractory Solid Tumors,PHASE2,Phase 2,ACTIVE_NOT_RECRUITING,128,Pfizer,Pfizer,687,1,1,active_comparator,4,irinotecan;temozolomide,cyclophosphamide;irinotecan;palbociclib;temozolomide;topotecan,CDK4/6,Small Molecule,ER;HER2;PR,0,1,0,0,0,0,0,1,0,,metastatic · 2nd-line+ · measurable (RECIST) · ECOG 0-1
NCT03721068,Study of CAR T-Cells Targeting the GD2 With IL-15+iCaspase9 for Relapsed/Refractory Neuroblastoma or Relapsed/Refractory Osteosarcoma,PHASE1,Phase 1,RECRUITING,18,UNC Lineberger Comprehensive Cancer Center,UNC Lineberger Comprehensive Cancer Center,85,0,0,single_arm,1,cyclophosphamide;fludarabine;ic9.gd2.car.il-15 t-cells,cyclophosphamide;fludarabine;ic9.gd2.car.il-15 t-cells,GD2,CAR-T,GD2,1,1,0,0,0,0,0,1,0,,metastatic · 2nd-line+ · measurable (RECIST)
NCT03749187,BGB-290 and Temozolomide in Treating Isocitrate Dehydrogenase (IDH)1/2-Mutant Grade I-IV Gliomas,PHASE1,Phase 1,ACTIVE_NOT_RECRUITING,78,"University of California, San Francisco","University of California, San Francisco",90,0,1,multi_experimental,2,parp inhibitor bgb-290;temozolomide (tmz),parp inhibitor bgb-290;temozolomide (tmz),PARP,Small Molecule,IDH1;IDH2;MET;biomarker,0,1,1,0,0,0,0,0,1,IDHm,recurrent
NCT03753685,X-396(Ensartinib) Capsules in ALK-Positive NSCLC Patients With Brain Metastases,PHASE2,Phase 2,ACTIVE_NOT_RECRUITING,27,Fudan University,Fudan University,29,0,0,single_arm,1,x-396(ensartinib) capsule,x-396(ensartinib) capsule,ALK,Small Molecule,ALK,0,1,0,0,0,0,0,1,0,,metastatic · 2nd-line+ · measurable (RECIST)
NCT03769103,Study of Osimertinib + SRS vs Osimertinib Alone for Brain Metastases in EGFR Positive Patients With NSCLC,PHASE2,Phase 2,ACTIVE_NOT_RECRUITING,40,British Columbia Cancer Agency,British Columbia Cancer Agency,21,0,1,active_comparator,2,osimertinib;stereotactic radiotherapy,osimertinib,EGFR,Small Molecule,EGFR,0,1,0,0,1,0,1,0,1,EGFR+,metastatic · 1st-line · measurable (RECIST)
NCT03862430,A Study of NanO2™ Combined With Radiation and Temozolomide in Patients With Newly Diagnosed GBM,PHASE2,Phase 2,ACTIVE_NOT_RECRUITING,87,NuvOx LLC,NuvOx,2,1,0,placebo_comparator,2,placebo saline infusion,nano2tm,,Small Molecule,,0,1,0,0,0,0,0,0,0,,recurrent
NCT03893487,Fimepinostat in Treating Brain Tumors in Children and Young Adults,EARLY_PHASE1,Phase 1,ACTIVE_NOT_RECRUITING,30,"Sabine Mueller, MD, PhD","Sabine Mueller, MD, PhD",6,0,0,single_arm,1,fimepinostat;therapeutic conventional surgery,fimepinostat;therapeutic conventional surgery,KDM4A,Small Molecule,H3,0,1,0,0,0,0,0,0,0,,metastatic
NCT03896568,MSC-DNX-2401 in Treating Patients With Recurrent High-Grade Glioma,PHASE1,Phase 1,RECRUITING,36,M.D. Anderson Cancer Center,M.D. Anderson Cancer Center,697,0,0,multi_experimental,2,oncolytic adenovirus ad5-dnx-2401,oncolytic adenovirus ad5-dnx-2401;therapeutic conventional surgery,,Oncolytic Virus,,1,1,1,0,0,0,0,0,1,IDHm,recurrent
NCT03961971,Trial of Anti-Tim-3 in Combination With Anti-PD-1 and SRS in Recurrent GBM,PHASE1,Phase 1,ACTIVE_NOT_RECRUITING,16,Sidney Kimmel Comprehensive Cancer Center at Johns Hopkins,Sidney Kimmel Comprehensive Cancer Center at Johns Hopkins,160,0,1,single_arm,1,mbg453,mbg453,TIM-3,Monoclonal Antibody,CD123,1,1,0,1,0,0,1,0,1,MGMT,metastatic · 1st-line · squamous
NCT03970447,A Trial to Evaluate Multiple Regimens in Newly Diagnosed and Recurrent Glioblastoma,PHASE2;PHASE3,Phase 3,RECRUITING,2250,Global Coalition for Adaptive Research,Global Coalition for Adaptive Research,1,0,1,active_comparator,17,lomustine;radiation;temozolomide,adi-peg 20;azd1390;paxalisib;regorafenib;tinostamustine;troriluzole;val-083;vt1021,VEGF/VEGFR,Small Molecule,,0,1,1,0,0,0,1,0,1,IDHm,recurrent · 1st-line · squamous
NCT03994796,Genetic Testing in Guiding Treatment for Patients With Brain Metastases,PHASE2,Phase 2,ACTIVE_NOT_RECRUITING,50,Alliance for Clinical Trials in Oncology,Alliance for Clinical Trials in Oncology,29,0,1,multi_experimental,4,,abemaciclib;adagrasib;entrectinib;pi3k inhibitor paxalisib,ER,Small Molecule,BRAF;ER;HER2;KRAS;NTRK;PR;ROS1;biomarker,0,1,0,0,1,0,0,0,1,EGFR+,metastatic
NCT04003649,IL13Ra2-CAR T Cells With or Without Nivolumab and Ipilimumab in Treating Patients With GBM,PHASE1,Phase 1,ACTIVE_NOT_RECRUITING,20,City of Hope Medical Center,City of Hope Medical Center,13,0,1,multi_experimental,3,il13ralpha2-specific hinge-optimized 4-1bb-co-stimulatory car/truncated cd19-expressing autologous tn/mem cells;quality-of-life assessment;questionnaire administration,il13ralpha2-specific hinge-optimized 4-1bb-co-stimulatory car/truncated cd19-expressing autologous tn/mem cells;ipilimumab;nivolumab;quality-of-life assessment;questionnaire administration,IL13Rα2,CAR-T,IL13Rα2;PD-L1,1,1,0,0,0,0,0,1,0,,recurrent · 2nd-line+ · measurable (RECIST) · ECOG 2
NCT04015700,"Neoantigen-based Personalized DNA Vaccine in Patients With Newly Diagnosed, Unmethylated Glioblastoma",PHASE1,Phase 1,ACTIVE_NOT_RECRUITING,9,Washington University School of Medicine,Washington University School of Medicine,178,0,0,single_arm,1,device: cellectra2000 ep device supplied by geneos therapeutics;personalized neoantigen dna vaccine supplied by geneos therapeutics;plasmid encoded il-12,device: cellectra2000 ep device supplied by geneos therapeutics;personalized neoantigen dna vaccine supplied by geneos therapeutics;plasmid encoded il-12,IL-12,mRNA,,0,1,1,1,0,0,0,0,1,"IDHm, MGMT",adjuvant
NCT04074096,Binimetinib Encorafenib Pembrolizumab +/- Stereotactic Radiosurgery in BRAFV600 Melanoma With Brain Metastasis,PHASE2,Phase 2,ACTIVE_NOT_RECRUITING,10,UNICANCER,UNICANCER,64,0,1,multi_experimental,2,binimetinib oral tablet;encorafenib oral capsule;pembrolizumab,binimetinib oral tablet;encorafenib oral capsule;pembrolizumab;stereotaxic radiosurgery (srs),PD-1,Monoclonal Antibody,BRAF;MET;PD-L1,1,1,0,0,0,0,1,1,0,,metastatic · 1st-line
NCT04106219,A Study of LY3295668 Erbumine in Participants With Relapsed/Refractory Neuroblastoma,PHASE1,Phase 1,ACTIVE_NOT_RECRUITING,71,Eli Lilly and Company,Eli Lilly,535,1,1,multi_experimental,4,ly3295668 erbumine,cyclophosphamide;ly3295668 erbumine;topotecan,AURKA,Small Molecule,,0,1,0,0,0,0,0,1,0,,2nd-line+
NCT04121455,Glioblastoma Treatment With Irradiation and Olaptesed Pegol (NOX-A12) in MGMT Unmethylated Patients,PHASE1;PHASE2,Phase 2,ACTIVE_NOT_RECRUITING,117,TME Pharma AG,TME Pharma,5,1,0,active_comparator,11,radiotherapy;temozolomide (tmz),bevacizumab;olaptesed pegol;pembrolizumab;radiotherapy,VEGF/VEGFR,Monoclonal Antibody,PD-L1,1,1,1,1,1,0,0,1,1,"IDHm, MGMT, EGFR+",metastatic · 2nd-line+ · squamous · ECOG 2
NCT04160494,D2C7-IT With Atezolizumab for Recurrent Gliomas,PHASE1,Phase 1,ACTIVE_NOT_RECRUITING,18,Darell Bigner,Darell Bigner,4,0,1,multi_experimental,2,atezolizumab (,atezolizumab (;d2c7-it (4613.2 ng/ml via convection-enhanced delivery);d2c7-it (6920 ng/ml via convection-enhanced delivery),EGFR,Monoclonal Antibody,EGFR,1,1,0,1,0,0,0,0,1,MGMT,recurrent · squamous
NCT04221503,Niraparib/TTFields in GBM,PHASE2,Phase 2,ACTIVE_NOT_RECRUITING,30,Abramson Cancer Center at Penn Medicine,Abramson Cancer Center at Penn Medicine,31,0,0,active_comparator,2,device: optune;niraparib;planned surgical resection,device: optune;niraparib,PARP,Small Molecule,BRCA1;BRCA2;HRD,0,1,0,1,0,0,0,0,1,MGMT,recurrent
NCT04222062,A Study Comparing GLIADEL to Stereotactic Radiosurgery in Metastatic Brain Disease,PHASE2,Phase 2,RECRUITING,100,University of Nebraska,University of Nebraska,23,0,0,multi_experimental,2,carmustine 7.,carmustine 7.,,Small Molecule,,0,1,0,0,0,0,0,0,0,,metastatic · small-cell
NCT04225039,"Anti-GITR/Anti-PD1/Stereotactic Radiosurgery, in Recurrent Glioblastoma",PHASE2,Phase 2,ACTIVE_NOT_RECRUITING,39,University of Pennsylvania,University of Pennsylvania,19,0,0,multi_experimental,3,incagn01876;incmga00012,brain surgery;incagn01876;incmga00012;srs,PD-1,Monoclonal Antibody,MET;PD-L1,1,1,1,1,1,0,1,1,1,"IDHm, MGMT, EGFR+",recurrent · 1st-line
NCT04250922,LAM561 With RT and TMZ for Adults With Glioblastoma,PHASE2;PHASE3,Phase 3,ACTIVE_NOT_RECRUITING,144,Laminar Pharmaceuticals,Laminar Pharmaceuticals,4,1,0,placebo_comparator,2,rt;tmz,lam561;rt;tmz,,Cell Therapy,,1,1,1,1,0,0,0,0,1,"IDHm, MGMT",metastatic · squamous
NCT04299191,Study of LAM561 Acid in Pediatric Patients With Malignant Glioma and Other Advanced Solid Tumors,PHASE1;PHASE2,Phase 2,RECRUITING,28,Laminar Pharmaceuticals,Laminar Pharmaceuticals,4,1,0,single_arm,1,lam561,lam561,sphingomyelin synthase,Cell Therapy,,1,1,0,0,0,0,0,1,0,,recurrent · 2nd-line+
NCT04301843,Eflornithine (DFMO) and Etoposide for Relapsed/Refractory Neuroblastoma,PHASE2,Phase 2,ACTIVE_NOT_RECRUITING,131,Giselle Sholler,Giselle Sholler,11,0,0,single_arm,1,eflornithine,eflornithine,ODC,Small Molecule,,0,1,0,0,1,0,0,1,1,EGFR+,metastatic · 2nd-line+
NCT04337177,"Flavored, Oral Irinotecan VAL-413 (Orotecan®) Given With Temozolomide for Treatment of Recurrent Pediatric Solid Tumors",PHASE1,Phase 1,ACTIVE_NOT_RECRUITING,20,"Valent Technologies, LLC",Valent Technologies,1,1,0,multi_experimental,3,temozolomide;val-413,temozolomide;val-413,TOP1,Small Molecule,MET,0,1,0,0,0,0,0,0,0,,metastatic
NCT04365374,Post-Surgical Stereotactic Radiotherapy (SRT) Versus GammaTile-ROADS (Radiation One and Done Study),PHASE3,Phase 3,ACTIVE_NOT_RECRUITING,230,"GT Medical Technologies, Inc.",GT Medical Technologies,4,1,0,active_comparator,2,stereotactic radiation therapy,device: gamma tile-surgically targeted radiation therapy (start),,Cell Therapy,,1,1,0,0,0,0,0,0,0,,metastatic · small-cell
NCT04373785,NG101m Adjuvant Therapy in Glioblastoma Patients,PHASE1;PHASE2,Phase 2,NOT_YET_RECRUITING,52,NeuGATE Theranostics,NeuGATE Theranostics,1,1,0,single_arm,1,intensity-modulated radiation therapy;ng101m;temozolomide,intensity-modulated radiation therapy;ng101m;temozolomide,,,,0,1,0,0,0,0,0,0,0,,
NCT04443010,Safety and Efficacy of L19TNF Plus Temozolomide Chemoradiotherapy in Patients With Newly Diagnosed Glioblastoma,PHASE1;PHASE2,Phase 2,RECRUITING,226,Philogen S.p.A.,Philogen S.p.A.,45,1,0,active_comparator,4,temozolomide,onfekafusp alfa;temozolomide,TNF,Bispecific Antibody,L19,1,1,0,0,0,0,0,0,0,,
NCT04458272,A Study of DS-1001b in Patients With Chemotherapy- and Radiotherapy-Naive IDH1 Mutated WHO Grade II Glioma,PHASE2,Phase 2,ACTIVE_NOT_RECRUITING,25,"Daiichi Sankyo Co., Ltd.",Daiichi Sankyo,178,1,1,single_arm,1,ds-1001b,ds-1001b,IDH1,Small Molecule,IDH1,0,1,1,0,0,0,0,0,1,IDHm,
NCT04478279,A Phase 1-2 Study of ST101 in Patients With Advanced Solid Tumors,PHASE1;PHASE2,Phase 2,ACTIVE_NOT_RECRUITING,125,Sapience Therapeutics,Sapience Therapeutics,3,1,0,multi_experimental,7,st101,radiation;st101;temozolomide,CEBPB,Peptide,BRAF,0,1,0,0,0,0,1,1,0,,metastatic · 1st-line · measurable (RECIST)
NCT04485559,Trametinib and Everolimus for Treatment of Pediatric and Young Adult Patients With Recurrent Gliomas (PNOC021),PHASE1,Phase 1,RECRUITING,50,"University of California, San Francisco","University of California, San Francisco",90,0,1,single_arm,1,everolimus;trametinib,everolimus;trametinib,MEK,Small Molecule,BRAF;genomic,0,1,0,0,0,0,0,0,0,,recurrent
NCT04485949,A Phase 2b Clinical Study With a Combination Immunotherapy in Newly Diagnosed Patients With Glioblastoma,PHASE2,Phase 2,ACTIVE_NOT_RECRUITING,99,Imvax,Imvax,1,1,0,placebo_comparator,2,soc: temozolomide;standard of care (soc): radiation therapy,igv-001 cell immunotherapy;soc: temozolomide;standard of care (soc): radiation therapy,IGF-1R,Cell Therapy,,1,1,0,0,0,0,0,0,0,,squamous · measurable (RECIST)
NCT04521686,Study of LY3410738 Administered to Patients With Advanced Solid Tumors With IDH1 or IDH2 Mutations,PHASE1,Phase 1,ACTIVE_NOT_RECRUITING,200,Eli Lilly and Company,Eli Lilly,535,1,1,multi_experimental,2,ly3410738,cisplatin;durvalumab;gemcitabine;ly3410738,IDH1/2,Small Molecule,IDH1;IDH2;MET,0,1,1,0,0,0,1,0,1,IDHm,metastatic · 1st-line · measurable (RECIST) · ECOG 0-1
NCT04528680,Ultrasound-based Blood-brain Barrier Opening and Albumin-bound Paclitaxel and Carboplatin for Recurrent Glioblastoma,PHASE1;PHASE2,Phase 2,ACTIVE_NOT_RECRUITING,57,Northwestern University,Northwestern University,72,0,1,single_arm,1,albumin-bound paclitaxel;carboplatin;device: sonication for opening of blood-brain barrier,albumin-bound paclitaxel;carboplatin;device: sonication for opening of blood-brain barrier,Tubulin,Small Molecule,,0,1,1,0,0,0,0,0,1,IDHm,
NCT04540107,Serial MR Imaging and MR Spectroscopic Imaging for the Characterization of Lower Grade Glioma,PHASE1,Phase 1,RECRUITING,300,Susan Chang,Susan Chang,2,0,0,multi_experimental,2,magnetic resonance imaging;magnetic resonance spectroscopic imaging,hyperpolarized carbon c 13 pyruvate;magnetic resonance imaging;magnetic resonance spectroscopic imaging,,Radiopharmaceutical,,0,1,0,0,0,0,0,0,0,,recurrent
NCT04541082,Phase I Study of Oral ONC206 in Recurrent and Rare Primary Central Nervous System Neoplasms,PHASE1,Phase 1,RECRUITING,102,Jazz Pharmaceuticals,Jazz Pharmaceuticals,59,1,0,single_arm,1,onc206,onc206,DR5,Small Molecule,DR5;biomarker,0,1,0,0,0,0,0,1,0,,recurrent · 2nd-line+ · measurable (RECIST)
NCT04587830,ADI-PEG 20 Plus Radiotherapy and Temozolomide in Subjects With Glioblastoma Multiforme,PHASE2,Phase 2,ACTIVE_NOT_RECRUITING,100,Polaris Group,Polaris Group,18,1,0,placebo_comparator,2,temozolomide,adi-peg 20;temozolomide,ARG1,Small Molecule,ARGINASE-1,0,1,1,0,0,0,0,0,1,IDHm,metastatic
NCT04606316,Surgical Nivolumab And Ipilimumab For Recurrent GBM,PHASE1,Phase 1,ACTIVE_NOT_RECRUITING,63,"Patrick Wen, MD","Patrick Wen, MD",1,0,1,multi_experimental,3,nivolumab;surgery,ipilimumab;ipilimumab-placebo;nivolumab;nivolumab-placebo;surgery,PD-1,Monoclonal Antibody,CD30;PD-L1,1,1,1,0,0,0,1,0,1,IDHm,1st-line · squamous
NCT04647916,Testing Sacituzumab Govitecan Therapy in Patients With HER2-Negative Breast Cancer and Brain Metastases,PHASE2,Phase 2,ACTIVE_NOT_RECRUITING,44,SWOG Cancer Research Network,SWOG Cancer Research Network,15,0,1,single_arm,1,sacituzumab govitecan,sacituzumab govitecan,TROP2,ADC,HER2;TROP2,1,1,0,0,0,0,0,0,0,,metastatic · measurable (RECIST)
NCT04656535,AB154 Combined With AB122 for Recurrent Glioblastoma,EARLY_PHASE1,Phase 1,ACTIVE_NOT_RECRUITING,46,Yale University,Yale University,65,0,0,multi_experimental,5,,domvanalimab;zimberelimab,PD-1,Monoclonal Antibody,PD-L1,1,1,1,0,0,0,0,0,1,IDHm,recurrent · squamous
NCT04674683,Study Comparing Investigational Drug HBI-8000 + Nivolumab vs. Placebo + Nivolumab in Patients With Advanced Melanoma,PHASE3,Phase 3,ACTIVE_NOT_RECRUITING,450,"HUYABIO International, LLC.",HUYABIO International,9,1,1,placebo_comparator,2,placebo in combination with nivolumab,hbi-8000 in combination with nivolumab,PD-1,Monoclonal Antibody,BRAF;PD-L1;biomarker,1,1,0,0,0,0,0,0,0,,metastatic · squamous · measurable (RECIST)
NCT04678648,A Trial of RSC-1255 for Treatment of Patients With Advanced Malignancies,PHASE1,Phase 1,RECRUITING,134,"RasCal Therapeutics, Inc.",RasCal Therapeutics,1,1,0,single_arm,1,rsc-1255 dose escalation;rsc-1255 dose expansion,rsc-1255 dose escalation;rsc-1255 dose expansion,,,,0,1,0,0,0,0,0,1,0,,metastatic · 2nd-line+
NCT04689048,Assess Use of 18F-Fluciclovine for Patients With Large Brain Metastases Treated With Staged Stereotactic Radiosurgery,PHASE1,Phase 1,RECRUITING,20,Baptist Health South Florida,Baptist Health South Florida,19,0,0,single_arm,1,18f fluciclovine,,,Radiopharmaceutical,biomarker,0,0,0,0,0,0,0,0,0,,metastatic
NCT04690348,Intracavitary Carrier-embedded Cs131 Brachytherapy for Recurrent Brain Metastases: a Randomized Phase II Study,PHASE2,Phase 2,ACTIVE_NOT_RECRUITING,103,Memorial Sloan Kettering Cancer Center,Memorial Sloan Kettering Cancer Center,411,0,0,active_comparator,2,craniotomy,cesium-131 brachytherapy;craniotomy,,Radiopharmaceutical,,0,1,0,0,0,0,0,0,0,,metastatic
NCT04711824,Study of Stereotactic Radiosurgery With Olaparib Followed by Durvalumab and Physician's Choice Systemic Therapy in Subjects With Breast Cancer Brain Metastases,PHASE1;PHASE2,Phase 2,ACTIVE_NOT_RECRUITING,41,Colette Shen,Colette Shen,1,0,1,single_arm,1,durvalumab;olaparib;physicians choice systemic;stereotactic radiosurgery,durvalumab;olaparib;physicians choice systemic;stereotactic radiosurgery,PARP,Small Molecule,BRCA1;BRCA2;ER;HER2;PD-L1;PR,0,1,0,0,0,0,0,1,0,,metastatic · 2nd-line+
NCT04724369,Open-Label Study of 18F-mFBG for Imaging Neuroblastoma,PHASE3,Phase 3,COMPLETED,43,Innervate Radiopharmaceuticals LLC (Formerly: Illumina Radiopharmaceuticals LLC),Innervate Radiopharmaceuticals LLC (Formerly: Illumina Radiopharmaceuticals LLC),2,1,0,single_arm,1,18f-mfbg,18f-mfbg,SLC6A2,Radiopharmaceutical,Norepinephrine Transporter,0,1,0,0,0,0,0,0,0,,
NCT04732065,"ONC206 for Treatment of Newly Diagnosed, Recurrent Diffuse Midline Gliomas, and Other Recurrent Malignant CNS Tumors",PHASE1,Phase 1,RECRUITING,208,"Sabine Mueller, MD, PhD","Sabine Mueller, MD, PhD",6,0,0,multi_experimental,4,onc206;optional proton (1h) mr spectroscopy (mrs),onc206;optional proton (1h) mr spectroscopy (mrs);standard of care radiation therapy,DR5,Small Molecule,DR5,0,1,0,0,0,0,0,0,0,,recurrent
NCT04743661,"131I-Omburtamab, in Recurrent Medulloblastoma and Ependymoma",PHASE2,Phase 2,ACTIVE_NOT_RECRUITING,62,Pediatric Brain Tumor Consortium,Pediatric Brain Tumor Consortium,4,0,0,multi_experimental,2,anti-emetics;antihistamine;antipyretic;liothyronine;omburtamab i-131;sski,anti-emetics;antihistamine;antipyretic;bevacizumab;irinotecan;liothyronine;omburtamab i-131;sski;temozolomide,VEGF/VEGFR,Monoclonal Antibody,,1,1,0,0,0,0,0,1,0,,metastatic · 2nd-line+
NCT04752813,A Study of BPM31510 With Vitamin K1 in Subjects With Newly Diagnosed Glioblastoma (GB),PHASE2,Phase 2,ACTIVE_NOT_RECRUITING,50,BPGbio,BPGbio,8,1,0,single_arm,1,bpm31510;radiation;temozolomide (tmz);vitamin k1,bpm31510;radiation;temozolomide (tmz);vitamin k1,CoQ10,Small Molecule,,0,1,0,0,0,0,0,0,0,,
NCT04758533,Clinical Trial to Assess the Safety and Efficacy of AloCELYVIR With Newly Diagnosed Diffuse Intrinsic Pontine Glioma (DIPG) in Combination With Radiotherapy or Medulloblastoma in Monotherapy,PHASE1;PHASE2,Phase 2,ACTIVE_NOT_RECRUITING,13,"Hospital Infantil Universitario Niño Jesús, Madrid, Spain","Hospital Infantil Universitario Niño Jesús, Madrid, Spain",1,0,0,single_arm,1,alocelyvir,alocelyvir,,,,0,1,0,0,0,0,0,1,0,,metastatic · 2nd-line+
NCT04762069,A Study of Berubicin in Adult Subjects With Recurrent Glioblastoma Multiforme,PHASE2,Phase 2,ACTIVE_NOT_RECRUITING,252,"CNS Pharmaceuticals, Inc.",CNS Pharmaceuticals,1,1,0,active_comparator,2,lomustine,berubicin,TOP2,Small Molecule,IDH;MGMT,0,1,1,1,0,0,1,0,1,"IDHm, MGMT",metastatic · 1st-line · squamous · measurable (RECIST)
NCT04775485,A Study to Evaluate Tovorafenib in Pediatric and Young Adult Participants With Relapsed or Progressive Low-Grade Glioma and Advance Solid Tumors,PHASE2,Phase 2,RECRUITING,141,"Day One Biopharmaceuticals, Inc.",Day One Biopharmaceuticals,7,1,0,multi_experimental,3,tovorafenib,tovorafenib,BRAF,Small Molecule,BRAF;RAF;genomic,0,1,0,0,0,0,0,1,0,,metastatic · 2nd-line+ · measurable (RECIST)
NCT04794972,"A Study of GNC-039, a Tetra-specific Antibody, in Participants With Relapsed/Refractory or Metastatic Solid Tumors",PHASE1,Phase 1,RECRUITING,60,"Sichuan Baili Pharmaceutical Co., Ltd.",Sichuan Baili Pharmaceutical,127,1,0,single_arm,1,gnc-039,gnc-039,EGFRvIII,Bispecific Antibody,EGFR,1,1,0,0,0,0,0,1,0,,metastatic · 2nd-line+ · measurable (RECIST)
NCT04808245,A MultIceNTER Phase I Peptide VaCcine Trial for the Treatment of H3-Mutated Gliomas,PHASE1,Phase 1,ACTIVE_NOT_RECRUITING,15,German Cancer Research Center,German Cancer Research Center,1,0,1,single_arm,1,h3k27m peptide vaccine;imiquimod (5%);tecentriq,h3k27m peptide vaccine;imiquimod (5%);tecentriq,H3K27M,Vaccine,H3,1,1,0,0,0,0,0,0,0,,squamous
NCT04901702,Study of Onivyde With Talazoparib or Temozolomide in Children With Recurrent Solid Tumors and Ewing Sarcoma,PHASE1;PHASE2,Phase 2,RECRUITING,90,St. Jude Children's Research Hospital,St. Jude Children's Research Hospital,44,0,1,active_comparator,2,onivyde;talazoparib;temozolomide,,PARP,Small Molecule,ATM;BRCA1;BRCA2;BRIP1;CDK12;CHEK2;PALB2;RA,0,1,0,0,0,0,1,1,0,,metastatic · 1st-line · measurable (RECIST)
NCT04903899,177Lutetium-DOTATATE in Children With Primary Refractory or Relapsed High-risk Neuroblastoma,PHASE2,Phase 2,RECRUITING,24,Jakob Stenman,Jakob Stenman,1,0,1,single_arm,1,177lu-dotatate,177lu-dotatate,SSTR2,Radiopharmaceutical,SSTR2,0,1,0,0,0,0,0,1,0,,metastatic · 2nd-line+
NCT04910022,Ph I/II Study of NMS-03305293+TMZ in Adult Patients With Recurrent Glioblastoma,PHASE1;PHASE2,Phase 2,ACTIVE_NOT_RECRUITING,150,Nerviano Medical Sciences,Nerviano Medical Sciences,15,1,0,single_arm,1,nms-03305293;temozolomide,nms-03305293;temozolomide,IDH1/2,,,0,1,1,1,1,0,0,0,1,"IDHm, MGMT, EGFR+",recurrent · measurable (RECIST)
NCT04923126,"SJ901: Evaluation of Mirdametinib in Children, Adolescents, and Young Adults With Low-Grade Glioma",PHASE1;PHASE2,Phase 2,RECRUITING,132,St. Jude Children's Research Hospital,St. Jude Children's Research Hospital,44,0,1,multi_experimental,5,mirdametinib,mirdametinib,MEK,Small Molecule,ALK;BRAF;NTRK;PR;ROS1,0,1,1,0,0,0,1,1,1,IDHm,metastatic · 1st-line
NCT04923542,SRS & Abemaciclib w/wo Imlunestrant in the Management of HR+/HER2- Breast CA Brain Metastases,PHASE1;PHASE2,Phase 2,RECRUITING,31,H. Lee Moffitt Cancer Center and Research Institute,H. Lee Moffitt Cancer Center and Research Institute,228,0,1,multi_experimental,2,abemaciclib;endocrine therapy;stereotactic radiosurgery (srs),abemaciclib;endocrine therapy;stereotactic radiosurgery (srs),CDK4/6,Small Molecule,ER;HER2;PR;biomarker,0,1,0,0,0,0,0,0,0,,metastatic · measurable (RECIST)
NCT04933422,CM93 Treatment in Subjects With Epidermal Growth Factor Receptor (EGFR)-Modified Recurrent Glioblastoma (rGBM),PHASE1,Phase 1,NOT_YET_RECRUITING,72,Crimson Biopharm Inc.,Crimson Biopharm,1,1,0,multi_experimental,2,cm93,cm93,EGFR,Small Molecule,EGFR,0,1,1,0,1,0,1,1,1,"IDHm, EGFR+",recurrent · 1st-line · squamous · measurable (RECIST)
NCT04943913,Study of GC101 TIL in Brain Glioma (Soochow2),EARLY_PHASE1,Phase 1,RECRUITING,50,Shanghai Juncell Therapeutics,Shanghai Juncell Therapeutics,19,1,0,single_arm,1,tumor infiltrating lymphocytes (til),tumor infiltrating lymphocytes (til),,Cell Therapy,,1,1,0,0,0,0,0,1,0,,metastatic · 2nd-line+ · ECOG 0
NCT04977375,Trial of Anti-PD-1 Immunotherapy and Stereotactic Radiation in Patients With Recurrent Glioblastoma,PHASE1;PHASE2,Phase 2,RECRUITING,10,Chirag G. Patil,Chirag G. Patil,1,0,1,single_arm,1,pembrolizumab;stereotactic radiation therapy;surgical resection,pembrolizumab;stereotactic radiation therapy;surgical resection,PD-1,Monoclonal Antibody,PD-L1,1,1,0,0,0,0,0,0,0,,
NCT05009992,Combination Therapy for the Treatment of Diffuse Midline Gliomas,PHASE2,Phase 2,RECRUITING,360,"University of California, San Francisco","University of California, San Francisco",90,0,0,multi_experimental,6,,dnx-2401;onc201;paxalisib;radiation therapy,DR5,Small Molecule,BRAF;H3,0,1,0,0,0,0,0,0,0,,recurrent
NCT05023551,Study of DSP-0390 in Patients With Recurrent High-Grade Glioma,EARLY_PHASE1,Phase 1,ACTIVE_NOT_RECRUITING,39,"Sumitomo Pharma America, Inc.",Sumitomo Pharma America,43,1,0,single_arm,1,dsp-0390,dsp-0390,EBP,Small Molecule,,0,1,0,0,0,0,0,0,0,,metastatic
NCT05048212,A Phase II Study of Nivolumab With Ipilimumab and Cabozantinib in Patients With Untreated Renal Cell Carcinoma Brain Metastases,PHASE2,Phase 2,RECRUITING,20,M.D. Anderson Cancer Center,M.D. Anderson Cancer Center,697,0,1,multi_experimental,3,cabozantinib;ipilimumab;nivolumab,cabozantinib;ipilimumab;nivolumab,PD-1,Monoclonal Antibody,CD30;MET,1,1,0,0,0,0,1,0,0,,metastatic · 1st-line · squamous
NCT05050929,RAPid SimPLE Targeted Radiation Treatment for Brain Metastases,PHASE2,Phase 2,RECRUITING,100,British Columbia Cancer Agency,British Columbia Cancer Agency,21,0,0,active_comparator,2,targeting all brain metastases,targeting all brain metastases,,,,0,1,0,0,0,0,0,1,0,,metastatic · 2nd-line+
NCT05053880,A Study to Evaluate Safety and Efficacy of ACT001 and Anti-PD-1 in Patients With Surgically Accessible Recurrent Glioblastoma Multiforme,PHASE1;PHASE2,Phase 2,ACTIVE_NOT_RECRUITING,48,Accendatech USA Inc.,Accendatech USA,1,1,0,multi_experimental,2,,act001;act001 + pembrolizumab,H3K27,Small Molecule,H3K27,0,1,0,0,0,0,0,0,0,,metastatic · ECOG 2
NCT05064280,"Phase II Study of Pembrolizumab in Combination With Lenvatinib in Patients With TNBC, NSCLC, and Other Tumor Types and Brain Metastases",PHASE2,Phase 2,RECRUITING,104,M.D. Anderson Cancer Center,M.D. Anderson Cancer Center,697,0,0,multi_experimental,3,lenvatinib;pembrolizumab,,PD-1,Monoclonal Antibody,ALK;BRAF;KRAS;MET;NTRK;PD-L1;RET;ROS1,1,1,0,0,1,0,0,0,1,EGFR+,metastatic · squamous · measurable (RECIST)
NCT05076513,Trial of Niraparib in Participants With Newly-diagnosed Glioblastoma and Recurrent Glioma,EARLY_PHASE1,Phase 1,ACTIVE_NOT_RECRUITING,42,Nader Sanai,Nader Sanai,11,0,1,multi_experimental,2,niraparib,niraparib;radiation therapy,PARP,Small Molecule,BRCA1;BRCA2;HRD,0,1,1,0,1,0,0,0,1,"IDHm, EGFR+",measurable (RECIST)
NCT05083754,Carmustine Wafer in Combination With Retifanlimab and Radiation With/Without Temozolomide in Subjects With Glioblastoma,PHASE1,Phase 1,RECRUITING,50,Sidney Kimmel Comprehensive Cancer Center at Johns Hopkins,Sidney Kimmel Comprehensive Cancer Center at Johns Hopkins,160,0,0,multi_experimental,3,radiation therapy;retifanlimab,radiation therapy;retifanlimab;temozolomide,PD-1,Monoclonal Antibody,PD-L1,1,1,0,0,0,0,0,0,0,,metastatic · squamous
NCT05109728,A Dose Finding Study of [177Lu]Lu-DOTA-TATE in Newly Diagnosed Glioblastoma in Combination With Standard of Care and in Recurrent Glioblastoma as a Single Agent.,PHASE1,Phase 1,ACTIVE_NOT_RECRUITING,65,Novartis Pharmaceuticals,Novartis,836,1,1,multi_experimental,2,[177lu]lu-dota-tate;[68ga]ga-dota-tate,[177lu]lu-dota-tate;[68ga]ga-dota-tate;radiotherapy;temozolomide,SSTR2,Radiopharmaceutical,MET;SSTR2,0,1,0,0,0,0,0,0,0,,recurrent · measurable (RECIST)
NCT05118776,Study to Evaluate the Safety and Efficacy of ASC40 Tablets in Combination With Bevacizumab in Subjects With rGBM,PHASE3,Phase 3,ACTIVE_NOT_RECRUITING,136,"Ascletis Pharmaceuticals Co., Ltd.",Ascletis Pharmaceuticals,2,1,0,placebo_comparator,2,bevacizumab;placebo tablets,asc40 tablets;bevacizumab,VEGF/VEGFR,,,0,1,0,0,0,0,0,0,0,,
NCT05135975,A Study of Cabozantinib as a Maintenance Agent to Prevent Progression or Recurrence in High-Risk Pediatric Solid Tumors,PHASE2,Phase 2,RECRUITING,86,Nationwide Children's Hospital,Nationwide Children's Hospital,6,0,0,single_arm,1,cabozantinib,cabozantinib,MET,Small Molecule,PD-L1,0,1,0,0,0,0,0,0,0,,metastatic · measurable (RECIST) · ECOG 0-1
NCT05182905,AZD1390 in Recurrent and Newly Diagnosed WHO Grade 4 Glioma Patients,EARLY_PHASE1,Phase 1,ACTIVE_NOT_RECRUITING,97,Nader Sanai,Nader Sanai,11,0,1,multi_experimental,3,azd1390,azd1390,ATM,Small Molecule,MGMT;TP53,0,1,0,0,0,0,0,0,0,,measurable (RECIST) · ECOG 1
NCT05188508,"Pembrolizumab, Olaparib, and Temozolomide for People With Glioma",PHASE2,Phase 2,RECRUITING,57,Memorial Sloan Kettering Cancer Center,Memorial Sloan Kettering Cancer Center,411,0,1,multi_experimental,2,olaparib and temozolomide;pembrolizumab,olaparib and temozolomide;pembrolizumab,PD-1,Monoclonal Antibody,PD-L1,1,1,1,0,1,0,1,0,1,"IDHm, EGFR+",metastatic · 1st-line · squamous · measurable (RECIST) · ECOG 0
NCT05222802,A Study to Evaluate ERAS-801 in Patients With Recurrent Glioblastoma (THUNDERBBOLT-1),PHASE1,Phase 1,ACTIVE_NOT_RECRUITING,52,Katmai Pharmaceuticals Inc.,Katmai Pharmaceuticals,1,1,0,multi_experimental,2,eras-801,eras-801,EGFR,Small Molecule,EGFR,0,1,1,0,1,0,0,0,1,"IDHm, EGFR+",
NCT05226494,Safety and Tolerability of Fb-PMT in Recurrent Glioblastoma,PHASE1,Phase 1,ACTIVE_NOT_RECRUITING,34,NanoPharmaceuticals LLC,NanoPharmaceuticals,1,1,0,single_arm,1,fb-pmt,fb-pmt,ITGAV,Small Molecule,,0,1,0,0,0,0,0,1,0,,2nd-line+
NCT05283330,Safety and Tolerability of ²¹²Pb-DOTAM-GRPR1 in Adult Subjects With Recurrent or Metastatic GRPR-expressing Tumors,PHASE1,Phase 1,RECRUITING,48,"Orano Med Theranostics, SAS",Orano Med Theranostics,1,1,0,single_arm,1,²¹²pb-dotam-grpr1,²¹²pb-dotam-grpr1,GRPR,Radiopharmaceutical,ER;GRPR;HER2,0,1,0,0,1,0,0,0,1,EGFR+,metastatic · small-cell · measurable (RECIST) · ECOG 0-1
NCT05293197,Safety Study of the Repeated Opening of the Blood-brain Barrier With the SonoCloud® Device to Treat Malignant Brain Tumors in Pediatric Patients,PHASE1,Phase 1,RECRUITING,24,Assistance Publique - Hôpitaux de Paris,Assistance Publique - Hôpitaux de Paris,34,0,0,single_arm,1,device: sonocloud (9 transducers),device: sonocloud (9 transducers),,,,0,1,0,0,0,0,1,0,0,,metastatic · 1st-line
NCT05303467,A Feasibility Study to Evaluate the Safety of the TheraSphere Glioblastoma (GBM) Device in Patients With Recurrent GBM,PHASE1,Phase 1,RECRUITING,36,Boston Scientific Corporation,Boston Scientific,42,1,0,multi_experimental,4,device: therasphere gbm,device: therasphere gbm,,,,0,1,0,0,0,0,0,0,0,,metastatic · measurable (RECIST)
NCT05303519,SIGMA (Safusidenib in IDH1 Mutant Glioma Maintenance),PHASE3,Phase 3,RECRUITING,365,Nuvation Bio Inc.,Nuvation,16,1,0,placebo_comparator,8,,safusidenib,IDH1/2,Small Molecule,IDH1;genomic,0,0,1,0,0,1,0,0,1,"IDHm, 1p19q-codel",recurrent · measurable (RECIST)
NCT05305365,Study Assessing QBS72S For Treating Brain Metastases,PHASE2,Phase 2,ACTIVE_NOT_RECRUITING,21,Stanford University,Stanford University,58,0,0,multi_experimental,3,qbs72s,qbs72s,LAT1,Small Molecule,LAT1,0,1,0,0,0,0,0,0,0,,metastatic · squamous
NCT05317858,Blood-brain Barrier (BBB) Opening Using Exablate Focused Ultrasound With Standard of Care Treatment of NSCLC Brain Mets,PHASE3,Phase 3,RECRUITING,30,InSightec,InSightec,41,1,0,active_comparator,2,atezolizumab;cemiplimab;iptilimumab;nivolumab;pembrolizumab,atezolizumab;cemiplimab;device: blood brain barrier opening - oncology;iptilimumab;nivolumab;pembrolizumab,PD-1,Monoclonal Antibody,MET;PD-L1,1,1,0,0,0,0,0,1,0,,metastatic · 2nd-line+ · ECOG 0
NCT05323955,Secondary BRain Metastases Prevention After Isolated Intracranial Progression on Trastuzumab/Pertuzumab or T-DM1 in Patients With aDvanced Human Epidermal Growth Factor Receptor 2+ brEast Cancer With the Addition of Tucatinib,PHASE2,Phase 2,ACTIVE_NOT_RECRUITING,48,"Carey Anders, M.D.","Carey Anders, M.D.",1,0,1,single_arm,1,pertuzumab;trastuzumab;trastuzumab emtansine (t-dm1);tucatinib,pertuzumab;trastuzumab;trastuzumab emtansine (t-dm1);tucatinib,HER2,Monoclonal Antibody,HER2,1,1,0,0,1,0,1,1,1,EGFR+,metastatic · 1st-line · measurable (RECIST)
NCT05345002,All-Trans Retinoic Acid (ATRA) Plus PD-1 Inhibition in Recurrent IDH-Mutant Glioma,PHASE2,Phase 2,RECRUITING,55,"Stephen Bagley, MD, MSCE","Stephen Bagley, MD, MSCE",1,0,0,multi_experimental,4,all-trans retinoic acid;retifanlimab,all-trans retinoic acid;retifanlimab,PD-1,Monoclonal Antibody,PD-L1,1,1,1,0,0,0,0,1,1,IDHm,recurrent · 2nd-line+ · measurable (RECIST)
NCT05355701,A Study to Learn About the Study Medicine Called PF-07799933 in People With Advanced Solid Tumors With BRAF Alterations.,PHASE1,Phase 1,ACTIVE_NOT_RECRUITING,103,Pfizer,Pfizer,687,1,1,multi_experimental,9,pf-07799933,binimetinib;cetuximab;fluorouracil;leucovorin;midazolam;oxaliplatin;pf-07799933,BRAF,Small Molecule,BRAF;MSI;MSI-H;dMMR,0,1,0,0,1,0,0,0,1,EGFR+,metastatic
NCT05386108,Study of Abemaciclib and Elacestrant in Participants With Brain Metastasis Due to ER+/HER-2- Breast Cancer,PHASE1;PHASE2,Phase 2,RECRUITING,73,"Stemline Therapeutics, Inc.",Stemline Therapeutics,20,1,0,multi_experimental,4,abemaciclib;elacestrant,abemaciclib;elacestrant,CDK4/6,Small Molecule,ER;HER2,0,1,0,0,0,0,1,0,0,,metastatic · 1st-line · squamous · measurable (RECIST)
NCT05406700,Niraparib In Recurrent IDH 1/2 Gliomas,EARLY_PHASE1,Phase 1,ACTIVE_NOT_RECRUITING,16,Massachusetts General Hospital,Massachusetts General Hospital,170,0,1,active_comparator,2,resection/treatment with niraparib,niraparib;resection/treatment with niraparib,PARP,Small Molecule,BRCA1;BRCA2;HRD,0,1,1,0,0,0,0,0,1,IDHm,metastatic · squamous
NCT05421897,Rapid Administration Pilot for Infusing Dinutuximab,PHASE2,Phase 2,ACTIVE_NOT_RECRUITING,30,Children's Hospital Los Angeles,Children's Hospital Los Angeles,1,0,0,single_arm,1,dinutuximab with,dinutuximab with,GD2,Monoclonal Antibody,GD2;MET,1,1,0,0,0,0,0,1,0,,2nd-line+
NCT05423210,Atezolizumab and Pre-Surgical Brain Radiation Therapy for Glioblastoma Multiforme,EARLY_PHASE1,Phase 1,RECRUITING,12,Stony Brook University,Stony Brook University,6,0,1,single_arm,1,atezolizumab + fsrt radiation,atezolizumab + fsrt radiation,PD-L1,Monoclonal Antibody,PD-L1,1,1,0,0,0,0,0,0,0,,recurrent · ECOG 2
NCT05450744,131I-TLX-101 for Treatment of Newly Diagnosed Glioblastoma (IPAX-2),PHASE1,Phase 1,ACTIVE_NOT_RECRUITING,12,Telix Pharmaceuticals (Innovations) Pty Limited,Telix Pharmaceuticals (Innovations) Pty,19,1,0,single_arm,1,131i-ipa,131i-ipa,,Radiopharmaceutical,,0,1,0,0,0,0,0,0,0,,
NCT05460507,Safety & Efficacy/Tolerability of Rhenium-186 NanoLiposomes (186RNL) for Patients Who Received a Prior 186RNL Treatment,PHASE1,Phase 1,RECRUITING,40,Cerenome,Cerenome,5,1,0,single_arm,1,retreatment rhenium liposome,retreatment rhenium liposome,,Radiopharmaceutical,,0,1,0,0,0,0,0,0,0,,recurrent
NCT05463848,Surgical Pembro +/- Olaparib w TMZ for rGBM,PHASE2,Phase 2,ACTIVE_NOT_RECRUITING,52,"L. Nicolas Gonzalez Castro, MD, PhD","L. Nicolas Gonzalez Castro, MD, PhD",2,0,1,multi_experimental,3,pembrolizumab,olaparib;pembrolizumab;temozolomide,PD-1,Monoclonal Antibody,PD-L1,1,1,1,0,1,1,0,1,1,"IDHm, EGFR+, 1p19q-codel",resectable · 2nd-line+ · squamous
NCT05465954,Efineptakin Alfa and Pembrolizumab for the Treatment of Recurrent Glioblastoma,PHASE2,Phase 2,RECRUITING,54,Mayo Clinic,Mayo Clinic,31,0,1,single_arm,1,biopsy;biospecimen collection;efineptakin alfa;pembrolizumab,biopsy;biospecimen collection;efineptakin alfa;pembrolizumab,PD-1,Monoclonal Antibody,PD-L1,1,1,1,0,0,0,0,1,1,IDHm,recurrent · 2nd-line+
NCT05476939,Biological Medicine for Diffuse Intrinsic Pontine Glioma (DIPG) Eradication 2.0,PHASE3,Phase 3,RECRUITING,433,"Gustave Roussy, Cancer Campus, Grand Paris","Gustave Roussy, Cancer Campus, Grand Paris",31,0,0,active_comparator,2,everolimus;radiotherapy,onc201;radiotherapy,DR5,Small Molecule,H3;biomarker,0,1,0,0,0,0,0,1,0,,metastatic · 2nd-line+
NCT05489887,Naxitamab Added to Induction for Newly Diagnosed High-Risk Neuroblastoma,PHASE2,Phase 2,RECRUITING,93,Giselle Sholler,Giselle Sholler,11,0,0,single_arm,1,naxitamab,naxitamab,GD2,Monoclonal Antibody,GD2,1,1,0,0,1,0,0,0,1,EGFR+,
NCT05495295,"First-in-human Trial of PhOx430, a First-in-class Acetylglucosaminyltransferase V Inhibitor, in Advanced Solid Tumours",PHASE1,Phase 1,ACTIVE_NOT_RECRUITING,149,Phost'In Therapeutics,Phost'In Therapeutics,1,1,0,single_arm,1,phox430,phox430,MGAT5,Small Molecule,ER;HER2,0,1,0,0,1,0,0,0,1,EGFR+,metastatic · squamous · measurable (RECIST)
NCT05538130,A Study to Learn About the Study Medicine Called PF-07799544 as Monotherapy or in Combination in People With Advanced Solid Tumors,PHASE1,Phase 1,ACTIVE_NOT_RECRUITING,148,Pfizer,Pfizer,687,1,1,multi_experimental,3,pf-07799544,pf-07799544;pf-07799933,BRAF,Small Molecule,BRAF,0,1,0,0,0,0,0,0,0,,metastatic · measurable (RECIST)
NCT05553041,18F-Fluciclovine PET-MRI in High-grade Glioma,EARLY_PHASE1,Phase 1,RECRUITING,30,Children's Hospital of Philadelphia,Children's Hospital of Philadelphia,6,0,0,single_arm,1,18f-fluciclovine pet-mri,18f-fluciclovine pet-mri,,Radiopharmaceutical,,0,1,0,0,0,0,0,0,0,,measurable (RECIST)
NCT05554302,Characterization of 18F-Fluciclovine PET Amino Acid Radiotracer in Resected Brain Metastasis,PHASE2,Phase 2,RECRUITING,20,Baptist Health South Florida,Baptist Health South Florida,19,0,0,single_arm,1,18f-fluciclovine,18f-fluciclovine,,Radiopharmaceutical,,0,1,0,0,0,0,0,0,0,,metastatic · ECOG 0
NCT05555550,Evaluation of 18F-Fluciclovine Positron Emission Tomography - Magnetic Resonance Imaging (PET-MRI) in LGG,EARLY_PHASE1,Phase 1,RECRUITING,30,Children's Hospital of Philadelphia,Children's Hospital of Philadelphia,6,0,0,single_arm,1,18f-fluciclovine,18f-fluciclovine,,Radiopharmaceutical,,0,1,0,0,0,0,0,0,0,,
NCT05561374,Study of Safety and Pharmacokinetic Properties of Oral OKN-007 in Patients with Recurrent High-Grade Glioma,PHASE1,Phase 1,ACTIVE_NOT_RECRUITING,16,"Oblato, Inc.",Oblato,4,1,0,multi_experimental,4,,bid;high-dose okn-007;low-dose okn-007;mid-dose okn-007;tid,,,,0,1,0,0,0,0,1,0,0,,recurrent · 1st-line
NCT05566795,DAY101 vs. Standard of Care Chemotherapy in Pediatric Participants With Low-Grade Glioma Requiring First-Line Systemic Therapy (LOGGIC/FIREFLY-2),PHASE3,Phase 3,ACTIVE_NOT_RECRUITING,418,"Day One Biopharmaceuticals, Inc.",Day One Biopharmaceuticals,7,1,0,active_comparator,2,chemotherapeutic agent,tovorafenib,BRAF,Small Molecule,RAF,0,1,1,0,0,0,1,0,1,IDHm,1st-line
NCT05577091,Tris-CAR-T Cell Therapy for Recurrent Glioblastoma,PHASE1,Phase 1,RECRUITING,10,Beijing Tiantan Hospital,Beijing Tiantan Hospital,5,0,0,single_arm,1,inverse correlated dual-target;truncated il7ra modified car -expressing autologous t-lymphocytes.,inverse correlated dual-target;truncated il7ra modified car -expressing autologous t-lymphocytes.,IL7Ra,CAR-T,,1,1,0,0,0,0,0,0,0,,recurrent
NCT05580562,ONC201 in H3 K27M-mutant Diffuse Glioma Following Radiotherapy (the ACTION Study),PHASE3,Phase 3,RECRUITING,510,Jazz Pharmaceuticals,Jazz Pharmaceuticals,59,1,0,placebo_comparator,3,,dordaviprone (onc201);dordaviprone (onc201) + placebo,ClpP,Small Molecule,H3,0,1,0,0,0,0,0,0,0,,
NCT05590689,Radiodynamic Therapy (RDT) With Gliolan in Patients With First Recurrence of Brain Tumor,PHASE1;PHASE2,Phase 2,RECRUITING,34,Universität Münster,Universität Münster,6,0,0,single_arm,1,gliolan;radiodynamic therapy,gliolan;radiodynamic therapy,5-ALA,Radiopharmaceutical,,0,1,0,1,1,0,0,0,1,"MGMT, EGFR+",recurrent
NCT05609994,ViCToRy: Vorasidenib in Combination With Tumor Specific Peptide Vaccine for Recurrent IDH1 Mutant Lower Grade Gliomas,PHASE1,Phase 1,RECRUITING,48,"Katy Peters, MD, PhD","Katy Peters, MD, PhD",1,0,1,single_arm,1,pepidh1m vaccine + vorasidenib,pepidh1m vaccine + vorasidenib,IDH1/2,Vaccine,IDH1,1,1,0,0,0,0,0,0,0,,metastatic
NCT05610891,Novel Targeted Radiotherapy in Pediatric Patients With Inoperable Relapsed or Refractory HGG,PHASE1,Phase 1,ACTIVE_NOT_RECRUITING,50,"Cellectar Biosciences, Inc.",Cellectar Biosciences,11,1,0,single_arm,1,clr 131,clr 131,,Radiopharmaceutical,,0,1,0,0,0,0,0,1,0,,metastatic · 2nd-line+
NCT05615623,Blood Brain Barrier (BBB) Disruption Using Exablate Focused Ultrasound With Doxorubicin for Treatment of Pediatric DIPG,PHASE1;PHASE2,Phase 2,ACTIVE_NOT_RECRUITING,10,InSightec,InSightec,41,1,0,single_arm,1,device: exablate;doxorubicin,device: exablate;doxorubicin,Topoisomerase II,Small Molecule,,0,1,0,0,0,0,0,0,0,,
NCT05629702,ARISTOCRAT: Blinded Trial of Temozolomide +/- Cannabinoids,PHASE2,Phase 2,RECRUITING,120,University of Birmingham,University of Birmingham,20,0,0,placebo_comparator,2,nabiximols-matched placebo;temozolomide,nabiximols;temozolomide,,Small Molecule,BRAF;PR,0,1,1,1,0,0,1,0,1,"IDHm, MGMT",adjuvant · 1st-line
NCT05630209,Blood Brain Barrier (BBB) Disruption Using Exablate Focused Ultrasound With Doxorubicin for Treatment of Pediatric Diffuse Intrinsic Pontine Gliomas (DIPG),PHASE1;PHASE2,Phase 2,ACTIVE_NOT_RECRUITING,10,InSightec,InSightec,41,1,0,single_arm,1,device: exablate;doxorubicin,device: exablate;doxorubicin,Topoisomerase II,Small Molecule,,0,1,0,0,0,0,0,0,0,,metastatic
NCT05642455,SPEARHEAD-3 Pediatric Study,PHASE1;PHASE2,Phase 2,RECRUITING,20,"USWM CT, LLC",USWM CT,8,1,0,single_arm,1,afamitresgene autoleucel,afamitresgene autoleucel,MAGE-A4,CAR-T,MAGE-A4,1,1,0,0,0,0,0,0,0,,metastatic · measurable (RECIST) · ECOG 0
NCT05650749,GPC2 CAR T Cells for Relapsed or Refractory Neuroblastoma and Metastatic Retinoblastoma,PHASE1,Phase 1,ENROLLING_BY_INVITATION,45,Stephan Grupp MD PhD,Stephan Grupp MD PhD,2,0,1,multi_experimental,2,gpc2 car t cells,gpc2 car t cells,GPC2,CAR-T,GPC2,1,1,0,0,0,0,0,1,0,,metastatic · 2nd-line+ · measurable (RECIST)
NCT05660408,RNA Lipid Particles Targeting Pediatric Recurrent Intracranial Malignancies and Other systEmic Solid Tumors,PHASE1;PHASE2,Phase 2,ACTIVE_NOT_RECRUITING,36,University of Florida,University of Florida,28,0,0,multi_experimental,5,pp65 rna lp (dp1);pp65/tumor mrna rna-lp (dp2);surgical biopsy/resection,pp65 rna lp (dp1);pp65/tumor mrna rna-lp (dp2);surgical biopsy/resection,pp65,mRNA,MMR;PD-L1,0,1,0,0,0,0,0,1,0,,metastatic · 2nd-line+
NCT05664243,"A Phase 1b / 2 Drug Resistant Immunotherapy With Activated, Gene Modified Allogeneic or Autologous γδ T Cells (DeltEx) in Combination With Maintenance Temozolomide in Subjects With Recurrent or Newly Diagnosed Glioblastoma",PHASE1;PHASE2,Phase 2,ACTIVE_NOT_RECRUITING,4,In8bio Inc.,In8bio,1,1,0,multi_experimental,3,,allogeneic genetically modified gamma-delta t cells,,Cell Therapy,,1,0,1,0,0,0,1,0,1,IDHm,recurrent · 1st-line
NCT05673928,A Phase II Study of Tucatinib and Ado-trastuzumab Emtansine (T-DM1) in Patients With HER2-positive Metastatic Solid Tumors and Metastases to Brain (TUCATEMEB),PHASE2,Phase 2,RECRUITING,30,M.D. Anderson Cancer Center,M.D. Anderson Cancer Center,697,0,1,single_arm,1,trastuzumab emtansine;tucatinib,trastuzumab emtansine;tucatinib,HER2,Small Molecule,HER2,0,1,0,0,0,0,0,1,0,,metastatic · 2nd-line+ · measurable (RECIST)
NCT05698524,A Study of Temodar With Abexinostat (PCI-24781) for Patients With Recurrent Glioma,PHASE1,Phase 1,RECRUITING,24,University of Nebraska,University of Nebraska,23,0,0,single_arm,1,pci 24781;temozolomide,pci 24781;temozolomide,HDAC,Small Molecule,,0,1,0,0,0,0,0,0,0,,
NCT05701306,APG-115 Alone or in Combination With APG-2575 in Recurrent or Refractory Neuroblastoma or Solid Tumors,PHASE1;PHASE2,Phase 2,RECRUITING,100,Ascentage Pharma Group Inc.,Ascentage Pharma,45,1,0,multi_experimental,2,apg-115,apg-115;apg-2575,BCL2,Small Molecule,BCL-2,0,1,0,0,0,0,0,1,0,,metastatic · 2nd-line+
NCT05736406,A Dose-escalation Clinical Study of Intraoperative Photodynamic Therapy of Glioblastoma,PHASE1;PHASE2,Phase 2,ACTIVE_NOT_RECRUITING,12,Hemerion Therapeutics,Hemerion Therapeutics,1,1,0,multi_experimental,2,,5-ala hcl intraoperative photodynamic therapy (pdt) at 200 j/cm^2;5-ala hcl intraoperative photodynamic therapy (pdt) at 400 j/cm^2,,,,0,1,0,0,0,0,0,0,0,,
NCT05739942,Dose Finding Study of [177Lu]Lu-NeoB in Newly Diagnosed Glioblastoma and in Recurrent Glioblastoma,PHASE1,Phase 1,ACTIVE_NOT_RECRUITING,42,Novartis Pharmaceuticals,Novartis,836,1,1,multi_experimental,2,[177lu]lu-neob;[68ga]ga-neob,[177lu]lu-neob;[68ga]ga-neob;temozolomide,,Radiopharmaceutical,MET;biomarker;biomarker analysis,0,1,0,0,0,0,0,0,0,,recurrent · squamous · measurable (RECIST)
NCT05743595,"Neoantigen-based Personalized DNA Vaccine With Retifanlimab PD-1 Blockade Therapy in Patients With Newly Diagnosed, Unmethylated Glioblastoma",PHASE1,Phase 1,ACTIVE_NOT_RECRUITING,27,Washington University School of Medicine,Washington University School of Medicine,178,0,0,multi_experimental,2,device: tds-im v 2.0 electroporation device;personalized neoantigen dna vaccine;retifanlimab,device: tds-im v 2.0 electroporation device;personalized neoantigen dna vaccine;retifanlimab,PD-1,Monoclonal Antibody,PD-L1,1,1,1,1,0,0,0,0,1,"IDHm, MGMT",recurrent
NCT05765812,A Study of Debio 0123 in Combination With Temozolomide in Adult Participants With Recurrent or Progressive Glioblastoma and of Debio 0123 in Combination With Temozolomide and Radiotherapy in Adult Participants With Newly Diagnosed Glioblastoma,PHASE1;PHASE2,Phase 2,RECRUITING,116,Debiopharm International SA,Debiopharm International,23,1,0,multi_experimental,5,debio 0123;temozolomide,debio 0123;radiotherapy;temozolomide,,,,0,1,1,0,0,0,1,0,1,IDHm,1st-line · squamous · measurable (RECIST)
NCT05768178,DETERMINE Trial Treatment Arm 05: Vemurafenib in Combination With Cobimetinib in Adult Patients With BRAF Positive Cancers.,PHASE2;PHASE3,Phase 3,RECRUITING,30,Cancer Research UK,Cancer Research UK,16,0,1,single_arm,1,cobimetinib;vemurafenib,cobimetinib;vemurafenib,BRAF,Small Molecule,BRAF;MET,0,1,0,0,0,0,0,0,0,,metastatic
NCT05768919,Study of Liposomal Curcumin in Combination With RT and TMZ in Patients With Newly Diagnosed High-Grade Gliomas,PHASE1;PHASE2,Phase 2,RECRUITING,30,"SignPath Pharma, Inc.",SignPath Pharma,2,1,0,single_arm,1,treatment period 1;treatment period 2;treatment period 3;treatment period 4a,treatment period 1;treatment period 2;treatment period 3;treatment period 4a,,Small Molecule,,0,1,1,1,1,0,0,0,1,"IDHm, MGMT, EGFR+",adjuvant · squamous
NCT05769660,A Study to Evaluate Safety and Efficacy of BEY1107 in Combination with Temozolomide in Patients with Recurrent or Progressive Glioblastoma Multiforme (GBM),PHASE1,Phase 1,RECRUITING,12,BeyondBio Inc.,BeyondBio,3,1,0,single_arm,1,bey1107;temozolomide,bey1107;temozolomide,,,,0,1,0,0,0,0,0,0,0,,recurrent
NCT05770037,"DETERMINE Trial Treatment Arm 01: Alectinib in Adult, Paediatric and Teenage/Young Adult Patients With ALK Positive Cancers",PHASE2;PHASE3,Phase 3,RECRUITING,30,Cancer Research UK,Cancer Research UK,16,0,1,single_arm,1,alectinib,alectinib,ALK,Small Molecule,ALK;MET,0,1,0,0,0,0,0,0,0,,metastatic · small-cell
NCT05770544,"DETERMINE Trial Treatment Arm 03: Entrectinib in Adult, Paediatric and Teenage/Young Adult Patients With ROS1 Gene Fusion-Positive Cancers.",PHASE2;PHASE3,Phase 3,RECRUITING,30,Cancer Research UK,Cancer Research UK,16,0,1,single_arm,1,entrectinib,entrectinib,ROS1,Small Molecule,MET;ROS1,0,1,0,0,0,0,0,0,0,,
NCT05798507,Identification of Treatment Concentrations of Defactinib or VS-6766 for the Treatment of Patients With Glioblastoma,EARLY_PHASE1,Phase 1,ACTIVE_NOT_RECRUITING,14,Emory University,Emory University,116,0,0,multi_experimental,2,biospecimen collection,avutometinib;biospecimen collection;defactinib,MEK,Small Molecule,BRAF;KRAS,0,1,0,0,0,0,0,0,0,,metastatic
NCT05843253,"Study of Ribociclib and Everolimus in HGG and DIPG or Ribociclib and Temozolomide in DHG, H3G34-mutant",PHASE2,Phase 2,RECRUITING,120,Nationwide Children's Hospital,Nationwide Children's Hospital,6,0,1,multi_experimental,5,ribociclib,everolimus;ribociclib;temozolomide (tmz),CDK4/6,Small Molecule,ER;GRPR;HER2;MET,0,1,0,0,0,0,0,0,0,,metastatic · measurable (RECIST)
NCT05857969,Ex Vivo Drug Sensitivity Testing and Multi-Omics Profiling,PHASE1,Phase 1,RECRUITING,65,Florida International University,Florida International University,1,0,0,single_arm,1,device: functional precision medicine,device: functional precision medicine,,,genomic,0,1,0,0,0,0,0,1,0,,recurrent · 2nd-line+
NCT05864534,Phase 2a Immune Modulation With Ultrasound for Newly Diagnosed Glioblastoma,PHASE2,Phase 2,RECRUITING,25,Northwestern University,Northwestern University,72,0,0,single_arm,1,balstilimab;botensilimab;device: sonocloud-9 (sc-9);liposomal doxorubicin,balstilimab;botensilimab;device: sonocloud-9 (sc-9);liposomal doxorubicin,PD-1,Monoclonal Antibody,MSI-H;dMMR,1,1,0,1,0,0,0,0,1,MGMT,
NCT05879250,WP1066 and Radiation Therapy in Treating Patients With Newly Diagnosed Glioblastoma,PHASE2,Phase 2,RECRUITING,39,Northwestern University,Northwestern University,72,0,0,multi_experimental,2,biospecimen collection;magnetic resonance imaging;radiation therapy;stat3 inhibitor wp1066,biospecimen collection;magnetic resonance imaging;radiation therapy;stat3 inhibitor wp1066;surgical procedure,STAT3,Small Molecule,MET,0,1,1,1,0,0,0,0,1,"IDHm, MGMT",measurable (RECIST)
NCT05879367,Evaluation of Eflornithine Plus Temozolomide in Patients With Newly Diagnosed Glioblastoma or Astrocytoma,PHASE1,Phase 1,RECRUITING,66,"Orbus Therapeutics, Inc.",Orbus Therapeutics,2,1,0,multi_experimental,3,temozolomide,eflornithine (dose level -1);eflornithine (dose level 1);eflornithine (dose level 2);temozolomide,ODC,Small Molecule,,0,1,1,0,0,0,0,0,1,IDHm,metastatic
NCT05902169,Sonocloud-9 in Association With Carboplatin Versus Standard-of-Care Chemotherapies (CCNU or TMZ) in Recurrent GBM,PHASE3,Phase 3,RECRUITING,560,CarThera,CarThera,2,1,0,active_comparator,2,lomustine;temozolomide,carboplatin;device: sonocloud-9 (sc9),,Small Molecule,BRAF;MET,0,1,1,0,1,0,1,0,1,"IDHm, EGFR+",1st-line · squamous
NCT05916313,A Study to Test How Well Different Doses of BI 764532 Are Tolerated by People With a Tumour in the Brain That is Positive for DLL3,PHASE1,Phase 1,RECRUITING,20,Boehringer Ingelheim,Boehringer Ingelheim,237,1,1,single_arm,1,bi 764532,bi 764532,,,,0,1,0,0,0,0,0,0,0,,metastatic · measurable (RECIST)
NCT05933265,Study of LP-184 in Patients With Advanced Solid Tumors,PHASE1;PHASE2,Phase 2,ACTIVE_NOT_RECRUITING,64,Lantern Pharma Inc.,Lantern Pharma,3,1,0,multi_experimental,4,lp-184,lp-184;nivolumab & ipilimumab;olaparib,PTGR1,Small Molecule,ATM;ATR;BRCA1;BRCA2;ERCC3;ERCC4;PR;genomic,0,1,0,0,0,0,0,1,0,,metastatic · 2nd-line+ · measurable (RECIST)
NCT05948813,TY-9591 in the Patients With EGFR Mutations in Advanced NSCLC With Brain Metastases,PHASE2,Phase 2,RECRUITING,420,"TYK Medicines, Inc",TYK Medicines,14,1,0,active_comparator,2,osimertinib,ty-9591,EGFR,Small Molecule,EGFR-SENSITIVE,0,1,0,0,1,0,0,0,1,EGFR+,metastatic · squamous · measurable (RECIST) · ECOG 0-1
NCT05951777,Autologous Adipose-Derived Mesenchymal Stem Cells for Chronic Traumatic Brain Injury,PHASE2,Phase 2,RECRUITING,51,Hope Biosciences LLC,Hope Biosciences,2,1,0,placebo_comparator,2,,autologous hb-admscs,,Cell Therapy,,1,0,0,0,1,0,0,0,1,EGFR+,
NCT05986851,Azeliragon in MGMT Unmethylated Glioblastoma,PHASE2,Phase 2,ACTIVE_NOT_RECRUITING,30,Cantex Pharmaceuticals,Cantex Pharmaceuticals,4,1,0,single_arm,1,azeliragon,azeliragon,RAGE,Small Molecule,MGMT,0,1,1,1,0,0,0,0,1,"IDHm, MGMT",metastatic
NCT05987644,Delayed or Upfront Brain RAdiotherapy in Treatment naïve Lung Cancer Patients With Asymptomatic or Minimally Symptomatic Brain Metastases and ALK rEarrangements,PHASE1;PHASE2,Phase 2,RECRUITING,56,Joshua Palmer,Joshua Palmer,2,0,1,multi_experimental,3,alectinib,alectinib;stereotactic radiosurgery,ALK,Small Molecule,ALK;PD-L1,0,1,0,0,0,0,0,0,0,,metastatic · small-cell
NCT06011109,Treatment of Patients With Recurrent High-Grade Glioma With APG-157 and Bevacizumab,PHASE1;PHASE2,Phase 2,RECRUITING,30,"Aveta Biomics, Inc.",Aveta Biomics,3,1,0,single_arm,1,apg-157,apg-157,BCL2,Small Molecule,BCL-2,0,1,0,0,0,0,0,0,0,,
NCT06012695,NBM-BMX Administered Orally to Patients With Solid Tumors or Newly Diagnosed Glioblastoma,PHASE1;PHASE2,Phase 2,RECRUITING,79,Novelwise Pharmaceutical Corporation,Novelwise Pharmaceutical,3,1,0,multi_experimental,2,nbm-bmx capsule,nbm-bmx capsule;standard radiotherapy;temozolomide,,,,0,1,0,0,1,0,0,1,1,EGFR+,metastatic · 2nd-line+ · measurable (RECIST)
NCT06047379,"Safety and Efficacy of NEO212 in Patients With Astrocytoma IDH-mutant, Glioblastoma IDH-wildtype or Brain Metastasis",PHASE1;PHASE2,Phase 2,RECRUITING,134,"Neonc Technologies, Inc.",Neonc Technologies,4,1,0,multi_experimental,8,neo212 oral capsule,bevacizumab;carboplatin;folfiri protocol;ipilimumab;neo212 oral capsule;nivolumab;paclitaxel;pembrolizumab;regorafenib,,Small Molecule,,0,1,1,0,0,0,0,0,1,IDHm,metastatic · squamous · measurable (RECIST)
NCT06048094,18F-Fluciclovine PET Amino Acid Evaluation of Brain Metastasis Treated With Stereotactic Radiosurgery,PHASE1,Phase 1,RECRUITING,46,Baptist Health South Florida,Baptist Health South Florida,19,0,0,single_arm,1,18f fluciclovine,18f fluciclovine,,Radiopharmaceutical,biomarker,0,1,0,0,0,0,0,0,0,,metastatic
NCT06055790,Feasibility of 18F-Fluciclovine PET/CT to Identify Brain Metastasis,PHASE2,Phase 2,RECRUITING,20,University of Arizona,University of Arizona,8,0,0,single_arm,1,diagnostic test: 18f-fluciclovine (axumin) pet/ct,diagnostic test: 18f-fluciclovine (axumin) pet/ct,,Radiopharmaceutical,MET,0,1,0,0,0,0,0,1,0,,metastatic · 2nd-line+
NCT06058988,Trastuzumab Deruxtecan (T-DXd) for People With Brain Cancer,PHASE2,Phase 2,RECRUITING,30,Memorial Sloan Kettering Cancer Center,Memorial Sloan Kettering Cancer Center,411,0,1,multi_experimental,3,trastuzumab deruxtecan,trastuzumab deruxtecan,HER2,ADC,ER;HER2,1,1,0,0,0,0,0,0,0,,metastatic · ECOG 2
NCT06061809,N-803 and PD-L1 t-haNK Combined With Bevacizumab for Recurrent or Progressive Glioblastoma,PHASE2,Phase 2,ACTIVE_NOT_RECRUITING,34,"ImmunityBio, Inc.",ImmunityBio,63,1,0,multi_experimental,3,bevacizumab;n-803,200 khz);bevacizumab;device: tumor treating fields (ttfields;n-803;pd-l1 t-hank,VEGF/VEGFR,Monoclonal Antibody,PD-L1,1,1,1,0,0,0,1,0,1,IDHm,metastatic · 1st-line · small-cell
NCT06105619,A Study of PLB1001 Enteric Capsules in the Treatment of sGBM/IDH Mutant Glioblastoma Patients With the ZM Fusion Gene (FUGEN).,PHASE2;PHASE3,Phase 3,ACTIVE_NOT_RECRUITING,84,Beijing Pearl Biotechnology Limited Liability Company,Beijing Pearl Biotechnology Limited Liability,8,1,0,active_comparator,2,cisplatin combined with etoposide;temozolomide,plb1001,MET,Small Molecule,MET,0,1,1,0,0,0,0,0,1,IDHm,
NCT06128148,Phase I Study of JYP0322 in ROS1 Fusion-Positive Solid Tumors,PHASE1,Phase 1,RECRUITING,101,"Guangzhou JOYO Pharma Co., Ltd",Guangzhou JOYO Pharma,4,1,0,multi_experimental,7,jyp0322,jyp0322,ROS1,Cell Therapy,G2032R;ROS1,1,1,0,0,0,0,0,0,0,,metastatic · measurable (RECIST)
NCT06132945,A Study of Cabozantinib and Nivolumab With Radiation Therapy for People With Renal Cell Carcinoma That Has Spread to the Brain,PHASE1,Phase 1,ACTIVE_NOT_RECRUITING,2,Memorial Sloan Kettering Cancer Center,Memorial Sloan Kettering Cancer Center,411,0,0,single_arm,1,cabozantinib;device: nivolumab;stereotactic radiosurgery (srs),cabozantinib;device: nivolumab;stereotactic radiosurgery (srs),MET,Small Molecule,PD-L1,0,1,0,0,0,0,0,0,0,,metastatic · adenoca. · measurable (RECIST)
NCT06136884,"A First-In-Human, Phase 1 Study Evaluating Oral TACC3 PPI Inhibitor, AO-252, in Advanced Solid Tumors With or Without Brain Metastases",PHASE1,Phase 1,RECRUITING,86,A2A Pharmaceuticals Inc.,A2A Pharmaceuticals,1,1,0,multi_experimental,2,ao-252,ao-252,TACC3,Small Molecule,AR,0,1,0,0,0,0,0,1,0,,metastatic · 2nd-line+ · adenoca. · measurable (RECIST)
NCT06157541,T Cells and Pembrolizumab for Recurrent and Newly Diagnosed Glioblastoma,PHASE1;PHASE2,Phase 2,ACTIVE_NOT_RECRUITING,58,Queensland Institute of Medical Research,Queensland Institute of Medical Research,2,0,1,multi_experimental,3,allogeneic cytomegalovirus-specific t cells;pembrolizumab,allogeneic cytomegalovirus-specific t cells;pembrolizumab,PD-1,Monoclonal Antibody,PD-L1,1,1,0,0,0,0,0,0,0,,recurrent · squamous
NCT06159335,18F-FLUC PET/MR in Patients With Brain Mets,PHASE3,Phase 3,RECRUITING,30,"University of Wisconsin, Madison","University of Wisconsin, Madison",61,0,0,single_arm,1,f-fluciclovine radiotracer,f-fluciclovine radiotracer,,Radiopharmaceutical,MET,0,1,0,0,0,0,0,0,0,,metastatic
NCT06159478,Binimetinib in Patients With BRAF Fusion-positive Low-grade Glioma or Pancreatic Cancer (Perfume),PHASE2,Phase 2,RECRUITING,32,"National Cancer Center, Japan","National Cancer Center, Japan",6,0,0,single_arm,1,binimetinib,binimetinib,MEK,Small Molecule,BRAF;RAS,0,1,0,0,0,0,0,0,0,,metastatic · squamous · measurable (RECIST) · ECOG 0
NCT06161974,Study of Olutasidenib and Temozolomide in HGG,PHASE2,Phase 2,RECRUITING,60,Rigel Pharmaceuticals,Rigel Pharmaceuticals,6,1,0,multi_experimental,3,olutasidenib + tmz,olutasidenib + tmz,IDH1/2,Small Molecule,IDH1;MET,0,1,1,0,0,1,0,0,1,"IDHm, 1p19q-codel",metastatic · measurable (RECIST)
NCT06177964,Lerapolturev (PVSRIPO) in GBM,PHASE2,Phase 2,RECRUITING,92,Darell Bigner,Darell Bigner,4,0,0,active_comparator,3,lomustine pill,lerapolturev,,Oncolytic Virus,,1,1,0,1,0,0,0,0,1,MGMT,recurrent · squamous
NCT06194929,"Defactinib and Avutometinib, With or Without Encorafenib, for the Treatment of Patients With Brain Metastases From Cutaneous Melanoma",PHASE1;PHASE2,Phase 2,RECRUITING,33,University of Utah,University of Utah,55,0,0,multi_experimental,3,avutometinib;defactinib,avutometinib;defactinib;encorafenib,FAK,Small Molecule,BRAF,0,1,0,0,0,0,0,0,0,,metastatic · squamous
NCT06208657,Optimal Precision TherapIes to CustoMISE Care in Childhood and Adolescent Cancer,PHASE1;PHASE2,Phase 2,RECRUITING,90,Australian & New Zealand Children's Haematology/Oncology Group,Australian & New Zealand Children's Haematology/Oncology,2,0,1,multi_experimental,2,,irinotecan (drug);opdualag;paxalisib;temozolomide (tmz),PI3K,Small Molecule,PI3K;PTEN,0,1,0,0,0,0,0,1,0,,metastatic · 2nd-line+ · measurable (RECIST)
NCT06253871,A Phase 1/1b Study of IAM1363 in HER2 Cancers,PHASE1,Phase 1,RECRUITING,383,"Iambic Therapeutics, Inc",Iambic Therapeutics,1,1,0,single_arm,1,iam1363,iam1363,HER2,Small Molecule,HER2,0,1,0,0,0,0,0,1,0,,metastatic · 2nd-line+ · measurable (RECIST)
NCT06258018,Niraparib and Temozolomide in Patients Glioblastoma,PHASE1;PHASE2,Phase 2,NOT_YET_RECRUITING,86,"Armando Santoro, MD","Armando Santoro, MD",1,0,1,multi_experimental,6,niraparib;temodal,niraparib;temodal,PARP,Small Molecule,BRCA1;BRCA2;HRD,0,1,1,1,0,0,0,0,1,"IDHm, MGMT",recurrent
NCT06264388,DB107-Retroviral Replicating Vector (RRV) Combined With DB107-Flucytosine (FC) in Patients With Recurrent Glioblastoma or Anaplastic Astrocytoma,PHASE2,Phase 2,RECRUITING,33,Ashish Shah,Ashish Shah,1,0,0,single_arm,1,db107-fc;db107-rrv,db107-fc;db107-rrv,,Oncolytic Virus,biomarker;genomic,1,1,0,0,1,0,0,0,1,EGFR+,unresectable · ductal · measurable (RECIST)
NCT06305910,CD200AR-L and Allogeneic Tumor Lysate Vaccine Immunotherapy for Recurrent HGG and Newly Diagnosed DMG/DIPG in Children and Young Adults,PHASE1,Phase 1,RECRUITING,24,OX2 Therapeutics,OX2 Therapeutics,2,1,0,single_arm,1,treatment with cd200ar-l,treatment with cd200ar-l,CD20,Vaccine,,1,1,0,0,0,0,0,0,0,,recurrent
NCT06326411,A Study to Investigate the Safety and Efficacy of NST-628 Oral Tablets in Subjects With Solid Tumors,PHASE1,Phase 1,RECRUITING,230,"Nested Therapeutics, Inc",Nested Therapeutics,1,1,0,single_arm,1,nst-628,nst-628,RAF/MEK,Small Molecule,BRAF;KRAS;MAPK pathway,0,1,0,0,0,0,0,0,0,,metastatic · measurable (RECIST) · ECOG 0
NCT06333899,Lorlatinib for Newly-Diagnosed High-Grade Glioma With ROS or ALK Fusion,EARLY_PHASE1,Phase 1,RECRUITING,15,Nationwide Children's Hospital,Nationwide Children's Hospital,6,0,1,multi_experimental,4,lorlatinib,lorlatinib;lorlatinib post radiation;lorlatinib with chemotherapy 2;lorlatinib with chemotherapy1,ROS1,Small Molecule,ALK;ROS1,0,1,0,0,0,0,0,0,0,,
NCT06336291,A Study With L19TNF in Combination With Lomustine in Patients With Glioblastoma at Progression or Recurrence,PHASE2,Phase 2,ACTIVE_NOT_RECRUITING,90,Philogen S.p.A.,Philogen S.p.A.,45,1,0,multi_experimental,6,l19tnf;lomustine,l19tnf;lomustine,TNF,Monoclonal Antibody,IDH,1,1,0,1,0,0,0,0,1,MGMT,
NCT06357377,"A Study of the Safety, Dosing, and Delivery of NEO100 in Patients With Pediatric Brain Tumors",PHASE1,Phase 1,RECRUITING,12,"Neonc Technologies, Inc.",Neonc Technologies,4,1,0,single_arm,1,neo100,neo100,,,,0,1,1,0,0,0,0,0,1,IDHm,recurrent
NCT06388733,"A Study Comparing Niraparib With Temozolomide in Adult Participants With Newly-diagnosed, MGMT Unmethylated Glioblastoma",PHASE3,Phase 3,ACTIVE_NOT_RECRUITING,450,Ivy Brain Tumor Center,Ivy Brain Tumor Center,1,0,1,active_comparator,2,temozolomide,niraparib,PARP,Small Molecule,BRCA1;BRCA2;HRD;genomic,0,1,1,1,0,0,0,0,1,"IDHm, MGMT",metastatic · squamous
NCT06395103,Substudy 01A: Zilovertamab Vedotin in Pediatric and Young Adult Participants With Hematologic Malignancies or Solid Tumors (MK-9999-01A/LIGHTBEAM-U01),PHASE1;PHASE2,Phase 2,RECRUITING,90,Merck Sharp & Dohme LLC,Merck (MSD),649,1,1,single_arm,1,zilovertamab vedotin,zilovertamab vedotin,ROR1,ADC,CD19,1,1,0,0,0,0,0,0,0,,
NCT06401824,Sacituzumab Govitecan and Bevacizumab for NSCLC Brain Metastases,PHASE2,Phase 2,RECRUITING,25,Maastricht University Medical Center,Maastricht University Medical Center,6,0,1,single_arm,1,sacituzumab govitecan-hziy,sacituzumab govitecan-hziy,TROP2,ADC,MET;PD-L1;TROP2,1,1,0,0,0,0,0,0,0,,metastatic · squamous
NCT06413706,A Study Comparing Abemaciclib Plus Temozolomide to Temozolomide Monotherapy in Children and Young Adults With High-grade Glioma Following Radiotherapy,PHASE2,Phase 2,ACTIVE_NOT_RECRUITING,45,Eli Lilly and Company,Eli Lilly,535,1,1,active_comparator,2,temozolomide,abemaciclib;temozolomide,ER,Small Molecule,ALK;BRAF;ER;HER2;NTRK,0,1,1,0,0,1,0,1,1,"IDHm, 1p19q-codel",recurrent · 2nd-line+
NCT06428045,STARLITE for Unresectable High-Grade Gliomas,PHASE1,Phase 1,RECRUITING,24,University of Miami,University of Miami,25,0,0,multi_experimental,2,abacavir;focal radiotherapy;lamivudine;magnetic resonance (mr)-guided laser interstitial thermal therapy (litt);ritonavir;temozolomide,abacavir;focal radiotherapy;lamivudine;magnetic resonance (mr)-guided laser interstitial thermal therapy (litt);ritonavir;temozolomide,,,,0,1,0,0,1,0,0,0,1,EGFR+,recurrent
NCT06450041,"NANT 2021-01 Phase II STING (Sequential Temozolomide, Irinotecan, NK Cells and GD2 mAb) Trial",PHASE2,Phase 2,RECRUITING,62,New Approaches to Neuroblastoma Therapy Consortium,New Approaches to Neuroblastoma Therapy Consortium,6,0,0,single_arm,1,dinutuximab;gm-csf;irinotecan;temozolomide;universal donor (ud) tgfβi nk cells,dinutuximab;gm-csf;irinotecan;temozolomide;universal donor (ud) tgfβi nk cells,GD2,Monoclonal Antibody,GD2;MET,1,1,0,0,0,0,0,1,0,,metastatic · 2nd-line+
NCT06465199,"Eflornithine (DFMO) and AMXT 1501 for Neuroblastoma, CNS Tumors, and Sarcomas",PHASE1;PHASE2,Phase 2,RECRUITING,265,Milton S. Hershey Medical Center,Milton S. Hershey Medical Center,10,0,0,active_comparator,4,eflornithine (dfmo),amxt 1501 dicaprate;eflornithine (dfmo),ODC,Small Molecule,,0,1,0,0,1,0,0,1,1,EGFR+,metastatic · 2nd-line+
NCT06477939,Study of Adding or Not Liposomal Transcrocetin (L-TC) With Concomitant HypoFractionated Radiation ThErapy and TEmozolomide in Newly Diagnosed GLioblastoma (GBM) Patients,PHASE3,Phase 3,NOT_YET_RECRUITING,554,Institut de cancérologie Strasbourg Europe,Institut de cancérologie Strasbourg Europe,1,0,0,active_comparator,2,administration of l-tc,radiotherapy plus temozolomide,,Cell Therapy,,1,1,0,0,0,0,0,0,0,,
NCT06482905,Safety and Efficacy Study of TX103 CAR-T Cell Therapy for Recurrent or Progressive Grade 4 Glioma.,PHASE1,Phase 1,RECRUITING,52,Tcelltech Inc.,Tcelltech,4,1,0,multi_experimental,3,anti-b7-h3 chimeric antigen receptor t-cell (car-t cell) injection/tx103,anti-b7-h3 chimeric antigen receptor t-cell (car-t cell) injection/tx103,B7-H3,CAR-T,BRAF;NTRK,1,1,0,0,0,0,0,0,0,,recurrent
NCT06485947,Study Combining Dinutuximab Beta With Two Chemotherapy Regimens in Neuroblastoma,PHASE1,Phase 1,RECRUITING,38,Princess Maxima Center for Pediatric Oncology,Princess Maxima Center for Pediatric Oncology,9,0,0,multi_experimental,2,dinutuximab beta,chemotherapy treatment called gpoh;chemotherapy treatment called rapid cojec;dinutuximab beta,GD2,Monoclonal Antibody,GD2,1,1,0,0,0,0,0,0,0,,
NCT06496971,A Prospective Pivotal Study to Evaluate the Efficacy and Safety of Avastin® Bevacizumab (BEV) With or Without Microbubble-mediated Focused Ultrasound (FUS-MB) Using NaviFUS System in Recurrent Glioblastoma Multiforme Patients,PHASE3,Phase 3,RECRUITING,32,NaviFUS Corporation,NaviFUS,5,1,0,active_comparator,2,bevacizumab,bevacizumab;device: low-intensity focused ultrasound;microbubble,VEGF/VEGFR,Monoclonal Antibody,,1,1,0,0,0,0,0,0,0,,
NCT06504381,"DB107-RRV, DB107-FC, and Radiation Therapy With or Without Temozolomide (TMZ) for High Grade Glioma",PHASE1;PHASE2,Phase 2,RECRUITING,70,"University of California, San Francisco","University of California, San Francisco",90,0,0,multi_experimental,2,db107-fc;db107-rrv;magnetic resonance imaging (mri);radiation therapy (rt);surgical resection;temozolomide,db107-fc;db107-rrv;magnetic resonance imaging (mri);radiation therapy (rt);surgical resection;temozolomide,HSV-1,Oncolytic Virus,genomic,1,1,1,1,0,0,0,1,1,"IDHm, MGMT",2nd-line+ · squamous
NCT06521567,A Study of Cobolimab Plus Dostarlimab in Pediatric and Young Adult Participants With Cancer,PHASE1;PHASE2,Phase 2,ACTIVE_NOT_RECRUITING,83,GlaxoSmithKline,GSK,468,1,1,multi_experimental,2,cobolimab;dostarlimab,cobolimab;dostarlimab,PD-1,Monoclonal Antibody,BRAF;MET;PD-L1,1,1,0,0,0,0,0,1,0,,metastatic · 2nd-line+
NCT06524063,Targeted Survivin DC Cell Injection for the Treatment of GBM,PHASE1,Phase 1,NOT_YET_RECRUITING,9,Beijing Tricision Biotherapeutics Inc,Beijing Tricision Biotherapeutics,2,1,0,single_arm,1,survivin-loaded dendritic cell injection,survivin-loaded dendritic cell injection,Survivin,Cell Therapy,,1,1,0,0,0,0,0,0,0,,
NCT06528691,Entrectinib as a Single Agent in Upfront Therapy for Children <3 Years of Age With NTRK1/2/3 or ROS1-FUSED CNS Tumors,PHASE2,Phase 2,RECRUITING,52,St. Jude Children's Research Hospital,St. Jude Children's Research Hospital,44,0,1,single_arm,1,carboplatin;cyclophosphamide;entrectinib;etoposide;g-csf;pegfilgrastim;surgery,carboplatin;cyclophosphamide;entrectinib;etoposide;g-csf;pegfilgrastim;surgery,ROS1,Small Molecule,NTRK;ROS1,0,1,0,0,0,0,0,0,0,,measurable (RECIST)
NCT06552260,A Surgical Window of Opportunity Clinical Trial of Troriluzole in Recurrent IDH Wild-Type Glioblastoma,EARLY_PHASE1,Phase 1,RECRUITING,27,Ugonma Chukwueke,Ugonma Chukwueke,1,0,0,multi_experimental,2,troriluzole,troriluzole,Glutamate,Peptide,,0,1,1,0,0,0,0,1,1,IDHm,recurrent · 2nd-line+ · measurable (RECIST)
NCT06556563,EF-41/KEYNOTE D58: Phase 3 Study of Optune Concomitant With Temozolomide Plus Pembrolizumab in Newly Diagnosed Glioblastoma,PHASE3,Phase 3,RECRUITING,741,NovoCure GmbH,NovoCure,23,1,1,placebo_comparator,2,device: optune device;temozolomide,device: optune device;pembrolizumab;temozolomide,PD-1,Monoclonal Antibody,PD-L1,1,1,0,0,0,0,0,0,0,,adjuvant
NCT06586866,JK-1201I in Triple Negative Breast Cancer Patients with Brain Metastases,PHASE2,Phase 2,NOT_YET_RECRUITING,25,"JenKem Technology Co., Ltd.",JenKem Technology,5,1,0,single_arm,1,jk-1201i,jk-1201i,,,,0,1,0,0,0,0,0,0,0,,metastatic · ECOG 1
NCT06595186,JK-1201I Combined with Adjuvant Temozolomide in Patients with Newly Diagnosed Glioblastoma Multiforme (GBM),PHASE2,Phase 2,RECRUITING,25,"JenKem Technology Co., Ltd.",JenKem Technology,5,1,0,multi_experimental,2,jk-1201i;temozolomide (tmz),jk-1201i;temozolomide (tmz),,,,0,1,0,1,0,0,0,0,1,MGMT,
NCT06598787,A Study of BL-B01D1 in Patients With Recurrent Glioblastoma,PHASE2,Phase 2,RECRUITING,20,"Sichuan Baili Pharmaceutical Co., Ltd.",Sichuan Baili Pharmaceutical,127,1,0,single_arm,1,bl-b01d1 for injection,bl-b01d1 for injection,EGFR,ADC,EGFR,1,1,0,0,0,0,0,0,0,,recurrent
NCT06616727,The Safety and Efficacy of SNC-109 CAR-T Cells Therapy the rGBM,PHASE1,Phase 1,ENROLLING_BY_INVITATION,50,"Shanghai Simnova Biotechnology Co.,Ltd.",Shanghai Simnova Biotechnology,6,1,0,single_arm,1,snc109,snc109,,CAR-T,,1,1,0,0,0,0,0,0,0,,recurrent
NCT06630260,5G-RUBY: Avutometinib and Defactinib in Malignant Brain Tumours,PHASE1;PHASE2,Phase 2,RECRUITING,182,"Institute of Cancer Research, United Kingdom","Institute of Cancer Research, United Kingdom",24,0,0,multi_experimental,2,avutometinib;defactinib,avutometinib;defactinib;temozolomide,MEK,Small Molecule,BRAF;KRAS;MET;biomarker,0,1,1,0,0,0,0,1,1,IDHm,recurrent · 2nd-line+ · measurable (RECIST)
NCT06632236,5G-EMERALD: Amivantamab in Malignant Brain Tumours,PHASE1,Phase 1,ACTIVE_NOT_RECRUITING,12,"Institute of Cancer Research, United Kingdom","Institute of Cancer Research, United Kingdom",24,0,1,single_arm,1,amivantamab,amivantamab,EGFR,Monoclonal Antibody,EGFR;biomarker,1,1,1,0,1,0,0,1,1,"IDHm, EGFR+",stage IV · 2nd-line+ · measurable (RECIST)
NCT06636162,Window of Opportunity Study of DSP-0390 in Gliomas,EARLY_PHASE1,Phase 1,RECRUITING,20,Washington University School of Medicine,Washington University School of Medicine,178,0,0,multi_experimental,2,,,EBP,Small Molecule,,0,0,1,0,0,0,0,0,1,IDHm,metastatic
NCT06645808,PET-imaging of Two Vartumabs in Patients With Solid Tumors,EARLY_PHASE1,Phase 1,RECRUITING,32,Var2 Pharmaceuticals,Var2 Pharmaceuticals,1,1,0,multi_experimental,2,pet/ct scan,89zr-dfo-n-suc-c9scfv;89zr-dfo-n-suc-f8scfv;pet/ct scan,oncofetal chondroitin sulfate,Radiopharmaceutical,,0,1,0,0,1,0,0,0,1,EGFR+,adjuvant · squamous
NCT06672575,A Phase I/II Study of IVONESCIMAB in Recurrent Glioblastoma,PHASE1;PHASE2,Phase 2,RECRUITING,45,M.D. Anderson Cancer Center,M.D. Anderson Cancer Center,697,0,0,single_arm,1,ivonescimab,ivonescimab,PD-1,Bispecific Antibody,BRAF;MSS;PD-L1;pMMR,1,1,1,0,1,0,0,0,1,"IDHm, EGFR+",metastatic
NCT06673329,Brodalumab in the Treatment of Immune-Related Adverse Events,PHASE1,Phase 1,RECRUITING,11,"Brian Henick, MD","Brian Henick, MD",1,0,0,single_arm,1,brodalumab;ct scan,brodalumab;ct scan,IL-17RA,Monoclonal Antibody,,1,1,0,0,0,0,0,0,0,,metastatic
NCT06674265,Safety and Efficacy of Systemic Allogenic NK Cells in R/R Neuroblastoma,PHASE1,Phase 1,RECRUITING,10,Marzieh Ebrahimi,Marzieh Ebrahimi,2,1,0,active_comparator,2,allogenic nk cells infusion,,,Cell Therapy,,1,0,0,0,0,0,0,0,0,,
NCT06684639,A Study on the Efficacy of GD2-CAR T Cells in the Treatment of Neuroblastoma,EARLY_PHASE1,Phase 1,RECRUITING,30,The General Hospital of Western Theater Command,The General Hospital of Western Theater Command,3,0,0,single_arm,1,gd2-car-t cell,gd2-car-t cell,GD2,CAR-T,GD2,1,1,0,0,0,0,0,1,0,,recurrent · 2nd-line+
NCT06687681,Injection of Active Allogeneic Natural Killer Cells in Patients With Gliomas,PHASE2,Phase 2,RECRUITING,40,Marzieh Ebrahimi,Marzieh Ebrahimi,2,1,0,multi_experimental,2,nk cell therapy,nk cell therapy,,Cell Therapy,,1,1,1,0,0,0,0,0,1,IDHm,
NCT06703255,A Phase 2 Study of HX301 in Patients with High-grade Giloma,PHASE1;PHASE2,Phase 2,RECRUITING,72,"Hangzhou Hanx Biopharmaceuticals, Ltd.",Hangzhou Hanx Biopharmaceuticals,6,1,0,single_arm,1,hx301+/temozolomide,hx301+/temozolomide,,Cell Therapy,,1,1,0,0,0,0,0,0,0,,metastatic
NCT06721689,"PEEL-224, Vincristine and Temozolomide in Pediatric Solid Tumors",PHASE1;PHASE2,Phase 2,RECRUITING,59,Theodore Laetsch,Theodore Laetsch,1,0,0,multi_experimental,2,peel-224,peel-224;temozolomide (tmz);vincristine,TOP1,Small Molecule,,0,1,0,0,1,0,0,1,1,EGFR+,metastatic · 2nd-line+ · measurable (RECIST)
NCT06737146,Study of MT027 in Patients with Recurrent or Progressive High-grade Glioma,PHASE1,Phase 1,NOT_YET_RECRUITING,12,"Suzhou Maximum Bio-tech Co., Ltd.",Suzhou Maximum Bio-tech,3,1,0,single_arm,1,mt027 cells suspension,mt027 cells suspension,,CAR-T,,1,1,0,0,0,0,0,0,0,,metastatic
NCT06742593,"Study of MT027 in Patients with Brain, Meninges, and Spinal Cord Metastatic Solid Tumors",PHASE1,Phase 1,NOT_YET_RECRUITING,12,"Suzhou Maximum Bio-tech Co., Ltd.",Suzhou Maximum Bio-tech,3,1,0,single_arm,1,mt027 cells suspension,mt027 cells suspension,,CAR-T,,1,1,0,0,0,0,0,0,0,,metastatic
NCT06763965,Evaluating the Safety and Efficacy of BioTTT001 in Patients With Recurrent/Progressive High-grade Glioma.,PHASE1;PHASE2,Phase 2,ENROLLING_BY_INVITATION,30,"Beijing Bio-Targeting Therapeutics Technology Co., Ltd",Beijing Bio-Targeting Therapeutics Technology,4,1,0,single_arm,1,biottt001 injection,biottt001 injection,,Oncolytic Virus,,1,1,0,0,0,0,0,0,0,,
NCT06773481,BC008-1A Injection for Recurrent CNS WHO G4 Glioma,PHASE1,Phase 1,RECRUITING,40,"Sichuan Luzhou Buchang Biopharmaceutical Co., Ltd.",Sichuan Luzhou Buchang Biopharmaceutical,3,1,0,multi_experimental,2,bc008-1a,bc008-1a,,,PD-L1,0,1,0,0,1,0,0,0,1,EGFR+,metastatic · squamous
NCT06777433,Phase 2b Imaging Study of RAD101 in Participants With Suspected Recurrent Brain Metastases,PHASE2,Phase 2,ACTIVE_NOT_RECRUITING,30,"Radiopharm Theranostics, Ltd",Radiopharm Theranostics,7,1,0,single_arm,1,rad101 (18f-fpia),rad101 (18f-fpia),,Radiopharmaceutical,,0,1,0,0,1,0,0,1,1,EGFR+,metastatic · 2nd-line+
NCT06805305,DOC1021 Dendritic Cell Immunotherapy for Treatment of Newly Diagnosed Adult Glioblastoma (GBM),PHASE2,Phase 2,RECRUITING,180,Diakonos Oncology Corporation,Diakonos Oncology,3,1,0,active_comparator,2,soc cranial radiation;temodar (temozolomide);tumor resection,doc1021;soc cranial radiation;temodar (temozolomide);tumor resection,,Cell Therapy,,1,1,1,0,0,0,0,0,1,IDHm,recurrent
NCT06807619,A Study of Sotorasib in People With Brain Tumors,PHASE1,Phase 1,RECRUITING,16,Memorial Sloan Kettering Cancer Center,Memorial Sloan Kettering Cancer Center,411,0,1,active_comparator,2,sotorasib,sotorasib,KRAS,Small Molecule,KRAS,0,1,0,0,0,0,0,0,0,,metastatic
NCT06810544,Safety and Tolerability of TNG456 Alone and in Combination With Abemaciclib in Patients With Solid Tumors With MTAP Loss,PHASE1;PHASE2,Phase 2,RECRUITING,191,"Tango Therapeutics, Inc.",Tango Therapeutics,6,1,1,multi_experimental,7,tng456,abemaciclib;tng456,MTAP,Small Molecule,MTAP,0,1,1,0,0,0,0,0,1,IDHm,measurable (RECIST)
NCT06814496,Radiation Combined With BIspecific T-Cell Engager in DLL3 Expressing Tumors,PHASE1;PHASE2,Phase 2,RECRUITING,30,University of Arizona,University of Arizona,8,0,1,multi_experimental,4,tarlatamab,concurrent radiation therapy;sequential radiation therapy;tarlatamab,DLL3,Bispecific Antibody,DLL3;MET,1,1,0,0,1,0,1,1,1,EGFR+,metastatic · 1st-line · small-cell · measurable (RECIST)
NCT06822543,"A Single Arm, Phase 2 Study of Datopotamab Deruxtecan, Carboplatin, and Pembrolizumab for Treatment-naive Brain Metastases From NSCLC (Non-small Cell Lung Cancer)",PHASE2,Phase 2,RECRUITING,46,Latin American Cooperative Oncology Group,Latin American Cooperative Oncology,12,0,1,single_arm,1,carboplatin;datopotamab deruxtecan;pembrolizumab,carboplatin;datopotamab deruxtecan;pembrolizumab,PD-1,Monoclonal Antibody,ALK;HER2;MET;NTRK;PD-L1;RET;ROS1;genomic,1,1,0,0,1,0,0,0,1,EGFR+,metastatic · squamous · measurable (RECIST)
NCT06831526,Neoadjuvant Chemoradiotherapy With or Without Concurrent Azeliragon in Patients With Newly Diagnosed Glioblastoma,EARLY_PHASE1,Phase 1,RECRUITING,12,Washington University School of Medicine,Washington University School of Medicine,178,0,0,active_comparator,2,azeliragon;radiation therapy;surgery or litt;temozolomide,azeliragon;radiation therapy;surgery or litt;temozolomide,RAGE,Small Molecule,MGMT;S100A9,0,1,1,0,0,0,0,0,1,IDHm,metastatic
NCT06836505,"Safety and Efficacy of CAR-T Cell Therapy for Relapsed/refractory Neuroblastoma and Desmoplastic Small Round Cell Tumors: a Single-arm, Open-label Trial.",PHASE1;PHASE2,Phase 2,RECRUITING,10,Sun Yat-Sen University Cancer Center,Sun Yat-Sen University Cancer Center,4,0,0,single_arm,1,cart therapy,cart therapy,GD2,CAR-T,GD2;PR,1,1,0,0,1,0,0,1,1,EGFR+,2nd-line+ · squamous
NCT06838676,ACT001 for the Treatment of Diffuse Intrinsic Pontine Gliomas and H3K27-altered High Grade Gliomas,PHASE2,Phase 2,RECRUITING,60,Nationwide Children's Hospital,Nationwide Children's Hospital,6,0,0,multi_experimental,2,act001,act001,H3K27,Small Molecule,H3K27,0,1,0,0,0,0,0,1,0,,metastatic · 2nd-line+ · measurable (RECIST)
NCT06867978,Multi-center Study on CCeLL-In Vivo's Clinical Efficacy for Intraoperative Brain Tumor Diagnosis.,PHASE1,Phase 1,NOT_YET_RECRUITING,100,VPIX Medical,VPIX Medical,3,1,0,single_arm,1,device: ccell in vivo;indocyanine green,device: ccell in vivo;indocyanine green,,,,0,1,0,0,0,0,0,0,0,,
NCT06902350,"Safety, Pharmacokinetics and Preliminary Efficacy of CS231295 in Advanced Solid Tumors",PHASE1,Phase 1,RECRUITING,102,"Chipscreen Biosciences, Ltd.",Chipscreen Biosciences,25,1,0,single_arm,1,cs231295,cs231295,AURKB,Cell Therapy,RB1,1,1,0,0,0,0,0,0,0,,metastatic · small-cell · measurable (RECIST)
NCT06907485,A Multicenter Study to Assess the Feasibility of 5-Aminolevulinic Acid (5-ALA) in Pediatric Brain Tumor Patients,PHASE2,Phase 2,NOT_YET_RECRUITING,20,Costas Hadjipanayis,Costas Hadjipanayis,1,0,0,single_arm,1,aminolevulinic acid hydrochloride,aminolevulinic acid hydrochloride,,,,0,1,0,0,0,0,0,0,0,,recurrent
NCT06917885,CUE-102 in Recurrent Glioblastoma,PHASE1,Phase 1,RECRUITING,18,"David Reardon, MD","David Reardon, MD",2,0,0,single_arm,1,cue-102,cue-102,WT1,Bispecific Antibody,HLA-A*0201;MET;WT1;genomic,1,1,0,0,0,0,0,0,0,,recurrent · squamous
NCT06926075,Early Phase Study of KESONOTIDE™in Participants With Solid Tumours,PHASE1;PHASE2,Phase 2,RECRUITING,80,Filamon LTD,Filamon,1,1,0,multi_experimental,2,a novel hgiia-vimentin inhibitor;dose expansion,a novel hgiia-vimentin inhibitor;dose expansion,VIMENTIN,Small Molecule,biomarker,0,1,0,0,0,0,0,0,0,,metastatic · measurable (RECIST)
NCT06988475,DETERMINE Trial Treatment Arm 06: Capmatinib in Adult Patients With Cancers Harbouring MET Dysregulations,PHASE2;PHASE3,Phase 3,RECRUITING,30,Cancer Research UK,Cancer Research UK,16,0,1,single_arm,1,capmatinib,capmatinib,MET,Small Molecule,MET,0,1,0,0,0,0,0,0,0,,metastatic · squamous
NCT06991101,Ruxolitinib With Radiation and Temozolomide Compared to Radiation and Temozolomide for Newly Diagnosed Glioblastoma,PHASE2,Phase 2,RECRUITING,190,Baptist Health South Florida,Baptist Health South Florida,19,0,0,active_comparator,2,radiation therapy;temozolomide,radiation therapy;ruxolitinib;temozolomide,JAK1,Small Molecule,JAK2,0,1,1,1,0,0,0,0,1,"IDHm, MGMT",squamous
NCT07003139,A Study of the Boron Neutron Capture Therapy (BNCT) Using B10 L-BPA in Malignant Brain Tumors,PHASE1;PHASE2,Phase 2,RECRUITING,10,China Medical University Hospital,China Medical University Hospital,2,0,0,single_arm,1,b10 l-bpa injection,b10 l-bpa injection,Boron,Radiopharmaceutical,,0,1,0,0,1,0,0,0,1,EGFR+,metastatic · measurable (RECIST)
NCT07027748,"Feasibility Study of Prolonged Administration of Naxitamab, Irinotecan, and Temozolomide for Patients With Relapsed or Refractory Neuroblastoma",PHASE1,Phase 1,RECRUITING,18,"Steven DuBois, MD","Steven DuBois, MD",1,0,0,single_arm,1,irinotecan;naxitamab;sargramostim granulocyte-macrophage colony stimulating factor;temozolomide,irinotecan;naxitamab;sargramostim granulocyte-macrophage colony stimulating factor;temozolomide,GD2,Monoclonal Antibody,GD2,1,1,0,0,0,0,0,1,0,,metastatic · 2nd-line+
NCT07077616,Clinical Study for the Safety and Therapeutic Efficacy of the AI-QMMM Designed TamavaqTM Personalised Vaccine in Patients With Newly Diagnosed Glioma.,EARLY_PHASE1,Phase 1,RECRUITING,29,Biogenea Pharmaceuticals Ltd.,Biogenea Pharmaceuticals,4,1,0,single_arm,1,biological: personalized vaccine based on genetic and transcriptional sequencing information;personalized peptide vaccines would be designed and produced;,biological: personalized vaccine based on genetic and transcriptional sequencing information;personalized peptide vaccines would be designed and produced;,,Vaccine,TMB,1,1,0,0,1,0,0,0,1,EGFR+,recurrent · measurable (RECIST)
NCT07093814,A Study of VRT106 for Injection in Patients With Recurrent/Progressive Glioblastoma,PHASE1;PHASE2,Phase 2,RECRUITING,42,"Guangzhou Virotech Pharmaceutical Co., Ltd.",Guangzhou Virotech Pharmaceutical,6,1,0,single_arm,1,vrt106,vrt106,,Oncolytic Virus,,1,1,0,0,0,0,0,0,0,,metastatic
NCT07100730,Study of TLX101-Tx Plus Standard of Care (SoC) Versus SoC Alone for the Treatment of Patients With Recurrent Glioblastoma,PHASE3,Phase 3,RECRUITING,50,Telix Pharmaceuticals (Innovations) Pty Limited,Telix Pharmaceuticals (Innovations) Pty,19,1,0,multi_experimental,2,,tlx-101-tx + lomustine;tlx101-tx,,Radiopharmaceutical,,0,1,1,0,0,0,1,0,1,IDHm,recurrent · 1st-line · measurable (RECIST)
NCT07120984,A Study to Evaluate the Safety and Efficacy of L19TNF With Alkylating Chemotherapy for Patients With Recurrent IDH-mutant Astrocytoma or Oligodendroglioma,PHASE2,Phase 2,NOT_YET_RECRUITING,52,Philogen S.p.A.,Philogen S.p.A.,45,1,0,multi_experimental,7,,l19tnf;l19tnf and ccnu;l19tnf and ccnu in recurrent astrocytoma;l19tnf and tmz;l19tnf and tmz in recurrent astrocytoma;l19tnf monotherapy;l19tnf monothery in recurrent oligodendroglioma,TNF,Monoclonal Antibody,IDH,1,1,1,0,0,0,0,1,1,IDHm,2nd-line+ · measurable (RECIST)
NCT07126990,Clinical Study of a Novel Oncolytic Virus Ad-TD-nsIL12 in the Treatment of Primary High-grade Glioma,PHASE1;PHASE2,Phase 2,ENROLLING_BY_INVITATION,40,Xiaorong Wu,Xiaorong Wu,1,1,0,single_arm,1,novel oncolytic virus ad-td-nsil12,novel oncolytic virus ad-td-nsil12,,Oncolytic Virus,,1,1,0,0,0,0,0,0,0,,metastatic
NCT07132190,Stereotactic Radiation for Growing/Changing Brain Metastases With Same-Day Radiation Planning and Treatment With Margin Reduction,PHASE2,Phase 2,RECRUITING,60,"Ayal A. Aizer, MD","Ayal A. Aizer, MD",1,0,0,active_comparator,2,linear accelerator-based stereotactic radiation for brain metastases using 0mm or 1mm ptv,linear accelerator-based stereotactic radiation for brain metastases using 0mm or 1mm ptv,,,,0,1,0,0,0,0,0,0,0,,metastatic
NCT07138001,Phase 2 Clinical Trial of KH617,PHASE2,Phase 2,NOT_YET_RECRUITING,60,"Sichuan Honghe Biotechnology Co., Ltd.",Sichuan Honghe Biotechnology,2,1,0,active_comparator,3,tpc: tmz or platinum (cisplatin or carboplatin)+vp-16,kh617;kh617+tmz,PFK1,Small Molecule,,0,1,0,1,0,0,0,0,1,MGMT,
NCT07158710,Phase I Study of HSK42360 in Malignant Brain Tumors With BRAF V600 Mutation,PHASE1,Phase 1,RECRUITING,159,"Haisco Pharmaceutical Group Co., Ltd.",Haisco Pharmaceutical,10,1,0,multi_experimental,2,hsk42360,hsk42360,BRAF,Small Molecule,BRAF,0,1,0,0,0,0,0,0,0,,recurrent · squamous · measurable (RECIST)
NCT07185880,A Phase 1/2 Study of the Safety and Tolerability of MT-125 in GBM Patients,PHASE1;PHASE2,Phase 2,RECRUITING,36,Myosin Therapeutics Inc.,Myosin Therapeutics,2,1,0,multi_experimental,5,mt-125,mt-125,MGMT,Small Molecule,MGMT,0,1,1,1,1,0,0,0,1,"IDHm, MGMT, EGFR+",
NCT07195591,Beginning Radiation Immediately With GammaTile at GBM Excision Versus Standard of Care,PHASE3,Phase 3,RECRUITING,766,"GT Medical Technologies, Inc.",GT Medical Technologies,4,1,0,active_comparator,2,external beam radiation therapy;temozolomide,device: gammatile;external beam radiation therapy;temozolomide,,Small Molecule,,0,1,1,0,0,0,0,0,1,IDHm,
NCT07206849,Study of Tovorafenib in High-Grade Glioma and Diffuse Intrinsic Pontine Glioma (DIPG),PHASE2,Phase 2,NOT_YET_RECRUITING,79,Nationwide Children's Hospital,Nationwide Children's Hospital,6,0,0,multi_experimental,3,tovorafenib,tovorafenib,BRAF,Small Molecule,BRAF;KRAS;RAF,0,1,0,0,0,0,0,0,0,,metastatic · measurable (RECIST)
NCT07223034,A Study of 177Lu-PSMA-617 in People With Gliomas,PHASE1,Phase 1,RECRUITING,20,Memorial Sloan Kettering Cancer Center,Memorial Sloan Kettering Cancer Center,411,0,1,single_arm,1,177lu-psma-617;behavioral: quality of life questionnaires;diagnostic test: 68ga-psma-pet scan/ mri;temozolomide,177lu-psma-617;behavioral: quality of life questionnaires;diagnostic test: 68ga-psma-pet scan/ mri;temozolomide,PSMA,Radiopharmaceutical,PSMA,0,1,1,0,1,0,0,0,1,"IDHm, EGFR+",adjuvant · ECOG 2
NCT07225621,Adjuvant Temozolomide ± 5-Aminolevulinic Acid + Low Intensity Diffuse Ultrasound Sonodynamic Therapy System for Newly Diagnosed Glioblastoma,PHASE2,Phase 2,RECRUITING,103,"Alpheus Medical, Inc.",Alpheus Medical,2,1,0,placebo_comparator,2,placebo + sham sdt,5-ala hcl + lidu sdt,,Small Molecule,,0,1,1,0,0,0,0,0,1,IDHm,adjuvant · squamous
NCT07243340,A Phase I/IIa Study of C5252 in Patients With Intracranial Tumor,PHASE1;PHASE2,Phase 2,RECRUITING,36,ImmVira Pharma Co. Ltd,ImmVira Pharma,8,1,0,single_arm,1,herpes virus c5252 injection,herpes virus c5252 injection,,Oncolytic Virus,,1,1,0,0,0,0,0,0,0,,metastatic
NCT07243470,Combination of Tarlatamab and Temozolomide in Patients With Central Nervous System Tumors,PHASE1;PHASE2,Phase 2,RECRUITING,70,Centre Leon Berard,Centre Leon Berard,30,0,1,multi_experimental,3,tarlatamab;temozolomide (tmz),tarlatamab;temozolomide (tmz),DLL3,Bispecific Antibody,DLL3,1,1,1,0,0,0,0,1,1,IDHm,recurrent · 2nd-line+ · squamous · measurable (RECIST)
NCT07244666,Safety and Preliminary Efficacy of a Metabolically Armed Chimeric Antigen Receptor T Cell Therapy Targeting EGFRvIII for Recurrent Glioblastoma,EARLY_PHASE1,Phase 1,NOT_YET_RECRUITING,36,"Second Affiliated Hospital, Zhejiang University, School of Medicine","Second Affiliated Hospital, Zhejiang University, School of Medicine",12,0,0,single_arm,1,metabolically armed egfrviii car-t cells,metabolically armed egfrviii car-t cells,EGFR,CAR-T,EGFR,1,1,0,0,1,0,0,1,1,EGFR+,recurrent · 2nd-line+ · ductal · ECOG 2
NCT07254845,"A PROSPECTIVE, SINGLE-CENTERED, ASSESSOR-BLINDED STUDY TO EVALUATE THE CLINICAL EFFICACY OF THE PROPOSED CELL/TISSUE HISTOPATHOLOGY PROCESSOR CCELL (CONFOCAL FLUORESCENCE ENDOMICROSCOPY) FOR INTRAOPERATIVE DIAGNOSIS IN BRAIN TUMORS",PHASE1,Phase 1,NOT_YET_RECRUITING,30,VPIX Medical,VPIX Medical,3,1,0,single_arm,1,device: ccell in vivo;indocyanine green,device: ccell in vivo;indocyanine green,,,,0,1,0,0,0,0,0,0,0,,
NCT07261241,NANT 2021-02: Randomized MIBG With Vorinostat/Dinutuximab/Vorinostat + Dinutuximab,PHASE2,Phase 2,NOT_YET_RECRUITING,118,New Approaches to Neuroblastoma Therapy Consortium,New Approaches to Neuroblastoma Therapy Consortium,6,0,0,multi_experimental,3,radiation: 131i-mibg,dinutuximab;radiation: 131i-mibg;vorinostat,GD2,Monoclonal Antibody,GD2,1,1,0,0,0,0,0,1,0,,recurrent · 2nd-line+
NCT07268053,"A Phase 0/1 Clinical Trial With an Expansion Phase of GSK5764227, a B7-H3-Targeted Antibody-Drug Conjugate (ADC), in Patients With Recurrent Grade 4 Glioma and Patients With Brain Metastases",EARLY_PHASE1,Phase 1,RECRUITING,15,Nader Sanai,Nader Sanai,11,0,1,single_arm,1,risvutatug rezetecan,risvutatug rezetecan,B7-H3,ADC,MET;PR,1,1,0,0,1,0,0,1,1,EGFR+,metastatic · 2nd-line+ · measurable (RECIST)
NCT07297212,A Clinical Trial Testing the Safety of the Investigational Drug Pumitamig (BNT327) and How Well it Works in Patients With Recurrent Glioblastoma,PHASE2,Phase 2,RECRUITING,75,BioNTech SE,BioNTech,45,1,1,active_comparator,3,bevacizumab,pumitamig;temozolomide,VEGF/VEGFR,Monoclonal Antibody,,1,1,1,0,0,0,0,1,1,IDHm,recurrent · 2nd-line+ · squamous
NCT07326566,Study of Silevertinib With Temozolomide for the Treatment of Newly Diagnosed GBM With Unmethylated MGMT and EGFRvIII,PHASE2,Phase 2,RECRUITING,162,"Black Diamond Therapeutics, Inc.",Black Diamond Therapeutics,3,1,0,active_comparator,2,temozolomide (tmz),silevertinib in combination with temozolomide,EGFR,Small Molecule,EGFR;MGMT promoter unmethylated,0,1,1,1,1,0,0,0,1,"IDHm, MGMT, EGFR+",metastatic
NCT07343479,Sacituzumab Tirumotecan Plus Third-Generation TKI With/Without Radiotherapy for EGFR-Mutant NSCLC Brain Metastases,PHASE2,Phase 2,NOT_YET_RECRUITING,45,Zhejiang Cancer Hospital,Zhejiang Cancer Hospital,12,0,0,single_arm,1,sac-tmt plus egfr-tki,sac-tmt plus egfr-tki,EGFR,Small Molecule,EGFR,0,1,0,0,1,0,0,0,1,EGFR+,metastatic · squamous
NCT07343986,Study of Low-Intensity Focused Ultrasound in Combination With Immunotherapy in Newly Diagnosed Unmethylated Glioblastoma,PHASE1,Phase 1,RECRUITING,12,University of Virginia,University of Virginia,14,0,0,active_comparator,2,anti-egfr bispecific-armed t cells;device: low-intensity focused ultrasound,,EGFR,Bispecific Antibody,MGMT,1,1,1,1,1,0,0,0,1,"IDHm, MGMT, EGFR+",metastatic · squamous
NCT07346144,Study of an AAV Mediated Dual-Payload Gene Therapy in Patients With High Grade Glioma,PHASE1;PHASE2,Phase 2,RECRUITING,68,Trogenix ltd,Trogenix,1,1,0,multi_experimental,3,tgx-007;valaciclovir,tgx-007;valaciclovir,,,,0,1,0,0,0,0,0,1,0,,recurrent · 2nd-line+ · squamous
NCT07347210,Evaluation of UCPVax Vaccine +/- Pembrolizumab Combined With Standard Treatment as Adjuvant Therapy in Patients With Unmethylated MGMT Glioblastoma,PHASE2,Phase 2,NOT_YET_RECRUITING,98,Centre Hospitalier Universitaire de Besancon,Centre Hospitalier Universitaire de Besancon,15,0,1,multi_experimental,3,temozolomide;ucpvax,pembrolizumab;temozolomide;ucpvax,PD-1,Monoclonal Antibody,PD-L1,1,1,1,1,0,0,0,0,1,"IDHm, MGMT",metastatic
NCT07349693,Comparison of Cerebraca Wafer Plus Temozolomide Versus Temozolomide Alone in Recurrent Glioblastoma,PHASE2;PHASE3,Phase 3,NOT_YET_RECRUITING,175,"Everfront Biotech Co., Ltd.",Everfront Biotech,3,1,0,active_comparator,2,temozolomide (for relapsed malignant glioma),cerebraca wafer;temozolomide (for relapsed malignant glioma),,Small Molecule,,0,1,1,0,1,1,1,0,1,"IDHm, EGFR+, 1p19q-codel",1st-line · measurable (RECIST)
NCT07356973,Irinotecan-ChemoSeed in Surgically Resectable Glioblastoma,PHASE2,Phase 2,RECRUITING,147,CRISM Therapeutics LTD,CRISM Therapeutics,1,1,0,multi_experimental,2,irinotecan-chemoseed implementation into the resection cavity after surgical resection of gbm,,TOP1,Small Molecule,,0,0,0,0,0,0,0,1,0,,2nd-line+
NCT07365280,Neoantigen-Pulsed Autologous Dendritic Cell Vaccine Combined With Temozolomide for Newly Diagnosed Glioblastoma,PHASE2,Phase 2,NOT_YET_RECRUITING,78,ZSky Biotech Inc,ZSky Biotech,2,1,0,active_comparator,2,temozolomide (tmz),personalized dendritic cell vaccine zsneo-dc1.1;temozolomide (tmz),IDH1/2,Cell Therapy,,1,1,1,0,0,0,0,0,1,IDHm,
NCT07385846,Pilot Study of Navigated Focused Ultrasound and Pembrolizumab in the Treatment of Recurrent WHO Grade 4 IDH-Wildtype Glioblastoma With Mismatch Repair Deficiency,PHASE1,Phase 1,NOT_YET_RECRUITING,8,Jennifer Leddon,Jennifer Leddon,1,0,0,single_arm,1,device: navifus focused ultrasound sonification;pembrolizumab,device: navifus focused ultrasound sonification;pembrolizumab,PD-1,Monoclonal Antibody,MMR;PD-L1;genomic,1,1,1,0,0,0,0,0,1,IDHm,
NCT07387666,Imaging Acetadote Metabolism in Glioblastoma,EARLY_PHASE1,Phase 1,RECRUITING,10,University of Texas Southwestern Medical Center,University of Texas Southwestern Medical Center,48,0,0,single_arm,1,acetadote,acetadote,,,,0,1,0,0,0,0,0,0,0,,metastatic
NCT07391215,5G-PEARL: Paxalisib in Malignant Brain Tumours,PHASE1;PHASE2,Phase 2,RECRUITING,64,"Institute of Cancer Research, United Kingdom","Institute of Cancer Research, United Kingdom",24,0,0,multi_experimental,2,paxalisib;temozolomide capsule,paxalisib;temozolomide capsule,PI3K,Small Molecule,MET;PI3K;PTEN;biomarker,0,1,1,0,0,0,0,0,1,IDHm,stage IV
NCT07392957,Safety and Efficacy of CTX-009 With or Without CTX-471 for Recurrent Glioblastoma,PHASE1;PHASE2,Phase 2,RECRUITING,54,Washington University School of Medicine,Washington University School of Medicine,178,0,0,multi_experimental,4,ctx-009,ctx-009;ctx-471,VEGF/VEGFR,Bispecific Antibody,,1,1,1,0,0,0,0,0,1,IDHm,recurrent
NCT07431216,"A Phase 1b/2a Study to Evaluate the Safety, Pharmacokinetics, and Objective Response of STAR-001 (LP-184) in Combination With Spironolactone in Supratentorial Glioblastoma at First Progression",PHASE1;PHASE2,Phase 2,NOT_YET_RECRUITING,68,Starlight Therapeutics Inc.,Starlight Therapeutics,1,1,0,multi_experimental,2,spironolactone (drug);star-001 (lp-184) will be administered via iv infusion over 30 (± 5) minutes on day 1 and day 8 of each 21-day cycle.,spironolactone (drug);star-001 (lp-184) will be administered via iv infusion over 30 (± 5) minutes on day 1 and day 8 of each 21-day cycle.,,Small Molecule,biomarker;biomarker analysis,0,1,0,0,0,0,0,0,0,,recurrent · squamous · measurable (RECIST)
NCT07439172,Pre-Radiation Chemotherapy for Newly Diagnosed High-Grade Glioma.,PHASE2,Phase 2,NOT_YET_RECRUITING,70,The Cooper Health System,The Cooper Health System,1,0,0,single_arm,1,pre-radiation temozolomide.,pre-radiation temozolomide.,,Small Molecule,PR,0,1,0,0,0,0,0,0,0,,measurable (RECIST)
NCT07441707,A Study to Assess a Medicine Called Tovorafenib in Japanese Children and Young Adults With Brain Tumours,PHASE1,Phase 1,ACTIVE_NOT_RECRUITING,6,Ipsen,Ipsen,58,1,0,single_arm,1,tovorafenib,tovorafenib,BRAF,Small Molecule,BRAF;RAF,0,1,1,0,0,0,0,1,1,IDHm,recurrent · 2nd-line+
NCT07455045,A Phase I Study of FZ-AD005 in Patients With High-Grade Glioma (HGG),PHASE1,Phase 1,NOT_YET_RECRUITING,40,"Shanghai Fudan-Zhangjiang Bio-Pharmaceutical Co., Ltd.",Shanghai Fudan-Zhangjiang Bio-Pharmaceutical,13,1,0,single_arm,1,fz-ad005,fz-ad005,,Cell Therapy,,1,1,1,0,0,0,1,1,1,IDHm,metastatic · 1st-line
NCT07464925,A Phase 1 Safety and Dose Finding Study of GLIX1 in Adults With Recurrent or Progressive High-grade Glioma,PHASE1,Phase 1,RECRUITING,30,Tetragon Biosciences Ltd,Tetragon Biosciences,1,1,0,single_arm,1,glix1,glix1,TET2,Small Molecule,,0,1,0,0,0,0,0,0,0,,recurrent · ECOG 0
NCT07472790,A Study on the Novel Oncolytic Virus Combined With PD-1 Inhibitor in the Treatment of Recurrent High-grade Glioma,PHASE1,Phase 1,NOT_YET_RECRUITING,15,"Beijing Bio-Targeting Therapeutics Technology Co., Ltd",Beijing Bio-Targeting Therapeutics Technology,4,1,0,single_arm,1,novel oncolytic virus ad-td-nsil12（biottt001）,novel oncolytic virus ad-td-nsil12（biottt001）,PD-1,Cell Therapy,,1,1,0,0,0,0,0,0,0,,
NCT07480941,Dual-Targeting CAR-NK Cells for Recurrent/Progressive Glioblastoma and High-Grade Glioma,PHASE1,Phase 1,RECRUITING,36,Beijing Biotech,Beijing Biotech,30,1,0,multi_experimental,3,cyclophosphamide;device: intracranial catheter/reservoir for locoregional delivery;dual-target car-nk cells;fludarabine,cyclophosphamide;device: intracranial catheter/reservoir for locoregional delivery;dual-target car-nk cells;fludarabine,MSLN,CAR-T,MSLN,1,1,0,0,1,0,0,0,1,EGFR−,recurrent
NCT07485049,BGB-58067 in Newly Diagnosed Glioblastoma Patients With MTAP-Deleted Tumors,EARLY_PHASE1,Phase 1,RECRUITING,78,Nader Sanai,Nader Sanai,11,0,0,multi_experimental,2,bgb-58067,bgb-58067,PRMT5,Small Molecule,MET;MTAP,0,1,0,0,1,0,0,0,1,EGFR+,metastatic · measurable (RECIST)
NCT07501559,A Phase Ib/II Clinical Trial to Evaluate the Safety and Efficacy of JL15003 Injection in Patients With Recurrent Glioblastoma (rGBM),PHASE1;PHASE2,Phase 2,RECRUITING,40,"Jecho Biopharmaceuticals Co., Ltd.",Jecho Biopharmaceuticals,5,1,0,single_arm,1,jl15003injection,jl15003injection,,,,0,1,0,0,0,0,0,1,0,,recurrent · 2nd-line+ · squamous
NCT07502287,Dual-Target GD2/B7-H3 CAR-NK Cells for Pediatric Relapsed or Refractory Neuroblastoma,PHASE1;PHASE2,Phase 2,RECRUITING,36,Beijing Biotech,Beijing Biotech,30,1,0,single_arm,1,cyclophosphamide;eb-dtnb-nk;fludarabine,cyclophosphamide;eb-dtnb-nk;fludarabine,GD2,Cell Therapy,GD2,1,1,0,0,0,0,0,1,0,,2nd-line+
NCT07518654,Phase I Clinical Trial of ThINKK Adoptive Immunotherapy After Allogeneic Hematopoietic Transplantation in Children With Leukemia or Neuroblastoma,PHASE1,Phase 1,NOT_YET_RECRUITING,12,Michel Duval,Michel Duval,1,0,0,single_arm,1,therapeutic inducers of natural killer killing (thinkk),therapeutic inducers of natural killer killing (thinkk),,,,0,1,0,0,0,0,0,0,0,,
NCT07537400,Patients Between the Ages of 12 Months to 21 Years With Newly-Diagnosed High-Risk Neuroblastoma Will Receive Children's Oncology Group (COG) Type Recommended Therapy With the Addition of Naxitamab and Granulocyte-Macrophage Colony Stimulating Factor (GM-CSF) to Induction Cycles 1-5,PHASE2,Phase 2,RECRUITING,10,Shaare Zedek Medical Center,Shaare Zedek Medical Center,3,0,0,single_arm,1,naxitamab,naxitamab,GD2,Monoclonal Antibody,ALK;GD2,1,1,0,0,0,0,0,0,0,,
NCT07539441,A Study of Mirdametinib in People With Central Nervous System Tumors,PHASE1;PHASE2,Phase 2,RECRUITING,26,Memorial Sloan Kettering Cancer Center,Memorial Sloan Kettering Cancer Center,411,0,1,multi_experimental,3,mirdametinib,mirdametinib,MEK,Small Molecule,ALK;NTRK;RET,0,1,0,0,0,0,0,1,0,,recurrent · 2nd-line+ · measurable (RECIST)
NCT07551336,Dual-Targeting CAR-NK Cells for Recurrent/Progressive Glioblastoma and High-Grade Glioma,PHASE1,Phase 1,RECRUITING,36,Beijing Biotech,Beijing Biotech,30,1,0,multi_experimental,3,cyclophosphamide;device: intracranial catheter/reservoir for locoregional delivery;dual-target car-nk cells;fludarabine,cyclophosphamide;device: intracranial catheter/reservoir for locoregional delivery;dual-target car-nk cells;fludarabine,MSLN,CAR-T,MSLN,1,1,0,0,1,0,0,0,1,EGFR−,recurrent
NCT07560865,First-in Cancer-Type Phase I Study of FT536 for Recurrent WHO Grade 4 Astrocytoma,PHASE1,Phase 1,RECRUITING,9,"Masonic Cancer Center, University of Minnesota","Masonic Cancer Center, University of Minnesota",18,0,0,multi_experimental,3,biopsy/ intratumoral injection/ gross tumor resection;diagnostic test: blood/ cerebrospinal fluid/ tumor pathology;ft536,biopsy/ intratumoral injection/ gross tumor resection;diagnostic test: blood/ cerebrospinal fluid/ tumor pathology;ft536,CD19,Cell Therapy,CD19,1,1,1,1,0,0,0,0,1,"IDHm, MGMT",squamous
NCT07567469,A Safety and Efficacy Study of Combined Fianlimab + Cemiplimab in Children and Young Adults With Recurrent or Progressive High-Grade Glioma or Posterior Fossa-A Ependymoma,PHASE1;PHASE2,Phase 2,NOT_YET_RECRUITING,120,Regeneron Pharmaceuticals,Regeneron,95,1,1,multi_experimental,3,cemiplimab+fianlimab fixed dose combination (fdc),cemiplimab;cemiplimab+fianlimab fixed dose combination (fdc),PD-1,Monoclonal Antibody,PD-L1,1,1,0,0,0,0,0,0,0,,recurrent
NCT07569042,A Rollover Study of NBM-BMX in Combination With Temozolomide in Patients With Newly Diagnosed Glioblastoma,PHASE1;PHASE2,Phase 2,RECRUITING,15,Novelwise Pharmaceutical Corporation,Novelwise Pharmaceutical,3,1,0,single_arm,1,nbm-bmx capsule;temozolomide,nbm-bmx capsule;temozolomide,,,,0,1,0,0,1,0,0,0,1,EGFR+,
NCT07589257,A Study of VRT106 in Combination With Radiotherapy in Adult Patients With Diffuse Midline Glioma / Diffuse Intrinsic Pontine Glioma,PHASE2,Phase 2,RECRUITING,10,"Guangzhou Virotech Pharmaceutical Co., Ltd.",Guangzhou Virotech Pharmaceutical,6,1,0,single_arm,1,vrt106 for injection,vrt106 for injection,EZH2,Small Molecule,H3,0,1,0,0,0,0,0,0,0,,metastatic
NCT07604285,A Phase 1/2 Study of Safety and Tolerability of MT-125 With Chemoradiation in Patients With Newly Diagnosed MGMT Methylated Glioblastoma,PHASE1;PHASE2,Phase 2,NOT_YET_RECRUITING,36,Myosin Therapeutics Inc.,Myosin Therapeutics,2,1,0,multi_experimental,5,mt-125,mt-125,MGMT,Small Molecule,MGMT,0,1,1,1,1,0,0,0,1,"IDHm, MGMT, EGFR+",
NCT07609472,FG001 Near-Infrared Fluorescence Imaging During Tumor Resection in Newly Diagnosed High-Grade Glioma,PHASE2,Phase 2,NOT_YET_RECRUITING,76,FluoGuide A/S,FluoGuide A/S,1,1,0,single_arm,1,fg001,fg001,,,,0,1,1,0,1,1,1,0,1,"IDHm, EGFR+, 1p19q-codel",metastatic · 1st-line
NCT07620548,Laser Interstitial Thermal Therapy (LiTT) With Cemiplimab or Other Chemotherapy in Recurrent Glioblastomas,PHASE2,Phase 2,NOT_YET_RECRUITING,99,Washington University School of Medicine,Washington University School of Medicine,178,0,1,active_comparator,2,device: neuroblate laser ablation laser interstitial thermal therapy,cemiplimab;device: neuroblate laser ablation laser interstitial thermal therapy,PD-1,Monoclonal Antibody,PD-L1,1,1,1,0,0,0,0,0,1,IDHm,metastatic
NCT07678684,A Study of HF1K16 Combined With Bevacizumab in Patients With Recurrent or Progressive Glioma,PHASE2,Phase 2,RECRUITING,30,HighField Biopharmaceuticals Corporation,HighField Biopharmaceuticals,5,1,0,single_arm,1,hf1k16,hf1k16,VEGF/VEGFR,,,0,1,0,0,0,0,0,0,0,,metastatic · squamous
NCT07680439,Illuminate: A Clinical Study Evaluating CAR T Immune Cell Therapy (BCB-276) for Patients With Diffuse Intrinsic Pontine Glioma (DIPG).,PHASE2,Phase 2,RECRUITING,75,"BrainChild Bio, Inc",BrainChild Bio,1,1,0,single_arm,1,bcb-276,bcb-276,,CAR-T,,1,1,0,0,0,0,0,0,0,,metastatic
NCT07698457,Clinical Benefit of 18F-FET in Glioma.,PHASE3,Phase 3,NOT_YET_RECRUITING,36,"Primo Biotechnology Co., Ltd",Primo Biotechnology,2,1,0,single_arm,1,diagnostic test: 18f-fluoroethyl-l-tyrosine,diagnostic test: 18f-fluoroethyl-l-tyrosine,,,,0,1,0,0,1,0,0,0,1,EGFR+,stage IV
NCT07698899,A Study of 177Lu-DTPA-Omburtamab in Children and Adolescents With Brain Cancer or Cancer That Has Spread to the Central Nervous System (CNS),PHASE1,Phase 1,RECRUITING,18,Memorial Sloan Kettering Cancer Center,Memorial Sloan Kettering Cancer Center,411,0,0,multi_experimental,4,25 mci 177lu- dtpa-omburtamab,25 mci 177lu- dtpa-omburtamab,,Monoclonal Antibody,,1,1,0,0,0,0,0,1,0,,metastatic · 2nd-line+
NCT07703436,Safety and Efficacy Study of Safusidenib in Participants With IDH1-Mutant Glioma Who Discontinued Vorasidenib Treatment Due to Progressive Disease,PHASE2,Phase 2,NOT_YET_RECRUITING,40,Nuvation Bio Inc.,Nuvation,16,1,0,single_arm,1,safusidenib,safusidenib,IDH1/2,Small Molecule,IDH1,0,1,1,0,0,1,0,1,1,"IDHm, 1p19q-codel",2nd-line+ · measurable (RECIST)
NCT07710690,"A Clinical Trial Evaluating the Tolerability, Safety, and Preliminary Efficacy of NRG-103 Injection in Patients With Recurrent or Progressive High-grade Glioma",PHASE1,Phase 1,RECRUITING,24,"Neuregen Therapeutics Co., Ltd.",Neuregen Therapeutics,1,1,0,single_arm,1,nrg-103,nrg-103,,,,0,1,0,0,0,0,0,0,0,,recurrent
NCT07712757,Safety and Efficacy Study of Safusidenib in Participants With Grade 2 IDH1-Mutant Glioma,PHASE3,Phase 3,NOT_YET_RECRUITING,140,Nuvation Bio Inc.,Nuvation,16,1,0,placebo_comparator,2,,safusidenib,IDH1/2,Small Molecule,IDH1;genomic,0,0,1,0,0,1,0,0,1,"IDHm, 1p19q-codel",recurrent
NCT07715097,Survivin-Targeted Dendritic Cell (DC) Cell Injection for Newly Diagnosed Glioblastoma,PHASE2,Phase 2,NOT_YET_RECRUITING,30,Beijing Tricision Biotherapeutics Inc,Beijing Tricision Biotherapeutics,2,1,0,single_arm,1,survivin-targeted dc cell injection,survivin-targeted dc cell injection,,Cell Therapy,,1,1,0,0,0,0,0,0,0,,squamous
NCT07732413,Trial of NLG802 Indoximod Prodrug Plus Temozolomide for Patients With Progressive Pediatric Brain Cancer,PHASE1,Phase 1,NOT_YET_RECRUITING,30,Lumos Pharma,Lumos Pharma,1,1,0,single_arm,1,nlg802 (indoximod prodrug);temozolomide,nlg802 (indoximod prodrug);temozolomide,IDO1,Small Molecule,IDO1;biomarker,0,1,0,0,0,0,0,1,0,,2nd-line+
NCT07733674,Study of 203Pb-RMX-VH-PIB Dosimetry and Biodistribution in Patients With Glioblastoma Multiform (GBM) and Pancreatic Ductal Adenocarcinoma (PDAC),PHASE1,Phase 1,RECRUITING,20,"Radiomedix, Inc.",Radiomedix,2,1,0,single_arm,1,203pb-rmx-vhpib injection;diagnostic test: spect/ct imaging,203pb-rmx-vhpib injection;diagnostic test: spect/ct imaging,,Radiopharmaceutical,,0,1,1,0,1,0,0,0,1,"IDHm, EGFR+",recurrent
NCT07739017,OLIG2 Inhibitor CT-179 for Recurrent and Newly-diagnosed Glioblastoma,PHASE1,Phase 1,NOT_YET_RECRUITING,54,Olivia Newton-John Cancer Research Institute,Olivia Newton-John Cancer Research Institute,7,0,0,multi_experimental,2,ct-179,ct-179,,,,0,1,0,0,0,0,0,0,0,,
NCT07751744,"Phase 1/2 Study Evaluating the Safety, PK/PD, and Clinical Activity of Oral JBI-778 in Patients With Brain Metastases, Leptomeningeal Disease, or Recurrent High Grade Glioma",PHASE1;PHASE2,Phase 2,NOT_YET_RECRUITING,113,Jubilant Therapeutics Inc.,Jubilant Therapeutics,3,1,0,multi_experimental,4,jbi-778,jbi-778,,,,0,1,0,0,0,0,0,0,0,,metastatic
NCT07762716,"Combination Immunotherapy Treatment for Glioblastoma Including BreakVax ImmunoTreatment (Designed and Manufactured Per Patient), Chemotherapy and Anti PD-1 Therapy",PHASE1;PHASE2,Phase 2,NOT_YET_RECRUITING,10,BreakBio Corp,BreakBio,2,1,0,single_arm,1,breakvax;ipilimumab 2.;losartan and aspirin;pembrolizumab;temozolomide (tmz),breakvax;ipilimumab 2.;losartan and aspirin;pembrolizumab;temozolomide (tmz),CTLA-4,Monoclonal Antibody,MMR;MSI;MSI-H;PD-L1;dMMR,1,1,0,0,0,0,0,0,0,,metastatic
NCT07767110,"Targeted LSAM-Cisplatin Infusion in Gliomas, Evaluation of Response",PHASE1;PHASE2,Phase 2,NOT_YET_RECRUITING,20,"NanOlogy, LLC",NanOlogy,9,1,0,single_arm,1,lsam-cisplatin,lsam-cisplatin,,,,0,1,0,0,0,0,0,0,0,,metastatic
NCT07779798,"A Phase 1, Open-Label, Dose-Escalation Study to Evaluate Safety, Tolerability, and Clinical Activity of CBX-663 in Participants With Relapsed or Refractory Myeloid Malignancies, Advanced Solid Tumors, or Recurrent or Progressive Glioblastoma.",PHASE1,Phase 1,NOT_YET_RECRUITING,120,"Crossbow Therapeutics, Inc.",Crossbow Therapeutics,2,1,0,single_arm,1,cbx-663,cbx-663,,,,0,1,1,0,1,0,1,1,1,"IDHm, EGFR+",metastatic · 1st-line · squamous · measurable (RECIST) · ECOG 0-1
NCT07781852,Evaluation of the Distribution of 64Cu/68Ga Labeled CM500 in Healthy Volunteers and Patients With Cancer,EARLY_PHASE1,Phase 1,NOT_YET_RECRUITING,40,Lumina Pharmaceuticals Inc,Lumina Pharmaceuticals,1,1,0,active_comparator,4,[64cu]cm500;[68ga]cm500;blood collection;device: pet/ct;device: pet/mr,[64cu]cm500;[68ga]cm500;blood collection;device: pet/ct;device: pet/mr,,Peptide,,0,1,0,0,1,0,0,0,1,EGFR+,metastatic
NCT07784985,A Study of NST-628 in Recurrent Grade 4 Glioma,EARLY_PHASE1,Phase 1,NOT_YET_RECRUITING,12,Nader Sanai,Nader Sanai,11,0,0,single_arm,1,nst-628,nst-628,RAF/MEK,Small Molecule,MAPK pathway,0,1,0,0,0,0,0,1,0,,2nd-line+ · measurable (RECIST)
NCT07811297,"A Study of Catequentinib Hydrochloride (AL3818) in Endometrial, LGSOC, STS or GBM Cancers",PHASE1;PHASE2,Phase 2,NOT_YET_RECRUITING,138,"Advenchen Pharmaceuticals, LLC.",Advenchen Pharmaceuticals,3,1,0,multi_experimental,7,al3818,al3818;al58805;ccnu;temozolomide (tmz),,Small Molecule,,0,1,0,0,0,0,0,0,0,,metastatic · measurable (RECIST)
